                                   MODFLOW 6
                U.S. GEOLOGICAL SURVEY MODULAR HYDROLOGIC MODEL
                             TRANSPORT MODEL (GWT)
                            VERSION 6.6.2 05/12/2025

   MODFLOW 6 compiled May 12 2025 12:42:18 with Intel(R) Fortran Intel(R) 64
   Compiler Classic for applications running on Intel(R) 64, Version 2021.7.0
                             Build 20220726_000000

This software has been approved for release by the U.S. Geological 
Survey (USGS). Although the software has been subjected to rigorous 
review, the USGS reserves the right to update the software as needed 
pursuant to further analysis and review. No warranty, expressed or 
implied, is made by the USGS or the U.S. Government as to the 
functionality of the software and related material nor shall the 
fact of release constitute any such warranty. Furthermore, the 
software is released on condition that neither the USGS nor the U.S. 
Government shall be held liable for any damages resulting from its 
authorized or unauthorized use. Also refer to the USGS Water 
Resources Software User Rights Notice for complete use, copyright, 
and distribution information.


As a work of the United States Government, this USGS product is 
in the public domain within the United States. You can copy, 
modify, distribute, and perform the work, even for commercial 
purposes, all without asking permission. Additionally, USGS 
waives copyright and related rights in the work worldwide 
through CC0 1.0 Universal Public Domain Dedication 
(https://creativecommons.org/publicdomain/zero/1.0/).

The following GNU Lesser General Public License (LGPL) libraries
are used in this USGS product:

    SPARSKIT version 2.0
      ilut, luson, and qsplit 
      (https://www-users.cse.umn.edu/~saad/software/SPARSKIT/)

    RCM - Reverse Cuthill McKee Ordering
      (https://people.math.sc.edu/Burkardt/f_src/rcm/rcm.html)

    BLAS - Basic Linear Algebra Subprograms Level 1
      (https://people.math.sc.edu/Burkardt/f_src/blas1_d/blas1_d.html)

    SPARSEKIT - Sparse Matrix Utility Package
      amux, dperm, dvperm, rperm, and cperm
      (https://people.sc.fsu.edu/~jburkardt/f77_src/sparsekit/sparsekit.html)

The following BSD-3 License libraries are used in this USGS product:

    Modern Fortran DAG Library
      Copyright (c) 2018, Jacob Williams
      All rights reserved.
      (https://github.com/jacobwilliams/daglib)

MODFLOW 6 compiler options: /Isrc\libmf6core.a.p /Isrc /I..\src
/Isrc\libmf6_external.a.p /MT /nologo /warn:general /warn:truncated_source
/stand:f18 /O2 /fpe:0 /heap-arrays:0 /traceback /fpp /Qdiag-disable:7416
/Qdiag-disable:7025 /Qdiag-disable:5268 /Qdiag-disable:10448
/Fdsrc\libmf6core.a.p\Utilities_compilerversion.F90.pdb
/module:src\libmf6core.a.p
/Fosrc/libmf6core.a.p/Utilities_compilerversion.F90.obj /c

System command used to initiate simulation:
C:\Users\lucialabarca\mf6.6.2_win64\bin\mf6.exe

MODFLOW was compiled using uniform precision.

Real Variables
  KIND: 8
  TINY (smallest non-zero value):    2.225074-308
  HUGE (largest value):    1.797693+308
  PRECISION: 15
  SIZE IN BITS: 64

Integer Variables
  KIND: 4
  HUGE (largest value): 2147483647
  SIZE IN BITS: 32

Long Integer Variables
  KIND: 8
  HUGE (largest value): 9223372036854775807
  SIZE IN BITS: 64

Logical Variables
  KIND: 4
  SIZE IN BITS: 32
 
 NAMEFILE OPTIONS:
 END NAMEFILE OPTIONS:

 DIS -- STRUCTURED GRID DISCRETIZATION PACKAGE, VERSION 2 : 3/27/2014 - INPUT READ FROM MEMPATH: __INPUT__/GWT_PUMPTREAT/DIS                       


 DSP-- DISPERSION PACKAGE, VERSION 1, 1/24/2018 INPUT READ FROM MEMPATH: __INPUT__/GWT_PUMPTREAT/DSP                       


 Setting Discretization Options
 End Setting Discretization Options

 Setting Discretization Dimensions
    NLAY = 1
    NROW = 101
    NCOL = 101
 End Setting Discretization Dimensions

 Setting Discretization Griddata
    DELR set from input file
    DELC set from input file
    TOP set from input file
    BOTM set from input file
 End Setting Discretization Griddata


 FMI -- FLOW MODEL INTERFACE,' VERSION 2, 8/17/2023
  FLOWS PROVIDED BY A GWF MODEL IN THIS SIMULATION

 ADV-- ADVECTION PACKAGE, VERSION 1, 8/25/2017 INPUT READ FROM UNIT 1015


 # File generated by Flopy version 3.9.3 on 10/01/2025 at 17:36:29.
 PROCESSING ADVECTION OPTIONS
    ADVECTION WEIGHTING SCHEME HAS BEEN SET TO: UPSTREAM
 END OF ADVECTION OPTIONS
 Setting DSP Options
    XT3D formulation [0=INACTIVE, 1=ACTIVE, 3=ACTIVE RHS] set to: 1
 End Setting DSP Options

 Setting DSP Griddata
    ALH set from input file
    ATH1 set from input file
 End Setting DSP Griddata


 CNC   -- CNC PACKAGE, VERSION 8, 2/22/2014 INPUT READ FROM MEMPATH: __INPUT__/GWT_PUMPTREAT/CNC                       

 PROCESSING CNC BASE OPTIONS
 END OF CNC BASE OPTIONS

 PROCESSING CNC BASE DIMENSIONS
    MAXBOUND =       6
 END OF CNC BASE DIMENSIONS
    STRT set from input file

 MST -- MOBILE STORAGE AND TRANSFER PACKAGE, VERSION 1, 7/29/2020 INPUT READ FROM UNIT 1014


 # File generated by Flopy version 3.9.3 on 10/01/2025 at 17:36:29.
 PROCESSING MOBILE STORAGE AND TRANSFER OPTIONS
 END OF MOBILE STORAGE AND TRANSFER OPTIONS
 PROCESSING GRIDDATA

   MOBILE DOMAIN POROSITY =  0.2000000    
 END PROCESSING GRIDDATA

 SSM -- SOURCE-SINK MIXING PACKAGE, VERSION 1, 8/25/2017 INPUT READ FROM UNIT 1017


 # File generated by Flopy version 3.9.3 on 10/01/2025 at 17:36:29.
 PROCESSING SSM OPTIONS
 END OF SSM OPTIONS
 PROCESSING SOURCES
 AUX SOURCE DETECTED.
    USING AUX COLUMN 1 IN PACKAGE CHD-1
 AUX SOURCE DETECTED.
    USING AUX COLUMN 1 IN PACKAGE WEL-1
 END PROCESSING SOURCES
 OPTIONAL FILEINPUT BLOCK NOT FOUND.  CONTINUING.
      THE LAST TIME STEP WILL BE PRINTED
      THE LAST TIME STEP WILL BE PRINTED
 # File generated by Flopy version 3.9.3 on 10/01/2025 at 17:36:29.

 PROCESSING OC OPTIONS

    BUDGET INFORMATION WILL BE WRITTEN TO:
      UNIT NUMBER: 1028
      FILE NAME: gwt_pumptreat.cbc

 OPENED gwt_pumptreat.cbc
 FILE TYPE:DATA(BINARY)   UNIT 1028   STATUS:REPLACE             
 FORMAT:UNFORMATTED            ACCESS:STREAM              
 ACTION:READWRITE           

    CONCENTRATION INFORMATION WILL BE WRITTEN TO:
      UNIT NUMBER: 1029
      FILE NAME: gwt_pumptreat.ucn

 OPENED gwt_pumptreat.ucn
 FILE TYPE:DATA(BINARY)   UNIT 1029   STATUS:REPLACE             
 FORMAT:UNFORMATTED            ACCESS:STREAM              
 ACTION:READWRITE           

 END OF OC OPTIONS

start timestep kper="1" kstp="1" mode="normal"


 BEGIN READING OUTPUT CONTROL FOR STRESS PERIOD 1
      THE LAST TIME STEP WILL BE SAVED
      THE LAST TIME STEP WILL BE PRINTED

 END READING OUTPUT CONTROL FOR STRESS PERIOD 1

 XT3D is active.


1
  CONCENTRATION IN LAYER   1 AT END OF TIME STEP   1 IN STRESS PERIOD    1
  ---------------------------------------------------------------------------

 ........................................................................................................................................................................................................................................................................................................................................................................................................................................................................................................................................................................................................................................................................................................................................................................................................................................................................................................................................................................................................................................
   1   4.6069E-83  8.0539E-82  1.4458E-80  2.5217E-79  4.2419E-78  6.8399E-77  1.0511E-75  1.5358E-74  2.1461E-73  2.8623E-72
       3.6341E-71  4.3751E-70  4.9639E-69  5.2601E-68  5.1800E-67  4.7085E-66  3.8805E-65  2.8289E-64  1.7688E-63  9.1293E-63
       3.7044E-62  1.1053E-61  2.1669E-61  2.4414E-61  2.3275E-61  2.4640E-61  2.1268E-61  1.3698E-61  6.8393E-62  2.7756E-62
       9.4998E-63  2.8154E-63  7.3316E-64  1.6887E-64  3.4499E-65  6.2731E-66  1.0217E-66  1.4999E-67  1.9934E-68  2.4106E-69
       2.6673E-70  2.7130E-71  2.5462E-72  2.2106E-73  1.7857E-74  1.3532E-75  9.7134E-77  6.6476E-78  4.3658E-79  2.7666E-80
       1.6975E-81  1.0107E-82  5.8625E-84  3.3287E-85  1.8583E-86  1.0231E-87  5.5629E-89  2.9877E-90  1.5855E-91  8.3234E-93
       4.3288E-94  2.2334E-95  1.1440E-96  5.8208E-98  2.9434E-99  1.4799-100  7.3989-102  3.6774-103  1.8175-104  8.9449-106
       4.3904-107  2.1494-108  1.0480-109  5.0832-111  2.4556-112  1.1849-113  5.7143-115  2.7487-116  1.3201-117  6.3619-119
       3.0854-120  1.4985-121  7.6008-123  3.8459-124  1.8535-125  9.9640-127  5.0668-128  2.2916-129  1.2455-130  5.9036-132
       2.4192-133  1.0217-134  4.8307-136  2.3551-137  1.1345-138  5.3227-140  2.4877-141  1.1294-142  5.1012-144  2.3847-145
       1.1140-146
   2   2.4189E-81  4.3184E-80  7.8830E-79  1.3949E-77  2.3783E-76  3.8891E-75  6.0807E-74  9.0957E-73  1.2998E-71  1.7716E-70
       2.2975E-69  2.8250E-68  3.2758E-67  3.5548E-66  3.5910E-65  3.3466E-64  2.8260E-63  2.1098E-62  1.3505E-61  7.1336E-61
       2.9632E-60  9.0193E-60  1.7880E-59  1.9867E-59  1.8761E-59  2.0092E-59  1.7266E-59  1.0939E-59  5.3456E-60  2.1193E-60
       7.0840E-61  2.0503E-61  5.2090E-62  1.1690E-62  2.3257E-63  4.1182E-64  6.5295E-65  9.3228E-66  1.2047E-66  1.4176E-67
       1.5269E-68  1.5115E-69  1.3794E-70  1.1657E-71  9.1835E-73  6.8014E-74  4.7794E-75  3.2108E-76  2.0747E-77  1.2952E-78
       7.8354E-80  4.6085E-81  2.6463E-82  1.4901E-83  8.2594E-85  4.5173E-86  2.4403E-87  1.3026E-88  6.8746E-90  3.5918E-91
       1.8602E-92  9.5595E-94  4.8776E-95  2.4726E-96  1.2461E-97  6.2452E-99  3.1121-100  1.5417-101  7.5983-103  3.7315-104
       1.8280-105  8.9274-107  4.3389-108  2.0984-109  1.0124-110  4.8834-112  2.3527-113  1.1285-114  5.4053-116  2.5965-117
       1.2623-118  6.1947-120  3.0431-121  1.5401-122  7.8894-124  3.7789-125  1.8633-126  8.9480-128  3.9870-129  1.9550-130
       8.8994-132  4.0316-133  1.9196-134  9.0133-136  4.3103-137  2.0350-138  9.4659-140  4.3350-141  1.9821-142  8.9490-144
       4.2581-145
   3   1.2701E-79  2.3107E-78  4.2899E-77  7.7137E-76  1.3357E-74  2.2225E-73  3.5458E-72  5.4140E-71  7.9001E-70  1.0999E-68
       1.4580E-67  1.8335E-66  2.1760E-65  2.4189E-64  2.5051E-63  2.3937E-62  2.0725E-61  1.5863E-60  1.0409E-59  5.6333E-59
       2.3958E-58  7.4434E-58  1.4937E-57  1.6359E-57  1.5302E-57  1.6596E-57  1.4189E-57  8.8376E-58  4.2254E-58  1.6359E-58
       5.3372E-59  1.5069E-59  3.7327E-60  8.1615E-61  1.5811E-61  2.7251E-62  4.2036E-63  5.8364E-64  7.3340E-65  8.3946E-66
       8.7957E-67  8.4675E-68  7.5164E-69  6.1857E-70  4.7545E-71  3.4436E-72  2.3717E-73  1.5652E-74  9.9545E-76  6.1250E-77
       3.6577E-78  2.1274E-79  1.2102E-80  6.7609E-82  3.7221E-83  2.0230E-84  1.0863E-85  5.7665E-87  3.0283E-88  1.5753E-89
       8.1261E-91  4.1601E-92  2.1150E-93  1.0686E-94  5.3691E-96  2.6831E-97  1.3330E-98  6.5840-100  3.2370-101  1.5869-102
       7.7606-104  3.7811-105  1.8327-106  8.8455-108  4.2632-109  2.0546-110  9.8835-112  4.7353-113  2.2641-114  1.0930-115
       5.3136-117  2.5885-118  1.2906-119  6.3375-121  3.0936-122  1.5946-123  7.5552-125  3.4543-126  1.6529-127  7.5140-129
       3.5328-130  1.6504-131  7.7248-133  3.7234-134  1.7555-135  8.3549-137  3.8559-138  1.7460-139  7.9357-141  3.6238-142
       1.7217-143
   4   6.5717E-78  1.2179E-76  2.3002E-75  4.2082E-74  7.4264E-73  1.2600E-71  2.0503E-70  3.1945E-69  4.7590E-68  6.7690E-67
       9.1729E-66  1.1803E-64  1.4345E-63  1.6347E-62  1.7361E-61  1.7018E-60  1.5118E-59  1.1873E-58  7.9936E-58  4.4379E-57
       1.9341E-56  6.1401E-56  1.2486E-55  1.3466E-55  1.2473E-55  1.3720E-55  1.1661E-55  7.1325E-56  3.3331E-56  1.2590E-56
       4.0058E-57  1.1024E-57  2.6601E-58  5.6628E-59  1.0675E-59  1.7897E-60  2.6837E-61  3.6212E-62  4.4232E-63  4.9208E-64
       5.0115E-65  4.6887E-66  4.0478E-67  3.2445E-68  2.4340E-69  1.7248E-70  1.1650E-71  7.5568E-73  4.7322E-74  2.8717E-75
       1.6941E-76  9.7505E-78  5.4977E-79  3.0485E-80  1.6671E-81  9.0054E-83  4.8079E-84  2.5386E-85  1.3268E-86  6.8725E-88
       3.5310E-89  1.8007E-90  9.1220E-92  4.5941E-93  2.3015E-94  1.1467E-95  5.6793E-97  2.7972E-98  1.3722E-99  6.7154-101
       3.2778-102  1.5929-103  7.7017-105  3.7121-106  1.7880-107  8.6034-109  4.1247-110  1.9723-111  9.4621-113  4.5640-114
       2.2177-115  1.1013-116  5.3212-118  2.6228-119  1.2833-120  5.9685-122  2.9810-123  1.4090-124  6.4848-126  3.0875-127
       1.4557-128  6.7799-130  3.2303-131  1.5263-132  7.2996-134  3.3984-135  1.5649-136  7.0861-138  3.2136-139  1.4640-140
       7.0008-142
   5   3.3535E-76  6.3331E-75  1.2185E-73  2.2721E-72  4.0883E-71  7.0742E-70  1.1744E-68  1.8675E-67  2.8410E-66  4.1292E-65
       5.7225E-64  7.5368E-63  9.3851E-62  1.0967E-60  1.1951E-59  1.2026E-58  1.0968E-57  8.8455E-57  6.1161E-56  3.4868E-55
       1.5588E-54  5.0628E-54  1.0444E-53  1.1081E-53  1.0161E-53  1.1352E-53  9.5834E-54  5.7496E-54  2.6232E-54  9.6581E-55
       2.9941E-55  8.0245E-56  1.8847E-56  3.9034E-57  7.1558E-58  1.1660E-58  1.6984E-59  2.2256E-60  2.6406E-61  2.8536E-62
       2.8222E-63  2.5651E-64  2.1536E-65  1.6816E-66  1.2318E-67  8.5447E-69  5.6638E-70  3.6129E-71  2.2292E-72  1.3350E-73
       7.7854E-75  4.4370E-76  2.4809E-77  1.3658E-78  7.4212E-80  3.9845E-81  2.1153E-82  1.1112E-83  5.7810E-85  2.9817E-86
       1.5258E-87  7.7516E-89  3.9131E-90  1.9646E-91  9.8130E-93  4.8742E-94  2.4066E-95  1.1821E-96  5.7876E-98  2.8276E-99
       1.3771-100  6.6742-102  3.2195-103  1.5502-104  7.4659-106  3.5884-107  1.7151-108  8.1719-110  3.9194-111  1.9037-112
       9.2685-114  4.4725-115  2.2375-116  1.0804-117  5.1010-119  2.4777-120  1.1480-121  5.6473-123  2.6685-124  1.2690-125
       5.9210-127  2.8182-128  1.3221-129  6.3912-131  2.9684-132  1.3797-133  6.2345-135  2.8092-136  1.2967-137  5.9330-139
       2.8322-140
   6   1.6872E-74  3.2505E-73  6.3767E-72  1.2127E-70  2.2258E-69  3.9294E-68  6.6574E-67  1.0808E-65  1.6796E-64  2.4955E-63
       3.5381E-62  4.7717E-61  6.0902E-60  7.3015E-59  8.1691E-58  8.4437E-57  7.9130E-56  6.5585E-55  4.6613E-54  2.7316E-53
       1.2542E-52  4.1724E-52  8.7436E-52  9.1150E-52  8.2715E-52  9.4024E-52  7.8758E-52  4.6288E-52  2.0594E-52  7.3831E-53
       2.2279E-53  5.8100E-54  1.3272E-54  2.6720E-55  4.7595E-56  7.5317E-57  1.0649E-57  1.3544E-58  1.5595E-59  1.6356E-60
       1.5700E-61  1.3859E-62  1.1316E-63  8.6102E-65  6.1611E-66  4.1863E-67  2.7248E-68  1.7106E-69  1.0406E-70  6.1542E-72
       3.5501E-73  2.0045E-74  1.1120E-75  6.0795E-77  3.2825E-78  1.7520E-79  9.2505E-81  4.8352E-82  2.5042E-83  1.2862E-84
       6.5553E-86  3.3178E-87  1.6692E-88  8.3547E-90  4.1606E-91  2.0601E-92  1.0141E-93  4.9688E-95  2.4282E-96  1.1842E-97
       5.7541E-99  2.7814-100  1.3390-101  6.4409-103  3.0989-104  1.4878-105  7.1102-107  3.3883-108  1.6262-109  7.8447-111
       3.8256-112  1.8637-113  8.8820-115  4.3635-116  2.1038-117  9.7749-119  4.7617-120  2.2826-121  1.1037-122  5.1924-124
       2.4440-125  1.1520-126  5.4874-128  2.5590-129  1.2212-130  5.4844-132  2.4765-133  1.1333-134  5.1651-136  2.3892-137
       1.1475-138
   7   8.3610E-73  1.6448E-71  3.2926E-70  6.3902E-69  1.1970E-67  2.1571E-66  3.7314E-65  6.1875E-64  9.8266E-63  1.4931E-61
       2.1667E-60  2.9935E-59  3.9179E-58  4.8213E-57  5.5419E-56  5.8885E-55  5.6746E-54  4.8378E-53  3.5377E-52  2.1334E-51
       1.0072E-50  3.4368E-50  7.3258E-50  7.4945E-50  6.7275E-50  7.7956E-50  6.4720E-50  3.7211E-50  1.6125E-50  5.6229E-51
       1.6499E-51  4.1827E-52  9.2843E-53  1.8156E-53  3.1396E-54  4.8209E-55  6.6116E-56  8.1538E-57  9.1044E-58  9.2594E-59
       8.6226E-60  7.3912E-61  5.8697E-62  4.3539E-63  3.0452E-64  2.0282E-65  1.2972E-66  8.0199E-68  4.8131E-69  2.8131E-70
       1.6062E-71  8.9899E-73  4.9495E-74  2.6879E-75  1.4423E-76  7.6541E-78  4.0199E-79  2.0910E-80  1.0782E-81  5.5146E-83
       2.7993E-84  1.4115E-85  7.0782E-87  3.5322E-88  1.7537E-89  8.6560E-91  4.2483E-92  2.0769E-93  1.0132E-94  4.9316E-96
       2.3902E-97  1.1527E-98  5.5427-100  2.6641-101  1.2791-102  6.1212-104  2.9242-105  1.4003-106  6.7151-108  3.2569-109
       1.5743-110  7.5319-112  3.6690-113  1.7322-114  8.3836-116  4.0127-117  1.9415-118  9.3488-120  4.5398-121  2.1197-122
       1.0010-123  4.7681-125  2.2065-126  1.0445-127  4.6667-129  2.1689-130  9.9635-132  4.4903-133  2.0855-134  9.6232-136
       4.6450-137
   8   4.0753E-71  8.1933E-70  1.6749E-68  3.3198E-67  6.3510E-66  1.1690E-64  2.0657E-63  3.5006E-62  5.6843E-61  8.8368E-60
       1.3131E-58  1.8596E-57  2.4971E-56  3.1558E-55  3.7295E-54  4.0769E-53  4.0435E-52  3.5491E-51  2.6730E-50  1.6606E-49
       8.0713E-49  2.8291E-48  6.1433E-48  6.1590E-48  5.4664E-48  6.4706E-48  5.3176E-48  2.9866E-48  1.2589E-48  4.2652E-49
       1.2157E-49  2.9929E-50  6.4494E-51  1.2239E-51  2.0527E-52  3.0558E-53  4.0612E-54  4.8527E-55  5.2497E-56  5.1741E-57
       4.6725E-58  3.8891E-59  3.0047E-60  2.1737E-61  1.4871E-62  9.7154E-64  6.1112E-65  3.7233E-66  2.2061E-67  1.2750E-68
       7.2095E-70  4.0017E-71  2.1872E-72  1.1801E-73  6.2942E-75  3.3214E-76  1.7354E-77  8.9848E-79  4.6126E-80  2.3493E-81
       1.1878E-82  5.9679E-84  2.9831E-85  1.4842E-86  7.3463E-88  3.6145E-89  1.7691E-90  8.6314E-92  4.2038E-93  2.0418E-94
       9.8696E-96  4.7491E-97  2.2819E-98  1.0968E-99  5.2586-101  2.5070-102  1.1931-103  5.7241-105  2.7687-106  1.3303-107
       6.4151-109  3.1089-110  1.4569-111  7.0919-113  3.3560-114  1.6570-115  7.8976-117  3.8787-118  1.8218-119  8.6802-121
       4.0906-122  1.9091-123  9.1398-125  4.0349-126  1.8741-127  8.5163-129  3.9085-130  1.8121-131  8.3628-133  3.8854-134
       1.8716-135
   9   1.9508E-69  4.0115E-68  8.3814E-67  1.6979E-65  3.3198E-64  6.2454E-63  1.1282E-61  1.9550E-60  3.2479E-59  5.1692E-58
       7.8703E-57  1.1430E-55  1.5756E-54  2.0464E-53  2.4886E-52  2.8010E-51  2.8616E-50  2.5885E-49  2.0100E-48  1.2880E-47
       6.4540E-47  2.3273E-46  5.1565E-46  5.0586E-46  4.4369E-46  5.3773E-46  4.3683E-46  2.3928E-46  9.7974E-47  3.2214E-47
       8.9085E-48  2.1276E-48  4.4466E-49  8.1806E-50  1.3295E-50  1.9167E-51  2.4662E-52  2.8525E-53  2.9874E-54  2.8519E-55
       2.4968E-56  2.0180E-57  1.5173E-58  1.0713E-59  7.1741E-61  4.6012E-62  2.8485E-63  1.7116E-64  1.0019E-65  5.7291E-67
       3.2099E-68  1.7676E-69  9.5937E-71  5.1433E-72  2.7271E-73  1.4312E-74  7.4404E-76  3.8345E-77  1.9600E-78  9.9413E-80
       5.0067E-81  2.5067E-82  1.2492E-83  6.1968E-85  3.0576E-86  1.4998E-87  7.3217E-89  3.5656E-90  1.7337E-91  8.4024E-93
       4.0516E-94  1.9459E-95  9.3404E-97  4.4869E-98  2.1503E-99  1.0249-100  4.8687-102  2.3273-103  1.1224-104  5.4409-106
       2.6005-107  1.2380-108  5.9906-110  2.8312-111  1.3848-112  6.6952-114  3.2903-115  1.5712-116  7.4568-118  3.5384-119
       1.6368-120  7.7153-122  3.4610-123  1.6287-124  7.3470-126  3.3808-127  1.5665-128  7.2538-130  3.3549-131  1.5566-132
       7.5370-134
  10   9.1570E-68  1.9273E-66  4.1190E-65  8.5351E-64  1.7071E-62  3.2851E-61  6.0713E-60  1.0766E-58  1.8311E-57  2.9855E-56
       4.6604E-55  6.9456E-54  9.8352E-53  1.3137E-51  1.6454E-50  1.9086E-49  2.0105E-48  1.8760E-47  1.5036E-46  9.9508E-46
       5.1482E-45  1.9130E-44  4.3324E-44  4.1520E-44  3.5969E-44  4.4746E-44  3.5874E-44  1.9133E-44  7.5989E-45  2.4218E-45
       6.4897E-46  1.5019E-46  3.0410E-47  5.4182E-48  8.5231E-49  1.1888E-49  1.4793E-50  1.6548E-51  1.6765E-52  1.5494E-53
       1.3149E-54  1.0321E-55  7.5562E-57  5.2102E-58  3.4184E-59  2.1541E-60  1.3135E-61  7.7895E-63  4.5074E-64  2.5517E-65
       1.4173E-66  7.7451E-68  4.1754E-69  2.2246E-70  1.1727E-71  6.1217E-73  3.1670E-74  1.6248E-75  8.2695E-77  4.1770E-78
       2.0956E-79  1.0457E-80  5.1956E-82  2.5698E-83  1.2640E-84  6.1820E-86  3.0111E-87  1.4639E-88  7.1048E-90  3.4354E-91
       1.6530E-92  7.9300E-94  3.8035E-95  1.8236E-96  8.7223E-98  4.1649E-99  1.9885-100  9.4862-102  4.5770-103  2.1735-104
       1.0529-105  5.0241-107  2.3987-108  1.1539-109  5.6395-111  2.7274-112  1.3425-113  6.3739-115  3.0442-116  1.4075-117
       6.6830-119  2.9732-120  1.3839-121  6.2700-123  2.9122-124  1.3443-125  6.2702-127  2.8877-128  1.3424-129  6.2317-131
       3.0228-132
  11   4.2081E-66  9.0711E-65  1.9845E-63  4.2101E-62  8.6214E-61  1.6987E-59  3.2146E-58  5.8382E-57  1.0174E-55  1.7007E-54
       2.7239E-53  4.1689E-52  6.0678E-51  8.3435E-50  1.0774E-48  1.2891E-47  1.4014E-46  1.3505E-45  1.1186E-44  7.6552E-44
       4.0956E-43  1.5711E-42  3.6439E-42  3.4052E-42  2.9120E-42  3.7286E-42  2.9450E-42  1.5266E-42  5.8720E-43  1.8114E-43
       4.6976E-44  1.0521E-44  2.0616E-45  3.5534E-46  5.4044E-47  7.2844E-48  8.7576E-49  9.4652E-50  9.2704E-51  8.2905E-52
       6.8197E-53  5.2005E-54  3.7096E-55  2.5002E-56  1.6085E-57  9.9684E-59  5.9919E-60  3.5093E-61  2.0086E-62  1.1263E-63
       6.2038E-65  3.3656E-66  1.8025E-67  9.5450E-69  5.0033E-70  2.5982E-71  1.3378E-72  6.8329E-74  3.4630E-75  1.7421E-76
       8.7080E-78  4.3315E-79  2.1458E-80  1.0582E-81  5.1891E-83  2.5309E-84  1.2303E-85  5.9727E-87  2.8935E-88  1.3957E-89
       6.7013E-91  3.2126E-92  1.5407E-93  7.3733E-95  3.5123E-96  1.6749E-97  8.0440E-99  3.8663-100  1.8386-101  8.8780-103
       4.1754-104  2.0286-105  9.6743-107  4.7332-108  2.2677-109  1.1224-110  5.3477-112  2.6047-113  1.2019-114  5.6290-116
       2.5461-117  1.1944-118  5.3592-120  2.4914-121  1.1561-122  5.3481-124  2.4685-125  1.1545-126  5.3326-128  2.4907-129
       1.2094-130
  12   1.8903E-64  4.1750E-63  9.3560E-62  2.0339E-60  4.2687E-59  8.6205E-58  1.6721E-56  3.1132E-55  5.5638E-54  9.5435E-53
       1.5696E-51  2.4691E-50  3.6969E-49  5.2391E-48  6.9811E-47  8.6240E-46  9.6865E-45  9.6514E-44  8.2721E-43  5.8620E-42
       3.2489E-41  1.2889E-40  3.0680E-40  2.7902E-40  2.3540E-40  3.1117E-40  2.4165E-40  1.2151E-40  4.5193E-41  1.3473E-41
       3.3767E-42  7.3101E-43  1.3845E-43  2.3057E-44  3.3864E-45  4.4057E-46  5.1118E-47  5.3334E-48  5.0465E-49  4.3661E-50
       3.4815E-51  2.5805E-52  1.7948E-53  1.1834E-54  7.4733E-56  4.5587E-57  2.7033E-58  1.5646E-59  8.8632E-61  4.9251E-62
       2.6913E-63  1.4497E-64  7.7145E-66  4.0610E-67  2.1170E-68  1.0938E-69  5.6059E-71  2.8508E-72  1.4388E-73  7.2093E-75
       3.5910E-76  1.7808E-77  8.7974E-79  4.3258E-80  2.1149E-81  1.0288E-82  4.9925E-84  2.4204E-85  1.1707E-86  5.6351E-88
       2.7010E-89  1.2940E-90  6.2062E-92  2.9688E-93  1.4110E-94  6.7063E-96  3.2095E-97  1.5503E-98  7.4399-100  3.5225-101
       1.6955-102  8.0628-104  3.9288-105  1.8891-106  9.3355-108  4.4777-109  2.1615-110  1.0260-111  4.8106-113  2.1655-114
       1.0073-115  4.5456-117  2.1155-118  9.8713-120  4.5486-121  2.1133-122  9.8155-124  4.5520-125  2.1252-126  9.9162-128
       4.8196-129
  13   8.2878E-63  1.8757E-61  4.3077E-60  9.6040E-59  2.0680E-57  4.2853E-56  8.5296E-55  1.6299E-53  2.9904E-52  5.2685E-51
       8.9066E-50  1.4413E-48  2.2224E-47  3.2497E-46  4.4727E-45  5.7107E-44  6.6345E-43  6.8432E-42  6.0775E-41  4.4667E-40
       2.5689E-39  1.0562E-38  2.5862E-38  2.2838E-38  1.8998E-38  2.6011E-38  1.9816E-38  9.6467E-39  3.4631E-39  9.9599E-40
       2.4089E-40  5.0337E-41  9.2031E-42  1.4790E-42  2.0949E-43  2.6274E-44  2.9388E-45  2.9574E-46  2.7020E-47  2.2612E-48
       1.7483E-49  1.2603E-50  8.5548E-52  5.5245E-53  3.4277E-54  2.0599E-55  1.2059E-56  6.9021E-58  3.8715E-59  2.1328E-60
       1.1566E-61  6.1878E-63  3.2722E-64  1.7125E-65  8.8795E-67  4.5655E-68  2.3293E-69  1.1795E-70  5.9285E-72  2.9593E-73
       1.4691E-74  7.2644E-76  3.5791E-77  1.7550E-78  8.5569E-80  4.1533E-81  2.0120E-82  9.7387E-84  4.7013E-85  2.2589E-86
       1.0817E-87  5.1800E-89  2.4829E-90  1.1879E-91  5.6598E-93  2.6908E-94  1.2878E-95  6.1358E-97  2.9586E-98  1.4209E-99
       6.7515-101  3.2510-102  1.5700-103  7.6267-105  3.7495-106  1.7904-107  8.5445-109  3.9572-110  1.8402-111  8.5730-113
       3.8430-114  1.7952-115  8.2919-117  3.8166-118  1.7976-119  8.3055-121  3.8667-122  1.8039-123  8.4240-125  3.9349-126
       1.9114-127
  14   3.5420E-61  8.2129E-60  1.9332E-58  4.4224E-57  9.7802E-56  2.0823E-54  4.2589E-53  8.3626E-52  1.5770E-50  2.8570E-49
       4.9696E-48  8.2821E-47  1.3165E-45  1.9893E-44  2.8309E-43  3.7399E-42  4.4994E-41  4.8108E-40  4.4336E-39  3.3851E-38
       2.0240E-37  8.6439E-37  2.1826E-36  1.8671E-36  1.5303E-36  2.1780E-36  1.6239E-36  7.6357E-37  2.6409E-37  7.3143E-38
       1.7042E-38  3.4324E-39  6.0494E-40  9.3680E-41  1.2780E-41  1.5432E-42  1.6622E-43  1.6120E-44  1.4215E-45  1.1507E-46
       8.6309E-48  6.0562E-49  4.0160E-50  2.5427E-51  1.5516E-52  9.1940E-54  5.3175E-55  3.0113E-56  1.6733E-57  9.1421E-59
       4.9214E-60  2.6156E-61  1.3748E-62  7.1544E-64  3.6903E-65  1.8885E-66  9.5931E-68  4.8377E-69  2.4218E-70  1.2045E-71
       5.9606E-73  2.9394E-74  1.4444E-75  7.0635E-77  3.4354E-78  1.6646E-79  8.0549E-81  3.8933E-82  1.8754E-83  8.9916E-85
       4.3017E-86  2.0591E-87  9.8512E-89  4.7016E-90  2.2449E-91  1.0748E-92  5.1265E-94  2.4587E-95  1.1666E-96  5.6392E-98
       2.7027E-99  1.3015-100  6.2483-102  3.0727-103  1.4548-104  7.1953-106  3.2722-107  1.5361-108  7.0371-110  3.2093-111
       1.5146-112  6.9475-114  3.2230-115  1.5043-116  6.9742-118  3.2708-119  1.5208-120  7.1182-122  3.3227-123  1.5530-124
       7.5443-126
  15   1.4743E-59  3.5016E-58  8.4474E-57  1.9834E-55  4.5065E-54  9.8668E-53  2.0767E-51  4.1966E-50  8.1455E-49  1.5193E-47
       2.7224E-46  4.6772E-45  7.6804E-44  1.2004E-42  1.7682E-41  2.4198E-40  3.0188E-39  3.3505E-38  3.2094E-37  2.5502E-36
       1.5884E-35  7.0630E-35  1.8442E-34  1.5242E-34  1.2301E-34  1.8271E-34  1.3295E-34  6.0243E-35  2.0030E-35  5.3319E-36
       1.1947E-36  2.3156E-37  3.9281E-38  5.8529E-39  7.6788E-40  8.9157E-41  9.2375E-42  8.6275E-43  7.3411E-44  5.7495E-45
       4.1862E-46  2.8620E-47  1.8562E-48  1.1535E-49  6.9296E-51  4.0520E-52  2.3168E-53  1.2988E-54  7.1529E-56  3.8772E-57
       2.0724E-58  1.0944E-59  5.7183E-61  2.9595E-62  1.5189E-63  7.7375E-65  3.9140E-66  1.9659E-67  9.8038E-69  4.8591E-70
       2.3977E-71  1.1795E-72  5.7815E-74  2.8196E-75  1.3679E-76  6.6176E-78  3.1999E-79  1.5456E-80  7.4351E-82  3.5597E-83
       1.7021E-84  8.1484E-86  3.8926E-87  1.8498E-88  8.7997E-90  4.2280E-91  2.0392E-92  9.7262E-94  4.6654E-95  2.2132E-96
       1.0754E-97  5.1399E-99  2.5279-100  1.1890-101  5.8035-103  2.6428-104  1.2881-105  5.8208-107  2.6863-108  1.2484-109
       5.7192-111  2.7018-112  1.2553-113  5.8394-115  2.7363-116  1.2786-117  5.9784-119  2.7924-120  1.3049-121  6.0930-123
       2.9627-124
  16   5.9728E-58  1.4533E-56  3.5929E-55  8.6558E-54  2.0211E-52  4.5535E-51  9.8677E-50  2.0548E-48  4.1119E-47  7.9083E-46
       1.4618E-44  2.5931E-43  4.4064E-42  7.1315E-41  1.0886E-39  1.5453E-38  2.0017E-37  2.3098E-36  2.3037E-35  1.9086E-34
       1.2411E-33  5.7610E-33  1.5604E-32  1.2423E-32  9.8651E-33  1.5358E-32  1.0874E-32  4.7356E-33  1.5099E-33  3.8549E-34
       8.2913E-35  1.5439E-35  2.5166E-36  3.6022E-37  4.5379E-38  5.0594E-39  5.0373E-40  4.5282E-41  3.7175E-42  2.8182E-43
       1.9936E-44  1.3295E-45  8.4436E-47  5.1560E-48  3.0523E-49  1.7626E-50  9.9686E-52  5.5350E-53  3.0224E-54  1.6259E-55
       8.6316E-57  4.5300E-58  2.3533E-59  1.2115E-60  6.1881E-62  3.1386E-63  1.5813E-64  7.9114E-66  3.9311E-67  1.9421E-68
       9.5584E-70  4.6916E-71  2.2946E-72  1.1164E-73  5.4041E-75  2.6097E-76  1.2603E-77  6.0801E-79  2.9218E-80  1.3983E-81
       6.6891E-83  3.2058E-84  1.5334E-85  7.2856E-87  3.4582E-88  1.6502E-89  7.9688E-91  3.8399E-92  1.8216E-93  8.7881E-95
       4.2060E-96  2.0437E-97  9.7287E-99  4.7885-100  2.1687-101  1.0363-102  4.6861-104  2.2346-105  1.0311-106  4.7453-108
       2.2296-109  1.0363-110  4.8677-112  2.2744-113  1.0664-114  4.9910-116  2.3313-117  1.0900-118  5.0891-120  2.3797-121
       1.1568-122
  17   2.3516E-56  5.8649E-55  1.4865E-53  3.6755E-52  8.8184E-51  2.0443E-49  4.5652E-48  9.8050E-47  2.0246E-45  4.0203E-44
       7.6796E-43  1.4102E-41  2.4825E-40  4.1652E-39  6.5973E-38  9.7272E-37  1.3103E-35  1.5746E-34  1.6381E-33  1.4181E-32
       9.6501E-32  4.6894E-31  1.3220E-30  1.0106E-30  7.8899E-31  1.2937E-30  8.8817E-31  3.7067E-31  1.1305E-31  2.7617E-32
       5.6903E-33  1.0161E-33  1.5887E-34  2.1806E-35  2.6336E-36  2.8157E-37  2.6913E-38  2.3276E-39  1.8441E-40  1.3541E-41
       9.3165E-43  6.0683E-44  3.7786E-45  2.2698E-46  1.3253E-47  7.5632E-49  4.2335E-50  2.3292E-51  1.2615E-52  6.7369E-54
       3.5533E-55  1.8537E-56  9.5765E-58  4.9051E-59  2.4939E-60  1.2597E-61  6.3222E-63  3.1516E-64  1.5606E-65  7.6871E-67
       3.7741E-68  1.8486E-69  9.0232E-71  4.3819E-72  2.1182E-73  1.0220E-74  4.9292E-76  2.3733E-77  1.1380E-78  5.4396E-80
       2.6015E-81  1.2464E-82  5.9664E-84  2.8478E-85  1.3556E-86  6.4827E-88  3.1007E-89  1.4912E-90  7.1885E-92  3.4326E-93
       1.6589E-94  7.8812E-96  3.7913E-97  1.7740E-98  8.5257-100  3.8219-101  1.8140-102  8.3273-104  3.9161-105  1.8322-106
       8.5321-108  4.0161-109  1.8818-110  8.8307-112  4.1324-113  1.9358-114  9.0269-116  4.2246-117  1.9748-118  9.2347-120
       4.4892-121
  18   8.9790E-55  2.2969E-53  5.9723E-52  1.5165E-50  3.7409E-49  8.9270E-48  2.0547E-46  4.5538E-45  9.7145E-44  1.9952E-42
       3.9458E-41  7.5084E-40  1.3709E-38  2.3877E-37  3.9296E-36  6.0267E-35  8.4560E-34  1.0602E-32  1.1528E-31  1.0452E-30
       7.4622E-30  3.8080E-29  1.1216E-28  8.2021E-29  6.2905E-29  1.0920E-28  7.2422E-29  2.8870E-29  8.3983E-30  1.9584E-30
       3.8571E-31  6.5910E-32  9.8661E-33  1.2962E-33  1.4983E-34  1.5341E-35  1.4066E-36  1.1702E-37  8.9504E-39  6.3721E-40
       4.2697E-41  2.7199E-42  1.6627E-43  9.8352E-45  5.6686E-46  3.1991E-47  1.7732E-48  9.6709E-50  5.1973E-51  2.7563E-52
       1.4446E-53  7.4931E-55  3.8505E-56  1.9627E-57  9.9359E-59  4.9992E-60  2.5000E-61  1.2420E-62  6.1309E-64  3.0119E-65
       1.4756E-66  7.2128E-68  3.5129E-69  1.7026E-70  8.2216E-72  3.9671E-73  1.9141E-74  9.2093E-76  4.4089E-77  2.1050E-78
       1.0060E-79  4.8092E-81  2.2935E-82  1.0958E-83  5.2649E-85  2.5193E-86  1.2083E-87  5.7668E-89  2.7772E-90  1.3332E-91
       6.3858E-93  3.0543E-94  1.4303E-95  6.7635E-97  3.1137E-98  1.4821E-99  6.7498-101  3.1928-102  1.4906-103  6.9838-105
       3.2902-106  1.5433-107  7.2599-109  3.3968-110  1.5914-111  7.4337-113  3.4763-114  1.6253-115  7.6079-117  3.5587-118
       1.7295-119
  19   3.3162E-53  8.7074E-52  2.3244E-50  6.0660E-49  1.5397E-47  3.7851E-46  8.9867E-45  2.0572E-43  4.5385E-42  9.6509E-41
       1.9783E-39  3.9057E-38  7.4056E-37  1.3408E-35  2.2962E-34  3.6691E-33  5.3717E-32  7.0402E-31  8.0193E-30  7.6339E-29
       5.7347E-28  3.0839E-27  9.5292E-27  6.6400E-27  4.9977E-27  9.2377E-27  5.8925E-27  2.2357E-27  6.1845E-28  1.3729E-28
       2.5785E-29  4.2073E-30  6.0165E-31  7.5508E-32  8.3390E-33  8.1669E-34  7.1792E-35  5.7455E-36  4.2459E-37  2.9344E-38
       1.9176E-39  1.1964E-40  7.1886E-42  4.1917E-43  2.3867E-44  1.3328E-45  7.3188E-47  3.9585E-48  2.1116E-49  1.1124E-50
       5.7956E-52  2.9896E-53  1.5285E-54  7.7558E-56  3.9103E-57  1.9603E-58  9.7699E-60  4.8381E-61  2.3815E-62  1.1674E-63
       5.7097E-65  2.7866E-66  1.3545E-67  6.5494E-69  3.1569E-70  1.5221E-71  7.3453E-73  3.5354E-74  1.6931E-75  8.0897E-77
       3.8711E-78  1.8504E-79  8.7911E-81  4.1833E-82  2.0110E-83  9.7139E-85  4.6281E-86  2.2306E-87  1.0598E-88  5.0979E-90
       2.4162E-91  1.1502E-92  5.4392E-94  2.5156E-95  1.1843E-96  5.4719E-98  2.5888E-99  1.2035-100  5.6739-102  2.6711-103
       1.2579-104  5.9052-106  2.7695-107  1.2971-108  6.0606-110  2.8388-111  1.3266-112  6.2091-114  2.9066-115  1.3599-116
       6.6076-118
  20   1.1811E-51  3.1857E-50  8.7377E-49  2.3454E-47  6.1303E-46  1.5540E-44  3.8092E-43  9.0151E-42  2.0589E-40  4.5381E-39
       9.6537E-38  1.9800E-36  3.9042E-35  7.3588E-34  1.3135E-32  2.1906E-31  3.3530E-30  4.6037E-29  5.5067E-28  5.5190E-27
       4.3762E-26  2.4894E-25  8.1082E-25  5.3590E-25  3.9547E-25  7.8322E-25  4.7817E-25  1.7200E-25  4.5092E-26  9.5008E-27
       1.6971E-27  2.6377E-28  3.5951E-29  4.3009E-30  4.5305E-31  4.2394E-32  3.5716E-33  2.7510E-34  1.9663E-35  1.3211E-36
       8.4327E-38  5.1602E-39  3.0512E-40  1.7554E-41  9.8814E-43  5.4632E-44  2.9735E-45  1.5956E-46  8.4516E-48  4.4244E-49
       2.2919E-50  1.1761E-51  5.9845E-53  3.0236E-54  1.5187E-55  7.5882E-57  3.7701E-58  1.8614E-59  9.1385E-61  4.4705E-62
       2.1835E-63  1.0646E-64  5.1693E-66  2.4966E-67  1.2017E-68  5.7851E-70  2.7870E-71  1.3395E-72  6.4120E-74  3.0665E-75
       1.4702E-76  7.0460E-78  3.3545E-79  1.5956E-80  7.6318E-82  3.6609E-83  1.7652E-84  8.3657E-86  4.0567E-87  1.9129E-88
       9.0853E-90  4.2902E-91  2.0143E-92  9.4637E-94  4.3998E-95  2.0748E-96  9.7168E-98  4.5631E-99  2.1461-100  1.0128-101
       4.7538-103  2.2360-104  1.0450-105  4.9000-107  2.2866-108  1.0735-109  5.0209-111  2.3500-112  1.1000-113  5.1473-115
       2.5003-116
  21   4.0421E-50  1.1210E-48  3.1616E-47  8.7360E-46  2.3534E-44  6.1565E-43  1.5596E-41  3.8199E-40  9.0413E-39  2.0681E-37
       4.5712E-36  9.7536E-35  2.0031E-33  3.9369E-32  7.3370E-31  1.2796E-29  2.0521E-28  2.9587E-27  3.7263E-26  3.9441E-25
       3.3127E-24  2.0020E-23  6.9096E-23  4.3097E-23  3.1150E-23  6.6560E-23  3.8679E-23  1.3132E-23  3.2505E-24  6.4790E-25
       1.0974E-25  1.6203E-26  2.0996E-27  2.3891E-28  2.3965E-29  2.1408E-30  1.7285E-31  1.2824E-32  8.8783E-34  5.8086E-35
       3.6274E-36  2.1801E-37  1.2700E-38  7.2152E-40  4.0179E-41  2.2005E-42  1.1877E-43  6.3254E-45  3.3280E-46  1.7318E-47
       8.9229E-49  4.5562E-50  2.3081E-51  1.1615E-52  5.8142E-54  2.8963E-55  1.4350E-56  7.0666E-58  3.4611E-59  1.6899E-60
       8.2410E-62  4.0128E-63  1.9467E-64  9.4005E-66  4.5276E-67  2.1805E-68  1.0494E-69  5.0323E-71  2.4040E-72  1.1487E-73
       5.5040E-75  2.6384E-76  1.2614E-77  6.0068E-79  2.8717E-80  1.3807E-81  6.5382E-83  3.1560E-84  1.4917E-85  7.1817E-87
       3.3644E-88  1.5895E-89  7.4783E-91  3.4916E-92  1.6453E-93  7.7061E-95  3.6322E-96  1.7123E-97  8.0588E-99  3.7852-100
       1.7816-101  8.3339-103  3.9081-104  1.8279-105  8.5550-107  4.0133-108  1.8789-109  8.7960-111  4.1169-112  1.9267-113
       9.3560-115
  22   1.3238E-48  3.7779E-47  1.0966E-45  3.1222E-44  8.6766E-43  2.3447E-41  6.1443E-40  1.5591E-38  3.8289E-37  9.1002E-36
       2.0929E-34  4.6528E-33  9.9683E-32  2.0465E-30  3.9901E-29  7.2926E-28  1.2282E-26  1.8645E-25  2.4799E-24  2.7815E-23
       2.4846E-22  1.6030E-21  5.8973E-21  3.4511E-21  2.4404E-21  5.6700E-21  3.1166E-21  9.9380E-22  2.3127E-22  4.3446E-23
       6.9553E-24  9.7262E-25  1.1949E-25  1.2904E-26  1.2307E-27  1.0489E-28  8.1199E-30  5.8103E-31  3.9028E-32  2.4908E-33
       1.5243E-34  9.0090E-36  5.1754E-37  2.9060E-38  1.6019E-39  8.6951E-41  4.6558E-42  2.4620E-43  1.2872E-44  6.6607E-46
       3.4145E-47  1.7355E-48  8.7554E-50  4.3901E-51  2.1907E-52  1.0883E-53  5.3788E-55  2.6429E-56  1.2922E-57  6.3002E-59
       3.0684E-60  1.4915E-61  7.2215E-63  3.4827E-64  1.6781E-65  8.0958E-67  3.9017E-68  1.8709E-69  8.9308E-71  4.2646E-72
       2.0403E-73  9.7458E-75  4.6534E-76  2.2288E-77  1.0659E-78  5.0752E-80  2.4427E-81  1.1483E-82  5.5418E-84  2.5998E-85
       1.2403E-86  5.8145E-88  2.7356E-89  1.2906E-90  6.0543E-92  2.8444E-93  1.3426E-94  6.3026E-96  2.9810E-97  1.3961E-98
       6.5652-100  3.0698-101  1.4401-102  6.7493-104  3.1583-105  1.4817-106  6.9391-108  3.2493-109  1.5208-110  7.1176-112
       3.4549-113
  23   4.1285E-47  1.2136E-45  3.6292E-44  1.0656E-42  3.0578E-41  8.5439E-40  2.3186E-38  6.1021E-37  1.5568E-35  3.8497E-34
       9.2264E-33  2.1405E-31  4.7925E-30  1.0298E-28  2.1049E-27  4.0412E-26  7.1664E-25  1.1488E-23  1.6191E-22  1.9318E-21
       1.8435E-20  1.2767E-19  5.0413E-19  2.7495E-19  1.9000E-19  4.8419E-19  2.4995E-19  7.4431E-20  1.6206E-20  2.8575E-21
       4.3076E-22  5.6860E-23  6.6039E-24  6.7524E-25  6.1154E-26  4.9719E-27  3.6938E-28  2.5534E-29  1.6673E-30  1.0399E-31
       6.2453E-33  3.6344E-34  2.0609E-35  1.1445E-36  6.2491E-38  3.3635E-39  1.7875E-40  9.3893E-42  4.8799E-43  2.5119E-44
       1.2816E-45  6.4867E-47  3.2601E-48  1.6293E-49  8.1075E-51  4.0177E-52  1.9811E-53  9.7145E-55  4.7427E-56  2.3109E-57
       1.1251E-58  5.4653E-60  2.6418E-61  1.2712E-62  6.1148E-64  2.9489E-65  1.4222E-66  6.8267E-68  3.2624E-69  1.5599E-70
       7.4685E-72  3.5606E-73  1.6940E-74  8.0745E-76  3.8842E-77  1.8515E-78  8.7754E-80  4.2229E-81  1.9796E-82  9.4760E-84
       4.4459E-85  2.1078E-86  9.9188E-88  4.6574E-89  2.2045E-90  1.0353E-91  4.8710E-93  2.2967E-94  1.0798E-95  5.0739E-97
       2.3779E-98  1.1153E-99  5.2234-101  2.4531-102  1.1486-103  5.3870-105  2.5229-106  1.1816-107  5.5305-109  2.5884-110
       1.2558-111
  24   1.2188E-45  3.6943E-44  1.1392E-42  3.4531E-41  1.0242E-39  2.9623E-38  8.3341E-37  2.2777E-35  6.0444E-34  1.5575E-32
       3.8959E-31  9.4488E-30  2.2153E-28  4.9928E-27  1.0724E-25  2.1685E-24  4.0609E-23  6.8971E-22  1.0339E-20  1.3179E-19
       1.3507E-18  1.0105E-17  4.3165E-17  2.1771E-17  1.4685E-17  4.1449E-17  1.9929E-17  5.5064E-18  1.1156E-18  1.8374E-19
       2.5972E-20  3.2241E-21  3.5289E-22  3.4091E-23  2.9291E-24  2.2725E-25  1.6227E-26  1.0858E-27  6.9064E-29  4.2170E-30
       2.4889E-31  1.4276E-32  7.9980E-34  4.3959E-35  2.3787E-36  1.2702E-37  6.7025E-39  3.4986E-40  1.8083E-41  9.2629E-43
       4.7056E-44  2.3724E-45  1.1882E-46  5.9214E-48  2.9393E-49  1.4534E-50  7.1518E-52  3.5000E-53  1.7059E-54  8.3046E-56
       4.0429E-57  1.9645E-58  9.4987E-60  4.5696E-61  2.1955E-62  1.0568E-63  5.0868E-65  2.4397E-66  1.1667E-67  5.5873E-69
       2.6797E-70  1.2792E-71  6.0672E-73  2.8956E-74  1.3777E-75  6.6029E-77  3.1359E-78  1.4857E-79  7.1247E-81  3.3311E-82
       1.5901E-83  7.4843E-85  3.5208E-86  1.6623E-87  7.8168E-89  3.6958E-90  1.7403E-91  8.1827E-93  3.8490E-94  1.8045E-95
       8.4728E-97  3.9739E-98  1.8620E-99  8.7502-101  4.0995-102  1.9223-103  9.0018-105  4.2166-106  1.9738-107  9.2382-109
       4.4795-110
  25   3.3820E-44  1.0581E-42  3.3684E-41  1.0551E-39  3.2384E-38  9.7061E-37  2.8343E-35  8.0543E-34  2.2265E-32  5.9873E-31
       1.5658E-29  3.9778E-28  9.7861E-27  2.3189E-25  5.2482E-24  1.1209E-22  2.2242E-21  4.0172E-20  6.4321E-19  8.8029E-18
       9.7483E-17  7.9368E-16  3.7020E-15  1.7110E-15  1.1250E-15  3.5572E-15  1.5777E-15  4.0140E-16  7.5194E-17  1.1504E-17
       1.5176E-18  1.7643E-19  1.8139E-20  1.6523E-21  1.3462E-22  9.9771E-24  6.8602E-25  4.4535E-26  2.7648E-27  1.6554E-28
       9.6134E-30  5.4406E-31  3.0137E-32  1.6404E-33  8.8017E-35  4.6649E-36  2.4453E-37  1.2690E-38  6.5251E-40  3.3274E-41
       1.6836E-42  8.4579E-44  4.2232E-45  2.0991E-46  1.0398E-47  5.1325E-49  2.5214E-50  1.2320E-51  5.9962E-53  2.9149E-54
       1.4173E-55  6.8818E-57  3.3282E-58  1.6033E-59  7.7156E-61  3.7143E-62  1.7845E-63  8.5383E-65  4.0789E-66  1.9539E-67
       9.3731E-69  4.4787E-70  2.1290E-71  1.0110E-72  4.8282E-74  2.2879E-75  1.0922E-76  5.1982E-78  2.4556E-79  1.1686E-80
       5.4857E-82  2.6090E-83  1.2252E-84  5.7796E-86  2.7280E-87  1.2837E-88  6.0706E-90  2.8447E-91  1.3403E-92  6.2728E-94
       2.9526E-95  1.3850E-96  6.4914E-98  3.0497E-99  1.4293-100  6.7027-102  3.1384-103  1.4702-104  6.8826-106  3.2216-107
       1.5610-108
  26   8.7424E-43  2.8265E-41  9.2996E-40  3.0139E-38  9.5831E-37  2.9800E-35  9.0439E-34  2.6760E-32  7.7173E-31  2.1694E-29
       5.9432E-28  1.5847E-26  4.1008E-25  1.0244E-23  2.4499E-22  5.5456E-21  1.1703E-19  2.2575E-18  3.8799E-17  5.7333E-16
       6.9107E-15  6.1758E-14  3.1802E-13  1.3323E-13  8.5278E-14  3.0605E-13  1.2378E-13  2.8740E-14  4.9408E-15  6.9774E-16
       8.5422E-17  9.2578E-18  8.9110E-19  7.6415E-20  5.9044E-21  4.1868E-22  2.7786E-23  1.7540E-24  1.0648E-25  6.2599E-27
       3.5811E-28  2.0013E-29  1.0969E-30  5.9162E-32  3.1492E-33  1.6574E-34  8.6338E-36  4.4560E-37  2.2804E-38  1.1581E-39
       5.8384E-41  2.9236E-42  1.4557E-43  7.2186E-45  3.5688E-46  1.7587E-47  8.6289E-49  4.2124E-50  2.0490E-51  9.9539E-53
       4.8337E-54  2.3422E-55  1.1305E-56  5.4442E-58  2.6240E-59  1.2658E-60  6.0848E-62  2.9076E-63  1.3869E-64  6.6384E-66
       3.1813E-67  1.5181E-68  7.2253E-70  3.4447E-71  1.6379E-72  7.7811E-74  3.6758E-75  1.7582E-76  8.3357E-78  3.9275E-79
       1.8604E-80  8.7709E-82  4.1477E-83  1.9579E-84  9.2319E-86  4.3451E-87  2.0508E-88  9.6189E-90  4.5295E-91  2.1215E-92
       9.9894E-94  4.6904E-95  2.1979E-96  1.0322E-97  4.8387E-99  2.2695-100  1.0626-101  4.9779-103  2.3305-104  1.0909-105
       5.2810-107
  27   2.0820E-41  6.9648E-40  2.3712E-38  7.9607E-37  2.6255E-35  8.4820E-34  2.6790E-32  8.2661E-31  2.4912E-29  7.3342E-28
       2.1090E-26  5.9164E-25  1.6145E-23  4.2639E-22  1.0812E-20  2.6037E-19  5.8685E-18  1.2151E-16  2.2546E-15  3.6220E-14
       4.7925E-13  4.7495E-12  2.7364E-11  1.0253E-11  6.3805E-12  2.6397E-11  9.6012E-12  2.0126E-12  3.1470E-13  4.0716E-14
       4.5966E-15  4.6203E-16  4.1499E-17  3.3461E-18  2.4540E-19  1.6684E-20  1.0714E-21  6.5896E-23  3.9178E-24  2.2643E-25
       1.2771E-26  7.0532E-28  3.8271E-29  2.0465E-30  1.0812E-31  5.6523E-33  2.9273E-34  1.5031E-35  7.6585E-37  3.8744E-38
       1.9468E-39  9.7206E-41  4.8281E-42  2.3890E-43  1.1789E-44  5.7998E-46  2.8414E-47  1.3857E-48  6.7386E-50  3.2749E-51
       1.5906E-52  7.7009E-54  3.7095E-55  1.7822E-56  8.5795E-58  4.1406E-59  1.9930E-60  9.5310E-62  4.5454E-63  2.1737E-64
       1.0403E-65  4.9552E-67  2.3557E-68  1.1248E-69  5.3656E-71  2.5359E-72  1.2024E-73  5.7019E-75  2.7149E-76  1.2798E-77
       6.0513E-79  2.8565E-80  1.3480E-81  6.3904E-83  3.0047E-84  1.4158E-85  6.6694E-87  3.1335E-88  1.4751E-89  6.9147E-91
       3.2528E-92  1.5285E-93  7.1643E-95  3.3634E-96  1.5767E-97  7.3966E-99  3.4633-100  1.6224-101  7.5956-103  3.5554-104
       1.7193-105
  28   4.5027E-40  1.5606E-38  5.5050E-37  1.9171E-35  6.5674E-34  2.2073E-32  7.2667E-31  2.3419E-29  7.3886E-28  2.2827E-26
       6.9057E-25  2.0434E-23  5.8977E-22  1.6522E-20  4.4589E-19  1.1472E-17  2.7755E-16  6.2032E-15  1.2511E-13  2.2031E-12
       3.2333E-11  3.5982E-10  2.3585E-09  7.7723E-10  4.6963E-10  2.2823E-09  7.3374E-10  1.3702E-10  1.9280E-11  2.2649E-12
       2.3403E-13  2.1694E-14  1.8125E-15  1.3731E-16  9.5711E-18  6.2540E-19  3.8941E-20  2.3375E-21  1.3626E-22  7.7486E-24
       4.3118E-25  2.3545E-26  1.2654E-27  6.7108E-29  3.5199E-30  1.8285E-31  9.4173E-33  4.8122E-34  2.4417E-35  1.2308E-36
       6.1654E-38  3.0703E-39  1.5216E-40  7.5152E-42  3.7024E-43  1.8186E-44  8.8947E-46  4.3312E-47  2.1040E-48  1.0222E-49
       4.9674E-51  2.4067E-52  1.1596E-53  5.5656E-55  2.6737E-56  1.2877E-57  6.1932E-59  2.9645E-60  1.4157E-61  6.7708E-63
       3.2359E-64  1.5390E-65  7.3087E-67  3.4870E-68  1.6643E-69  7.8814E-71  3.7208E-72  1.7679E-73  8.3793E-75  3.9655E-76
       1.8758E-77  8.8567E-79  4.1696E-80  1.9774E-81  9.2995E-83  4.3791E-84  2.0639E-85  9.6904E-87  4.5663E-88  2.1404E-89
       1.0064E-90  4.7304E-92  2.2181E-93  1.0412E-94  4.8803E-96  2.2895E-97  1.0720E-98  5.0217-100  2.3509-101  1.1004-102
       5.3137-104
  29   8.6762E-39  3.1199E-37  1.1419E-35  4.1307E-34  1.4720E-32  5.1550E-31  1.7718E-29  5.9749E-28  1.9773E-26  6.4251E-25
       2.0500E-23  6.4163E-22  1.9651E-20  5.8615E-19  1.6908E-17  4.6710E-16  1.2201E-14  2.9636E-13  6.5491E-12  1.2772E-10
       2.1053E-09  2.6726E-08  2.0361E-07  5.7748E-08  3.3841E-08  1.9781E-07  5.4969E-08  8.9929E-09  1.1236E-09  1.1856E-10
       1.1113E-11  9.4414E-13  7.3137E-14  5.2035E-15  3.4523E-16  2.1722E-17  1.3133E-18  7.7000E-20  4.4034E-21  2.4646E-22
       1.3535E-23  7.3091E-25  3.8911E-26  2.0469E-27  1.0660E-28  5.5035E-30  2.8190E-31  1.4337E-32  7.2451E-34  3.6393E-35
       1.8174E-36  9.0270E-38  4.4638E-39  2.2006E-40  1.0825E-41  5.3103E-43  2.5940E-44  1.2614E-45  6.1180E-47  2.9676E-48
       1.4403E-49  6.9765E-51  3.3643E-52  1.6166E-53  7.7645E-55  3.7317E-56  1.7902E-57  8.5615E-59  4.0929E-60  1.9594E-61
       9.3595E-63  4.4458E-64  2.1097E-65  1.0056E-66  4.7932E-68  2.2712E-69  1.0743E-70  5.0929E-72  2.4096E-73  1.1398E-74
       5.4049E-76  2.5489E-77  1.2014E-78  5.6817E-80  2.6745E-81  1.2586E-82  5.9378E-84  2.7839E-85  1.3131E-86  6.1571E-88
       2.8941E-89  1.3600E-90  6.3782E-92  2.9940E-93  1.4031E-94  6.5815E-96  3.0817E-97  1.4435E-98  6.7573-100  3.1627-101
       1.5246-102
  30   1.4506E-37  5.4199E-36  2.0614E-34  7.7581E-33  2.8804E-31  1.0529E-29  3.7849E-28  1.3382E-26  4.6554E-25  1.5948E-23
       5.3816E-22  1.7874E-20  5.8302E-19  1.8596E-17  5.7625E-16  1.7193E-14  4.8818E-13  1.2994E-11  3.1774E-10  6.9532E-09
       1.3074E-07  1.9320E-06  1.7606E-05  4.1730E-06  2.3698E-06  1.7184E-05  4.0057E-06  5.6164E-07  6.1271E-08  5.7307E-09
       4.8199E-10  3.7266E-11  2.6656E-12  1.7791E-13  1.1242E-14  6.8121E-16  3.9982E-17  2.2886E-18  1.2832E-19  7.0654E-21
       3.8270E-22  2.0429E-23  1.0768E-24  5.6165E-26  2.9033E-27  1.4890E-28  7.5836E-30  3.8379E-31  1.9311E-32  9.6639E-34
       4.8105E-35  2.3825E-36  1.1752E-37  5.7807E-39  2.8381E-40  1.3900E-41  6.7824E-43  3.2954E-44  1.5967E-45  7.7322E-47
       3.7443E-48  1.8099E-49  8.7190E-51  4.1911E-52  2.0145E-53  9.6785E-55  4.6346E-56  2.2119E-57  1.0565E-58  5.0590E-60
       2.4168E-61  1.1476E-62  5.4428E-64  2.5918E-65  1.2336E-66  5.8417E-68  2.7663E-69  1.3120E-70  6.2023E-72  2.9278E-73
       1.3888E-74  6.5466E-76  3.0869E-77  1.4596E-78  6.8631E-80  3.2300E-81  1.5240E-82  7.1438E-84  3.3699E-85  1.5807E-86
       7.4285E-88  3.4893E-89  1.6364E-90  7.6811E-92  3.5991E-93  1.6880E-94  7.9030E-96  3.7016E-97  1.7326E-98  8.1087-100
       3.9003-101
  31   2.0242E-36  7.8712E-35  3.1160E-33  1.2221E-31  4.7358E-30  1.8100E-28  6.8192E-27  2.5331E-25  9.2865E-24  3.3632E-22
       1.2040E-20  4.2589E-19  1.4857E-17  5.0923E-16  1.7050E-14  5.5325E-13  1.7219E-11  5.0730E-10  1.3899E-08  3.4701E-07
       7.5943E-06  1.3428E-04  1.5249E-03  2.8952E-04  1.5934E-04  1.4962E-03  2.8023E-04  3.2681E-05  3.0452E-06  2.4825E-07
       1.8490E-08  1.2885E-09  8.4496E-11  5.2714E-12  3.1610E-13  1.8379E-14  1.0433E-15  5.8106E-17  3.1843E-18  1.7198E-19
       9.1650E-21  4.8249E-22  2.5131E-23  1.2972E-24  6.6446E-26  3.3806E-27  1.7095E-28  8.5979E-30  4.3026E-31  2.1429E-32
       1.0622E-33  5.2413E-35  2.5765E-36  1.2634E-37  6.1843E-39  3.0207E-40  1.4706E-41  7.1337E-43  3.4522E-44  1.6696E-45
       8.0707E-47  3.8926E-48  1.8710E-49  8.9774E-51  4.3103E-52  2.0696E-53  9.9051E-55  4.7223E-56  2.2515E-57  1.0761E-58
       5.1360E-60  2.4389E-61  1.1566E-62  5.5019E-64  2.6147E-65  1.2371E-66  5.8564E-68  2.7775E-69  1.3125E-70  6.1943E-72
       2.9330E-73  1.3824E-74  6.5109E-76  3.0813E-77  1.4469E-78  6.8109E-80  3.2122E-81  1.5060E-82  7.0984E-84  3.3296E-85
       1.5645E-86  7.3455E-88  3.4440E-89  1.6162E-90  7.5713E-92  3.5501E-93  1.6618E-94  7.7822E-96  3.6418E-97  1.7041E-98
       8.1742-100
  32   2.2164E-35  8.9842E-34  3.7082E-32  1.5183E-30  6.1520E-29  2.4636E-27  9.7477E-26  3.8136E-24  1.4771E-22  5.6726E-21
       2.1620E-19  8.1777E-18  3.0659E-16  1.1358E-14  4.1374E-13  1.4723E-11  5.0744E-10  1.6758E-08  5.2358E-07  1.5222E-05
       3.9862E-04  8.7721E-03  0.1323      1.8820E-02  1.0061E-02  0.1306      1.8362E-02  1.7055E-03  1.3174E-04  9.1593E-06
       5.9426E-07  3.6668E-08  2.1761E-09  1.2517E-10  7.0227E-12  3.8637E-13  2.0936E-14  1.1207E-15  5.9354E-17  3.1126E-18
       1.6167E-19  8.3223E-21  4.2499E-22  2.1555E-23  1.0869E-24  5.4525E-26  2.7226E-27  1.3538E-28  6.7057E-30  3.3089E-31
       1.6265E-32  7.9649E-34  3.8884E-35  1.8944E-36  9.2168E-38  4.4765E-39  2.1679E-40  1.0465E-41  5.0412E-43  2.4279E-44
       1.1694E-45  5.6229E-47  2.6950E-48  1.2887E-49  6.1630E-51  2.9483E-52  1.4076E-53  6.7007E-55  3.1885E-56  1.5193E-57
       7.2284E-59  3.4254E-60  1.6222E-61  7.7040E-63  3.6549E-64  1.7262E-65  8.1540E-67  3.8596E-68  1.8217E-69  8.5944E-71
       4.0614E-72  1.9104E-73  8.9887E-75  4.2496E-76  1.9941E-77  9.3720E-79  4.4177E-80  2.0700E-81  9.7428E-83  4.5661E-84
       2.1440E-85  1.0057E-86  4.7121E-88  2.2095E-89  1.0344E-90  4.8467E-92  2.2674E-93  1.0612E-94  4.9628E-96  2.3209E-97
       1.1096E-98
  33   1.7011E-34  7.1990E-33  3.1029E-31  1.3286E-29  5.6397E-28  2.3710E-26  9.8750E-25  4.0791E-23  1.6741E-21  6.8398E-20
       2.7860E-18  1.1321E-16  4.5869E-15  1.8491E-13  7.3903E-12  2.9143E-10  1.1271E-08  4.2445E-07  1.5463E-05  5.3874E-04
       1.7579E-02  0.5124       11.49       1.085      0.5685       11.42       1.065      7.3608E-02  4.5168E-03  2.6018E-04
       1.4401E-05  7.7450E-07  4.0729E-08  2.1033E-09  1.0706E-10  5.3904E-12  2.6926E-13  1.3369E-14  6.6038E-16  3.2454E-17
       1.5865E-18  7.7161E-20  3.7357E-21  1.8018E-22  8.6643E-24  4.1556E-25  1.9886E-26  9.4970E-28  4.5271E-29  2.1539E-30
       1.0225E-31  4.8436E-33  2.2904E-34  1.0824E-35  5.1153E-37  2.4163E-38  1.1394E-39  5.3608E-41  2.5191E-42  1.1843E-43
       5.5713E-45  2.6185E-46  1.2279E-47  5.7527E-49  2.6984E-50  1.2666E-51  5.9324E-53  2.7707E-54  1.2951E-55  6.0708E-57
       2.8434E-58  1.3261E-59  6.1807E-61  2.8907E-62  1.3518E-63  6.2995E-65  2.9374E-66  1.3720E-67  6.3877E-69  2.9766E-70
       1.3918E-71  6.4711E-73  3.0081E-74  1.4071E-75  6.5382E-77  3.0412E-78  1.4192E-79  6.5878E-81  3.0727E-82  1.4273E-83
       6.6439E-85  3.0908E-86  1.4365E-87  6.6834E-89  3.1053E-90  1.4445E-91  6.7099E-93  3.1190E-94  1.4491E-95  6.7338E-97
       3.1988E-98
  34   6.9853E-34  3.0875E-32  1.3905E-30  6.2314E-29  2.7738E-27  1.2259E-25  5.3825E-24  2.3521E-22  1.0253E-20  4.4699E-19
       1.9532E-17  8.5674E-16  3.7740E-14  1.6684E-12  7.3896E-11  3.2718E-09  1.4450E-07  6.3552E-06  2.7822E-04  1.2131E-02
       0.5277       22.95       1000.       46.31       24.87       1000.       45.54       2.077      9.5018E-02  4.3598E-03
       2.0044E-04  9.2190E-06  4.2355E-07  1.9424E-08  8.8943E-10  4.0708E-11  1.8644E-12  8.5500E-14  3.9252E-15  1.8027E-16
       8.2754E-18  3.7956E-19  1.7396E-20  7.9702E-22  3.6516E-23  1.6733E-24  7.6691E-26  3.5161E-27  1.6125E-28  7.3960E-30
       3.3909E-31  1.5536E-32  7.1161E-34  3.2618E-35  1.4971E-36  6.8765E-38  3.1569E-39  1.4477E-40  6.6396E-42  3.0499E-43
       1.4029E-44  6.4481E-46  2.9575E-47  1.3564E-48  6.2390E-50  2.8760E-51  1.3232E-52  6.0681E-54  2.7853E-55  1.2838E-56
       5.9207E-58  2.7208E-59  1.2496E-60  5.7581E-62  2.6536E-63  1.2199E-64  5.6205E-66  2.5938E-67  1.1918E-68  5.4843E-70
       2.5378E-71  1.1677E-72  5.3667E-74  2.4839E-75  1.1433E-76  5.2678E-78  2.4350E-79  1.1201E-80  5.1797E-82  2.3859E-83
       1.1016E-84  5.0849E-86  2.3454E-87  1.0833E-88  4.9975E-90  2.3088E-91  1.0654E-92  4.9210E-94  2.2723E-95  1.0496E-96
       4.9571E-98
  35   1.8372E-34  7.8088E-33  3.3747E-31  1.4464E-29  6.1354E-28  2.5738E-26  1.0682E-24  4.3930E-23  1.7940E-21  7.2915E-20
       2.9555E-18  1.1960E-16  4.8304E-15  1.9440E-13  7.7703E-12  3.0712E-10  1.1934E-08  4.5270E-07  1.6610E-05  5.8190E-04
       1.9012E-02  0.5483       11.58       1.057      0.6307       11.67       1.039      7.0835E-02  4.3264E-03  2.4893E-04
       1.3786E-05  7.4254E-07  3.9129E-08  2.0257E-09  1.0341E-10  5.2244E-12  2.6197E-13  1.3063E-14  6.4828E-16  3.2016E-17
       1.5732E-18  7.6926E-20  3.7452E-21  1.8169E-22  8.7889E-24  4.2408E-25  2.0418E-26  9.8123E-28  4.7076E-29  2.2545E-30
       1.0773E-31  5.1360E-33  2.4440E-34  1.1622E-35  5.5269E-37  2.6266E-38  1.2457E-39  5.8934E-41  2.7856E-42  1.3182E-43
       6.2433E-45  2.9515E-46  1.3901E-47  6.5360E-49  3.0799E-50  1.4545E-51  6.8542E-53  3.2163E-54  1.5086E-55  7.0978E-57
       3.3398E-58  1.5658E-59  7.3371E-61  3.4468E-62  1.6165E-63  7.5557E-65  3.5432E-66  1.6646E-67  7.7712E-69  3.6287E-70
       1.7054E-71  7.9697E-73  3.7157E-74  1.7433E-75  8.1347E-77  3.7989E-78  1.7787E-79  8.2843E-81  3.8777E-82  1.8075E-83
       8.4419E-85  3.9402E-86  1.8373E-87  8.5757E-89  3.9972E-90  1.8652E-91  8.6911E-93  4.0523E-94  1.8884E-95  8.8018E-97
       4.1939E-98
  36   2.5481E-35  1.0424E-33  4.3281E-32  1.7768E-30  7.1952E-29  2.8711E-27  1.1292E-25  4.3828E-24  1.6822E-22  6.3992E-21
       2.4170E-19  9.0714E-18  3.3813E-16  1.2487E-14  4.5494E-13  1.6254E-11  5.6404E-10  1.8800E-08  5.9283E-07  1.7316E-05
       4.5123E-04  9.6787E-03  0.1350      3.4811E-02  0.5000       11.56       1.093      7.6087E-02  4.6985E-03  2.7218E-04
       1.5142E-05  8.1829E-07  4.3219E-08  2.2407E-09  1.1446E-10  5.7819E-12  2.8969E-13  1.4425E-14  7.1453E-16  3.5208E-17
       1.7256E-18  8.4138E-20  4.0841E-21  1.9753E-22  9.5250E-24  4.5815E-25  2.1988E-26  1.0534E-27  5.0384E-29  2.4062E-30
       1.1468E-31  5.4533E-33  2.5887E-34  1.2283E-35  5.8299E-37  2.7662E-38  1.3098E-39  6.1847E-41  2.9169E-42  1.3775E-43
       6.5153E-45  3.0779E-46  1.4487E-47  6.8038E-49  3.2008E-50  1.5092E-51  7.1051E-53  3.3325E-54  1.5626E-55  7.3463E-57
       3.4521E-58  1.6163E-59  7.5716E-61  3.5588E-62  1.6685E-63  7.7872E-65  3.6486E-66  1.7155E-67  8.0107E-69  3.7372E-70
       1.7555E-71  8.2073E-73  3.8270E-74  1.7950E-75  8.3754E-77  3.9119E-78  1.8318E-79  8.5326E-81  3.9944E-82  1.8622E-83
       8.6994E-85  4.0613E-86  1.8942E-87  8.8439E-89  4.1235E-90  1.9247E-91  8.9718E-93  4.1848E-94  1.9510E-95  9.0970E-97
       4.3364E-98
  37   1.6103E-36  6.5256E-35  2.6812E-33  1.0874E-31  4.3419E-30  1.7044E-28  6.5773E-27  2.4979E-25  9.3518E-24  3.4584E-22
       1.2652E-20  4.5809E-19  1.6396E-17  5.7833E-16  2.0000E-14  6.7240E-13  2.1760E-11  6.7123E-10  1.9776E-08  5.5671E-07
       1.5222E-05  4.2644E-04  1.3533E-02  0.5218       22.81       1000.       45.58       2.081      9.5280E-02  4.3749E-03
       2.0127E-04  9.2620E-06  4.2568E-07  1.9523E-08  8.9384E-10  4.0893E-11  1.8718E-12  8.5776E-14  3.9347E-15  1.8054E-16
       8.2793E-18  3.7935E-19  1.7369E-20  7.9506E-22  3.6394E-23  1.6662E-24  7.6302E-26  3.4956E-27  1.6023E-28  7.3472E-30
       3.3681E-31  1.5428E-32  7.0651E-34  3.2384E-35  1.4871E-36  6.8372E-38  3.1409E-39  1.4399E-40  6.5967E-42  3.0280E-43
       1.3937E-44  6.4163E-46  2.9470E-47  1.3518E-48  6.2130E-50  2.8628E-51  1.3178E-52  6.0511E-54  2.7816E-55  1.2831E-56
       5.9136E-58  2.7150E-59  1.2485E-60  5.7723E-62  2.6632E-63  1.2219E-64  5.6294E-66  2.6076E-67  1.2006E-68  5.5186E-70
       2.5547E-71  1.1785E-72  5.4246E-74  2.5117E-75  1.1573E-76  5.3408E-78  2.4720E-79  1.1385E-80  5.2711E-82  2.4313E-83
       1.1241E-84  5.1958E-86  2.3999E-87  1.1100E-88  5.1286E-90  2.3729E-91  1.0967E-92  5.0731E-94  2.3462E-95  1.0856E-96
       5.1351E-98
  38   7.3665E-38  2.9755E-36  1.2181E-34  4.9179E-33  1.9526E-31  7.6124E-30  2.9134E-28  1.0956E-26  4.0552E-25  1.4802E-23
       5.3360E-22  1.9005E-20  6.6789E-19  2.3086E-17  7.8076E-16  2.5586E-14  8.0612E-13  2.4471E-11  7.2566E-10  2.1363E-08
       6.3692E-07  1.9595E-05  6.2207E-04  1.9631E-02  0.5626       11.58       1.018      6.8836E-02  4.1752E-03  2.3873E-04
       1.3143E-05  7.0392E-07  3.6885E-08  1.8986E-09  9.6359E-11  4.8392E-12  2.4121E-13  1.1957E-14  5.8986E-16  2.8961E-17
       1.4148E-18  6.8788E-20  3.3305E-21  1.6071E-22  7.7334E-24  3.7123E-25  1.7782E-26  8.5027E-28  4.0602E-29  1.9361E-30
       9.2130E-32  4.3730E-33  2.0714E-34  9.8063E-36  4.6455E-37  2.2011E-38  1.0411E-39  4.9084E-41  2.3097E-42  1.0876E-43
       5.1288E-45  2.4166E-46  1.1351E-47  5.3233E-49  2.5008E-50  1.1767E-51  5.5225E-53  2.5824E-54  1.2091E-55  5.6834E-57
       2.6672E-58  1.2443E-59  5.8089E-61  2.7289E-62  1.2796E-63  5.9576E-65  2.7816E-66  1.3061E-67  6.0973E-69  2.8393E-70
       1.3304E-71  6.2106E-73  2.8927E-74  1.3547E-75  6.3098E-77  2.9428E-78  1.3762E-79  6.4012E-81  2.9925E-82  1.3933E-83
       6.5007E-85  3.0312E-86  1.4121E-87  6.5859E-89  3.0674E-90  1.4303E-91  6.6610E-93  3.1041E-94  1.4459E-95  6.7365E-97
       3.2088E-98
  39   7.1353E-39  2.7862E-37  1.1060E-35  4.3400E-34  1.6781E-32  6.3811E-31  2.3851E-29  8.7685E-28  3.1752E-26  1.1345E-24
       4.0048E-23  1.3974E-21  4.8152E-20  1.6340E-18  5.4366E-17  1.7660E-15  5.5756E-14  1.7145E-12  5.1592E-11  1.5235E-09
       4.4118E-08  1.2459E-06  3.3759E-05  8.4566E-04  1.8070E-02  0.2656      3.6338E-02  3.3270E-03  2.5455E-04  1.7570E-05
       1.1329E-06  6.9506E-08  4.1015E-09  2.3457E-10  1.3084E-11  7.1571E-13  3.8567E-14  2.0536E-15  1.0823E-16  5.6497E-18
       2.9219E-19  1.4983E-20  7.6264E-22  3.8579E-23  1.9413E-24  9.7229E-26  4.8489E-27  2.4093E-28  1.1935E-29  5.8955E-31
       2.9023E-32  1.4233E-33  6.9555E-35  3.3926E-36  1.6538E-37  8.0551E-39  3.9127E-40  1.8930E-41  9.1341E-43  4.4071E-44
       2.1276E-45  1.0251E-46  4.9179E-48  2.3537E-49  1.1284E-50  5.4187E-52  2.5930E-53  1.2342E-54  5.8772E-56  2.8114E-57
       1.3432E-58  6.3714E-60  3.0195E-61  1.4397E-62  6.8569E-64  3.2409E-65  1.5341E-66  7.2995E-68  3.4539E-69  1.6297E-70
       7.7321E-72  3.6531E-73  1.7218E-74  8.1572E-76  3.8421E-77  1.8114E-78  8.5606E-80  4.0230E-81  1.8996E-82  8.9301E-84
       4.2060E-85  1.9792E-86  9.3028E-88  4.3763E-89  2.0555E-90  9.6634E-92  4.5360E-93  2.1302E-94  9.9969E-96  4.6916E-97
       2.2510E-98
  40   5.4201E-38  2.1387E-36  8.5874E-35  3.4144E-33  1.3405E-31  5.1884E-30  1.9788E-28  7.4423E-27  2.7641E-25  1.0155E-23
       3.6951E-22  1.3325E-20  4.7579E-19  1.6785E-17  5.8477E-16  2.0109E-14  6.7968E-13  2.2487E-11  7.2606E-10  2.2848E-08
       7.0118E-07  2.1032E-05  6.1774E-04  1.7697E-02  0.4819       11.44       1.087      7.5572E-02  4.6516E-03  2.6836E-04
       1.4862E-05  7.9924E-07  4.1995E-08  2.1653E-09  1.0997E-10  5.5214E-12  2.7494E-13  1.3606E-14  6.6980E-16  3.2803E-17
       1.5981E-18  7.7470E-20  3.7397E-21  1.7995E-22  8.6362E-24  4.1353E-25  1.9760E-26  9.4261E-28  4.4912E-29  2.1376E-30
       1.0158E-31  4.8166E-33  2.2791E-34  1.0775E-35  5.0968E-37  2.4114E-38  1.1390E-39  5.3645E-41  2.5223E-42  1.1872E-43
       5.5977E-45  2.6363E-46  1.2366E-47  5.7879E-49  2.7162E-50  1.2787E-51  6.0057E-53  2.8053E-54  1.3105E-55  6.1551E-57
       2.8925E-58  1.3506E-59  6.2962E-61  2.9531E-62  1.3856E-63  6.4574E-65  3.0132E-66  1.4134E-67  6.5985E-69  3.0737E-70
       1.4399E-71  6.7188E-73  3.1289E-74  1.4652E-75  6.8233E-77  3.1817E-78  1.4876E-79  6.9183E-81  3.2337E-82  1.5053E-83
       7.0221E-85  3.2738E-86  1.5248E-87  7.1101E-89  3.3108E-90  1.5435E-91  7.1862E-93  3.3480E-94  1.5590E-95  7.2614E-97
       3.4578E-98
  41   5.6471E-37  2.3141E-35  9.6489E-34  3.9876E-32  1.6291E-30  6.5698E-29  2.6150E-27  1.0282E-25  4.0002E-24  1.5425E-22
       5.9039E-21  2.2442E-19  8.4647E-18  3.1619E-16  1.1699E-14  4.2769E-13  1.5378E-11  5.4142E-10  1.8595E-08  6.2156E-07
       2.0226E-05  6.4375E-04  2.0318E-02  0.6565       22.87       1000.       45.66       2.087      9.5653E-02  4.3961E-03
       2.0242E-04  9.3222E-06  4.2874E-07  1.9675E-08  9.0107E-10  4.1232E-11  1.8875E-12  8.6508E-14  3.9691E-15  1.8216E-16
       8.3570E-18  3.8310E-19  1.7555E-20  8.0448E-22  3.6880E-23  1.6913E-24  7.7579E-26  3.5600E-27  1.6349E-28  7.5141E-30
       3.4543E-31  1.5870E-32  7.2868E-34  3.3474E-35  1.5404E-36  7.0983E-38  3.2689E-39  1.5022E-40  6.8970E-42  3.1739E-43
       1.4654E-44  6.7668E-46  3.1134E-47  1.4292E-48  6.5810E-50  3.0446E-51  1.4073E-52  6.4719E-54  2.9748E-55  1.3752E-56
       6.3708E-58  2.9357E-59  1.3503E-60  6.2469E-62  2.8935E-63  1.3327E-64  6.1466E-66  2.8496E-67  1.3156E-68  6.0634E-70
       2.8111E-71  1.2986E-72  5.9888E-74  2.7781E-75  1.2821E-76  5.9254E-78  2.7467E-79  1.2669E-80  5.8740E-82  2.7131E-83
       1.2560E-84  5.8128E-86  2.6881E-87  1.2447E-88  5.7571E-90  2.6663E-91  1.2335E-92  5.7108E-94  2.6433E-95  1.2239E-96
       5.7936E-98
  42   4.1836E-36  1.7850E-34  7.7507E-33  3.3400E-31  1.4250E-29  6.0129E-28  2.5095E-26  1.0372E-24  4.2529E-23  1.7337E-21
       7.0384E-20  2.8480E-18  1.1481E-16  4.6055E-15  1.8370E-13  7.2608E-12  2.8307E-10  1.0830E-08  4.0438E-07  1.4636E-05
       5.0830E-04  1.6628E-02  0.4913       11.54       2.146       23.13       2.108      0.1444      8.8203E-03  5.0625E-04
       2.7931E-05  1.4975E-06  7.8486E-08  4.0380E-09  2.0469E-10  1.0261E-11  5.1025E-13  2.5224E-14  1.2408E-15  6.0729E-17
       2.9573E-18  1.4331E-19  6.9170E-21  3.3282E-22  1.5975E-23  7.6503E-25  3.6556E-26  1.7435E-27  8.3049E-29  3.9516E-30
       1.8773E-31  8.8983E-33  4.2082E-34  1.9883E-35  9.3987E-37  4.4446E-38  2.0983E-39  9.8708E-41  4.6321E-42  2.1759E-43
       1.0250E-44  4.8281E-46  2.2648E-47  1.0585E-48  4.9556E-50  2.3293E-51  1.0942E-52  5.1123E-54  2.3846E-55  1.1172E-56
       5.2437E-58  2.4484E-59  1.1406E-60  5.3386E-62  2.5003E-63  1.1642E-64  5.4274E-66  2.5416E-67  1.1846E-68  5.5108E-70
       2.5781E-71  1.2013E-72  5.5858E-74  2.6119E-75  1.2147E-76  5.6558E-78  2.6406E-79  1.2263E-80  5.7237E-82  2.6606E-83
       1.2393E-84  5.7695E-86  2.6834E-87  1.2494E-88  5.8094E-90  2.7043E-91  1.2572E-92  5.8487E-94  2.7196E-95  1.2648E-96
       6.0133E-98
  43   1.6821E-35  7.4835E-34  3.3907E-32  1.5274E-30  6.8270E-29  3.0256E-27  1.3302E-25  5.8118E-24  2.5292E-22  1.0992E-20
       4.7831E-19  2.0875E-17  9.1444E-16  4.0194E-14  1.7703E-12  7.7964E-11  3.4260E-09  1.4997E-07  6.5344E-06  2.8354E-04
       1.2272E-02  0.5309       23.00       1000.       68.66       1000.       45.68       2.088      9.5679E-02  4.3952E-03
       2.0224E-04  9.3065E-06  4.2762E-07  1.9603E-08  8.9679E-10  4.0986E-11  1.8739E-12  8.5782E-14  3.9313E-15  1.8024E-16
       8.2604E-18  3.7832E-19  1.7321E-20  7.9325E-22  3.6349E-23  1.6664E-24  7.6413E-26  3.5051E-27  1.6090E-28  7.3920E-30
       3.3971E-31  1.5602E-32  7.1592E-34  3.2860E-35  1.5111E-36  6.9627E-38  3.2084E-39  1.4751E-40  6.7685E-42  3.1098E-43
       1.4338E-44  6.6217E-46  3.0504E-47  1.4012E-48  6.4462E-50  2.9782E-51  1.3768E-52  6.3407E-54  2.9166E-55  1.3473E-56
       6.2372E-58  2.8759E-59  1.3240E-60  6.1258E-62  2.8364E-63  1.3067E-64  6.0302E-66  2.7965E-67  1.2912E-68  5.9531E-70
       2.7613E-71  1.2762E-72  5.8880E-74  2.7327E-75  1.2618E-76  5.8353E-78  2.7067E-79  1.2492E-80  5.7960E-82  2.6790E-83
       1.2412E-84  5.7482E-86  2.6603E-87  1.2329E-88  5.7068E-90  2.6453E-91  1.2248E-92  5.6759E-94  2.6296E-95  1.2187E-96
       5.7747E-98
  44   4.7149E-36  2.0232E-34  8.8283E-33  3.8203E-31  1.6357E-29  6.9220E-28  2.8963E-26  1.1999E-24  4.9335E-23  2.0180E-21
       8.2325E-20  3.3551E-18  1.3664E-16  5.5504E-15  2.2401E-13  8.9452E-12  3.5171E-10  1.3544E-08  5.0776E-07  1.8391E-05
       6.3572E-04  2.0475E-02  0.5795       11.71       1.602       11.69       1.017      6.8601E-02  4.1565E-03  2.3753E-04
       1.3074E-05  7.0015E-07  3.6683E-08  1.8877E-09  9.5749E-11  4.8044E-12  2.3922E-13  1.1844E-14  5.8365E-16  2.8622E-17
       1.3966E-18  6.7818E-20  3.2801E-21  1.5817E-22  7.6092E-24  3.6524E-25  1.7491E-26  8.3590E-28  3.9891E-29  1.9018E-30
       9.0542E-32  4.3007E-33  2.0375E-34  9.6381E-36  4.5608E-37  2.1604E-38  1.0228E-39  4.8277E-41  2.2718E-42  1.0687E-43
       5.0379E-45  2.3770E-46  1.1185E-47  5.2461E-49  2.4614E-50  1.1582E-51  5.4491E-53  2.5536E-54  1.1949E-55  5.6099E-57
       2.6367E-58  1.2338E-59  5.7638E-61  2.7046E-62  1.2691E-63  5.9223E-65  2.7678E-66  1.2994E-67  6.0707E-69  2.8309E-70
       1.3277E-71  6.2024E-73  2.8915E-74  1.3556E-75  6.3206E-77  2.9508E-78  1.3813E-79  6.4321E-81  3.0103E-82  1.4031E-83
       6.5535E-85  3.0592E-86  1.4268E-87  6.6615E-89  3.1061E-90  1.4500E-91  6.7600E-93  3.1538E-94  1.4707E-95  6.8596E-97
       3.2710E-98
  45   6.9478E-37  2.8772E-35  1.2101E-33  5.0363E-32  2.0686E-30  8.3752E-29  3.3427E-27  1.3168E-25  5.1313E-24  1.9828E-22
       7.6161E-21  2.9129E-19  1.1080E-17  4.1792E-16  1.5540E-14  5.6648E-13  2.0103E-11  6.8883E-10  2.2567E-08  6.9742E-07
       1.9910E-05  5.0509E-04  1.0456E-02  0.1375      2.8064E-02  0.1372      1.7538E-02  1.5511E-03  1.1621E-04  7.9113E-06
       5.0541E-07  3.0812E-08  1.8105E-09  1.0325E-10  5.7487E-12  3.1416E-13  1.6926E-14  9.0178E-16  4.7584E-17  2.4879E-18
       1.2891E-19  6.6242E-21  3.3797E-22  1.7144E-23  8.6550E-25  4.3494E-26  2.1758E-27  1.0840E-28  5.3825E-30  2.6657E-31
       1.3166E-32  6.4801E-34  3.1766E-35  1.5524E-36  7.5766E-38  3.6971E-39  1.8019E-40  8.7536E-42  4.2373E-43  2.0480E-44
       9.9052E-46  4.7895E-47  2.3088E-48  1.1092E-49  5.3270E-51  2.5628E-52  1.2315E-53  5.8922E-55  2.8147E-56  1.3483E-57
       6.4596E-59  3.0791E-60  1.4651E-61  6.9998E-63  3.3424E-64  1.5862E-65  7.5374E-67  3.5966E-68  1.7070E-69  8.0842E-71
       3.8494E-72  1.8249E-73  8.6311E-75  4.1039E-76  1.9400E-77  9.1800E-79  4.3543E-80  2.0539E-81  9.7342E-83  4.5933E-84
       2.1716E-85  1.0258E-86  4.8397E-88  2.2855E-89  1.0776E-90  5.0856E-92  2.3964E-93  1.1298E-94  5.3230E-96  2.5079E-97
       1.2080E-98
  46   4.5597E-38  1.8714E-36  7.7961E-35  3.2101E-33  1.3027E-31  5.2024E-30  2.0441E-28  7.9109E-27  3.0211E-25  1.1412E-23
       4.2727E-22  1.5863E-20  5.8281E-19  2.1071E-17  7.4442E-16  2.5486E-14  8.3659E-13  2.5997E-11  7.5425E-10  2.0257E-08
       4.9046E-07  1.0215E-05  1.6611E-04  1.6220E-03  4.3754E-04  1.6169E-03  2.7131E-04  2.9615E-05  2.6374E-06  2.0800E-07
       1.5104E-08  1.0315E-09  6.7106E-11  4.1972E-12  2.5432E-13  1.5028E-14  8.7069E-16  4.9654E-17  2.7928E-18  1.5506E-19
       8.5025E-21  4.6091E-22  2.4739E-23  1.3170E-24  6.9620E-26  3.6563E-27  1.9079E-28  9.8955E-30  5.1063E-31  2.6241E-32
       1.3433E-33  6.8463E-35  3.4721E-36  1.7532E-37  8.8269E-39  4.4363E-40  2.2246E-41  1.1116E-42  5.5338E-44  2.7491E-45
       1.3650E-46  6.7665E-48  3.3417E-49  1.6444E-50  8.0882E-52  3.9817E-53  1.9557E-54  9.5581E-56  4.6633E-57  2.2809E-58
       1.1150E-59  5.4190E-61  2.6281E-62  1.2796E-63  6.2234E-65  3.0068E-66  1.4541E-67  7.0593E-69  3.4073E-70  1.6405E-71
       7.9390E-73  3.8236E-74  1.8367E-75  8.8672E-77  4.2546E-78  2.0430E-79  9.8302E-81  4.7025E-82  2.2598E-83  1.0809E-84
       5.1787E-86  2.4784E-87  1.1845E-88  5.6647E-90  2.7043E-91  1.2919E-92  6.1614E-94  2.9393E-95  1.4010E-96  6.6768E-98
       3.2532E-99
  47   2.0903E-39  8.5446E-38  3.5448E-36  1.4526E-34  5.8619E-33  2.3255E-31  9.0665E-30  3.4769E-28  1.3139E-26  4.9029E-25
       1.8093E-23  6.5965E-22  2.3678E-20  8.3089E-19  2.8261E-17  9.2089E-16  2.8317E-14  8.0725E-13  2.1082E-11  4.9952E-10
       1.0472E-08  1.8452E-07  2.4671E-06  1.9192E-05  6.4032E-06  1.9126E-05  3.9535E-06  5.1253E-07  5.2823E-08  4.7311E-09
       3.8455E-10  2.9057E-11  2.0719E-12  1.4093E-13  9.2269E-15  5.8593E-16  3.6315E-17  2.2063E-18  1.3173E-19  7.7383E-21
       4.4758E-22  2.5520E-23  1.4371E-24  8.0093E-26  4.4241E-27  2.4236E-28  1.3170E-29  7.1011E-31  3.8028E-32  2.0249E-33
       1.0728E-34  5.6544E-36  2.9641E-37  1.5458E-38  8.0282E-40  4.1553E-41  2.1427E-42  1.1002E-43  5.6266E-45  2.8712E-46
       1.4632E-47  7.4356E-49  3.7606E-50  1.8944E-51  9.5382E-53  4.8044E-54  2.4123E-55  1.2042E-56  5.9997E-58  2.9962E-59
       1.4946E-60  7.4079E-62  3.6624E-63  1.8174E-64  9.0045E-66  4.4299E-67  2.1808E-68  1.0774E-69  5.2894E-71  2.5897E-72
       1.2741E-73  6.2356E-75  3.0432E-76  1.4922E-77  7.2693E-79  3.5433E-80  1.7302E-81  8.3975E-83  4.0932E-84  1.9854E-85
       9.6443E-87  4.6784E-88  2.2659E-89  1.0979E-90  5.3095E-92  2.5690E-93  1.2406E-94  5.9916E-96  2.8907E-97  1.3942E-98
       6.8752-100
  48   8.0099E-41  3.2658E-39  1.3513E-37  5.5205E-36  2.2197E-34  8.7680E-33  3.4009E-31  1.2964E-29  4.8644E-28  1.7993E-26
       6.5635E-25  2.3571E-23  8.2880E-22  2.8319E-20  9.3012E-19  2.8923E-17  8.3495E-16  2.1962E-14  5.2054E-13  1.1015E-11
       2.0324E-10  3.0986E-09  3.5154E-08  2.2779E-07  9.0052E-08  2.2701E-07  5.5470E-08  8.3143E-09  9.7260E-10  9.7458E-11
       8.7610E-12  7.2529E-13  5.6221E-14  4.1302E-15  2.9044E-16  1.9718E-17  1.3012E-18  8.3884E-20  5.2973E-21  3.2816E-22
       1.9962E-23  1.1940E-24  7.0374E-26  4.0965E-27  2.3594E-28  1.3457E-29  7.6035E-31  4.2567E-32  2.3631E-33  1.3022E-34
       7.1301E-36  3.8804E-37  2.0995E-38  1.1298E-39  6.0503E-41  3.2248E-42  1.7097E-43  9.0140E-45  4.7314E-46  2.4776E-47
       1.2951E-48  6.7450E-50  3.4922E-51  1.7998E-52  9.2693E-54  4.7748E-55  2.4502E-56  1.2491E-57  6.3531E-59  3.2382E-60
       1.6481E-61  8.3291E-63  4.1972E-64  2.1223E-65  1.0711E-66  5.3651E-68  2.6884E-69  1.3514E-70  6.7486E-72  3.3599E-73
       1.6803E-74  8.3572E-76  4.1438E-77  2.0637E-78  1.0208E-79  5.0514E-81  2.5034E-82  1.2328E-83  6.0959E-85  2.9988E-86
       1.4771E-87  7.2638E-89  3.5658E-90  1.7509E-91  8.5782E-93  4.2043E-94  2.0562E-95  1.0055E-96  4.9114E-98  2.3976E-99
       1.1969-100
  49   2.7626E-42  1.1242E-40  4.6424E-39  1.8924E-37  7.5894E-36  2.9887E-34  1.1550E-32  4.3823E-31  1.6343E-29  5.9960E-28
       2.1628E-26  7.6458E-25  2.6335E-23  8.7583E-22  2.7749E-20  8.2194E-19  2.2269E-17  5.4190E-16  1.1727E-14  2.2387E-13
       3.6839E-12  4.9441E-11  4.8700E-10  2.7112E-09  1.2323E-09  2.7024E-09  7.5820E-10  1.2882E-10  1.6850E-11  1.8670E-12
       1.8385E-13  1.6543E-14  1.3846E-15  1.0921E-16  8.2071E-18  5.9298E-19  4.1502E-20  2.8286E-21  1.8832E-22  1.2267E-23
       7.8276E-25  4.9000E-26  3.0161E-27  1.8300E-28  1.0968E-29  6.5019E-31  3.8139E-32  2.2143E-33  1.2731E-34  7.2546E-36
       4.1007E-37  2.3011E-38  1.2830E-39  7.1133E-41  3.9240E-42  2.1529E-43  1.1733E-44  6.3505E-46  3.4189E-47  1.8356E-48
       9.8356E-50  5.2472E-51  2.7803E-52  1.4653E-53  7.7149E-55  4.0618E-56  2.1293E-57  1.1083E-58  5.7523E-60  2.9912E-61
       1.5526E-62  7.9987E-64  4.1073E-65  2.1157E-66  1.0873E-67  5.5438E-69  2.8270E-70  1.4457E-71  7.3416E-73  3.7161E-74
       1.8890E-75  9.5460E-77  4.8083E-78  2.4320E-79  1.2214E-80  6.1354E-82  3.0857E-83  1.5418E-84  7.7338E-86  3.8584E-87
       1.9270E-88  9.6070E-90  4.7799E-91  2.3783E-92  1.1806E-93  5.8612E-95  2.9031E-96  1.4376E-97  7.1088E-99  3.5129-100
       1.7753-101
  50   8.9187E-44  3.6239E-42  1.4943E-40  6.0808E-39  2.4335E-37  9.5575E-36  3.6806E-34  1.3900E-32  5.1502E-31  1.8723E-29
       6.6679E-28  2.3175E-26  7.8076E-25  2.5219E-23  7.6842E-22  2.1620E-20  5.4923E-19  1.2389E-17  2.4611E-16  4.2752E-15
       6.3415E-14  7.5952E-13  6.6106E-12  3.2348E-11  1.6530E-11  3.2256E-11  1.0167E-11  1.9281E-12  2.7873E-13  3.3825E-14
       3.6204E-15  3.5172E-16  3.1603E-17  2.6632E-18  2.1293E-19  1.6310E-20  1.2063E-21  8.6648E-23  6.0642E-24  4.1431E-25
       2.7667E-26  1.8088E-27  1.1605E-28  7.3262E-30  4.5614E-31  2.8054E-32  1.7057E-33  1.0257E-34  6.1022E-36  3.5935E-37
       2.0958E-38  1.2116E-39  6.9513E-41  3.9645E-42  2.2495E-43  1.2691E-44  7.1068E-46  3.9475E-47  2.1788E-48  1.1986E-49
       6.5789E-51  3.5935E-52  1.9481E-53  1.0497E-54  5.6476E-56  3.0375E-57  1.6260E-58  8.6380E-60  4.5737E-61  2.4255E-62
       1.2834E-63  6.7377E-65  3.5244E-66  1.8488E-67  9.6717E-69  5.0180E-70  2.6033E-71  1.3540E-72  6.9905E-74  3.5966E-75
       1.8579E-76  9.5380E-78  4.8796E-79  2.5062E-80  1.2778E-81  6.5146E-83  3.3247E-84  1.6853E-85  8.5743E-87  4.3379E-88
       2.1966E-89  1.1100E-90  5.5972E-92  2.8219E-93  1.4191E-94  7.1360E-96  3.5795E-97  1.7947E-98  8.9848-100  4.4942-101
       2.2992-102
  51   2.7568E-45  1.1190E-43  4.6085E-42  1.8723E-40  7.4765E-39  2.9275E-37  1.1227E-35  4.2155E-34  1.5496E-32  5.5731E-31
       1.9565E-29  6.6739E-28  2.1939E-26  6.8603E-25  2.0029E-23  5.3377E-22  1.2707E-20  2.6629E-19  4.8807E-18  7.7702E-17
       1.0483E-15  1.1330E-14  8.8355E-14  3.8678E-13  2.1835E-13  3.8587E-13  1.3435E-13  2.8093E-14  4.4453E-15  5.8627E-16
       6.7754E-17  7.0670E-18  6.7836E-19  6.0811E-20  5.1529E-21  4.1699E-22  3.2494E-23  2.4527E-24  1.7998E-25  1.2866E-26
       8.9727E-28  6.1154E-29  4.0830E-30  2.6778E-31  1.7293E-32  1.1017E-33  6.9319E-35  4.3110E-36  2.6510E-37  1.6123E-38
       9.6983E-40  5.7733E-41  3.4061E-42  1.9958E-43  1.1631E-44  6.7381E-46  3.8732E-47  2.2066E-48  1.2480E-49  7.0312E-51
       3.9506E-52  2.2083E-53  1.2244E-54  6.7433E-56  3.7064E-57  2.0357E-58  1.1124E-59  6.0293E-61  3.2559E-62  1.7603E-63
       9.4922E-65  5.0760E-66  2.7038E-67  1.4439E-68  7.6868E-70  4.0570E-71  2.1406E-72  1.1320E-73  5.9405E-75  3.1059E-76
       1.6301E-77  8.4996E-79  4.4156E-80  2.3025E-81  1.1915E-82  6.1647E-84  3.1918E-85  1.6411E-86  8.4676E-88  4.3434E-89
       2.2295E-90  1.1419E-91  5.8345E-93  2.9802E-94  1.5181E-95  7.7315E-97  3.9271E-98  1.9936E-99  1.0103-100  5.1147-102
       2.6487-103
  52   8.2592E-47  3.3495E-45  1.3779E-43  5.5878E-42  2.2256E-40  8.6832E-39  3.3133E-37  1.2356E-35  4.5000E-34  1.5985E-32
       5.5221E-31  1.8444E-29  5.8980E-28  1.7788E-26  4.9583E-25  1.2488E-23  2.7861E-22  5.4379E-21  9.2389E-20  1.3564E-18
       1.6771E-17  1.6509E-16  1.1665E-15  4.6328E-15  2.8492E-15  4.6247E-15  1.7548E-15  4.0053E-16  6.8826E-17  9.8001E-18
       1.2161E-18  1.3553E-19  1.3839E-20  1.3147E-21  1.1767E-22  1.0030E-23  8.2117E-25  6.4973E-26  4.9873E-27  3.7223E-28
       2.7057E-29  1.9192E-30  1.3315E-31  9.0603E-33  6.0613E-34  3.9946E-35  2.5973E-36  1.6680E-37  1.0587E-38  6.6432E-40
       4.1194E-41  2.5246E-42  1.5312E-43  9.2113E-45  5.5073E-46  3.2722E-47  1.9285E-48  1.1259E-49  6.5218E-51  3.7606E-52
       2.1616E-53  1.2357E-54  7.0038E-56  3.9414E-57  2.2125E-58  1.2406E-59  6.9172E-61  3.8240E-62  2.1054E-63  1.1602E-64
       6.3732E-66  3.4705E-67  1.8819E-68  1.0228E-69  5.5394E-71  2.9733E-72  1.5952E-73  8.5752E-75  4.5728E-76  2.4291E-77
       1.2950E-78  6.8565E-80  3.6165E-81  1.9141E-82  1.0051E-83  5.2764E-85  2.7711E-86  1.4449E-87  7.5591E-89  3.9306E-90
       2.0449E-91  1.0613E-92  5.4942E-94  2.8428E-95  1.4667E-96  7.5642E-98  3.8901E-99  1.9992-100  1.0255-101  5.2539-103
       2.7539-104
  53   2.4171E-48  9.7941E-47  4.0235E-45  1.6284E-43  6.4662E-42  2.5120E-40  9.5289E-39  3.5252E-37  1.2703E-35  4.4496E-34
       1.5092E-32  4.9222E-31  1.5259E-29  4.4217E-28  1.1731E-26  2.7884E-25  5.8337E-24  1.0634E-22  1.6818E-21  2.2893E-20
       2.6109E-19  2.3592E-18  1.5247E-17  5.5570E-17  3.6806E-17  5.5514E-17  2.2702E-17  5.6093E-18  1.0397E-18  1.5895E-19
       2.1079E-20  2.4994E-21  2.7049E-22  2.7141E-23  2.5582E-24  2.2905E-25  1.9654E-26  1.6264E-27  1.3031E-28  1.0135E-29
       7.6646E-31  5.6487E-32  4.0669E-33  2.8680E-34  1.9857E-35  1.3524E-36  9.0755E-38  6.0099E-39  3.9317E-40  2.5418E-41
       1.6233E-42  1.0237E-43  6.3813E-45  3.9406E-46  2.4159E-47  1.4709E-48  8.8799E-50  5.3083E-51  3.1467E-52  1.8559E-53
       1.0907E-54  6.3722E-56  3.6899E-57  2.1207E-58  1.2153E-59  6.9538E-61  3.9548E-62  2.2291E-63  1.2509E-64  7.0227E-66
       3.9290E-67  2.1780E-68  1.2020E-69  6.6467E-71  3.6613E-72  1.9982E-73  1.0898E-74  5.9540E-76  3.2258E-77  1.7406E-78
       9.4237E-80  5.0657E-81  2.7121E-82  1.4568E-83  7.7609E-85  4.1326E-86  2.2011E-87  1.1637E-88  6.1715E-90  3.2525E-91
       1.7148E-92  9.0168E-94  4.7286E-95  2.4781E-96  1.2947E-97  6.7611E-99  3.5201-100  1.8311-101  9.5056-103  4.9283-104
       2.6143-105
  54   6.9469E-50  2.8123E-48  1.1535E-46  4.6573E-45  1.8429E-43  7.1239E-42  2.6840E-40  9.8388E-39  3.5026E-37  1.2076E-35
       4.0118E-34  1.2736E-32  3.8134E-31  1.0581E-29  2.6653E-28  5.9744E-27  1.1735E-25  2.0033E-24  2.9608E-23  3.7542E-22
       3.9718E-21  3.3163E-20  1.9759E-19  6.6728E-19  4.7145E-19  6.6721E-19  2.9136E-19  7.7379E-20  1.5382E-20  2.5127E-21
       3.5463E-22  4.4579E-23  5.0963E-24  5.3850E-25  5.3310E-26  5.0017E-27  4.4880E-28  3.8764E-29  3.2361E-30  2.6178E-31
       2.0563E-32  1.5722E-33  1.1731E-34  8.5644E-36  6.1316E-37  4.3123E-38  2.9841E-39  2.0354E-40  1.3705E-41  9.1156E-43
       5.9876E-44  3.8821E-45  2.4860E-46  1.5755E-47  9.9022E-49  6.1758E-50  3.8166E-51  2.3345E-52  1.4154E-53  8.5347E-55
       5.1255E-56  3.0585E-57  1.8083E-58  1.0607E-59  6.2026E-61  3.6199E-62  2.0989E-63  1.2056E-64  6.8921E-66  3.9409E-67
       2.2447E-68  1.2663E-69  7.1103E-71  3.9996E-72  2.2403E-73  1.2429E-74  6.8897E-76  3.8249E-77  2.1049E-78  1.1535E-79
       6.3410E-81  3.4598E-82  1.8799E-83  1.0245E-84  5.5363E-86  2.9898E-87  1.6146E-88  8.6536E-90  4.6517E-91  2.4843E-92
       1.3271E-93  7.0691E-95  3.7549E-96  1.9929E-97  1.0543E-98  5.5736-100  2.9373-101  1.5464-102  8.1235-104  4.2613-105
       2.2874-106
  55   1.9685E-51  7.9604E-50  3.2593E-48  1.3122E-46  5.1712E-45  1.9876E-43  7.4305E-42  2.6956E-40  9.4650E-39  3.2048E-37
       1.0400E-35  3.2031E-34  9.2311E-33  2.4452E-31  5.8378E-30  1.2339E-28  2.2789E-27  3.6528E-26  5.0627E-25  6.0045E-24
       5.9221E-23  4.5959E-22  2.5419E-21  8.0185E-21  5.9948E-21  8.0266E-21  3.7139E-21  1.0538E-21  2.2355E-22  3.8856E-23
       5.8150E-24  7.7243E-25  9.3013E-26  1.0323E-26  1.0707E-27  1.0503E-28  9.8361E-30  8.8515E-31  7.6859E-32  6.4569E-33
       5.2600E-34  4.1659E-35  3.2169E-36  2.4287E-37  1.7964E-38  1.3038E-39  9.2986E-41  6.5279E-42  4.5191E-43  3.0883E-44
       2.0835E-45  1.3871E-46  9.1170E-48  5.9266E-49  3.8179E-50  2.4385E-51  1.5422E-52  9.6484E-54  5.9807E-55  3.6854E-56
       2.2607E-57  1.3773E-58  8.3098E-60  4.9725E-61  2.9652E-62  1.7641E-63  1.0423E-64  6.0981E-66  3.5500E-67  2.0666E-68
       1.1979E-69  6.8753E-71  3.9266E-72  2.2462E-73  1.2791E-74  7.2119E-76  4.0623E-77  2.2911E-78  1.2804E-79  7.1245E-81
       3.9758E-82  2.2014E-83  1.2136E-84  6.7094E-86  3.6770E-87  2.0135E-88  1.1023E-89  5.9883E-91  3.2622E-92  1.7652E-93
       9.5531E-95  5.1544E-96  2.7727E-97  1.4901E-98  7.9806-100  4.2708-101  2.2779-102  1.2136-103  6.4505-105  3.4232-106
       1.8592-107
  56   5.5155E-53  2.2274E-51  9.1002E-50  3.6519E-48  1.4325E-46  5.4700E-45  2.0269E-43  7.2665E-42  2.5120E-40  8.3338E-39
       2.6339E-37  7.8434E-36  2.1686E-34  5.4707E-33  1.2366E-31  2.4656E-30  4.2888E-29  6.4716E-28  8.4374E-27  9.3949E-26
       8.6757E-25  6.2901E-24  3.2486E-23  9.6399E-23  7.5742E-23  9.6630E-23  4.7063E-23  1.4191E-23  3.1988E-24  5.8942E-25
       9.3237E-26  1.3050E-26  1.6510E-27  1.9198E-28  2.0818E-29  2.1310E-30  2.0790E-31  1.9460E-32  1.7550E-33  1.5290E-34
       1.2900E-35  1.0569E-36  8.4352E-38  6.5775E-39  5.0214E-40  3.7582E-41  2.7608E-42  1.9939E-43  1.4183E-44  9.9490E-46
       6.8855E-47  4.7009E-48  3.1678E-49  2.1106E-50  1.3928E-51  9.1072E-53  5.8927E-54  3.7696E-55  2.3881E-56  1.5034E-57
       9.4175E-59  5.8557E-60  3.6038E-61  2.1988E-62  1.3365E-63  8.1025E-65  4.8758E-66  2.9043E-67  1.7210E-68  1.0195E-69
       6.0124E-71  3.5095E-72  2.0380E-73  1.1853E-74  6.8598E-76  3.9299E-77  2.2488E-78  1.2881E-79  7.3091E-81  4.1283E-82
       2.3381E-83  1.3135E-84  7.3454E-86  4.1185E-87  2.2886E-88  1.2705E-89  7.0505E-91  3.8815E-92  2.1426E-93  1.1746E-94
       6.4387E-96  3.5183E-97  1.9165E-98  1.0427E-99  5.6530-101  3.0619-102  1.6526-103  8.9085-105  4.7903-106  2.5714-107
       1.4129-108
  57   1.5312E-54  6.1738E-53  2.5160E-51  1.0059E-49  3.9245E-48  1.4876E-46  5.4571E-45  1.9304E-43  6.5565E-42  2.1257E-40
       6.5227E-39  1.8721E-37  4.9524E-36  1.1877E-34  2.5405E-33  4.7819E-32  7.8475E-31  1.1174E-29  1.3743E-28  1.4414E-27
       1.2512E-26  8.5133E-26  4.1274E-25  1.1591E-24  9.5153E-25  1.1639E-24  5.9335E-25  1.8926E-25  4.5156E-26  8.7916E-27
       1.4657E-27  2.1563E-28  2.8593E-29  3.4764E-30  3.9332E-31  4.1933E-32  4.2546E-33  4.1362E-34  3.8690E-35  3.4914E-36
       3.0470E-37  2.5793E-38  2.1251E-39  1.7094E-40  1.3454E-41  1.0374E-42  7.8452E-44  5.8262E-45  4.2564E-46  3.0632E-47
       2.1730E-48  1.5199E-49  1.0489E-50  7.1554E-52  4.8336E-53  3.2339E-54  2.1399E-55  1.3992E-56  9.0567E-58  5.8229E-59
       3.7236E-60  2.3623E-61  1.4825E-62  9.2199E-64  5.7103E-65  3.5260E-66  2.1603E-67  1.3097E-68  7.8964E-70  4.7591E-71
       2.8544E-72  1.6939E-73  9.9998E-75  5.9108E-76  3.4758E-77  2.0226E-78  1.1754E-79  6.8361E-81  3.9372E-82  2.2568E-83
       1.2968E-84  7.3897E-86  4.1912E-87  2.3829E-88  1.3424E-89  7.5541E-91  4.2483E-92  2.3699E-93  1.3253E-94  7.3594E-96
       4.0858E-97  2.2607E-98  1.2468E-99  6.8666-101  3.7679-102  2.0652-103  1.1279-104  6.1507-106  3.3455-107  1.8164-108
       1.0096-109
  58   4.2187E-56  1.6977E-54  6.8983E-53  2.7460E-51  1.0648E-49  4.0025E-48  1.4517E-46  5.0582E-45  1.6841E-43  5.3212E-42
       1.5805E-40  4.3594E-39  1.1008E-37  2.5067E-36  5.0741E-35  9.0252E-34  1.3998E-32  1.8850E-31  2.1926E-30  2.1727E-29
       1.7790E-28  1.1407E-27  5.2156E-27  1.3936E-26  1.1893E-26  1.4024E-26  7.4473E-27  2.5026E-27  6.2985E-28  1.2919E-28
       2.2642E-29  3.4929E-30  4.8445E-31  6.1466E-32  7.2427E-33  8.0290E-34  8.4589E-35  8.5289E-36  8.2644E-37  7.7163E-38
       6.9588E-39  6.0801E-40  5.1654E-41  4.2810E-42  3.4696E-43  2.7535E-44  2.1417E-45  1.6346E-46  1.2260E-47  9.0493E-49
       6.5772E-50  4.7097E-51  3.3260E-52  2.3212E-53  1.6038E-54  1.0972E-55  7.4204E-57  4.9570E-58  3.2766E-59  2.1506E-60
       1.4034E-61  9.0809E-63  5.8096E-64  3.6814E-65  2.3225E-66  1.4603E-67  9.1068E-69  5.6174E-70  3.4454E-71  2.1119E-72
       1.2879E-73  7.7690E-75  4.6608E-76  2.7993E-77  1.6720E-78  9.8797E-80  5.8292E-81  3.4411E-82  2.0110E-83  1.1695E-84
       6.8170E-86  3.9393E-87  2.2655E-88  1.3059E-89  7.4563E-91  4.2526E-92  2.4234E-93  1.3696E-94  7.7584E-96  4.3631E-97
       2.4529E-98  1.3741E-99  7.6708-101  4.2759-102  2.3744-103  1.3168-104  7.2755-106  4.0135-107  2.2080-108  1.2123-109
       6.8150-111
  59   1.1548E-57  4.6364E-56  1.8775E-54  7.4370E-53  2.8639E-51  1.0663E-49  3.8180E-48  1.3078E-46  4.2581E-45  1.3075E-43
       3.7481E-42  9.9103E-41  2.3848E-39  5.1526E-38  9.8731E-37  1.6614E-35  2.4397E-34  3.1135E-33  3.4332E-32  3.2227E-31
       2.4970E-30  1.5143E-29  6.5580E-29  1.6752E-28  1.4797E-28  1.6901E-28  9.3108E-29  3.2844E-29  8.6926E-30  1.8733E-30
       3.4433E-31  5.5584E-32  8.0485E-33  1.0638E-33  1.3033E-34  1.5000E-35  1.6386E-36  1.7112E-37  1.7156E-38  1.6556E-39
       1.5415E-40  1.3889E-41  1.2156E-42  1.0370E-43  8.6447E-45  7.0529E-46  5.6368E-47  4.4180E-48  3.4004E-49  2.5731E-50
       1.9156E-51  1.4039E-52  1.0140E-53  7.2353E-55  5.1096E-56  3.5718E-57  2.4676E-58  1.6831E-59  1.1355E-60  7.6047E-62
       5.0616E-63  3.3391E-64  2.1768E-65  1.4051E-66  9.0263E-68  5.7776E-69  3.6665E-70  2.3007E-71  1.4352E-72  8.9455E-74
       5.5455E-75  3.3994E-76  2.0720E-77  1.2641E-78  7.6668E-80  4.5988E-81  2.7541E-82  1.6498E-83  9.7808E-85  5.7693E-86
       3.4105E-87  1.9983E-88  1.1651E-89  6.8071E-91  3.9389E-92  2.2764E-93  1.3142E-94  7.5234E-96  4.3163E-97  2.4579E-98
       1.3990E-99  7.9329-101  4.4822-102  2.5284-103  1.4206-104  7.9706-106  4.4547-107  2.4855-108  1.3828-109  7.6773-111
       4.3647-112
  60   3.1433E-59  1.2586E-57  5.0763E-56  1.9994E-54  7.6389E-53  2.8135E-51  9.9291E-50  3.3363E-48  1.0596E-46  3.1531E-45
       8.7010E-44  2.2008E-42  5.0408E-41  1.0331E-39  1.8750E-38  2.9889E-37  4.1624E-36  5.0440E-35  5.2841E-34  4.7106E-33
       3.4639E-32  1.9935E-31  8.2077E-31  2.0127E-30  1.8335E-30  2.0371E-30  1.1601E-30  4.2819E-31  1.1884E-31  2.6844E-32
       5.1635E-33  8.7050E-34  1.3136E-34  1.8058E-35  2.2970E-36  2.7407E-37  3.1001E-38  3.3490E-39  3.4702E-40  3.4577E-41
       3.3207E-42  3.0831E-43  2.7776E-44  2.4368E-45  2.0876E-46  1.7491E-47  1.4349E-48  1.1538E-49  9.1066E-51  7.0618E-52
       5.3836E-53  4.0369E-54  2.9816E-55  2.1743E-56  1.5687E-57  1.1199E-58  7.8985E-60  5.4976E-61  3.7836E-62  2.5839E-63
       1.7532E-64  1.1786E-65  7.8259E-67  5.1435E-68  3.3637E-69  2.1912E-70  1.4147E-71  9.0288E-73  5.7271E-74  3.6292E-75
       2.2865E-76  1.4240E-77  8.8161E-79  5.4619E-80  3.3630E-81  2.0472E-82  1.2441E-83  7.5603E-85  4.5460E-86  2.7194E-87
       1.6300E-88  9.6817E-90  5.7217E-91  3.3880E-92  1.9864E-93  1.1630E-94  6.8010E-96  3.9429E-97  2.2905E-98  1.3205E-99
       7.6079-101  4.3663-102  2.4965-103  1.4249-104  8.0996-106  4.5971-107  2.5986-108  1.4663-109  8.2490-111  4.6304-112
       2.6620-113
  61   8.5120E-61  3.3972E-59  1.3640E-57  5.3374E-56  2.0210E-54  7.3529E-53  2.5528E-51  8.3953E-50  2.5941E-48  7.4615E-47
       1.9776E-45  4.7773E-44  1.0406E-42  2.0233E-41  3.4810E-40  5.2636E-39  6.9631E-38  8.0270E-37  8.0052E-36  6.7931E-35
       4.7535E-34  2.6040E-33  1.0228E-32  2.4169E-32  2.2633E-32  2.4556E-32  1.4411E-32  5.5498E-33  1.6112E-33  3.8060E-34
       7.6455E-35  1.3437E-35  2.1097E-36  3.0120E-37  3.9724E-38  4.9073E-39  5.7410E-40  6.4082E-41  6.8549E-42  7.0453E-43
       6.9731E-44  6.6660E-45  6.1775E-46  5.5696E-47  4.8992E-48  4.2119E-49  3.5433E-50  2.9205E-51  2.3617E-52  1.8756E-53
       1.4636E-54  1.1226E-55  8.4768E-57  6.3161E-58  4.6540E-59  3.3919E-60  2.4411E-61  1.7329E-62  1.2159E-63  8.4633E-65
       5.8508E-66  4.0059E-67  2.7082E-68  1.8117E-69  1.2057E-70  7.9917E-72  5.2483E-73  3.4058E-74  2.1963E-75  1.4146E-76
       9.0557E-78  5.7282E-79  3.6012E-80  2.2651E-81  1.4154E-82  8.7426E-84  5.3898E-85  3.3224E-86  2.0258E-87  1.2287E-88
       7.4670E-90  4.4952E-91  2.6923E-92  1.6153E-93  9.5941E-95  5.6898E-96  3.3694E-97  1.9779E-98  1.1632E-99  6.7879-101
       3.9582-102  2.2988-103  1.3299-104  7.6795-106  4.4157-107  2.5348-108  1.4491-109  8.2679-111  4.7027-112  2.6686-113
       1.5511-114
  62   2.2939E-62  9.1206E-61  3.6426E-59  1.4149E-57  5.3029E-56  1.9028E-54  6.4859E-53  2.0828E-51  6.2453E-50  1.7323E-48
       4.4009E-47  1.0142E-45  2.1002E-44  3.8753E-43  6.3263E-42  9.0866E-41  1.1437E-39  1.2565E-38  1.1952E-37  9.6752E-37
       6.4585E-36  3.3773E-35  1.2696E-34  2.9006E-34  2.7845E-34  2.9602E-34  1.7857E-34  7.1561E-35  2.1682E-35  5.3448E-36
       1.1192E-36  2.0469E-37  3.3388E-38  4.9434E-39  6.7514E-40  8.6258E-41  1.0425E-41  1.2011E-42  1.3251E-43  1.4034E-44
       1.4302E-45  1.4067E-46  1.3400E-47  1.2408E-48  1.1199E-49  9.8718E-51  8.5095E-52  7.1833E-53  5.9469E-54  4.8335E-55
       3.8585E-56  3.0264E-57  2.3355E-58  1.7776E-59  1.3374E-60  9.9473E-62  7.3020E-63  5.2848E-64  3.7788E-65  2.6795E-66
       1.8865E-67  1.3149E-68  9.0474E-70  6.1583E-71  4.1696E-72  2.8111E-73  1.8772E-74  1.2384E-75  8.1163E-77  5.3120E-78
       3.4542E-79  2.2186E-80  1.4160E-81  9.0399E-83  5.7321E-84  3.5916E-85  2.2460E-86  1.4041E-87  8.6806E-89  5.3377E-90
       3.2880E-91  2.0059E-92  1.2173E-93  7.3988E-95  4.4508E-96  2.6731E-97  1.6028E-98  9.5246-100  5.6701-101  3.3486-102
       1.9760-103  1.1611-104  6.7959-106  3.9696-107  2.3086-108  1.3402-109  7.7470-111  4.4690-112  2.5696-113  1.4739-114
       8.6610-116
  63   6.1527E-64  2.4356E-62  9.6684E-61  3.7238E-59  1.3796E-57  4.8737E-56  1.6275E-54  5.0909E-53  1.4779E-51  3.9445E-50
       9.5916E-49  2.1067E-47  4.1472E-46  7.2668E-45  1.1269E-43  1.5396E-42  1.8468E-41  1.9368E-40  1.7604E-39  1.3623E-38
       8.6953E-38  4.3517E-37  1.5702E-36  3.4789E-36  3.4154E-36  3.5689E-36  2.2077E-36  9.1855E-37  2.8984E-37  7.4416E-38
       1.6213E-38  3.0809E-39  5.2128E-40  7.9941E-41  1.1293E-41  1.4906E-42  1.8594E-43  2.2090E-44  2.5110E-45  2.7380E-46
       2.8706E-47  2.9023E-48  2.8399E-49  2.6989E-50  2.4982E-51  2.2565E-52  1.9918E-53  1.7208E-54  1.4575E-55  1.2115E-56
       9.8881E-58  7.9266E-59  6.2493E-60  4.8573E-61  3.7301E-62  2.8304E-63  2.1185E-64  1.5626E-65  1.1382E-66  8.2184E-68
       5.8904E-69  4.1785E-70  2.9251E-71  2.0253E-72  1.3946E-73  9.5609E-75  6.4906E-76  4.3513E-77  2.8976E-78  1.9264E-79
       1.2721E-80  8.2941E-82  5.3725E-83  3.4806E-84  2.2390E-85  1.4230E-86  9.0248E-88  5.7210E-89  3.5857E-90  2.2349E-91
       1.3952E-92  8.6240E-94  5.3018E-95  3.2639E-96  1.9882E-97  1.2090E-98  7.3388-100  4.4143-101  2.6596-102  1.5894-103
       9.4899-105  5.6416-106  3.3401-107  1.9732-108  1.1605-109  6.8123-111  3.9812-112  2.3216-113  1.3493-114  7.8220-116
       4.6461-117
  64   1.6424E-65  6.4684E-64  2.5499E-62  9.7266E-61  3.5565E-59  1.2346E-57  4.0303E-56  1.2252E-54  3.4358E-53  8.8085E-52
       2.0476E-50  4.2847E-49  8.0196E-48  1.3354E-46  1.9694E-45  2.5632E-44  2.9348E-43  2.9429E-42  2.5606E-41  1.8979E-40
       1.1609E-39  5.5739E-39  1.9355E-38  4.1701E-38  4.1782E-38  4.3031E-38  2.7243E-38  1.1743E-38  3.8513E-39  1.0281E-39
       2.3267E-40  4.5865E-41  8.0383E-42  1.2751E-42  1.8611E-43  2.5354E-44  3.2614E-45  3.9923E-46  4.6718E-47  5.2404E-48
       5.6475E-49  5.8648E-50  5.8902E-51  5.7416E-52  5.4470E-53  5.0389E-54  4.5523E-55  4.0230E-56  3.4839E-57  2.9601E-58
       2.4687E-59  2.0215E-60  1.6274E-61  1.2912E-62  1.0117E-63  7.8287E-65  5.9726E-66  4.4880E-67  3.3289E-68  2.4469E-69
       1.7849E-70  1.2882E-71  9.1726E-73  6.4584E-74  4.5219E-75  3.1514E-76  2.1742E-77  1.4808E-78  1.0015E-79  6.7616E-81
       4.5326E-82  2.9992E-83  1.9713E-84  1.2958E-85  8.4551E-87  5.4494E-88  3.5047E-89  2.2525E-90  1.4310E-91  9.0390E-93
       5.7178E-94  3.5801E-95  2.2292E-96  1.3898E-97  8.5713E-99  5.2767-100  3.2420-101  1.9736-102  1.2033-103  7.2759-105
       4.3950-106  2.6429-107  1.5825-108  9.4545-110  5.6223-111  3.3367-112  1.9712-113  1.1619-114  6.8247-116  3.9981-117
       2.4002-118
  65   4.3621E-67  1.7079E-65  6.6795E-64  2.5202E-62  9.0797E-61  3.0913E-59  9.8426E-58  2.9014E-56  7.8444E-55  1.9289E-53
       4.2829E-52  8.5361E-51  1.5197E-49  2.4069E-48  3.3799E-47  4.1967E-46  4.5938E-45  4.4119E-44  3.6812E-43  2.6184E-42
       1.5380E-41  7.1008E-41  2.3788E-40  4.9962E-40  5.0995E-40  5.1891E-40  3.3565E-40  1.4960E-40  5.0901E-41  1.4103E-41
       3.3101E-42  6.7589E-43  1.2254E-43  2.0083E-44  3.0252E-45  4.2498E-46  5.6326E-47  7.0986E-48  8.5458E-49  9.8535E-50
       1.0907E-50  1.1625E-51  1.1975E-52  1.1964E-53  1.1626E-54  1.1009E-55  1.0174E-56  9.1934E-58  8.1367E-59  7.0630E-60
       6.0159E-61  5.0296E-62  4.1325E-63  3.3451E-64  2.6730E-65  2.1086E-66  1.6390E-67  1.2543E-68  9.4710E-70  7.0852E-71
       5.2587E-72  3.8607E-73  2.7954E-74  2.0010E-75  1.4242E-76  1.0087E-77  7.0695E-79  4.8899E-80  3.3581E-81  2.3015E-82
       1.5658E-83  1.0512E-84  7.0094E-86  4.6737E-87  3.0930E-88  2.0213E-89  1.3180E-90  8.5871E-92  5.5282E-93  3.5382E-94
       2.2674E-95  1.4379E-96  9.0665E-98  5.7231E-99  3.5731-100  2.2266-101  1.3846-102  8.5294-104  5.2619-105  3.2188-106
       1.9668-107  1.1961-108  7.2430-110  4.3753-111  2.6305-112  1.5781-113  9.4232-115  5.6134-116  3.3320-117  1.9723-118
       1.1966-119
  66   1.1524E-68  4.4820E-67  1.7370E-65  6.4731E-64  2.2939E-62  7.6434E-61  2.3686E-59  6.7569E-58  1.7582E-56  4.1418E-55
       8.7792E-54  1.6667E-52  2.8239E-51  4.2581E-50  5.7012E-49  6.7631E-48  7.0887E-47  6.5313E-46  5.2349E-45  3.5799E-44
       2.0233E-43  9.0019E-43  2.9160E-42  5.9837E-42  6.2118E-42  6.2589E-42  4.1298E-42  1.8997E-42  6.6947E-43  1.9221E-43
       4.6721E-44  9.8677E-45  1.8482E-45  3.1259E-46  4.8547E-47  7.0263E-48  9.5876E-49  1.2432E-49  1.5386E-50  1.8219E-51
       2.0698E-52  2.2630E-53  2.3893E-54  2.4452E-55  2.4323E-56  2.3564E-57  2.2269E-58  2.0565E-59  1.8595E-60  1.6484E-61
       1.4333E-62  1.2229E-63  1.0249E-64  8.4593E-66  6.8910E-67  5.5392E-68  4.3854E-69  3.4166E-70  2.6256E-71  1.9985E-72
       1.5090E-73  1.1266E-74  8.2936E-76  6.0343E-77  4.3643E-78  3.1404E-79  2.2353E-80  1.5697E-81  1.0941E-82  7.6104E-84
       5.2533E-85  3.5777E-86  2.4197E-87  1.6364E-88  1.0981E-89  7.2752E-91  4.8088E-92  3.1752E-93  2.0710E-94  1.3428E-95
       8.7156E-97  5.5967E-98  3.5731E-99  2.2834-100  1.4430-101  9.1016-103  5.7273-104  3.5699-105  2.2281-106  1.3787-107
       8.5199-109  5.2399-110  3.2082-111  1.9593-112  1.1907-113  7.2205-115  4.3575-116  2.6231-117  1.5733-118  9.4090-120
       5.7684-121
  67   3.0272E-70  1.1683E-68  4.4815E-67  1.6470E-65  5.7302E-64  1.8649E-62  5.6131E-61  1.5467E-59  3.8681E-58  8.7213E-57
       1.7642E-55  3.1908E-54  5.1487E-53  7.3996E-52  9.4585E-51  1.0736E-49  1.0791E-48  9.5545E-48  7.3692E-47  4.8539E-46
       2.6449E-45  1.1363E-44  3.5666E-44  7.1648E-44  7.5542E-44  7.5513E-44  5.0756E-44  2.4056E-44  8.7663E-45  2.6043E-45
       6.5461E-46  1.4282E-46  2.7603E-47  4.8123E-48  7.6981E-49  1.1469E-49  1.6100E-50  2.1463E-51  2.7275E-52  3.3147E-53
       3.8631E-54  4.3311E-55  4.6847E-56  4.9079E-57  4.9948E-58  4.9481E-59  4.7793E-60  4.5093E-61  4.1639E-62  3.7681E-63
       3.3436E-64  2.9092E-65  2.4856E-66  2.0912E-67  1.7359E-68  1.4213E-69  1.1457E-70  9.0843E-72  7.1032E-73  5.5003E-74
       4.2238E-75  3.2066E-76  2.3994E-77  1.7739E-78  1.3033E-79  9.5249E-81  6.8834E-82  4.9059E-83  3.4701E-84  2.4490E-85
       1.7149E-86  1.1845E-87  8.1246E-89  5.5717E-90  3.7904E-91  2.5453E-92  1.7050E-93  1.1407E-94  7.5362E-96  4.9488E-97
       3.2528E-98  2.1148E-99  1.3669-100  8.8426-102  5.6558-103  3.6101-104  2.2986-105  1.4495-106  9.1510-108  5.7267-109
       3.5788-110  2.2255-111  1.3776-112  8.5046-114  5.2242-115  3.2017-116  1.9525-117  1.1877-118  7.1968-120  4.3481-121
       2.6934-122
  68   7.9025E-72  3.0233E-70  1.1463E-68  4.1480E-67  1.4142E-65  4.4863E-64  1.3091E-62  3.4785E-61  8.3512E-60  1.8011E-58
       3.4764E-57  5.9928E-56  9.2165E-55  1.2638E-53  1.5444E-52  1.6797E-51  1.6219E-50  1.3822E-49  1.0276E-48  6.5312E-48
       3.4376E-47  1.4288E-46  4.3543E-46  8.5788E-46  9.1747E-46  9.1137E-46  6.2323E-46  3.0385E-46  1.1432E-46  3.5091E-47
       9.1093E-48  2.0506E-48  4.0847E-49  7.3334E-50  1.2072E-50  1.8497E-51  2.6695E-52  3.6532E-53  4.7644E-54  5.9401E-55
       7.0996E-56  8.1577E-57  9.0354E-58  9.6854E-59  1.0080E-59  1.0206E-60  1.0071E-61  9.7036E-63  9.1471E-64  8.4476E-65
       7.6425E-66  6.7776E-67  5.9022E-68  5.0607E-69  4.2787E-70  3.5669E-71  2.9265E-72  2.3611E-73  1.8780E-74  1.4791E-75
       1.1550E-76  8.9141E-78  6.7766E-79  5.0887E-80  3.7976E-81  2.8182E-82  2.0673E-83  1.4950E-84  1.0729E-85  7.6814E-87
       5.4556E-88  3.8213E-89  2.6576E-90  1.8477E-91  1.2741E-92  8.6692E-94  5.8836E-95  3.9873E-96  2.6678E-97  1.7740E-98
       1.1807E-99  7.7707-101  5.0843-102  3.3290-103  2.1547-104  1.3917-105  8.9642-107  5.7179-108  3.6510-109  2.3105-110
       1.4600-111  9.1786-113  5.7434-114  3.5839-115  2.2250-116  1.3780-117  8.4915-119  5.2185-120  3.1945-121  1.9495-122
       1.2200-123
  69   2.0490E-73  7.7618E-72  2.9050E-70  1.0332E-68  3.4455E-67  1.0634E-65  3.0030E-64  7.6845E-63  1.7694E-61  3.6484E-60
       6.7201E-59  1.1046E-57  1.6206E-56  2.1228E-55  2.4832E-54  2.5921E-53  2.4079E-52  1.9784E-51  1.4203E-50  8.7267E-50
       4.4448E-49  1.7906E-48  5.3081E-48  1.0273E-47  1.1132E-47  1.1004E-47  7.6469E-48  3.8290E-48  1.4852E-48  4.7039E-49
       1.2595E-49  2.9221E-50  5.9931E-51  1.1069E-51  1.8734E-52  2.9504E-53  4.3705E-54  6.1372E-55  8.2107E-56  1.0498E-56
       1.2861E-57  1.5137E-58  1.7158E-59  1.8811E-60  2.0011E-61  2.0700E-62  2.0860E-63  2.0518E-64  1.9737E-65  1.8581E-66
       1.7133E-67  1.5486E-68  1.3744E-69  1.2002E-70  1.0331E-71  8.7661E-73  7.3182E-74  6.0062E-75  4.8588E-76  3.8914E-77
       3.0891E-78  2.4219E-79  1.8701E-80  1.4263E-81  1.0811E-82  8.1443E-84  6.0628E-85  4.4484E-86  3.2384E-87  2.3518E-88
       1.6939E-89  1.2030E-90  8.4808E-92  5.9761E-93  4.1757E-94  2.8784E-95  1.9788E-96  1.3582E-97  9.2014E-99  6.1950-100
       4.1741-101  2.7808-102  1.8416-103  1.2202-104  7.9911-106  5.2216-107  3.4021-108  2.1947-109  1.4171-110  9.0675-112
       5.7927-113  3.6815-114  2.3285-115  1.4685-116  9.2134-118  5.7656-119  3.5895-120  2.2285-121  1.3780-122  8.4937-124
       5.3695-125
  70   5.2735E-75  1.9757E-73  7.2882E-72  2.5436E-70  8.2811E-69  2.4823E-67  6.7729E-66  1.6672E-64  3.6789E-63  7.2511E-62
       1.2748E-60  1.9993E-59  2.8006E-58  3.5085E-57  3.9343E-56  3.9472E-55  3.5336E-54  2.8040E-53  1.9472E-52  1.1586E-51
       5.7207E-51  2.2378E-50  6.4636E-50  1.2307E-49  1.3496E-49  1.3293E-49  9.3766E-50  4.8149E-50  1.9225E-50  6.2748E-51
       1.7310E-51  4.1344E-52  8.7225E-53  1.6560E-53  2.8796E-54  4.6545E-55  7.0724E-56  1.0186E-56  1.3974E-57  1.8314E-58
       2.2988E-59  2.7692E-60  3.2111E-61  3.5989E-62  3.9117E-63  4.1326E-64  4.2514E-65  4.2665E-66  4.1830E-67  4.0135E-68
       3.7717E-69  3.4741E-70  3.1412E-71  2.7925E-72  2.4465E-73  2.1122E-74  1.7937E-75  1.4972E-76  1.2315E-77  1.0025E-78
       8.0845E-80  6.4386E-81  5.0498E-82  3.9120E-83  3.0100E-84  2.3015E-85  1.7384E-86  1.2939E-87  9.5544E-89  7.0374E-90
       5.1395E-91  3.6990E-92  2.6426E-93  1.8872E-94  1.3360E-95  9.3282E-97  6.4949E-98  4.5141E-99  3.0963-100  2.1104-101
       1.4395-102  9.7057-104  6.5041-105  4.3606-106  2.8888-107  1.9094-108  1.2581-109  8.2074-111  5.3585-112  3.4664-113
       2.2386-114  1.4381-115  9.1927-117  5.8588-118  3.7141-119  2.3482-120  1.4769-121  9.2617-123  5.7843-124  3.6007-125
       2.2992-126
  71   1.3464E-76  4.9822E-75  1.8088E-73  6.1837E-72  1.9621E-70  5.7026E-69  1.5014E-67  3.5516E-66  7.5073E-65  1.4143E-63
       2.3739E-62  3.5547E-61  4.7589E-60  5.7088E-59  6.1452E-58  5.9351E-57  5.1286E-56  3.9369E-55  2.6492E-54  1.5292E-53
       7.3325E-53  2.7898E-52  7.8642E-52  1.4750E-51  1.6354E-51  1.6066E-51  1.1492E-51  6.0426E-52  2.4803E-52  8.3315E-53
       2.3652E-53  5.8104E-54  1.2599E-54  2.4570E-55  4.3846E-56  7.2668E-57  1.1321E-57  1.6718E-58  2.3510E-59  3.1571E-60
       4.0575E-61  4.9994E-62  5.9266E-63  6.7877E-64  7.5356E-65  8.1284E-66  8.5292E-67  8.7233E-68  8.7158E-69  8.5223E-70
       8.1620E-71  7.6611E-72  7.0528E-73  6.3811E-74  5.6878E-75  4.9950E-76  4.3139E-77  3.6611E-78  3.0607E-79  2.5308E-80
       2.0731E-81  1.6772E-82  1.3361E-83  1.0508E-84  8.2058E-86  6.3667E-87  4.8788E-88  3.6833E-89  2.7585E-90  2.0599E-91
       1.5246E-92  1.1119E-93  8.0504E-95  5.8260E-96  4.1778E-97  2.9541E-98  2.0829E-99  1.4658-100  1.0178-101  7.0226-103
       4.8477-104  3.3071-105  2.2423-106  1.5209-107  1.0191-108  6.8127-110  4.5395-111  2.9942-112  1.9764-113  1.2925-114
       8.4371-116  5.4776-117  3.5384-118  2.2787-119  1.4594-120  9.3214-122  5.9218-123  3.7508-124  2.3657-125  1.4871-126
       9.5905-128
  72   3.4081E-78  1.2439E-76  4.4375E-75  1.4836E-73  4.5803E-72  1.2889E-70  3.2708E-69  7.4295E-68  1.5038E-66  2.7079E-65
       4.3414E-64  6.2113E-63  7.9554E-62  9.1494E-61  9.4679E-60  8.8164E-59  7.3656E-58  5.4793E-57  3.5790E-56  2.0076E-55
       9.3645E-55  3.4710E-54  9.5633E-54  1.7690E-53  1.9812E-53  1.9427E-53  1.4077E-53  7.5692E-54  3.1895E-54  1.1013E-54
       3.2141E-55  8.1138E-56  1.8070E-56  3.6162E-57  6.6148E-58  1.1236E-58  1.7942E-59  2.7155E-60  3.9131E-61  5.3820E-62
       7.0763E-63  8.9125E-64  1.0796E-64  1.2630E-65  1.4318E-66  1.5750E-67  1.6843E-68  1.7554E-69  1.7872E-70  1.7808E-71
       1.7380E-72  1.6617E-73  1.5571E-74  1.4334E-75  1.2996E-76  1.1607E-77  1.0192E-78  8.7897E-80  7.4628E-81  6.2678E-82
       5.2157E-83  4.2862E-84  3.4674E-85  2.7673E-86  2.1926E-87  1.7259E-88  1.3416E-89  1.0272E-90  7.7982E-92  5.9020E-93
       4.4271E-94  3.2721E-95  2.4007E-96  1.7600E-97  1.2782E-98  9.1516-100  6.5337-101  4.6554-102  3.2718-103  2.2842-104
       1.5955-105  1.1012-106  7.5544-108  5.1832-109  3.5125-110  2.3745-111  1.5998-112  1.0669-113  7.1189-115  4.7053-116
       3.1043-117  2.0366-118  1.3293-119  8.6490-121  5.5961-122  3.6104-123  2.3165-124  1.4818-125  9.4377-127  5.9902-128
       3.9014-129
  73   8.5467E-80  3.0725E-78  1.0754E-76  3.5104E-75  1.0529E-73  2.8648E-72  7.0008E-71  1.5261E-69  2.9573E-68  5.0912E-67
       7.8001E-66  1.0671E-64  1.3089E-63  1.4451E-62  1.4396E-61  1.2945E-60  1.0474E-59  7.5634E-59  4.8038E-58  2.6231E-57
       1.1922E-56  4.3113E-56  1.1627E-55  2.1232E-55  2.3999E-55  2.3505E-55  1.7237E-55  9.4645E-56  4.0888E-56  1.4495E-56
       4.3448E-57  1.1262E-57  2.5739E-58  5.2792E-59  9.8938E-60  1.7217E-60  2.8169E-61  4.3682E-62  6.4476E-63  9.0774E-64
       1.2201E-64  1.5700E-65  1.9423E-66  2.3201E-67  2.6823E-68  3.0073E-69  3.2771E-70  3.4799E-71  3.6102E-72  3.6655E-73
       3.6446E-74  3.5483E-75  3.3832E-76  3.1681E-77  2.9211E-78  2.6525E-79  2.3668E-80  2.0727E-81  1.7872E-82  1.5246E-83
       1.2888E-84  1.0758E-85  8.8315E-87  7.1508E-88  5.7477E-89  4.5895E-90  3.6184E-91  2.8079E-92  2.1603E-93  1.6572E-94
       1.2599E-95  9.4369E-97  7.0141E-98  5.2080E-99  3.8299-100  2.7764-101  2.0068-102  1.4471-103  1.0291-104  7.2700-106
       5.1383-107  3.5881-108  2.4898-109  1.7277-110  1.1840-111  8.0930-113  5.5126-114  3.7160-115  2.5062-116  1.6741-117
       1.1161-118  7.3991-120  4.8794-121  3.2071-122  2.0960-123  1.3658-124  8.8503-126  5.7168-127  3.6765-128  2.3560-129
       1.5495-130
  74   2.1221E-81  7.5037E-80  2.5729E-78  8.1875E-77  2.3825E-75  6.2612E-74  1.4722E-72  3.0786E-71  5.7113E-70  9.4023E-69
       1.3774E-67  1.8034E-66  2.1208E-65  2.2504E-64  2.1614E-63  1.8798E-62  1.4754E-61  1.0360E-60  6.4093E-60  3.4125E-59
       1.5135E-58  5.3481E-58  1.4134E-57  2.5505E-57  2.9069E-57  2.8452E-57  2.1096E-57  1.1814E-57  5.2258E-58  1.9000E-58
       5.8437E-59  1.5545E-59  3.6411E-60  7.6494E-61  1.4681E-61  2.6164E-62  4.3843E-63  6.9631E-64  1.0522E-64  1.5153E-65
       2.0810E-66  2.7345E-67  3.4535E-68  4.2075E-69  4.9576E-70  5.6636E-71  6.2881E-72  6.8033E-73  7.1914E-74  7.4390E-75
       7.5334E-76  7.4649E-77  7.2406E-78  6.8954E-79  6.4647E-80  5.9640E-81  5.4033E-82  4.8050E-83  4.2077E-84  3.6462E-85
       3.1311E-86  2.6529E-87  2.2095E-88  1.8148E-89  1.4796E-90  1.1984E-91  9.5753E-93  7.5301E-94  5.8718E-95  4.5658E-96
       3.5182E-97  2.6696E-98  2.0094E-99  1.5109-100  1.1250-101  8.2553-103  6.0386-104  4.4066-105  3.1708-106  2.2667-107
       1.6210-108  1.1450-109  8.0352-111  5.6383-112  3.9067-113  2.6997-114  1.8588-115  1.2664-116  8.6326-118  5.8273-119
       3.9258-120  2.6293-121  1.7516-122  1.1629-123  7.6764-125  5.0517-126  3.3057-127  2.1561-128  1.3999-129  9.0563-131
       6.0139-132
  75   5.2139E-83  1.8107E-81  6.0734E-80  1.8815E-78  5.3051E-77  1.3453E-75  3.0416E-74  6.1001E-73  1.0834E-71  1.7062E-70
       2.3915E-69  2.9992E-68  3.3852E-67  3.4572E-66  3.2060E-65  2.7012E-64  2.0601E-63  1.4091E-62  8.5049E-62  4.4225E-61
       1.9170E-60  6.6272E-60  1.7184E-59  3.0666E-59  3.5213E-59  3.4454E-59  2.5808E-59  1.4721E-59  6.6596E-60  2.4807E-60
       7.8230E-61  2.1333E-61  5.1176E-62  1.1007E-62  2.1626E-63  3.9455E-64  6.7691E-65  1.1005E-65  1.7017E-66  2.5049E-67
       3.5132E-68  4.7121E-69  6.0705E-70  7.5367E-71  9.0474E-72  1.0530E-72  1.1911E-73  1.3129E-74  1.4139E-75  1.4898E-76
       1.5359E-77  1.5483E-78  1.5274E-79  1.4788E-80  1.4083E-81  1.3193E-82  1.2137E-83  1.0960E-84  9.7479E-86  8.5804E-87
       7.4821E-88  6.4326E-89  5.4350E-90  4.5278E-91  3.7442E-92  3.0733E-93  2.4885E-94  1.9832E-95  1.5675E-96  1.2355E-97
       9.6460E-99  7.4118-100  5.6491-101  4.3010-102  3.2419-103  2.4072-104  1.7819-105  1.3159-106  9.5811-108  6.9304-109
       5.0135-110  3.5811-111  2.5414-112  1.8031-113  1.2629-114  8.8218-116  6.1392-117  4.2275-118  2.9122-119  1.9864-120
       1.3520-121  9.1475-123  6.1554-124  4.1275-125  2.7516-126  1.8286-127  1.2082-128  7.9560-130  5.2150-131  3.4055-132
       2.2832-133
  76   1.2668E-84  4.3151E-83  1.4138E-81  4.2582E-80  1.1621E-78  2.8413E-77  6.1742E-76  1.1874E-74  2.0193E-73  3.0435E-72
       4.0844E-71  4.9109E-70  5.3261E-69  5.2420E-68  4.7007E-67  3.8431E-66  2.8529E-65  1.9039E-64  1.1230E-63  5.7116E-63
       2.4230E-62  8.2055E-62  2.0897E-61  3.6904E-61  4.2658E-61  4.1735E-61  3.1556E-61  1.8311E-61  8.4626E-62  3.2267E-62
       1.0426E-62  2.9118E-63  7.1503E-64  1.5739E-64  3.1643E-65  5.9081E-66  1.0373E-66  1.7255E-67  2.7281E-68  4.1024E-69
       5.8737E-70  8.0371E-71  1.0550E-71  1.3342E-72  1.6315E-73  1.9342E-74  2.2290E-75  2.5034E-76  2.7462E-77  2.9462E-78
       3.0906E-79  3.1682E-80  3.1766E-81  3.1240E-82  3.0210E-83  2.8736E-84  2.6844E-85  2.4620E-86  2.2241E-87  1.9882E-88
       1.7597E-89  1.5350E-90  1.3155E-91  1.1114E-92  9.3130E-94  7.7466E-95  6.3568E-96  5.1347E-97  4.1135E-98  3.2857E-99
       2.5980-100  2.0214-101  1.5599-102  1.2023-103  9.1703-105  6.8902-106  5.1617-107  3.8575-108  2.8419-109  2.0793-110
       1.5212-111  1.0988-112  7.8838-114  5.6545-115  4.0031-116  2.8265-117  1.9881-118  1.3835-119  9.6301-121  6.6361-122
       4.5629-123  3.1183-124  2.1194-125  1.4353-126  9.6622-128  6.4833-129  4.3248-130  2.8750-131  1.9022-132  1.2538-133
       8.4865-135
  77   3.0424E-86  1.0150E-84  3.2441E-83  9.4883E-82  2.5040E-80  5.8988E-79  1.2316E-77  2.2710E-76  3.6990E-75  5.3384E-74
       6.8643E-73  7.9205E-72  8.2639E-71  7.8491E-70  6.8166E-69  5.4165E-68  3.9203E-67  2.5569E-66  1.4762E-65  7.3543E-65
       3.0572E-64  1.0153E-63  2.5420E-63  4.4449E-63  5.1678E-63  5.0562E-63  3.8559E-63  2.2739E-63  1.0724E-63  4.1818E-64
       1.3835E-64  3.9545E-65  9.9358E-66  2.2374E-66  4.6017E-67  8.7896E-68  1.5785E-68  2.6847E-69  4.3371E-70  6.6586E-71
       9.7273E-72  1.3565E-72  1.8136E-73  2.3357E-74  2.9088E-75  3.5130E-76  4.1247E-77  4.7192E-78  5.2723E-79  5.7565E-80
       6.1409E-81  6.3972E-82  6.5148E-83  6.5050E-84  6.3866E-85  6.1687E-86  5.8525E-87  5.4515E-88  5.0012E-89  4.5389E-90
       4.0765E-91  3.6073E-92  3.1345E-93  2.6832E-94  2.2783E-95  1.9207E-96  1.5975E-97  1.3079E-98  1.0619E-99  8.5915-101
       6.8796-102  5.4195-103  4.2335-104  3.3019-105  2.5484-106  1.9376-107  1.4690-108  1.1110-109  8.2783-111  6.1256-112
       4.5321-113  3.3094-114  2.4004-115  1.7403-116  1.2453-117  8.8875-119  6.3173-120  4.4420-121  3.1238-122  2.1745-123
       1.5103-124  1.0425-125  7.1556-127  4.8934-128  3.3261-129  2.2533-130  1.5174-131  1.0182-132  6.7998-134  4.5236-135
       3.0908-136
  78   7.2183E-88  2.3555E-86  7.3352E-85  2.0811E-83  5.3065E-82  1.2038E-80  2.4143E-79  4.2691E-78  6.6619E-77  9.2110E-76
       1.1357E-74  1.2589E-73  1.2651E-72  1.1612E-71  9.7821E-71  7.5671E-70  5.3488E-69  3.4150E-68  1.9327E-67  9.4444E-67
       3.8518E-66  1.2557E-65  3.0931E-65  5.3577E-65  6.2603E-65  6.1256E-65  4.7083E-65  2.8189E-65  1.3554E-65  5.4009E-66
       1.8283E-66  5.3456E-67  1.3738E-67  3.1638E-68  6.6549E-69  1.2998E-69  2.3864E-70  4.1472E-71  6.8405E-72  1.0714E-72
       1.5955E-73  2.2662E-74  3.0852E-75  4.0457E-76  5.1312E-77  6.3131E-78  7.5517E-79  8.8009E-80  1.0010E-80  1.1117E-81
       1.2053E-82  1.2752E-83  1.3183E-84  1.3362E-85  1.3319E-86  1.3064E-87  1.2588E-88  1.1909E-89  1.1092E-90  1.0215E-91
       9.3059E-93  8.3486E-94  7.3510E-95  6.3757E-96  5.4862E-97  4.6880E-98  3.9524E-99  3.2795-100  2.6975-101  2.2105-102
       1.7924-103  1.4290-104  1.1295-105  8.9150-107  6.9632-108  5.3578-109  4.1107-110  3.1448-111  2.3698-112  1.7733-113
       1.3265-114  9.7910-116  7.1787-117  5.2610-118  3.8049-119  2.7443-120  1.9710-121  1.4001-122  9.9466-124  6.9938-125
       4.9063-126  3.4202-127  2.3707-128  1.6369-129  1.1233-130  7.6819-132  5.2216-133  3.5367-134  2.3839-135  1.6005-136
       1.1038-137
  79   1.6912E-89  5.3909E-88  1.6338E-86  4.4921E-85  1.1060E-83  2.4152E-82  4.6521E-81  7.8894E-80  1.1800E-78  1.5640E-77
       1.8507E-76  1.9727E-75  1.9119E-74  1.6984E-73  1.3899E-72  1.0485E-71  7.2500E-71  4.5384E-70  2.5214E-69  1.2101E-68
       4.8468E-68  1.5524E-67  3.7648E-67  6.4620E-67  7.5824E-67  7.4199E-67  5.7442E-67  3.4884E-67  1.7087E-67  6.9527E-68
       2.4069E-68  7.1952E-69  1.8908E-69  4.4525E-70  9.5749E-71  1.9116E-71  3.5857E-72  6.3622E-73  1.0706E-73  1.7092E-74
       2.5927E-75  3.7494E-76  5.1961E-77  6.9374E-78  8.9615E-79  1.1232E-79  1.3687E-80  1.6243E-81  1.8798E-82  2.1226E-83
       2.3375E-84  2.5105E-85  2.6340E-86  2.7098E-87  2.7425E-88  2.7320E-89  2.6737E-90  2.5681E-91  2.4274E-92  2.2672E-93
       2.0938E-94  1.9034E-95  1.6980E-96  1.4923E-97  1.3015E-98  1.1274E-99  9.6343-101  8.0995-102  6.7472-103  5.5986-104
       4.5943-105  3.7062-106  2.9644-107  2.3682-108  1.8720-109  1.4576-110  1.1314-111  8.7544-113  6.6707-114  5.0463-115
       3.8159-116  2.8472-117  2.1102-118  1.5632-119  1.1425-120  8.3261-122  6.0412-123  4.3352-124  3.1110-125  2.2094-126
       1.5654-127  1.1019-128  7.7118-130  5.3757-131  3.7240-132  2.5708-133  1.7639-134  1.2059-135  8.2028-137  5.5572-138
       3.8680-139
  80   3.9113E-91  1.2164E-89  3.5840E-88  9.5416E-87  2.2668E-85  4.7639E-84  8.8132E-83  1.4337E-81  2.0561E-80  2.6144E-79
       2.9716E-78  3.0494E-77  2.8538E-76  2.4570E-75  1.9567E-74  1.4418E-73  9.7684E-73  6.0044E-72  3.2792E-71  1.5473E-70
       6.0922E-70  1.9186E-69  4.5835E-69  7.7977E-69  9.1811E-69  8.9844E-69  7.0013E-69  4.3093E-69  2.1487E-69  8.9230E-70
       3.1572E-70  9.6469E-71  2.5915E-71  6.2384E-72  1.3711E-72  2.7966E-73  5.3560E-74  9.6958E-75  1.6630E-75  2.7045E-76
       4.1762E-77  6.1465E-78  8.6695E-79  1.1785E-79  1.5505E-80  1.9796E-81  2.4567E-82  2.9675E-83  3.4926E-84  4.0070E-85
       4.4803E-86  4.8831E-87  5.1993E-88  5.4297E-89  5.5804E-90  5.6463E-91  5.6114E-92  5.4703E-93  5.2442E-94  4.9649E-95
       4.6455E-96  4.2783E-97  3.8667E-98  3.4437E-99  3.0447-100  2.6735-101  2.3150-102  1.9710-103  1.6622-104  1.3959-105
       1.1592-106  9.4621-108  7.6597-109  6.1939-110  4.9552-111  3.9032-112  3.0643-113  2.3976-114  1.8468-115  1.4124-116
       1.0797-117  8.1436-119  6.1010-120  4.5674-121  3.3728-122  2.4833-123  1.8202-124  1.3194-125  9.5639-127  6.8598-128
       4.9078-129  3.4882-130  2.4645-131  1.7343-132  1.2128-133  8.4520-135  5.8533-136  4.0382-137  2.7719-138  1.8948-139
       1.3310-140
  81   8.9263E-93  2.7053E-91  7.7415E-90  1.9942E-88  4.5696E-87  9.2399E-86  1.6418E-84  2.5628E-83  3.5261E-82  4.3039E-81
       4.7034E-80  4.6517E-79  4.2094E-78  3.5180E-77  2.7307E-76  1.9686E-75  1.3090E-74  7.9125E-74  4.2530E-73  1.9750E-72
       7.6505E-72  2.3704E-71  5.5810E-71  9.4124E-71  1.1112E-70  1.0873E-70  8.5245E-71  5.3142E-71  2.6957E-71  1.1419E-71
       4.1274E-72  1.2888E-72  3.5385E-73  8.7053E-74  1.9547E-74  4.0711E-75  7.9553E-76  1.4681E-76  2.5649E-77  4.2456E-78
       6.6707E-79  9.9892E-80  1.4339E-80  1.9846E-81  2.6592E-82  3.4578E-83  4.3685E-84  5.3678E-85  6.4210E-86  7.4809E-87
       8.4890E-88  9.3884E-89  1.0145E-89  1.0757E-90  1.1229E-91  1.1539E-92  1.1642E-93  1.1513E-94  1.1188E-95  1.0731E-96
       1.0170E-97  9.4880E-99  8.6889-100  7.8433-101  7.0292-102  6.2554-103  5.4862-104  4.7281-105  4.0348-106  3.4286-107
       2.8810-108  2.3800-109  1.9502-110  1.5961-111  1.2919-112  1.0292-113  8.1699-115  6.4625-116  5.0321-117  3.8906-118
       3.0069-119  2.2924-120  1.7357-121  1.3130-122  9.7951-124  7.2857-125  5.3945-126  3.9498-127  2.8916-128  2.0943-129
       1.5128-130  1.0855-131  7.7424-133  5.5006-134  3.8835-135  2.7315-136  1.9090-137  1.3290-138  9.2040-140  6.3477-141
       4.4998-142
  82   2.0097E-94  5.9287E-93  1.6464E-91  4.1009E-90  9.0604E-89  1.7625E-87  3.0083E-86  4.5075E-85  5.9530E-84  6.9808E-83
       7.3417E-82  7.0062E-81  6.1390E-80  4.9880E-79  3.7799E-78  2.6707E-77  1.7456E-76  1.0390E-75  5.5030E-75  2.5173E-74
       9.5994E-74  2.9276E-73  6.7958E-73  1.1363E-72  1.3440E-72  1.3149E-72  1.0367E-72  6.5421E-73  3.3744E-73  1.4576E-73
       5.3792E-74  1.7160E-74  4.8148E-75  1.2102E-75  2.7753E-76  5.8969E-77  1.1746E-77  2.2088E-78  3.9283E-79  6.6152E-80
       1.0572E-80  1.6105E-81  2.3528E-82  3.3153E-83  4.5236E-84  5.9885E-85  7.6979E-86  9.6156E-87  1.1682E-87  1.3815E-88
       1.5906E-89  1.7851E-90  1.9582E-91  2.1086E-92  2.2356E-93  2.3328E-94  2.3882E-95  2.3946E-96  2.3575E-97  2.2901E-98
       2.1984E-99  2.0779-100  1.9284-101  1.7644-102  1.6026-103  1.4447-104  1.2827-105  1.1185-106  9.6559-108  8.3023-109
       7.0604-110  5.9034-111  4.8957-112  4.0545-113  3.3192-114  2.6733-115  2.1453-116  1.7155-117  1.3504-118  1.0556-119
       8.2472-121  6.3541-122  4.8612-123  3.7152-124  2.7999-125  2.1039-126  1.5736-127  1.1636-128  8.6018-130  6.2898-131
       4.5871-132  3.3230-133  2.3931-134  1.7165-135  1.2231-136  8.6815-138  6.1219-139  4.2999-140  3.0046-141  2.0908-142
       1.4956-143
  83   4.4625E-96  1.2802E-94  3.4470E-93  8.2979E-92  1.7671E-90  3.3068E-89  5.4230E-88  7.8029E-87  9.8979E-86  1.1160E-84
       1.1307E-83  1.0424E-82  8.8569E-82  7.0075E-81  5.1932E-80  3.6020E-79  2.3177E-78  1.3602E-77  7.1055E-77  3.2042E-76
       1.2035E-75  3.6143E-75  8.2738E-75  1.3715E-74  1.6243E-74  1.5887E-74  1.2592E-74  8.0402E-75  4.2153E-75  1.8559E-75
       6.9912E-76  2.2782E-76  6.5304E-77  1.6766E-77  3.9224E-78  8.4962E-79  1.7243E-79  3.3022E-80  5.9759E-81  1.0234E-81
       1.6632E-82  2.5775E-83  3.8324E-84  5.4977E-85  7.6368E-86  1.0287E-86  1.3446E-87  1.7061E-88  2.1039E-89  2.5242E-90
       2.9487E-91  3.3585E-92  3.7409E-93  4.0913E-94  4.4054E-95  4.6661E-96  4.8447E-97  4.9221E-98  4.9077E-99  4.8281-100
       4.6951-101  4.4972-102  4.2305-103  3.9228-104  3.6095-105  3.2944-106  2.9595-107  2.6104-108  2.2798-109  1.9838-110
       1.7075-111  1.4450-112  1.2125-113  1.0157-114  8.4066-116  6.8438-117  5.5521-118  4.4888-119  3.5722-120  2.8226-121
       2.2288-122  1.7350-123  1.3410-124  1.0354-125  7.8831-127  5.9839-128  4.5200-129  3.3750-130  2.5189-131  1.8596-132
       1.3693-133  1.0016-134  7.2821-136  5.2715-137  3.7903-138  2.7144-139  1.9312-140  1.3687-141  9.6509-143  6.7752-144
       4.8900-145
  84   9.7714E-98  2.7231E-96  7.1045E-95  1.6521E-93  3.3906E-92  6.1040E-91  9.6203E-90  1.3298E-88  1.6213E-87  1.7591E-86
       1.7188E-85  1.5329E-84  1.2648E-83  9.7602E-83  7.0856E-82  4.8324E-81  3.0655E-80  1.7760E-79  9.1584E-79  4.0738E-78
       1.5078E-77  4.4600E-77  1.0070E-76  1.6550E-76  1.9612E-76  1.9175E-76  1.5276E-76  9.8655E-77  5.2558E-77  2.3580E-77
       9.0632E-78  3.0166E-78  8.8311E-79  2.3135E-79  5.5185E-80  1.2178E-80  2.5168E-81  4.9066E-82  9.0315E-83  1.5726E-83
       2.5991E-84  4.0977E-85  6.2008E-86  9.0548E-87  1.2800E-87  1.7535E-88  2.3283E-89  2.9988E-90  3.7516E-91  4.5655E-92
       5.4113E-93  6.2568E-94  7.0776E-95  7.8619E-96  8.5948E-97  9.2352E-98  9.7187E-99  1.0001E-99  1.0097-100  1.0061-101
       9.9141-103  9.6257-104  9.1776-105  8.6220-106  8.0329-107  7.4191-108  6.7417-109  6.0145-110  5.3151-111  4.6812-112
       4.0784-113  3.4920-114  2.9636-115  2.5100-116  2.0999-117  1.7280-118  1.4173-119  1.1585-120  9.3195-122  7.4421-123
       5.9378-124  4.6696-125  3.6464-126  2.8444-127  2.1875-128  1.6770-129  1.2790-130  9.6419-132  7.2658-133  5.4163-134
       4.0273-135  2.9739-136  2.1821-137  1.5938-138  1.1561-139  8.3542-141  5.9984-142  4.2902-143  3.0516-144  2.1609-145
       1.5735-146
  85   2.1095E-99  5.7060E-98  1.4415E-96  3.2370E-95  6.4009E-94  1.1087E-92  1.6798E-91  2.2320E-90  2.6172E-89  2.7352E-88
       2.5802E-87  2.2290E-86  1.7887E-85  1.3485E-84  9.6066E-84  6.4523E-83  4.0409E-82  2.3134E-81  1.1786E-80  5.1738E-80
       1.8875E-79  5.5001E-79  1.2251E-78  1.9959E-78  2.3653E-78  2.3118E-78  1.8507E-78  1.2087E-78  6.5421E-79  2.9904E-79
       1.1725E-79  3.9844E-80  1.1905E-80  3.1805E-81  7.7299E-82  1.7368E-82  3.6532E-83  7.2473E-84  1.3564E-84  2.4014E-85
       4.0363E-86  6.4747E-87  9.9720E-88  1.4819E-88  2.1307E-89  2.9661E-90  3.9983E-91  5.2237E-92  6.6268E-93  8.1794E-94
       9.8380E-95  1.1550E-95  1.3269E-96  1.4967E-97  1.6603E-98  1.8087E-99  1.9280-100  2.0088-101  2.0538-102  2.0734-103
       2.0711-104  2.0385-105  1.9695-106  1.8736-107  1.7665-108  1.6504-109  1.5169-110  1.3691-111  1.2245-112  1.0916-113
       9.6240-115  8.3339-116  7.1506-117  6.1218-118  5.1770-119  4.3066-120  3.5712-121  2.9511-122  2.3989-123  1.9355-124
       1.5602-125  1.2395-126  9.7790-128  7.7059-129  5.9848-130  4.6326-131  3.5671-132  2.7151-133  2.0662-134  1.5553-135
       1.1675-136  8.6996-138  6.4398-139  4.7453-140  3.4738-141  2.5337-142  1.8357-143  1.3243-144  9.5023-146  6.7864-147
       4.9855-148
  86   4.4897-101  1.1777E-99  2.8793E-98  6.2414E-97  1.1891E-95  1.9820E-94  2.8879E-93  3.6904E-92  4.1652E-91  4.1967E-90
       3.8267E-89  3.2066E-88  2.5066E-87  1.8494E-86  1.2950E-85  8.5792E-85  5.3110E-84  3.0075E-83  1.5147E-82  6.5640E-82
       2.3608E-81  6.7777E-81  1.4893E-80  2.4052E-80  2.8490E-80  2.7838E-80  2.2394E-80  1.4789E-80  8.1311E-81  3.7860E-81
       1.5140E-81  5.2503E-82  1.6001E-82  4.3566E-83  1.0781E-83  2.4649E-84  5.2744E-85  1.0643E-85  2.0251E-86  3.6454E-87
       6.2325E-88  1.0174E-88  1.5947E-89  2.4108E-90  3.5234E-91  4.9804E-92  6.8101E-93  9.0203E-94  1.1602E-94  1.4525E-95
       1.7733E-96  2.1140E-97  2.4663E-98  2.8234E-99  3.1760-100  3.5053-101  3.7833-102  3.9909-103  4.1329-104  4.2288-105
       4.2825-106  4.2723-107  4.1807-108  4.0251-109  3.8388-110  3.6275-111  3.3730-112  3.0808-113  2.7891-114  2.5165-115
       2.2442-116  1.9646-117  1.7037-118  1.4743-119  1.2604-120  1.0600-121  8.8866-123  7.4213-124  6.0948-125  4.9679-126
       4.0459-127  3.2474-128  2.5881-129  2.0596-130  1.6149-131  1.2620-132  9.8123-134  7.5429-135  5.7968-136  4.4046-137
       3.3360-138  2.5076-139  1.8728-140  1.3929-141  1.0294-142  7.5745-144  5.5355-145  4.0281-146  2.9144-147  2.0994-148
       1.5562-149
  87   9.4194-103  2.3941-101  5.6619-100  1.1845E-98  2.1742E-97  3.4879E-96  4.8894E-95  6.0127E-94  6.5371E-93  6.3566E-92
       5.6093E-91  4.5659E-90  3.4824E-89  2.5188E-88  1.7365E-87  1.1365E-86  6.9627E-86  3.9032E-85  1.9441E-84  8.3193E-84
       2.9500E-83  8.3444E-83  1.8088E-82  2.8957E-82  3.4271E-82  3.3479E-82  2.7065E-82  1.8072E-82  1.0093E-82  4.7866E-83
       1.9518E-83  6.9033E-84  2.1447E-84  5.9464E-85  1.4973E-85  3.4816E-86  7.5762E-87  1.5541E-87  3.0063E-88  5.5036E-89
       9.5736E-90  1.5904E-90  2.5366E-91  3.8994E-92  5.7887E-93  8.3017E-94  1.1508E-94  1.5448E-95  2.0144E-96  2.5586E-97
       3.1712E-98  3.8390E-99  4.5464-100  5.2787-101  6.0167-102  6.7235-103  7.3460-104  7.8467-105  8.2336-106  8.5407-107
       8.7683-108  8.8624-109  8.7784-110  8.5490-111  8.2458-112  7.8826-113  7.4174-114  6.8576-115  6.2834-116  5.7354-117
       5.1711-118  4.5750-119  4.0100-120  3.5084-121  3.0326-122  2.5781-123  2.1843-124  1.8430-125  1.5289-126  1.2591-127
       1.0361-128  8.4006-130  6.7610-131  5.4318-132  4.2994-133  3.3930-134  2.6645-135  2.0685-136  1.6045-137  1.2300-138
       9.3964-140  7.1269-141  5.3736-142  4.0345-143  3.0074-144  2.2324-145  1.6452-146  1.2071-147  8.8106-149  6.4027-150
       4.7867-151
  88   1.9479-104  4.7937-103  1.0961-101  2.2125-100  3.9132E-99  6.0435E-98  8.1542E-97  9.6560E-96  1.0121E-94  9.5082E-94
       8.1305E-93  6.4383E-92  4.7993E-91  3.4089E-90  2.3179E-89  1.5007E-88  9.1083E-88  5.0580E-87  2.4924E-86  1.0533E-85
       3.6822E-85  1.0262E-84  2.1945E-84  3.4823E-84  4.1165E-84  4.0213E-84  3.2674E-84  2.2062E-84  1.2516E-84  6.0445E-85
       2.5122E-85  9.0579E-86  2.8666E-86  8.0884E-87  2.0710E-87  4.8950E-88  1.0829E-88  2.2573E-89  4.4393E-90  8.2671E-91
       1.4635E-91  2.4743E-92  4.0142E-93  6.2711E-94  9.4489E-95  1.3739E-95  1.9298E-96  2.6253E-97  3.4712E-98  4.4745E-99
       5.6308-100  6.9202-101  8.3138-102  9.7824-103  1.1290-103  1.2768-104  1.4122-105  1.5280-106  1.6251-107  1.7090-108
       1.7780-109  1.8196-110  1.8232-111  1.7954-112  1.7516-113  1.6945-114  1.6140-115  1.5104-116  1.4001-117  1.2923-118
       1.1776-119  1.0529-120  9.3300-122  8.2541-123  7.2127-124  6.1964-125  5.3038-126  4.5209-127  3.7892-128  3.1531-129
       2.6213-130  2.1460-131  1.7435-132  1.4141-133  1.1303-134  9.0111-136  7.1458-137  5.5988-138  4.3807-139  3.3869-140
       2.6113-141  2.0001-142  1.5220-143  1.1525-144  8.6666-146  6.4851-147  4.8197-148  3.5688-149  2.6280-150  1.9255-151
       1.4518-152
  89   3.9704-106  9.4542-105  2.0892-103  4.0685-102  6.9337-101  1.0312E-99  1.3399E-98  1.5289E-97  1.5464E-96  1.4051E-95
       1.1658E-94  8.9949E-94  6.5644E-93  4.5870E-92  3.0810E-91  1.9760E-90  1.1893E-89  6.5457E-89  3.1918E-88  1.3320E-87
       4.5904E-87  1.2603E-86  2.6590E-86  4.1824E-86  4.9373E-86  4.8243E-86  3.9408E-86  2.6910E-86  1.5507E-86  7.6254E-87
       3.2292E-87  1.1861E-87  3.8211E-88  1.0964E-88  2.8530E-89  6.8516E-90  1.5404E-90  3.2623E-91  6.5236E-92  1.2361E-92
       2.2272E-93  3.8318E-94  6.3205E-95  1.0022E-95  1.5322E-96  2.2577E-97  3.2128E-98  4.4296E-99  5.9409-100  7.7737-101
       9.9320-102  1.2386-102  1.5084-103  1.7971-104  2.0987-105  2.4020-106  2.6901-107  2.9493-108  3.1798-109  3.3892-110
       3.5710-111  3.6973-112  3.7460-113  3.7302-114  3.6820-115  3.6058-116  3.4769-117  3.2920-118  3.0857-119  2.8787-120
       2.6513-121  2.3964-122  2.1470-123  1.9205-124  1.6959-125  1.4718-126  1.2727-127  1.0961-128  9.2838-130  7.8048-131
       6.5517-132  5.4136-133  4.4397-134  3.6369-135  2.9372-136  2.3644-137  1.8923-138  1.4952-139  1.1799-140  9.2079-142
       7.1721-143  5.5422-144  4.2537-145  3.2484-146  2.4618-147  1.8585-148  1.3946-149  1.0413-150  7.7301-152  5.7092-153
       4.3413-154
  90   7.9764-108  1.8365-106  3.9209-105  7.3653-104  1.2096-102  1.7330-101  2.1696-100  2.3873E-99  2.3324E-98  2.0520E-97
       1.6543E-96  1.2457E-95  8.9158E-95  6.1398E-94  4.0804E-93  2.5956E-92  1.5504E-91  8.4607E-91  4.0826E-90  1.6823E-89
       5.7146E-89  1.5455E-88  3.2171E-88  5.0160E-88  5.9129E-88  5.7811E-88  4.7493E-88  3.2803E-88  1.9201E-88  9.6117E-89
       4.1456E-89  1.5502E-89  5.0796E-90  1.4812E-90  3.9146E-91  9.5491E-92  2.1815E-92  4.6928E-93  9.5435E-94  1.8404E-94
       3.3754E-95  5.9073E-96  9.8922E-97  1.5917E-97  2.4677E-98  3.6841E-99  5.3117-100  7.4251-101  1.0106-101  1.3425-102
       1.7409-103  2.2015-104  2.7152-105  3.2732-106  3.8670-107  4.4797-108  5.0821-109  5.6474-110  6.1712-111  6.6623-112
       7.1033-113  7.4367-114  7.6173-115  7.6723-116  7.6653-117  7.5998-118  7.4157-119  7.0998-120  6.7262-121  6.3421-122
       5.9051-123  5.3965-124  4.8883-125  4.4191-126  3.9421-127  3.4557-128  3.0196-129  2.6286-130  2.2493-131  1.9092-132
       1.6174-133  1.3489-134  1.1175-135  9.2520-137  7.5431-138  6.1287-139  4.9450-140  3.9402-141  3.1395-142  2.4758-143
       1.9449-144  1.5159-145  1.1729-146  9.0271-148  6.9056-149  5.2632-150  3.9811-151  2.9977-152  2.2422-153  1.6698-154
       1.2803-155
  91   1.5794-109  3.5139-108  7.2454-107  1.3128-105  2.0781-104  2.8691-103  3.4628-102  3.6773-101  3.4735-100  2.9627E-99
       2.3243E-98  1.7109E-97  1.2031E-96  8.1796E-96  5.3868E-95  3.4024E-94  2.0183E-93  1.0923E-92  5.2157E-92  2.1217E-91
       7.1025E-91  1.8921E-90  3.8858E-90  6.0069E-90  7.0710E-90  6.9206E-90  5.7201E-90  3.9972E-90  2.3766E-90  1.2107E-90
       5.3153E-91  2.0221E-91  6.7340E-92  1.9941E-92  5.3506E-93  1.3256E-93  3.0752E-94  6.7214E-95  1.3905E-95  2.7294E-96
       5.0954E-97  9.0566E-98  1.5390E-98  2.5120E-99  3.9477-100  5.9712-101  8.7255-102  1.2373-102  1.7094-103  2.3054-104
       3.0328-105  3.8856-106  4.8493-107  5.9125-108  7.0668-109  8.2893-110  9.5297-111  1.0734-111  1.1882-112  1.2982-113
       1.3996-114  1.4812-115  1.5342-116  1.5636-117  1.5815-118  1.5869-119  1.5660-120  1.5152-121  1.4506-122  1.3828-123
       1.3020-124  1.2029-125  1.1011-126  1.0056-127  9.0610-129  8.0266-130  7.0900-131  6.2367-132  5.3873-133  4.6138-134
       3.9452-135  3.3242-136  2.7842-137  2.3267-138  1.9145-139  1.5676-140  1.2755-141  1.0266-142  8.2659-144  6.5721-145
       5.2089-146  4.0901-147  3.1900-148  2.4808-149  1.9153-150  1.4711-151  1.1222-152  8.5098-154  6.4175-155  4.8075-156
       3.7252-157
  92   3.0822-111  6.6223-110  1.3184-108  2.3040-107  3.5161-106  4.6799-105  5.4486-104  5.5887-103  5.1093-102  4.2304-101
       3.2344-100  2.3314E-99  1.6138E-98  1.0851E-97  7.0918E-97  4.4522E-96  2.6242E-95  1.4086E-94  6.6544E-94  2.6716E-93
       8.8114E-93  2.3119E-92  4.6853E-92  7.1824E-92  8.4444E-92  8.2778E-92  6.8868E-92  4.8700E-92  2.9408E-92  1.5241E-92
       6.8067E-93  2.6322E-93  8.9022E-94  2.6754E-94  7.2857E-95  1.8330E-95  4.3168E-96  9.5894E-97  2.0185E-97  4.0343E-98
       7.6539E-99  1.3810E-99  2.3805-100  3.9401-101  6.2737-102  9.6158-103  1.4249-103  2.0507-104  2.8767-105  3.9375-106
       5.2506-107  6.8093-108  8.5942-109  1.0596-109  1.2818-110  1.5232-111  1.7749-112  2.0255-113  2.2696-114  2.5074-115
       2.7322-116  2.9234-117  3.0632-118  3.1601-119  3.2347-120  3.2829-121  3.2741-122  3.2010-123  3.0979-124  2.9864-125
       2.8430-126  2.6541-127  2.4538-128  2.2635-129  2.0614-130  1.8461-131  1.6480-132  1.4633-133  1.2749-134  1.1019-135
       9.5222-137  8.1150-138  6.8588-139  5.7846-140  4.7942-141  3.9589-142  3.2559-143  2.6477-144  2.1491-145  1.7238-146
       1.3751-147  1.0893-148  8.5950-150  6.7372-151  5.2419-152  4.0550-153  3.1137-154  2.3883-155  1.8194-156  1.3674-157
       1.0666-158
  93   5.9283-113  1.2293-111  2.3623-110  3.9819-109  5.8593-108  7.5219-107  8.4535-106  8.3823-105  7.4252-104  5.9761-103
       4.4601-102  3.1538-101  2.1528-100  1.4341E-99  9.3142E-99  5.8172E-98  3.4080E-97  1.8143E-96  8.4773E-96  3.3579E-95
       1.0909E-94  2.8190E-94  5.6386E-94  8.5746E-94  1.0072E-93  9.8947E-94  8.2900E-94  5.9336E-94  3.6387E-94  1.9174E-94
       8.7052E-95  3.4191E-95  1.1735E-95  3.5775E-96  9.8849E-97  2.5249E-97  6.0366E-98  1.3633E-98  2.9205E-99  5.9381-100
       1.1442-100  2.0946-101  3.6612-102  6.1435-103  9.9076-104  1.5393-104  2.3144-105  3.3822-106  4.8172-107  6.6874-108
       9.0309-109  1.1847-109  1.5117-110  1.8855-111  2.3097-112  2.7817-113  3.2848-114  3.7952-115  4.3003-116  4.8012-117
       5.2881-118  5.7229-119  6.0689-120  6.3359-121  6.5594-122  6.7282-123  6.7801-124  6.7000-125  6.5569-126  6.3913-127
       6.1477-128  5.7951-129  5.4109-130  5.0455-131  4.6469-132  4.2060-133  3.7892-134  3.3926-135  2.9824-136  2.6058-137
       2.2786-138  1.9588-139  1.6706-140  1.4185-141  1.1857-142  9.9069-144  8.2287-145  6.7445-146  5.5192-147  4.4531-148
       3.5882-149  2.8753-150  2.2856-151  1.8060-152  1.4135-153  1.1034-154  8.5725-156  6.5963-157  5.0648-158  3.8344-159
       3.0010-160
  94   1.1238-114  2.2478-113  4.1684-112  6.7768-111  9.6179-110  1.1914-108  1.2934-107  1.2410-106  1.0664-105  8.3549-105
       6.0967-104  4.2370-103  2.8575-102  1.8890-101  1.2208-100  7.5905-100  4.4209E-99  2.3337E-98  1.0782E-97  4.2120E-97
       1.3476E-96  3.4297E-96  6.7726E-96  1.0221E-95  1.2001E-95  1.1826E-95  9.9794E-96  7.2312E-96  4.5021E-96  2.4109E-96
       1.1118E-96  4.4313E-97  1.5423E-97  4.7679E-98  1.3369E-98  3.4645E-99  8.4125-100  1.9321-100  4.2133-101  8.7039-102
       1.7023-102  3.1603-103  5.6000-104  9.5226-105  1.5555-105  2.4509-106  3.7413-107  5.5527-108  8.0269-109  1.1285-109
       1.5426-110  2.0461-111  2.6403-112  3.3334-113  4.1376-114  5.0506-115  6.0401-116  7.0588-117  8.0826-118  9.1190-119
       1.0157-119  1.1123-120  1.1936-121  1.2602-122  1.3185-123  1.3665-124  1.3919-125  1.3909-126  1.3763-127  1.3553-128
       1.3160-129  1.2526-130  1.1823-131  1.1154-132  1.0384-133  9.4819-135  8.6090-136  7.7769-137  6.9140-138  6.1137-139
       5.3914-140  4.6753-141  4.0118-142  3.4374-143  2.9115-144  2.4545-145  2.0546-146  1.6956-147  1.3960-148  1.1401-149
       9.2893-151  7.4915-152  6.0017-153  4.7661-154  3.7670-155  2.9562-156  2.3208-157  1.7877-158  1.3749-159  1.0591-160
       8.3302-162
  95   2.0996-116  4.0486-115  7.2433-114  1.1358-112  1.5552-111  1.8601-110  1.9521-109  1.8141-108  1.5141-107  1.1564-106
       8.2650-106  5.6559-105  3.7758-104  2.4810-103  1.5973-102  9.8929-102  5.7283-101  2.9976-100  1.3686E-99  5.2714E-99
       1.6605E-98  4.1629E-98  8.1187E-98  1.2169E-97  1.4293E-97  1.4133E-97  1.2016E-97  8.8160E-98  5.5706E-98  3.0293E-98
       1.4177E-98  5.7296E-99  2.0211E-99  6.3338-100  1.8020-100  4.7376-101  1.1688-101  2.7313-102  6.0567-103  1.2705-103
       2.5206-104  4.7440-105  8.5217-106  1.4673-106  2.4289-107  3.8837-108  6.0214-109  9.0766-110  1.3290-110  1.8919-111
       2.6165-112  3.5091-113  4.5819-114  5.8598-115  7.3723-116  9.1169-117  1.1032-117  1.3030-118  1.5075-119  1.7194-120
       1.9377-121  2.1474-122  2.3305-123  2.4862-124  2.6279-125  2.7532-126  2.8362-127  2.8654-128  2.8637-129  2.8459-130
       2.7899-131  2.6849-132  2.5649-133  2.4458-134  2.2964-135  2.1118-136  1.9344-137  1.7686-138  1.5911-139  1.4184-140
       1.2612-141  1.0996-142  9.5306-144  8.2836-145  7.0703-146  6.0101-147  5.0569-148  4.2042-149  3.5141-150  2.8914-151
       2.3717-152  1.9202-153  1.5468-154  1.2445-155  9.9777-157  7.8602-158  6.1501-159  4.8499-160  3.7269-161  2.8688-162
       2.3027-163
  96   3.8663-118  7.1830-117  1.2395-115  1.8750-114  2.4776-113  2.8625-112  2.9063-111  2.6188-110  2.1256-109  1.5852-108
       1.1117-107  7.5053-107  4.9689-106  3.2506-105  2.0869-104  1.2880-103  7.4135-103  3.8441-102  1.7337-101  6.5806-101
       2.0408-100  5.0404-100  9.7145-100  1.4471E-99  1.7018E-99  1.6893E-99  1.4477E-99  1.0754E-99  6.8928-100  3.8033-100
       1.8047-100  7.3897-101  2.6407-101  8.3909-102  2.4206-102  6.4590-103  1.6197-103  3.8513-104  8.6761-105  1.8470-105
       3.7150-106  7.0859-107  1.2900-107  2.2489-108  3.7746-109  6.1283-110  9.6541-111  1.4747-111  2.1865-112  3.1512-113
       4.4069-114  5.9793-115  7.9065-116  1.0249-116  1.3066-117  1.6356-118  2.0008-119  2.3876-120  2.7921-121  3.2218-122
       3.6742-123  4.1176-124  4.5147-125  4.8652-126  5.1987-127  5.5099-128  5.7396-129  5.8547-130  5.9012-131  5.9197-132
       5.8698-133  5.7215-134  5.5200-135  5.3077-136  5.0153-137  4.6530-138  4.3188-139  3.9939-140  3.6213-141  3.2515-142
       2.9062-143  2.5640-144  2.2535-145  1.9717-146  1.6966-147  1.4470-148  1.2310-149  1.0379-150  8.7420-152  7.2184-153
       5.9430-154  4.8893-155  4.0022-156  3.2185-157  2.5976-158  2.0725-159  1.6438-160  1.2922-161  1.0086-162  7.8762-164
       6.3048-165
  97   7.0168-120  1.2554-118  2.0892-117  3.0485-116  3.8891-115  4.3431-114  4.2698-113  3.7346-112  2.9526-111  2.1564-110
       1.4878-109  9.9296-109  6.5220-108  4.2497-107  2.7231-106  1.6751-105  9.5819-105  4.9205-104  2.1909-103  8.1924-103
       2.5010-102  6.0875-102  1.1605-101  1.7205-101  2.0260-101  2.0197-101  1.7456-101  1.3125-101  8.5283-102  4.7703-102
       2.2929-102  9.5060-103  3.4403-103  1.1084-103  3.2417-104  8.7833-105  2.2398-105  5.4153-106  1.2385-106  2.6737-107
       5.4500-108  1.0536-108  1.9421-109  3.4299-110  5.8418-111  9.6348-112  1.5395-112  2.3819-113  3.5755-114  5.2153-115
       7.3751-116  1.0131-116  1.3576-117  1.7837-118  2.3026-119  2.9146-120  3.6029-121  4.3459-122  5.1410-123  6.0027-124
       6.9218-125  7.8362-126  8.6781-127  9.4550-128  1.0224-128  1.0960-129  1.1523-130  1.1846-131  1.2049-132  1.2233-133
       1.2291-134  1.2085-135  1.1757-136  1.1368-137  1.0845-138  1.0216-139  9.5753-141  8.9229-142  8.1328-143  7.3464-144
       6.6691-145  5.9512-146  5.2658-147  4.6270-148  4.0019-149  3.4683-150  2.9952-151  2.5283-152  2.1346-153  1.7947-154
       1.5021-155  1.2280-156  1.0128-157  8.2496-159  6.6355-160  5.3710-161  4.2677-162  3.3989-163  2.6599-164  2.0921-165
       1.6917-166
  98   1.2552-121  2.1613-120  3.4681-119  4.8827-118  6.0158-117  6.4980-116  6.1927-115  5.2699-114  4.0736-113  2.9209-112
       1.9894-111  1.3148-110  8.5712-110  5.5526-109  3.5493-108  2.1763-107  1.2366-106  6.2852-106  2.7614-105  1.0169-104
       3.0561-104  7.3363-104  1.3846-103  2.0451-103  2.4121-103  2.4161-103  2.1069-103  1.6028-103  1.0550-103  5.9760-104
       2.9071-104  1.2196-104  4.4711-105  1.4597-105  4.3300-106  1.1919-106  3.0917-107  7.5924-108  1.7615-108  3.8542-109
       7.9592-110  1.5593-110  2.9093-111  5.2096-112  9.0087-113  1.5085-113  2.4417-114  3.8250-115  5.8140-116  8.5757-117
       1.2273-117  1.7082-118  2.3204-119  3.0876-120  4.0317-121  5.1582-122  6.4464-123  7.8670-124  9.4164-125  1.1115-125
       1.2943-126  1.4799-127  1.6576-128  1.8289-129  1.9989-130  2.1623-131  2.2897-132  2.3750-133  2.4472-134  2.5161-135
       2.5486-136  2.5257-137  2.4691-138  2.4149-139  2.3412-140  2.2224-141  2.0996-142  1.9631-143  1.8075-144  1.6613-145
       1.5214-146  1.3629-147  1.2107-148  1.0786-149  9.5108-151  8.2601-152  7.1364-153  6.1213-154  5.2471-155  4.3827-156
       3.6955-157  3.0775-158  2.5210-159  2.0832-160  1.6922-161  1.3677-162  1.0994-163  8.7769-165  6.9990-166  5.5130-167
       4.5396-168
  99   2.2131-123  3.6661-122  5.6716-121  7.7051-120  9.1736-119  9.5962-118  8.8965-117  7.3896-116  5.6031-115  3.9585-114
       2.6636-113  1.7436-112  1.1280-111  7.2599-111  4.6218-110  2.8243-109  1.5933-108  8.0095-108  3.4702-107  1.2582-106
       3.7233-106  8.8233-106  1.6514-105  2.4307-105  2.8725-105  2.8922-105  2.5456-105  1.9583-105  1.3044-105  7.4754-106
       3.6774-106  1.5607-106  5.7966-107  1.9172-107  5.7711-108  1.6145-108  4.2586-109  1.0613-109  2.4962-110  5.5327-111
       1.1577-111  2.2959-112  4.3397-113  7.8852-114  1.3851-114  2.3501-115  3.8517-116  6.1085-117  9.3980-118  1.4023-118
       2.0328-119  2.8677-120  3.9456-121  5.3116-122  7.0119-123  9.0727-124  1.1476-124  1.4167-125  1.7141-126  2.0423-127
       2.4018-128  2.7792-129  3.1532-130  3.5116-131  3.8751-132  4.2180-133  4.5092-134  4.7487-135  4.9463-136  5.1255-137
       5.2237-138  5.2046-139  5.1664-140  5.1239-141  5.0019-142  4.7720-143  4.5345-144  4.3116-145  4.0299-146  3.7096-147
       3.4148-148  3.1009-149  2.8059-150  2.5051-151  2.2105-152  1.9465-153  1.7018-154  1.4560-155  1.2544-156  1.0676-157
       9.0075-159  7.5638-160  6.3115-161  5.2507-162  4.3131-163  3.5212-164  2.8669-165  2.3198-166  1.8569-167  1.4740-168
       1.2118-169
 100   3.8471-125  6.1285-124  9.1406-123  1.1991-121  1.3828-120  1.4059-119  1.2709-118  1.0348-117  7.7133-117  5.3707-116
       3.5711-115  2.3157-114  1.4868-113  9.5060-113  6.0161-112  3.6609-111  2.0491-110  1.0180-109  4.3471-109  1.5515-108
       4.5252-108  1.0597-107  1.9689-107  2.8892-107  3.4225-107  3.4654-107  3.0790-107  2.3935-107  1.6117-107  9.3346-108
       4.6408-108  1.9929-108  7.4944-109  2.5124-109  7.6791-110  2.1846-110  5.8520-111  1.4789-111  3.5238-112  7.9094-113
       1.6767-113  3.3656-114  6.4508-115  1.1902-115  2.1201-116  3.6429-117  6.0444-118  9.7073-119  1.5107-119  2.2826-120
       3.3535-121  4.7901-122  6.6684-123  9.0768-124  1.2123-124  1.5882-125  2.0312-126  2.5344-127  3.0938-128  3.7225-129
       4.4355-130  5.1962-131  5.9470-132  6.6874-133  7.4173-134  8.1659-135  8.8751-136  9.4286-137  9.9013-138  1.0302-138
       1.0603-139  1.0758-140  1.0784-141  1.0739-142  1.0535-143  1.0187-144  9.8710-146  9.4123-147  8.8285-148  8.2405-149
       7.7058-150  6.9954-151  6.3593-152  5.7536-153  5.1194-154  4.5223-155  3.9762-156  3.4507-157  2.9891-158  2.5602-159
       2.1816-160  1.8528-161  1.5523-162  1.3001-163  1.0689-164  8.7966-166  7.2029-167  5.8986-168  4.7972-169  3.8442-170
       3.1902-171
 101   6.7256-127  1.0294-125  1.4797-124  1.8783-123  2.1044-122  2.0878-121  1.8482-120  1.4771-119  1.0830-118  7.4335-118
       4.8825-117  3.1330-116  1.9931-115  1.2636-114  7.9480-114  4.8117-113  2.6698-112  1.3089-111  5.4998-111  1.9305-110
       5.5543-110  1.2880-109  2.3759-109  3.4762-109  4.1287-109  4.2081-109  3.7740-109  2.9614-109  2.0130-109  1.1768-109
       5.9117-110  2.5712-110  9.7892-111  3.3270-111  1.0332-111  2.9911-112  8.1274-113  2.0800-113  5.0174-114  1.1416-114
       2.4512-115  4.9835-116  9.6930-117  1.8170-117  3.2773-118  5.6989-119  9.5779-120  1.5581-120  2.4547-121  3.7600-122
       5.5917-123  8.0821-124  1.1381-124  1.5673-125  2.1224-126  2.8087-127  3.6248-128  4.5736-129  5.6283-130  6.8617-131
       8.3009-132  9.7722-133  1.1280-133  1.2761-134  1.4290-135  1.6091-136  1.7503-137  1.8730-138  1.9766-139  2.0810-140
       2.1872-141  2.2051-142  2.2464-143  2.2399-144  2.2597-145  2.1695-146  2.1301-147  2.0362-148  1.9607-149  1.8121-150
       1.7115-151  1.5769-152  1.4304-153  1.3244-154  1.1827-155  1.0500-156  9.4293-158  8.2470-159  7.1509-160  6.2004-161
       5.3323-162  4.5390-163  3.7852-164  3.1483-165  2.5856-166  2.1521-167  1.8178-168  1.5144-169  1.2096-170  9.8163-172
       8.3178-173

 CONCENTRATION WILL BE SAVED ON UNIT 1029 AT END OF TIME STEP    1, STRESS PERIOD    1


  MASS BUDGET FOR ENTIRE MODEL AT END OF TIME STEP    1, STRESS PERIOD   1
  ---------------------------------------------------------------------------------------------------

     CUMULATIVE MASS      M       RATES FOR THIS TIME STEP      M/T          PACKAGE NAME    
     ------------------                 ------------------------                     ----------------

           IN:                                      IN:
           ---                                      ---
     STORAGE-AQUEOUS =           0.0000       STORAGE-AQUEOUS =           0.0000     MST                              
                 WEL =           0.0000                   WEL =           0.0000     SSM_WEL-1                        
                 CHD =           0.0000                   CHD =           0.0000     SSM_CHD-1                        
                 CNC =        3509.0767                   CNC =        3509.0767     CNC                              

            TOTAL IN =        3509.0767              TOTAL IN =        3509.0767

          OUT:                                     OUT:
          ----                                     ----
     STORAGE-AQUEOUS =        3509.0767       STORAGE-AQUEOUS =        3509.0767     MST                              
                 WEL =           0.0000                   WEL =           0.0000     SSM_WEL-1                        
                 CHD =       8.1595E-98                   CHD =       8.1595E-98     SSM_CHD-1                        
                 CNC =           0.0000                   CNC =           0.0000     CNC                              

           TOTAL OUT =        3509.0767             TOTAL OUT =        3509.0767

            IN - OUT =       8.0036E-11              IN - OUT =       8.0036E-11

 PERCENT DISCREPANCY =           0.00     PERCENT DISCREPANCY =           0.00




         TIME SUMMARY AT END OF TIME STEP    1 IN STRESS PERIOD    1
                    SECONDS     MINUTES      HOURS       DAYS        YEARS
                    -----------------------------------------------------------
   TIME STEP LENGTH  86400.      1440.0      24.000      1.0000     2.73785E-03
 STRESS PERIOD TIME  86400.      1440.0      24.000      1.0000     2.73785E-03
         TOTAL TIME  86400.      1440.0      24.000      1.0000     2.73785E-03


end timestep


start timestep kper="2" kstp="1" mode="normal"


 END OF FILE DETECTED IN OUTPUT CONTROL.
 CURRENT OUTPUT CONTROL SETTINGS WILL BE 
 REPEATED UNTIL THE END OF THE SIMULATION.

 OUTPUT CONTROL FOR STRESS PERIOD 2 IS REPEATED USING SETTINGS FROM A PREVIOUS STRESS PERIOD.

end timestep


start timestep kper="2" kstp="2" mode="normal"


end timestep


start timestep kper="2" kstp="3" mode="normal"


end timestep


start timestep kper="2" kstp="4" mode="normal"


end timestep


start timestep kper="2" kstp="5" mode="normal"


end timestep


start timestep kper="2" kstp="6" mode="normal"


end timestep


start timestep kper="2" kstp="7" mode="normal"


end timestep


start timestep kper="2" kstp="8" mode="normal"


end timestep


start timestep kper="2" kstp="9" mode="normal"


end timestep


start timestep kper="2" kstp="10" mode="normal"


end timestep


start timestep kper="2" kstp="11" mode="normal"


end timestep


start timestep kper="2" kstp="12" mode="normal"


end timestep


start timestep kper="2" kstp="13" mode="normal"


end timestep


start timestep kper="2" kstp="14" mode="normal"


end timestep


start timestep kper="2" kstp="15" mode="normal"


end timestep


start timestep kper="2" kstp="16" mode="normal"


end timestep


start timestep kper="2" kstp="17" mode="normal"


end timestep


start timestep kper="2" kstp="18" mode="normal"


end timestep


start timestep kper="2" kstp="19" mode="normal"


end timestep


start timestep kper="2" kstp="20" mode="normal"


end timestep


start timestep kper="2" kstp="21" mode="normal"


end timestep


start timestep kper="2" kstp="22" mode="normal"


end timestep


start timestep kper="2" kstp="23" mode="normal"


end timestep


start timestep kper="2" kstp="24" mode="normal"


end timestep


start timestep kper="2" kstp="25" mode="normal"


end timestep


start timestep kper="2" kstp="26" mode="normal"


end timestep


start timestep kper="2" kstp="27" mode="normal"


end timestep


start timestep kper="2" kstp="28" mode="normal"


end timestep


start timestep kper="2" kstp="29" mode="normal"


end timestep


start timestep kper="2" kstp="30" mode="normal"


end timestep


start timestep kper="2" kstp="31" mode="normal"


end timestep


start timestep kper="2" kstp="32" mode="normal"


end timestep


start timestep kper="2" kstp="33" mode="normal"


end timestep


start timestep kper="2" kstp="34" mode="normal"


end timestep


start timestep kper="2" kstp="35" mode="normal"


end timestep


start timestep kper="2" kstp="36" mode="normal"


end timestep


start timestep kper="2" kstp="37" mode="normal"


end timestep


start timestep kper="2" kstp="38" mode="normal"


end timestep


start timestep kper="2" kstp="39" mode="normal"


end timestep


start timestep kper="2" kstp="40" mode="normal"


end timestep


start timestep kper="2" kstp="41" mode="normal"


end timestep


start timestep kper="2" kstp="42" mode="normal"


end timestep


start timestep kper="2" kstp="43" mode="normal"


end timestep


start timestep kper="2" kstp="44" mode="normal"


end timestep


start timestep kper="2" kstp="45" mode="normal"


end timestep


start timestep kper="2" kstp="46" mode="normal"


end timestep


start timestep kper="2" kstp="47" mode="normal"


end timestep


start timestep kper="2" kstp="48" mode="normal"


end timestep


start timestep kper="2" kstp="49" mode="normal"


end timestep


start timestep kper="2" kstp="50" mode="normal"


end timestep


start timestep kper="2" kstp="51" mode="normal"


end timestep


start timestep kper="2" kstp="52" mode="normal"


end timestep


start timestep kper="2" kstp="53" mode="normal"


end timestep


start timestep kper="2" kstp="54" mode="normal"


end timestep


start timestep kper="2" kstp="55" mode="normal"


end timestep


start timestep kper="2" kstp="56" mode="normal"


end timestep


start timestep kper="2" kstp="57" mode="normal"


end timestep


start timestep kper="2" kstp="58" mode="normal"


end timestep


start timestep kper="2" kstp="59" mode="normal"


end timestep


start timestep kper="2" kstp="60" mode="normal"


end timestep


start timestep kper="2" kstp="61" mode="normal"


end timestep


start timestep kper="2" kstp="62" mode="normal"


end timestep


start timestep kper="2" kstp="63" mode="normal"


end timestep


start timestep kper="2" kstp="64" mode="normal"


end timestep


start timestep kper="2" kstp="65" mode="normal"


end timestep


start timestep kper="2" kstp="66" mode="normal"


end timestep


start timestep kper="2" kstp="67" mode="normal"


end timestep


start timestep kper="2" kstp="68" mode="normal"


end timestep


start timestep kper="2" kstp="69" mode="normal"


end timestep


start timestep kper="2" kstp="70" mode="normal"


end timestep


start timestep kper="2" kstp="71" mode="normal"


end timestep


start timestep kper="2" kstp="72" mode="normal"


end timestep


start timestep kper="2" kstp="73" mode="normal"


end timestep


start timestep kper="2" kstp="74" mode="normal"


end timestep


start timestep kper="2" kstp="75" mode="normal"


end timestep


start timestep kper="2" kstp="76" mode="normal"


end timestep


start timestep kper="2" kstp="77" mode="normal"


end timestep


start timestep kper="2" kstp="78" mode="normal"


end timestep


start timestep kper="2" kstp="79" mode="normal"


end timestep


start timestep kper="2" kstp="80" mode="normal"


end timestep


start timestep kper="2" kstp="81" mode="normal"


end timestep


start timestep kper="2" kstp="82" mode="normal"


end timestep


start timestep kper="2" kstp="83" mode="normal"


end timestep


start timestep kper="2" kstp="84" mode="normal"


end timestep


start timestep kper="2" kstp="85" mode="normal"


end timestep


start timestep kper="2" kstp="86" mode="normal"


end timestep


start timestep kper="2" kstp="87" mode="normal"


end timestep


start timestep kper="2" kstp="88" mode="normal"


end timestep


start timestep kper="2" kstp="89" mode="normal"


end timestep


start timestep kper="2" kstp="90" mode="normal"


end timestep


start timestep kper="2" kstp="91" mode="normal"


end timestep


start timestep kper="2" kstp="92" mode="normal"


end timestep


start timestep kper="2" kstp="93" mode="normal"


end timestep


start timestep kper="2" kstp="94" mode="normal"


end timestep


start timestep kper="2" kstp="95" mode="normal"


end timestep


start timestep kper="2" kstp="96" mode="normal"


end timestep


start timestep kper="2" kstp="97" mode="normal"


end timestep


start timestep kper="2" kstp="98" mode="normal"


end timestep


start timestep kper="2" kstp="99" mode="normal"


end timestep


start timestep kper="2" kstp="100" mode="normal"


end timestep


start timestep kper="2" kstp="101" mode="normal"


end timestep


start timestep kper="2" kstp="102" mode="normal"


end timestep


start timestep kper="2" kstp="103" mode="normal"


end timestep


start timestep kper="2" kstp="104" mode="normal"


end timestep


start timestep kper="2" kstp="105" mode="normal"


end timestep


start timestep kper="2" kstp="106" mode="normal"


end timestep


start timestep kper="2" kstp="107" mode="normal"


end timestep


start timestep kper="2" kstp="108" mode="normal"


end timestep


start timestep kper="2" kstp="109" mode="normal"


end timestep


start timestep kper="2" kstp="110" mode="normal"


end timestep


start timestep kper="2" kstp="111" mode="normal"


end timestep


start timestep kper="2" kstp="112" mode="normal"


end timestep


start timestep kper="2" kstp="113" mode="normal"


end timestep


start timestep kper="2" kstp="114" mode="normal"


end timestep


start timestep kper="2" kstp="115" mode="normal"


end timestep


start timestep kper="2" kstp="116" mode="normal"


end timestep


start timestep kper="2" kstp="117" mode="normal"


end timestep


start timestep kper="2" kstp="118" mode="normal"


end timestep


start timestep kper="2" kstp="119" mode="normal"


end timestep


start timestep kper="2" kstp="120" mode="normal"


end timestep


start timestep kper="2" kstp="121" mode="normal"


end timestep


start timestep kper="2" kstp="122" mode="normal"


end timestep


start timestep kper="2" kstp="123" mode="normal"


end timestep


start timestep kper="2" kstp="124" mode="normal"


end timestep


start timestep kper="2" kstp="125" mode="normal"


end timestep


start timestep kper="2" kstp="126" mode="normal"


end timestep


start timestep kper="2" kstp="127" mode="normal"


end timestep


start timestep kper="2" kstp="128" mode="normal"


end timestep


start timestep kper="2" kstp="129" mode="normal"


end timestep


start timestep kper="2" kstp="130" mode="normal"


end timestep


start timestep kper="2" kstp="131" mode="normal"


end timestep


start timestep kper="2" kstp="132" mode="normal"


end timestep


start timestep kper="2" kstp="133" mode="normal"


end timestep


start timestep kper="2" kstp="134" mode="normal"


end timestep


start timestep kper="2" kstp="135" mode="normal"


end timestep


start timestep kper="2" kstp="136" mode="normal"


end timestep


start timestep kper="2" kstp="137" mode="normal"


end timestep


start timestep kper="2" kstp="138" mode="normal"


end timestep


start timestep kper="2" kstp="139" mode="normal"


end timestep


start timestep kper="2" kstp="140" mode="normal"


end timestep


start timestep kper="2" kstp="141" mode="normal"


end timestep


start timestep kper="2" kstp="142" mode="normal"


end timestep


start timestep kper="2" kstp="143" mode="normal"


end timestep


start timestep kper="2" kstp="144" mode="normal"


end timestep


start timestep kper="2" kstp="145" mode="normal"


end timestep


start timestep kper="2" kstp="146" mode="normal"


end timestep


start timestep kper="2" kstp="147" mode="normal"


end timestep


start timestep kper="2" kstp="148" mode="normal"


end timestep


start timestep kper="2" kstp="149" mode="normal"


end timestep


start timestep kper="2" kstp="150" mode="normal"


end timestep


start timestep kper="2" kstp="151" mode="normal"


end timestep


start timestep kper="2" kstp="152" mode="normal"


end timestep


start timestep kper="2" kstp="153" mode="normal"


end timestep


start timestep kper="2" kstp="154" mode="normal"


end timestep


start timestep kper="2" kstp="155" mode="normal"


end timestep


start timestep kper="2" kstp="156" mode="normal"


end timestep


start timestep kper="2" kstp="157" mode="normal"


end timestep


start timestep kper="2" kstp="158" mode="normal"


end timestep


start timestep kper="2" kstp="159" mode="normal"


end timestep


start timestep kper="2" kstp="160" mode="normal"


end timestep


start timestep kper="2" kstp="161" mode="normal"


end timestep


start timestep kper="2" kstp="162" mode="normal"


end timestep


start timestep kper="2" kstp="163" mode="normal"


end timestep


start timestep kper="2" kstp="164" mode="normal"


end timestep


start timestep kper="2" kstp="165" mode="normal"


end timestep


start timestep kper="2" kstp="166" mode="normal"


end timestep


start timestep kper="2" kstp="167" mode="normal"


end timestep


start timestep kper="2" kstp="168" mode="normal"


end timestep


start timestep kper="2" kstp="169" mode="normal"


end timestep


start timestep kper="2" kstp="170" mode="normal"


end timestep


start timestep kper="2" kstp="171" mode="normal"


end timestep


start timestep kper="2" kstp="172" mode="normal"


end timestep


start timestep kper="2" kstp="173" mode="normal"


end timestep


start timestep kper="2" kstp="174" mode="normal"


end timestep


start timestep kper="2" kstp="175" mode="normal"


end timestep


start timestep kper="2" kstp="176" mode="normal"


end timestep


start timestep kper="2" kstp="177" mode="normal"


end timestep


start timestep kper="2" kstp="178" mode="normal"


end timestep


start timestep kper="2" kstp="179" mode="normal"


end timestep


start timestep kper="2" kstp="180" mode="normal"


end timestep


start timestep kper="2" kstp="181" mode="normal"


end timestep


start timestep kper="2" kstp="182" mode="normal"


end timestep


start timestep kper="2" kstp="183" mode="normal"


end timestep


start timestep kper="2" kstp="184" mode="normal"


end timestep


start timestep kper="2" kstp="185" mode="normal"


end timestep


start timestep kper="2" kstp="186" mode="normal"


end timestep


start timestep kper="2" kstp="187" mode="normal"


end timestep


start timestep kper="2" kstp="188" mode="normal"


end timestep


start timestep kper="2" kstp="189" mode="normal"


end timestep


start timestep kper="2" kstp="190" mode="normal"


end timestep


start timestep kper="2" kstp="191" mode="normal"


end timestep


start timestep kper="2" kstp="192" mode="normal"


end timestep


start timestep kper="2" kstp="193" mode="normal"


end timestep


start timestep kper="2" kstp="194" mode="normal"


end timestep


start timestep kper="2" kstp="195" mode="normal"


end timestep


start timestep kper="2" kstp="196" mode="normal"


end timestep


start timestep kper="2" kstp="197" mode="normal"


end timestep


start timestep kper="2" kstp="198" mode="normal"


end timestep


start timestep kper="2" kstp="199" mode="normal"


end timestep


start timestep kper="2" kstp="200" mode="normal"


end timestep


start timestep kper="2" kstp="201" mode="normal"


end timestep


start timestep kper="2" kstp="202" mode="normal"


end timestep


start timestep kper="2" kstp="203" mode="normal"


end timestep


start timestep kper="2" kstp="204" mode="normal"


end timestep


start timestep kper="2" kstp="205" mode="normal"


end timestep


start timestep kper="2" kstp="206" mode="normal"


end timestep


start timestep kper="2" kstp="207" mode="normal"


end timestep


start timestep kper="2" kstp="208" mode="normal"


end timestep


start timestep kper="2" kstp="209" mode="normal"


end timestep


start timestep kper="2" kstp="210" mode="normal"


end timestep


start timestep kper="2" kstp="211" mode="normal"


end timestep


start timestep kper="2" kstp="212" mode="normal"


end timestep


start timestep kper="2" kstp="213" mode="normal"


end timestep


start timestep kper="2" kstp="214" mode="normal"


end timestep


start timestep kper="2" kstp="215" mode="normal"


end timestep


start timestep kper="2" kstp="216" mode="normal"


end timestep


start timestep kper="2" kstp="217" mode="normal"


end timestep


start timestep kper="2" kstp="218" mode="normal"


end timestep


start timestep kper="2" kstp="219" mode="normal"


end timestep


start timestep kper="2" kstp="220" mode="normal"


end timestep


start timestep kper="2" kstp="221" mode="normal"


end timestep


start timestep kper="2" kstp="222" mode="normal"


end timestep


start timestep kper="2" kstp="223" mode="normal"


end timestep


start timestep kper="2" kstp="224" mode="normal"


end timestep


start timestep kper="2" kstp="225" mode="normal"


end timestep


start timestep kper="2" kstp="226" mode="normal"


end timestep


start timestep kper="2" kstp="227" mode="normal"


end timestep


start timestep kper="2" kstp="228" mode="normal"


end timestep


start timestep kper="2" kstp="229" mode="normal"


end timestep


start timestep kper="2" kstp="230" mode="normal"


end timestep


start timestep kper="2" kstp="231" mode="normal"


end timestep


start timestep kper="2" kstp="232" mode="normal"


end timestep


start timestep kper="2" kstp="233" mode="normal"


end timestep


start timestep kper="2" kstp="234" mode="normal"


end timestep


start timestep kper="2" kstp="235" mode="normal"


end timestep


start timestep kper="2" kstp="236" mode="normal"


end timestep


start timestep kper="2" kstp="237" mode="normal"


end timestep


start timestep kper="2" kstp="238" mode="normal"


end timestep


start timestep kper="2" kstp="239" mode="normal"


end timestep


start timestep kper="2" kstp="240" mode="normal"


end timestep


start timestep kper="2" kstp="241" mode="normal"


end timestep


start timestep kper="2" kstp="242" mode="normal"


end timestep


start timestep kper="2" kstp="243" mode="normal"


end timestep


start timestep kper="2" kstp="244" mode="normal"


end timestep


start timestep kper="2" kstp="245" mode="normal"


end timestep


start timestep kper="2" kstp="246" mode="normal"


end timestep


start timestep kper="2" kstp="247" mode="normal"


end timestep


start timestep kper="2" kstp="248" mode="normal"


end timestep


start timestep kper="2" kstp="249" mode="normal"


end timestep


start timestep kper="2" kstp="250" mode="normal"

1
  CONCENTRATION IN LAYER   1 AT END OF TIME STEP 250 IN STRESS PERIOD    2
  ---------------------------------------------------------------------------

 ........................................................................................................................................................................................................................................................................................................................................................................................................................................................................................................................................................................................................................................................................................................................................................................................................................................................................................................................................................................................................................................
   1   4.4964E-12  8.0743E-12  1.3592E-11  2.1891E-11  3.4120E-11  5.1825E-11  7.7072E-11  1.1259E-10  1.6194E-10  2.2977E-10
       3.2205E-10  4.4640E-10  6.1251E-10  8.3265E-10  1.1222E-09  1.5005E-09  1.9918E-09  2.6263E-09  3.4419E-09  4.4863E-09
       5.8194E-09  7.5174E-09  9.6773E-09  1.2423E-08  1.5916E-08  2.0363E-08  2.6035E-08  3.3285E-08  4.2576E-08  5.4511E-08
       6.9881E-08  8.9710E-08  1.1533E-07  1.4845E-07  1.9131E-07  2.4672E-07  3.1825E-07  4.1042E-07  5.2892E-07  6.8087E-07
       8.7512E-07  1.1224E-06  1.4359E-06  1.8314E-06  2.3285E-06  2.9503E-06  3.7237E-06  4.6798E-06  5.8541E-06  7.2884E-06
       9.0295E-06  1.1129E-05  1.3641E-05  1.6621E-05  2.0132E-05  2.4236E-05  2.8998E-05  3.4474E-05  4.0712E-05  4.7757E-05
       5.5645E-05  6.4399E-05  7.4025E-05  8.4505E-05  9.5803E-05  1.0786E-04  1.2061E-04  1.3395E-04  1.4776E-04  1.6192E-04
       1.7625E-04  1.9056E-04  2.0469E-04  2.1846E-04  2.3172E-04  2.4431E-04  2.5596E-04  2.6634E-04  2.7539E-04  2.8311E-04
       2.8944E-04  2.9436E-04  2.9758E-04  2.9872E-04  2.9792E-04  2.9557E-04  2.9184E-04  2.8675E-04  2.8019E-04  2.7194E-04
       2.6221E-04  2.5156E-04  2.4027E-04  2.2841E-04  2.1603E-04  2.0319E-04  1.9017E-04  1.7746E-04  1.6563E-04  1.5550E-04
       1.4874E-04
   2   6.3305E-12  1.1358E-11  1.9095E-11  3.0708E-11  4.7781E-11  7.2446E-11  1.0754E-10  1.5679E-10  2.2507E-10  3.1869E-10
       4.4572E-10  6.1646E-10  8.4394E-10  1.1446E-09  1.5388E-09  2.0524E-09  2.7174E-09  3.5736E-09  4.6711E-09  6.0724E-09
       7.8565E-09  1.0124E-08  1.3002E-08  1.6655E-08  2.1296E-08  2.7203E-08  3.4737E-08  4.4373E-08  5.6730E-08  7.2623E-08
       9.3120E-08  1.1961E-07  1.5389E-07  1.9828E-07  2.5575E-07  3.3011E-07  4.2622E-07  5.5018E-07  7.0958E-07  9.1388E-07
       1.1750E-06  1.5076E-06  1.9297E-06  2.4627E-06  3.1323E-06  3.9695E-06  5.0119E-06  6.3028E-06  7.8913E-06  9.8322E-06
       1.2188E-05  1.5028E-05  1.8432E-05  2.2478E-05  2.7246E-05  3.2817E-05  3.9274E-05  4.6698E-05  5.5161E-05  6.4716E-05
       7.5400E-05  8.7237E-05  1.0023E-04  1.1436E-04  1.2957E-04  1.4578E-04  1.6288E-04  1.8071E-04  1.9911E-04  2.1790E-04
       2.3691E-04  2.5593E-04  2.7459E-04  2.9263E-04  3.0981E-04  3.2592E-04  3.4097E-04  3.5474E-04  3.6655E-04  3.7608E-04
       3.8346E-04  3.8865E-04  3.9206E-04  3.9377E-04  3.9284E-04  3.8898E-04  3.8286E-04  3.7475E-04  3.6515E-04  3.5442E-04
       3.4195E-04  3.2761E-04  3.1204E-04  2.9572E-04  2.7900E-04  2.6215E-04  2.4526E-04  2.2859E-04  2.1294E-04  1.9958E-04
       1.9071E-04
   3   1.0765E-11  1.9293E-11  3.2383E-11  5.1979E-11  8.0715E-11  1.2212E-10  1.8087E-10  2.6312E-10  3.7683E-10  5.3228E-10
       7.4260E-10  1.0244E-09  1.3987E-09  1.8915E-09  2.5357E-09  3.3718E-09  4.4501E-09  5.8335E-09  7.6000E-09  9.8477E-09
       1.2700E-08  1.6314E-08  2.0890E-08  2.6689E-08  3.4047E-08  4.3406E-08  5.5347E-08  7.0633E-08  9.0268E-08  1.1557E-07
       1.4826E-07  1.9059E-07  2.4548E-07  3.1669E-07  4.0899E-07  5.2849E-07  6.8295E-07  8.8221E-07  1.1385E-06  1.4671E-06
       1.8867E-06  2.4209E-06  3.0986E-06  3.9551E-06  5.0323E-06  6.3801E-06  8.0581E-06  1.0137E-05  1.2699E-05  1.5835E-05
       1.9647E-05  2.4246E-05  2.9755E-05  3.6308E-05  4.4037E-05  5.3074E-05  6.3544E-05  7.5568E-05  8.9257E-05  1.0470E-04
       1.2195E-04  1.4103E-04  1.6192E-04  1.8458E-04  2.0891E-04  2.3476E-04  2.6194E-04  2.9022E-04  3.1928E-04  3.4881E-04
       3.7846E-04  4.0792E-04  4.3697E-04  4.6503E-04  4.9146E-04  5.1593E-04  5.3813E-04  5.5796E-04  5.7559E-04  5.9023E-04
       6.0081E-04  6.0757E-04  6.1077E-04  6.1058E-04  6.0778E-04  6.0182E-04  5.9159E-04  5.7770E-04  5.6114E-04  5.4218E-04
       5.2157E-04  4.9932E-04  4.7501E-04  4.4915E-04  4.2263E-04  3.9586E-04  3.6934E-04  3.4361E-04  3.1951E-04  2.9887E-04
       2.8519E-04
   4   1.9665E-11  3.5211E-11  5.9026E-11  9.4608E-11  1.4669E-10  2.2159E-10  3.2768E-10  4.7591E-10  6.8046E-10  9.5953E-10
       1.3363E-09  1.8400E-09  2.5072E-09  3.3836E-09  4.5257E-09  6.0037E-09  7.9043E-09  1.0335E-08  1.3429E-08  1.7354E-08
       2.2321E-08  2.8599E-08  3.6534E-08  4.6575E-08  5.9308E-08  7.5504E-08  9.6179E-08  1.2268E-07  1.5678E-07  2.0082E-07
       2.5783E-07  3.3176E-07  4.2775E-07  5.5237E-07  7.1399E-07  9.2320E-07  1.1933E-06  1.5413E-06  1.9883E-06  2.5607E-06
       3.2912E-06  4.2198E-06  5.3965E-06  6.8825E-06  8.7521E-06  1.1093E-05  1.4009E-05  1.7622E-05  2.2076E-05  2.7532E-05
       3.4173E-05  4.2192E-05  5.1799E-05  6.3220E-05  7.6690E-05  9.2438E-05  1.1068E-04  1.3160E-04  1.5538E-04  1.8216E-04
       2.1201E-04  2.4496E-04  2.8096E-04  3.1989E-04  3.6154E-04  4.0564E-04  4.5182E-04  4.9970E-04  5.4876E-04  5.9840E-04
       6.4799E-04  6.9689E-04  7.4447E-04  7.9044E-04  8.3411E-04  8.7417E-04  9.0983E-04  9.4089E-04  9.6697E-04  9.8856E-04
       1.0053E-03  1.0154E-03  1.0184E-03  1.0153E-03  1.0065E-03  9.9288E-04  9.7481E-04  9.5110E-04  9.2173E-04  8.8826E-04
       8.5153E-04  8.1237E-04  7.7133E-04  7.2833E-04  6.8379E-04  6.3885E-04  5.9448E-04  5.5165E-04  5.1186E-04  4.7787E-04
       4.5533E-04
   5   3.6786E-11  6.5823E-11  1.1025E-10  1.7654E-10  2.7348E-10  4.1275E-10  6.0984E-10  8.8495E-10  1.2642E-09  1.7812E-09
       2.4782E-09  3.4089E-09  4.6399E-09  6.2540E-09  8.3537E-09  1.1065E-08  1.4544E-08  1.8983E-08  2.4620E-08  3.1756E-08
       4.0768E-08  5.2140E-08  6.6495E-08  8.4647E-08  1.0767E-07  1.3697E-07  1.7442E-07  2.2249E-07  2.8448E-07  3.6467E-07
       4.6867E-07  6.0372E-07  7.7908E-07  1.0066E-06  1.3014E-06  1.6825E-06  2.1734E-06  2.8040E-06  3.6116E-06  4.6431E-06
       5.9566E-06  7.6238E-06  9.7327E-06  1.2392E-05  1.5734E-05  1.9919E-05  2.5135E-05  3.1600E-05  3.9569E-05  4.9332E-05
       6.1216E-05  7.5576E-05  9.2784E-05  1.1323E-04  1.3732E-04  1.6545E-04  1.9799E-04  2.3528E-04  2.7757E-04  3.2508E-04
       3.7791E-04  4.3605E-04  4.9939E-04  5.6766E-04  6.4046E-04  7.1723E-04  7.9728E-04  8.7981E-04  9.6399E-04  1.0490E-03
       1.1336E-03  1.2165E-03  1.2965E-03  1.3726E-03  1.4441E-03  1.5104E-03  1.5697E-03  1.6199E-03  1.6606E-03  1.6918E-03
       1.7141E-03  1.7276E-03  1.7310E-03  1.7224E-03  1.7029E-03  1.6743E-03  1.6376E-03  1.5939E-03  1.5428E-03  1.4840E-03
       1.4190E-03  1.3498E-03  1.2776E-03  1.2035E-03  1.1277E-03  1.0514E-03  9.7599E-04  9.0343E-04  8.3633E-04  7.7926E-04
       7.4143E-04
   6   6.9371E-11  1.2408E-10  2.0772E-10  3.3248E-10  5.1486E-10  7.7687E-10  1.1476E-09  1.6652E-09  2.3787E-09  3.3510E-09
       4.6620E-09  6.4115E-09  8.7242E-09  1.1754E-08  1.5692E-08  2.0770E-08  2.7277E-08  3.5566E-08  4.6078E-08  5.9363E-08
       7.6119E-08  9.7242E-08  1.2389E-07  1.5759E-07  2.0035E-07  2.5484E-07  3.2463E-07  4.1441E-07  5.3039E-07  6.8070E-07
       8.7588E-07  1.1295E-06  1.4585E-06  1.8848E-06  2.4354E-06  3.1447E-06  4.0552E-06  5.2200E-06  6.7054E-06  8.5944E-06
       1.0991E-05  1.4026E-05  1.7857E-05  2.2680E-05  2.8733E-05  3.6306E-05  4.5744E-05  5.7448E-05  7.1876E-05  8.9548E-05
       1.1105E-04  1.3702E-04  1.6814E-04  2.0508E-04  2.4855E-04  2.9921E-04  3.5772E-04  4.2460E-04  5.0030E-04  5.8508E-04
       6.7905E-04  7.8211E-04  8.9396E-04  1.0140E-03  1.1416E-03  1.2755E-03  1.4146E-03  1.5573E-03  1.7018E-03  1.8467E-03
       1.9904E-03  2.1312E-03  2.2664E-03  2.3934E-03  2.5107E-03  2.6172E-03  2.7123E-03  2.7938E-03  2.8587E-03  2.9053E-03
       2.9340E-03  2.9464E-03  2.9431E-03  2.9235E-03  2.8858E-03  2.8303E-03  2.7598E-03  2.6769E-03  2.5835E-03  2.4801E-03
       2.3671E-03  2.2463E-03  2.1203E-03  1.9915E-03  1.8615E-03  1.7317E-03  1.6039E-03  1.4811E-03  1.3679E-03  1.2720E-03
       1.2085E-03
   7   1.3122E-10  2.3466E-10  3.9280E-10  6.2878E-10  9.7390E-10  1.4701E-09  2.1729E-09  3.1548E-09  4.5098E-09  6.3579E-09
       8.8513E-09  1.2181E-08  1.6583E-08  2.2351E-08  2.9845E-08  3.9506E-08  5.1875E-08  6.7620E-08  8.7568E-08  1.1276E-07
       1.4451E-07  1.8452E-07  2.3501E-07  2.9890E-07  3.8007E-07  4.8372E-07  6.1677E-07  7.8840E-07  1.0106E-06  1.2991E-06
       1.6739E-06  2.1605E-06  2.7908E-06  3.6046E-06  4.6511E-06  5.9916E-06  7.7025E-06  9.8789E-06  1.2639E-05  1.6132E-05
       2.0542E-05  2.6105E-05  3.3111E-05  4.1917E-05  5.2957E-05  6.6755E-05  8.3939E-05  1.0525E-04  1.3152E-04  1.6369E-04
       2.0281E-04  2.5001E-04  3.0649E-04  3.7347E-04  4.5214E-04  5.4363E-04  6.4899E-04  7.6907E-04  9.0454E-04  1.0557E-03
       1.2227E-03  1.4051E-03  1.6022E-03  1.8128E-03  2.0353E-03  2.2679E-03  2.5083E-03  2.7536E-03  3.0009E-03  3.2469E-03
       3.4887E-03  3.7240E-03  3.9495E-03  4.1610E-03  4.3537E-03  4.5246E-03  4.6725E-03  4.7969E-03  4.8958E-03  4.9654E-03
       5.0030E-03  5.0085E-03  4.9850E-03  4.9352E-03  4.8593E-03  4.7565E-03  4.6275E-03  4.4755E-03  4.3053E-03  4.1206E-03
       3.9232E-03  3.7148E-03  3.4982E-03  3.2771E-03  3.0549E-03  2.8348E-03  2.6194E-03  2.4133E-03  2.2238E-03  2.0635E-03
       1.9577E-03
   8   2.4851E-10  4.4444E-10  7.4418E-10  1.1919E-09  1.8477E-09  2.7922E-09  4.1322E-09  6.0082E-09  8.6017E-09  1.2146E-08
       1.6935E-08  2.3339E-08  3.1817E-08  4.2935E-08  5.7388E-08  7.6026E-08  9.9891E-08  1.3026E-07  1.6874E-07  2.1731E-07
       2.7853E-07  3.5571E-07  4.5317E-07  5.7670E-07  7.3398E-07  9.3535E-07  1.1946E-06  1.5301E-06  1.9655E-06  2.5316E-06
       3.2667E-06  4.2193E-06  5.4485E-06  7.0272E-06  9.0440E-06  1.1608E-05  1.4855E-05  1.8953E-05  2.4115E-05  3.0608E-05
       3.8766E-05  4.9012E-05  6.1877E-05  7.8018E-05  9.8236E-05  1.2349E-04  1.5493E-04  1.9388E-04  2.4189E-04  3.0067E-04
       3.7208E-04  4.5812E-04  5.6086E-04  6.8244E-04  8.2489E-04  9.9008E-04  1.1797E-03  1.3950E-03  1.6368E-03  1.9057E-03
       2.2012E-03  2.5225E-03  2.8679E-03  3.2352E-03  3.6212E-03  4.0220E-03  4.4337E-03  4.8517E-03  5.2708E-03  5.6855E-03
       6.0899E-03  6.4785E-03  6.8469E-03  7.1905E-03  7.5028E-03  7.7766E-03  8.0061E-03  8.1898E-03  8.3282E-03  8.4203E-03
       8.4627E-03  8.4515E-03  8.3873E-03  8.2747E-03  8.1193E-03  7.9242E-03  7.6904E-03  7.4200E-03  7.1181E-03  6.7918E-03
       6.4472E-03  6.0887E-03  5.7198E-03  5.3449E-03  4.9697E-03  4.5995E-03  4.2396E-03  3.8967E-03  3.5824E-03  3.3173E-03
       3.1425E-03
   9   4.7074E-10  8.4214E-10  1.4112E-09  2.2628E-09  3.5131E-09  5.3185E-09  7.8875E-09  1.1494E-08  1.6495E-08  2.3348E-08
       3.2633E-08  4.5080E-08  6.1592E-08  8.3285E-08  1.1153E-07  1.4799E-07  1.9471E-07  2.5420E-07  3.2960E-07  4.2483E-07
       5.4495E-07  6.9652E-07  8.8825E-07  1.1318E-06  1.4429E-06  1.8426E-06  2.3592E-06  3.0299E-06  3.9027E-06  5.0380E-06
       6.5106E-06  8.4111E-06  1.0849E-05  1.3954E-05  1.7885E-05  2.2834E-05  2.9038E-05  3.6796E-05  4.6485E-05  5.8589E-05
       7.3719E-05  9.2646E-05  1.1634E-04  1.4602E-04  1.8316E-04  2.2955E-04  2.8727E-04  3.5876E-04  4.4680E-04  5.5446E-04
       6.8509E-04  8.4217E-04  1.0293E-03  1.2500E-03  1.5078E-03  1.8056E-03  2.1459E-03  2.5307E-03  2.9609E-03  3.4366E-03
       3.9568E-03  4.5191E-03  5.1203E-03  5.7558E-03  6.4197E-03  7.1049E-03  7.8034E-03  8.5072E-03  9.2079E-03  9.8984E-03
       1.0568E-02  1.1205E-02  1.1799E-02  1.2344E-02  1.2833E-02  1.3259E-02  1.3611E-02  1.3880E-02  1.4064E-02  1.4166E-02
       1.4187E-02  1.4126E-02  1.3981E-02  1.3753E-02  1.3450E-02  1.3082E-02  1.2656E-02  1.2177E-02  1.1651E-02  1.1086E-02
       1.0493E-02  9.8800E-03  9.2562E-03  8.6275E-03  8.0014E-03  7.3861E-03  6.7907E-03  6.2263E-03  5.7106E-03  5.2768E-03
       4.9913E-03
  10   8.9115E-10  1.5953E-09  2.6765E-09  4.2994E-09  6.6899E-09  1.0155E-08  1.5104E-08  2.2080E-08  3.1793E-08  4.5154E-08
       6.3325E-08  8.7766E-08  1.2029E-07  1.6314E-07  2.1905E-07  2.9138E-07  3.8420E-07  5.0257E-07  6.5274E-07  8.4264E-07
       1.0825E-06  1.3857E-06  1.7702E-06  2.2603E-06  2.8887E-06  3.7002E-06  4.7538E-06  6.1269E-06  7.9176E-06  1.0246E-05
       1.3257E-05  1.7118E-05  2.2024E-05  2.8204E-05  3.5932E-05  4.5538E-05  5.7437E-05  7.2154E-05  9.0365E-05  1.1295E-04
       1.4103E-04  1.7604E-04  2.1979E-04  2.7451E-04  3.4296E-04  4.2842E-04  5.3476E-04  6.6641E-04  8.2834E-04  1.0260E-03
       1.2653E-03  1.5523E-03  1.8931E-03  2.2936E-03  2.7591E-03  3.2945E-03  3.9032E-03  4.5878E-03  5.3488E-03  6.1855E-03
       7.0947E-03  8.0714E-03  9.1086E-03  1.0198E-02  1.1327E-02  1.2486E-02  1.3659E-02  1.4832E-02  1.5989E-02  1.7118E-02
       1.8206E-02  1.9234E-02  2.0183E-02  2.1035E-02  2.1781E-02  2.2414E-02  2.2926E-02  2.3303E-02  2.3536E-02  2.3622E-02
       2.3567E-02  2.3379E-02  2.3063E-02  2.2620E-02  2.2054E-02  2.1380E-02  2.0614E-02  1.9770E-02  1.8861E-02  1.7896E-02
       1.6890E-02  1.5858E-02  1.4814E-02  1.3770E-02  1.2737E-02  1.1727E-02  1.0754E-02  9.8354E-03  8.9992E-03  8.2978E-03
       7.8370E-03
  11   1.6847E-09  3.0188E-09  5.0738E-09  8.1703E-09  1.2752E-08  1.9423E-08  2.9002E-08  4.2576E-08  6.1570E-08  8.7833E-08
       1.2372E-07  1.7221E-07  2.3702E-07  3.2271E-07  4.3489E-07  5.8041E-07  7.6764E-07  1.0069E-06  1.3110E-06  1.6963E-06
       2.1840E-06  2.8022E-06  3.5889E-06  4.5960E-06  5.8943E-06  7.5805E-06  9.7826E-06  1.2665E-05  1.6429E-05  2.1315E-05
       2.7592E-05  3.5563E-05  4.5560E-05  5.7965E-05  7.3227E-05  9.1906E-05  1.1472E-04  1.4260E-04  1.7677E-04  2.1886E-04
       2.7095E-04  3.3575E-04  4.1664E-04  5.1783E-04  6.4440E-04  8.0244E-04  9.9901E-04  1.2422E-03  1.5408E-03  1.9044E-03
       2.3433E-03  2.8676E-03  3.4875E-03  4.2124E-03  5.0507E-03  6.0092E-03  7.0926E-03  8.3031E-03  9.6401E-03  1.1100E-02
       1.2675E-02  1.4356E-02  1.6128E-02  1.7974E-02  1.9874E-02  2.1807E-02  2.3750E-02  2.5678E-02  2.7565E-02  2.9386E-02
       3.1117E-02  3.2736E-02  3.4215E-02  3.5525E-02  3.6642E-02  3.7551E-02  3.8247E-02  3.8723E-02  3.8970E-02  3.8979E-02
       3.8749E-02  3.8295E-02  3.7634E-02  3.6781E-02  3.5747E-02  3.4546E-02  3.3199E-02  3.1734E-02  3.0177E-02  2.8547E-02
       2.6864E-02  2.5150E-02  2.3426E-02  2.1714E-02  2.0031E-02  1.8394E-02  1.6824E-02  1.5348E-02  1.4009E-02  1.2890E-02
       1.2155E-02
  12   3.1778E-09  5.7019E-09  9.6061E-09  1.5518E-08  2.4314E-08  3.7200E-08  5.5819E-08  8.2371E-08  1.1977E-07  1.7180E-07
       2.4333E-07  3.4054E-07  4.7113E-07  6.4464E-07  8.7277E-07  1.1698E-06  1.5533E-06  2.0447E-06  2.6711E-06  3.4670E-06
       4.4773E-06  5.7626E-06  7.4058E-06  9.5212E-06  1.2267E-05  1.5860E-05  2.0583E-05  2.6793E-05  3.4907E-05  4.5388E-05
       5.8718E-05  7.5392E-05  9.5929E-05  1.2091E-04  1.5104E-04  1.8724E-04  2.3076E-04  2.8330E-04  3.4714E-04  4.2534E-04
       5.2188E-04  6.4187E-04  7.9175E-04  9.7942E-04  1.2144E-03  1.5077E-03  1.8724E-03  2.3227E-03  2.8744E-03  3.5441E-03
       4.3488E-03  5.3055E-03  6.4305E-03  7.7382E-03  9.2407E-03  1.0947E-02  1.2862E-02  1.4987E-02  1.7315E-02  1.9839E-02
       2.2540E-02  2.5400E-02  2.8390E-02  3.1480E-02  3.4634E-02  3.7813E-02  4.0979E-02  4.4096E-02  4.7124E-02  5.0014E-02
       5.2721E-02  5.5206E-02  5.7438E-02  5.9383E-02  6.1002E-02  6.2263E-02  6.3149E-02  6.3660E-02  6.3801E-02  6.3571E-02
       6.2968E-02  6.2004E-02  6.0703E-02  5.9102E-02  5.7234E-02  5.5126E-02  5.2806E-02  5.0313E-02  4.7686E-02  4.4966E-02
       4.2187E-02  3.9380E-02  3.6576E-02  3.3806E-02  3.1099E-02  2.8482E-02  2.5983E-02  2.3644E-02  2.1529E-02  1.9765E-02
       1.8610E-02
  13   5.9752E-09  1.0740E-08  1.8148E-08  2.9435E-08  4.6341E-08  7.1292E-08  1.0762E-07  1.5982E-07  2.3391E-07  3.3778E-07
       4.8163E-07  6.7846E-07  9.4461E-07  1.3004E-06  1.7706E-06  2.3859E-06  3.1836E-06  4.2099E-06  5.5227E-06  7.1965E-06
       9.3297E-06  1.2056E-05  1.5562E-05  2.0109E-05  2.6063E-05  3.3923E-05  4.4338E-05  5.8088E-05  7.6026E-05  9.8984E-05
       1.2772E-04  1.6289E-04  2.0515E-04  2.5526E-04  3.1429E-04  3.8376E-04  4.6595E-04  5.6407E-04  6.8254E-04  8.2729E-04
       1.0060E-03  1.2285E-03  1.5071E-03  1.8565E-03  2.2945E-03  2.8413E-03  3.5201E-03  4.3561E-03  5.3765E-03  6.6095E-03
       8.0830E-03  9.8241E-03  1.1858E-02  1.4204E-02  1.6880E-02  1.9895E-02  2.3252E-02  2.6945E-02  3.0959E-02  3.5271E-02
       3.9848E-02  4.4648E-02  4.9624E-02  5.4721E-02  5.9876E-02  6.5022E-02  7.0095E-02  7.5038E-02  7.9789E-02  8.4277E-02
       8.8422E-02  9.2153E-02  9.5417E-02  9.8175E-02  0.1004      0.1020      0.1030      0.1034      0.1032      0.1024    
       0.1010      9.9104E-02  9.6667E-02  9.3764E-02  9.0460E-02  8.6813E-02  8.2877E-02  7.8705E-02  7.4354E-02  6.9888E-02
       6.5363E-02  6.0831E-02  5.6336E-02  5.1922E-02  4.7632E-02  4.3505E-02  3.9585E-02  3.5930E-02  3.2637E-02  2.9898E-02
       2.8108E-02
  14   1.1188E-08  2.0153E-08  3.4180E-08  5.5708E-08  8.8217E-08  1.3661E-07  2.0770E-07  3.1079E-07  4.5843E-07  6.6727E-07
       9.5900E-07  1.3615E-06  1.9100E-06  2.6484E-06  3.6310E-06  4.9243E-06  6.6100E-06  8.7892E-06  1.1589E-05  1.5175E-05
       1.9768E-05  2.5672E-05  3.3319E-05  4.3327E-05  5.6574E-05  7.4260E-05  9.7911E-05  1.2924E-04  1.6987E-04  2.2105E-04
       2.8356E-04  3.5777E-04  4.4408E-04  5.4327E-04  6.5696E-04  7.8799E-04  9.4081E-04  1.1219E-03  1.3401E-03  1.6071E-03
       1.9382E-03  2.3522E-03  2.8724E-03  3.5264E-03  4.3467E-03  5.3701E-03  6.6370E-03  8.1914E-03  1.0079E-02  1.2345E-02
       1.5035E-02  1.8189E-02  2.1843E-02  2.6024E-02  3.0751E-02  3.6028E-02  4.1850E-02  4.8195E-02  5.5027E-02  6.2297E-02
       6.9940E-02  7.7879E-02  8.6025E-02  9.4285E-02  0.1026      0.1107      0.1187      0.1264      0.1337      0.1404    
       0.1466      0.1520      0.1567      0.1604      0.1632      0.1651      0.1660      0.1659      0.1648      0.1628    
       0.1599      0.1562      0.1518      0.1467      0.1410      0.1348      0.1282      0.1214      0.1143      0.1071    
       9.9836E-02  9.2630E-02  8.5534E-02  7.8610E-02  7.1916E-02  6.5510E-02  5.9452E-02  5.3826E-02  4.8777E-02  4.4588E-02
       4.1854E-02
  15   2.0834E-08  3.7629E-08  6.4106E-08  1.0509E-07  1.6757E-07  2.6152E-07  4.0094E-07  6.0527E-07  9.0097E-07  1.3236E-06
       1.9199E-06  2.7505E-06  3.8929E-06  5.4442E-06  7.5248E-06  1.0283E-05  1.3902E-05  1.8607E-05  2.4686E-05  3.2514E-05
       4.2597E-05  5.5650E-05  7.2707E-05  9.5283E-05  1.2557E-04  1.6658E-04  2.2198E-04  2.9543E-04  3.8948E-04  5.0488E-04
       6.4072E-04  7.9542E-04  9.6799E-04  1.1591E-03  1.3721E-03  1.6130E-03  1.8916E-03  2.2215E-03  2.6209E-03  3.1136E-03
       3.7292E-03  4.5040E-03  5.4818E-03  6.7138E-03  8.2581E-03  1.0180E-02  1.2549E-02  1.5438E-02  1.8923E-02  2.3074E-02
       2.7958E-02  3.3634E-02  4.0147E-02  4.7527E-02  5.5786E-02  6.4914E-02  7.4882E-02  8.5632E-02  9.7088E-02  0.1092    
       0.1217      0.1346      0.1477      0.1608      0.1738      0.1865      0.1988      0.2105      0.2214      0.2312    
       0.2400      0.2476      0.2538      0.2585      0.2617      0.2634      0.2636      0.2622      0.2594      0.2551    
       0.2495      0.2427      0.2349      0.2261      0.2165      0.2063      0.1955      0.1844      0.1730      0.1616    
       0.1502      0.1389      0.1279      0.1172      0.1070      9.7173E-02  8.7961E-02  7.9441E-02  7.1820E-02  6.5513E-02
       6.1404E-02
  16   3.8539E-08  6.9828E-08  1.1959E-07  1.9738E-07  3.1727E-07  4.9959E-07  7.7338E-07  1.1794E-06  1.7741E-06  2.6340E-06
       3.8614E-06  5.5904E-06  7.9937E-06  1.1290E-05  1.5753E-05  2.1721E-05  2.9611E-05  3.9943E-05  5.3377E-05  7.0785E-05
       9.3361E-05  1.2283E-04  1.6174E-04  2.1396E-04  2.8520E-04  3.8334E-04  5.1740E-04  6.9433E-04  9.1542E-04  1.1754E-03
       1.4657E-03  1.7782E-03  2.1094E-03  2.4620E-03  2.8450E-03  3.2741E-03  3.7716E-03  4.3671E-03  5.0982E-03  6.0121E-03
       7.1663E-03  8.6298E-03  1.0483E-02  1.2819E-02  1.5739E-02  1.9356E-02  2.3785E-02  2.9145E-02  3.5550E-02  4.3107E-02
       5.1908E-02  6.2027E-02  7.3511E-02  8.6380E-02  0.1006      0.1162      0.1330      0.1509      0.1698      0.1894    
       0.2096      0.2302      0.2508      0.2712      0.2912      0.3105      0.3288      0.3460      0.3617      0.3757    
       0.3877      0.3976      0.4053      0.4107      0.4136      0.4142      0.4123      0.4082      0.4019      0.3935    
       0.3833      0.3713      0.3578      0.3430      0.3272      0.3106      0.2933      0.2757      0.2579      0.2401    
       0.2224      0.2051      0.1883      0.1721      0.1566      0.1419      0.1281      0.1154      0.1041      9.4781E-02
       8.8708E-02
  17   7.0710E-08  1.2859E-07  2.2157E-07  3.6861E-07  5.9797E-07  9.5127E-07  1.4888E-06  2.2968E-06  3.4960E-06  5.2533E-06
       7.7945E-06  1.1420E-05  1.6522E-05  2.3602E-05  3.3292E-05  4.6382E-05  6.3849E-05  8.6913E-05  1.1713E-04  1.5657E-04
       2.0811E-04  2.7601E-04  3.6679E-04  4.9064E-04  6.6316E-04  9.0599E-04  1.2412E-03  1.6770E-03  2.1981E-03  2.7719E-03
       3.3655E-03  3.9598E-03  4.5538E-03  5.1634E-03  5.8180E-03  6.5581E-03  7.4348E-03  8.5105E-03  9.8613E-03  1.1579E-02
       1.3772E-02  1.6567E-02  2.0110E-02  2.4563E-02  3.0100E-02  3.6905E-02  4.5163E-02  5.5053E-02  6.6743E-02  8.0376E-02
       9.6064E-02  0.1139      0.1339      0.1560      0.1801      0.2062      0.2340      0.2633      0.2938      0.3251    
       0.3569      0.3888      0.4204      0.4514      0.4813      0.5098      0.5363      0.5607      0.5824      0.6012    
       0.6167      0.6287      0.6372      0.6420      0.6432      0.6407      0.6346      0.6252      0.6126      0.5971    
       0.5789      0.5584      0.5359      0.5118      0.4863      0.4599      0.4328      0.4054      0.3779      0.3507    
       0.3240      0.2979      0.2727      0.2485      0.2255      0.2039      0.1836      0.1650      0.1485      0.1349    
       0.1261    
  18   1.2847E-07  2.3464E-07  4.0714E-07  6.8339E-07  1.1202E-06  1.8027E-06  2.8564E-06  4.4636E-06  6.8848E-06  1.0486E-05
       1.5770E-05  2.3418E-05  3.4331E-05  4.9680E-05  7.0959E-05  1.0005E-04  1.3928E-04  1.9160E-04  2.6075E-04  3.5175E-04
       4.7168E-04  6.3127E-04  8.4760E-04  1.1486E-03  1.5788E-03  2.2007E-03  3.0649E-03  4.1500E-03  5.3526E-03  6.5496E-03
       7.6626E-03  8.6785E-03  9.6358E-03  1.0603E-02  1.1666E-02  1.2920E-02  1.4474E-02  1.6453E-02  1.9002E-02  2.2294E-02
       2.6527E-02  3.1928E-02  3.8749E-02  4.7262E-02  5.7753E-02  7.0508E-02  8.5806E-02  0.1039      0.1250      0.1493    
       0.1769      0.2077      0.2419      0.2792      0.3194      0.3622      0.4072      0.4539      0.5020      0.5507    
       0.5995      0.6478      0.6950      0.7406      0.7839      0.8244      0.8614      0.8943      0.9228      0.9463    
       0.9647      0.9776      0.9850      0.9867      0.9830      0.9740      0.9598      0.9408      0.9174      0.8900    
       0.8591      0.8252      0.7887      0.7502      0.7101      0.6691      0.6275      0.5857      0.5443      0.5035    
       0.4637      0.4252      0.3881      0.3528      0.3193      0.2879      0.2587      0.2320      0.2084      0.1890    
       0.1764    
  19   2.3072E-07  4.2346E-07  7.4059E-07  1.2557E-06  2.0823E-06  3.3941E-06  5.4518E-06  8.6416E-06  1.3526E-05  2.0910E-05
       3.1923E-05  4.8120E-05  7.1601E-05  1.0514E-04  1.5231E-04  2.1770E-04  3.0704E-04  4.2756E-04  5.8848E-04  8.0218E-04
       1.0863E-03  1.4685E-03  1.9941E-03  2.7420E-03  3.8454E-03  5.4931E-03  7.7741E-03  1.0442E-02  1.3046E-02  1.5261E-02
       1.7025E-02  1.8464E-02  1.9779E-02  2.1180E-02  2.2867E-02  2.5036E-02  2.7893E-02  3.1667E-02  3.6626E-02  4.3074E-02
       5.1363E-02  6.1881E-02  7.5047E-02  9.1298E-02  0.1111      0.1348      0.1628      0.1955      0.2330      0.2756    
       0.3232      0.3756      0.4328      0.4943      0.5596      0.6282      0.6992      0.7720      0.8456      0.9192    
       0.9918       1.063       1.131       1.196       1.256       1.311       1.360       1.402       1.436       1.463    
        1.482       1.493       1.495       1.489       1.475       1.453       1.425       1.390       1.348       1.302    
        1.251       1.197       1.139       1.079       1.018      0.9556      0.8931      0.8309      0.7697      0.7098    
       0.6518      0.5960      0.5426      0.4920      0.4442      0.3996      0.3583      0.3206      0.2874      0.2601    
       0.2425    
  20   4.0877E-07  7.5436E-07  1.3310E-06  2.2820E-06  3.8331E-06  6.3361E-06  1.0331E-05  1.6632E-05  2.6454E-05  4.1567E-05
       6.4516E-05  9.8875E-05  1.4957E-04  2.2323E-04  3.2863E-04  4.7707E-04  6.8296E-04  9.6450E-04  1.3450E-03  1.8554E-03
       2.5404E-03  3.4708E-03  4.7695E-03  6.6624E-03  9.5614E-03  1.4059E-02  2.0122E-02  2.6321E-02  3.1180E-02  3.4332E-02
       3.6255E-02  3.7646E-02  3.9104E-02  4.1080E-02  4.3929E-02  4.7975E-02  5.3564E-02  6.1090E-02  7.1014E-02  8.3861E-02
       0.1002      0.1207      0.1461      0.1768      0.2137      0.2572      0.3078      0.3658      0.4312      0.5042    
       0.5845      0.6716      0.7649      0.8637      0.9669       1.074       1.182       1.292       1.401       1.509    
        1.613       1.713       1.808       1.896       1.976       2.046       2.106       2.156       2.193       2.219    
        2.233       2.234       2.224       2.202       2.169       2.126       2.073       2.012       1.943       1.868    
        1.787       1.702       1.614       1.523       1.431       1.339       1.247       1.156       1.068      0.9820    
       0.8992      0.8200      0.7447      0.6735      0.6068      0.5446      0.4873      0.4352      0.3893      0.3518    
       0.3275    
  21   7.1288E-07  1.3236E-06  2.3582E-06  4.0927E-06  6.9713E-06  1.1700E-05  1.9387E-05  3.1744E-05  5.1372E-05  8.2163E-05
       1.2983E-04  2.0260E-04  3.1208E-04  4.7429E-04  7.1082E-04  1.0502E-03  1.5293E-03  2.1950E-03  3.1076E-03  4.3465E-03
       6.0248E-03  8.3239E-03  1.1572E-02  1.6418E-02  2.4153E-02  3.6654E-02  5.2400E-02  6.4882E-02  7.1110E-02  7.2836E-02
       7.2841E-02  7.3061E-02  7.4558E-02  7.7918E-02  8.3567E-02  9.1939E-02  0.1036      0.1191      0.1393      0.1650    
       0.1972      0.2369      0.2851      0.3426      0.4102      0.4884      0.5777      0.6782      0.7896      0.9115    
        1.043       1.184       1.331       1.485       1.643       1.803       1.964       2.124       2.280       2.430    
        2.575       2.710       2.835       2.947       3.046       3.129       3.196       3.246       3.279       3.295    
        3.293       3.274       3.239       3.188       3.123       3.044       2.953       2.852       2.742       2.624    
        2.499       2.371       2.239       2.105       1.971       1.838       1.706       1.578       1.453       1.332    
        1.217       1.107       1.003      0.9048      0.8134      0.7286      0.6506      0.5800      0.5179      0.4673    
       0.4346    
  22   1.2208E-06  2.2818E-06  4.1088E-06  7.2255E-06  1.2494E-05  2.1315E-05  3.5934E-05  5.9905E-05  9.8760E-05  1.6098E-04
       2.5932E-04  4.1264E-04  6.4825E-04  1.0048E-03  1.5360E-03  2.3144E-03  3.4358E-03  5.0246E-03  7.2404E-03  1.0291E-02
       1.4466E-02  2.0222E-02  2.8407E-02  4.0817E-02  6.1415E-02  9.5881E-02  0.1341      0.1513      0.1500      0.1429    
       0.1374      0.1360      0.1392      0.1473      0.1603      0.1789      0.2037      0.2360      0.2770      0.3281    
       0.3907      0.4663      0.5561      0.6611      0.7820      0.9192       1.073       1.242       1.426       1.623    
        1.832       2.050       2.276       2.506       2.739       2.970       3.198       3.420       3.633       3.835    
        4.023       4.195       4.348       4.481       4.591       4.678       4.741       4.779       4.793       4.782    
        4.747       4.690       4.611       4.512       4.396       4.262       4.115       3.955       3.784       3.606    
        3.421       3.232       3.041       2.849       2.659       2.471       2.287       2.109       1.936       1.771    
        1.614       1.464       1.324       1.192       1.069      0.9562      0.8523      0.7585      0.6763      0.6093    
       0.5661    
  23   2.0474E-06  3.8546E-06  7.0205E-06  1.2522E-05  2.2000E-05  3.8188E-05  6.5568E-05  1.1141E-04  1.8730E-04  3.1149E-04
       5.1215E-04  8.3209E-04  1.3350E-03  2.1139E-03  3.3016E-03  5.0829E-03  7.7098E-03  1.1517E-02  1.6940E-02  2.4543E-02
       3.5078E-02  4.9671E-02  7.0365E-02  0.1017      0.1548      0.2443      0.3268      0.3219      0.2858      0.2589    
       0.2479      0.2501      0.2631      0.2852      0.3164      0.3575      0.4101      0.4761      0.5575      0.6566    
       0.7753      0.9154       1.078       1.264       1.474       1.707       1.961       2.236       2.528       2.835    
        3.153       3.479       3.809       4.139       4.465       4.784       5.091       5.383       5.659       5.912    
        6.140       6.340       6.511       6.649       6.754       6.826       6.863       6.865       6.835       6.772    
        6.679       6.558       6.409       6.237       6.043       5.829       5.600       5.358       5.105       4.844    
        4.577       4.309       4.040       3.772       3.509       3.252       3.001       2.760       2.528       2.306    
        2.097       1.899       1.713       1.540       1.379       1.231       1.095      0.9732      0.8665      0.7797    
       0.7238    
  24   3.3530E-06  6.3617E-06  1.1728E-05  2.1231E-05  3.7935E-05  6.7051E-05  1.1735E-04  2.0339E-04  3.4903E-04  5.9280E-04
       9.9586E-04  1.6538E-03  2.7131E-03  4.3940E-03  7.0209E-03  1.1061E-02  1.7174E-02  2.6262E-02  3.9540E-02  5.8592E-02
       8.5482E-02  0.1230      0.1756      0.2528      0.3789      0.5753      0.7441      0.6104      0.4937      0.4511    
       0.4526      0.4794      0.5224      0.5788      0.6492      0.7359      0.8422      0.9716       1.128       1.313    
        1.530       1.781       2.065       2.383       2.732       3.111       3.515       3.941       4.385       4.839    
        5.301       5.763       6.220       6.668       7.100       7.512       7.901       8.261       8.588       8.878    
        9.126       9.332       9.493       9.607       9.675       9.697       9.673       9.605       9.495       9.345    
        9.158       8.937       8.685       8.406       8.102       7.778       7.438       7.085       6.723       6.354    
        5.983       5.612       5.245       4.883       4.529       4.185       3.853       3.534       3.229       2.940    
        2.667       2.411       2.171       1.948       1.742       1.552       1.380       1.224       1.089      0.9788    
       0.9080    
  25   5.3451E-06  1.0224E-05  1.9089E-05  3.5099E-05  6.3813E-05  1.1493E-04  2.0515E-04  3.6296E-04  6.3625E-04  1.1045E-03
       1.8974E-03  3.2235E-03  5.4121E-03  8.9735E-03  1.4683E-02  2.3694E-02  3.7688E-02  5.9064E-02  9.1166E-02  0.1385    
       0.2072      0.3048      0.4407      0.6280      0.8908       1.157       1.641       1.089      0.8378      0.8350    
       0.9064       1.004       1.113       1.235       1.376       1.543       1.743       1.983       2.268       2.599    
        2.979       3.408       3.882       4.398       4.952       5.537       6.146       6.772       7.407       8.042    
        8.671       9.285       9.878       10.44       10.98       11.47       11.92       12.32       12.66       12.95    
        13.18       13.34       13.44       13.48       13.47       13.39       13.25       13.07       12.83       12.55    
        12.22       11.86       11.46       11.03       10.58       10.12       9.631       9.137       8.637       8.134    
        7.633       7.138       6.650       6.174       5.711       5.265       4.836       4.426       4.036       3.668    
        3.322       2.997       2.695       2.415       2.156       1.919       1.704       1.510       1.342       1.205    
        1.117    
  26   8.2659E-06  1.5945E-05  3.0163E-05  5.6347E-05  1.0428E-04  1.9144E-04  3.4870E-04  6.3007E-04  1.1289E-03  2.0042E-03
       3.5234E-03  6.1287E-03  1.0539E-02  1.7901E-02  3.0010E-02  4.9614E-02  8.0836E-02  0.1297      0.2050      0.3191    
       0.4892      0.7384       1.095       1.585       2.209       3.723       4.339       2.560       1.776       1.870    
        2.103       2.314       2.507       2.710       2.946       3.231       3.578       3.994       4.483       5.043    
        5.672       6.364       7.110       7.900       8.725       9.572       10.43       11.29       12.13       12.95    
        13.74       14.50       15.20       15.85       16.44       16.97       17.41       17.79       18.08       18.29    
        18.42       18.47       18.45       18.34       18.17       17.93       17.62       17.25       16.83       16.36    
        15.84       15.29       14.70       14.09       13.46       12.81       12.15       11.48       10.82       10.15    
        9.500       8.858       8.232       7.623       7.036       6.471       5.932       5.419       4.933       4.476    
        4.047       3.647       3.275       2.931       2.614       2.325       2.062       1.826       1.621       1.455    
        1.348    
  27   1.2355E-05  2.4038E-05  4.6075E-05  8.7461E-05  1.6478E-04  3.0838E-04  5.7325E-04  1.0582E-03  1.9385E-03  3.5217E-03
       6.3399E-03  1.1299E-02  1.9916E-02  3.4683E-02  5.9605E-02  0.1010      0.1684      0.2763      0.4453      0.7046    
        1.093       1.661       2.461       3.549       5.164       8.323       11.49       10.98       6.060       5.397    
        5.492       5.584       5.701       5.893       6.192       6.612       7.158       7.828       8.613       9.499    
        10.47       11.51       12.60       13.72       14.85       15.98       17.08       18.15       19.17       20.13    
        21.02       21.84       22.58       23.22       23.76       24.20       24.54       24.77       24.91       24.94    
        24.87       24.71       24.47       24.13       23.72       23.24       22.69       22.08       21.41       20.70    
        19.94       19.15       18.33       17.50       16.64       15.78       14.92       14.05       13.20       12.35    
        11.53       10.72       9.941       9.187       8.462       7.769       7.110       6.485       5.895       5.342    
        4.824       4.342       3.895       3.483       3.104       2.758       2.444       2.164       1.920       1.722    
        1.596    
  28   1.7779E-05  3.4887E-05  6.7742E-05  1.3062E-04  2.5046E-04  4.7768E-04  9.0609E-04  1.7085E-03  3.2007E-03  5.9524E-03
       1.0979E-02  2.0066E-02  3.6293E-02  6.4877E-02  0.1144      0.1989      0.3399      0.5699      0.9353       1.499    
        2.336       3.524       5.096       7.045       9.607       13.30       18.55       22.05       18.83       15.59    
        13.88       12.86       12.32       12.20       12.43       12.97       13.76       14.76       15.93       17.22    
        18.60       20.02       21.46       22.88       24.26       25.59       26.84       28.01       29.07       30.03    
        30.88       31.60       32.18       32.64       32.96       33.16       33.23       33.18       33.01       32.73    
        32.35       31.87       31.31       30.65       29.92       29.12       28.26       27.34       26.38       25.37    
        24.34       23.27       22.19       21.10       20.00       18.90       17.81       16.74       15.68       14.64    
        13.63       12.65       11.71       10.80       9.935       9.108       8.324       7.583       6.886       6.233    
        5.624       5.058       4.534       4.051       3.608       3.205       2.839       2.512       2.228       1.999    
        1.851    
  29   2.4537E-05  4.8537E-05  9.5417E-05  1.8675E-04  3.6410E-04  7.0715E-04  1.3677E-03  2.6333E-03  5.0432E-03  9.6010E-03
       1.8152E-02  3.4047E-02  6.3271E-02  0.1163      0.2111      0.3775      0.6633       1.141       1.916       3.123    
        4.918       7.438       10.72       14.56       18.86       24.27       30.96       36.57       37.36       33.63    
        29.28       26.04       24.13       23.34       23.39       24.05       25.14       26.54       28.12       29.80    
        31.52       33.21       34.84       36.37       37.80       39.09       40.24       41.24       42.09       42.76    
        43.27       43.61       43.79       43.82       43.70       43.45       43.08       42.58       41.97       41.26    
        40.45       39.55       38.57       37.52       36.40       35.23       34.01       32.75       31.45       30.12    
        28.78       27.42       26.06       24.70       23.35       22.01       20.69       19.40       18.13       16.90    
        15.71       14.56       13.45       12.39       11.38       10.42       9.518       8.663       7.860       7.110    
        6.411       5.763       5.164       4.613       4.107       3.647       3.230       2.858       2.535       2.274    
        2.106    
  30   3.2355E-05  6.4470E-05  1.2815E-04  2.5422E-04  5.0322E-04  9.9373E-04  1.9571E-03  3.8423E-03  7.5158E-03  1.4638E-02
       2.8363E-02  5.4619E-02  0.1044      0.1978      0.3705      0.6848       1.244       2.214       3.837       6.434    
        10.36       15.88       22.99       31.39       41.11       52.77       63.90       70.07       68.12       60.11    
        51.59       45.55       42.23       40.95       41.05       42.02       43.49       45.22       47.04       48.84    
        50.55       52.12       53.50       54.70       55.71       56.52       57.11       57.47       57.64       57.62    
        57.43       57.07       56.57       55.94       55.17       54.30       53.32       52.24       51.08       49.84    
        48.52       47.14       45.70       44.21       42.68       41.11       39.51       37.89       36.26       34.61    
        32.96       31.32       29.69       28.07       26.47       24.90       23.36       21.87       20.41       19.00    
        17.63       16.32       15.07       13.87       12.73       11.65       10.63       9.669       8.770       7.930    
        7.149       6.425       5.756       5.141       4.578       4.064       3.600       3.186       2.826       2.536    
        2.349    
  31   4.0636E-05  8.1459E-05  1.6342E-04  3.2784E-04  6.5726E-04  1.3165E-03  2.6335E-03  5.2601E-03  1.0486E-02  2.0856E-02
       4.1359E-02  8.1714E-02  0.1607      0.3141      0.6090       1.169       2.212       4.112       7.458       13.09    
        21.96       34.76       51.03       68.35       87.04       111.0       125.5       122.3       107.3       90.16    
        77.42       70.38       67.50       67.05       67.89       69.34       70.98       72.55       73.93       75.08    
        75.99       76.62       76.96       77.04       76.85       76.42       75.80       75.01       74.07       72.99    
        71.81       70.51       69.13       67.67       66.14       64.54       62.88       61.17       59.42       57.62    
        55.79       53.92       52.03       50.12       48.19       46.25       44.31       42.36       40.41       38.48    
        36.56       34.66       32.79       30.95       29.14       27.37       25.65       23.98       22.36       20.79    
        19.28       17.84       16.46       15.14       13.89       12.71       11.59       10.55       9.564       8.648    
        7.796       7.007       6.279       5.609       4.996       4.437       3.932       3.481       3.089       2.773    
        2.569    
  32   4.8519E-05  9.7676E-05  1.9725E-04  3.9889E-04  8.0719E-04  1.6339E-03  3.3075E-03  6.6953E-03  1.3551E-02  2.7420E-02
       5.5455E-02  0.1121      0.2262      0.4556      0.9147       1.828       3.625       7.111       13.71       25.77    
        46.50       78.77       120.8       154.2       183.1       220.7       219.0       182.2       143.9       116.6    
        105.1       103.0       104.0       105.6       107.1       108.0       108.5       108.4       107.8       106.7    
        105.3       103.7       101.8       99.80       97.70       95.54       93.34       91.10       88.85       86.58    
        84.30       82.02       79.74       77.45       75.16       72.88       70.59       68.31       66.02       63.74    
        61.46       59.19       56.92       54.65       52.40       50.16       47.94       45.74       43.56       41.40    
        39.28       37.19       35.13       33.12       31.16       29.25       27.39       25.58       23.84       22.16    
        20.55       19.01       17.53       16.13       14.80       13.54       12.35       11.24       10.20       9.222    
        8.317       7.478       6.704       5.992       5.340       4.746       4.208       3.728       3.310       2.973    
        2.756    
  33   5.5102E-05  1.1118E-04  2.2533E-04  4.5775E-04  9.3121E-04  1.8964E-03  3.8659E-03  7.8891E-03  1.6117E-02  3.2971E-02
       6.7551E-02  0.1386      0.2851      0.5876       1.214       2.514       5.218       10.84       22.50       46.40    
        93.92       181.7       315.3       347.8       355.5       373.5       343.6       260.9       195.3       145.7    
        152.0       159.4       162.4       161.8       159.2       155.4       150.7       145.7       140.7       135.7    
        131.0       126.4       122.0       117.8       113.8       109.9       106.2       102.7       99.30       96.02    
        92.85       89.77       86.77       83.85       81.00       78.20       75.46       72.76       70.10       67.49    
        64.91       62.36       59.84       57.36       54.90       52.48       50.09       47.73       45.41       43.12    
        40.88       38.68       36.53       34.42       32.37       30.38       28.44       26.57       24.76       23.02    
        21.35       19.75       18.23       16.77       15.40       14.09       12.86       11.71       10.63       9.621    
        8.683       7.813       7.009       6.270       5.592       4.974       4.414       3.913       3.478       3.126    
        2.900    
  34   5.9703E-05  1.2053E-04  2.4451E-04  4.9725E-04  1.0129E-03  2.0657E-03  4.2181E-03  8.6248E-03  1.7662E-02  3.6237E-02
       7.4513E-02  0.1537      0.3180      0.6609       1.382       2.911       6.199       13.39       29.48       66.68    
        156.5       385.0       1000.       712.6       619.6       1000.       558.5       449.9       372.7       301.5    
        268.3       250.8       233.3       217.4       203.3       190.7       179.5       169.5       160.5       152.5    
        145.1       138.4       132.3       126.6       121.4       116.5       112.0       107.7       103.6       99.77    
        96.11       92.61       89.25       86.02       82.89       79.86       76.91       74.04       71.23       68.48    
        65.79       63.14       60.54       57.99       55.47       53.00       50.57       48.17       45.82       43.52    
        41.25       39.04       36.87       34.76       32.70       30.70       28.76       26.88       25.06       23.31    
        21.64       20.03       18.50       17.03       15.65       14.34       13.10       11.93       10.84       9.822    
        8.873       7.992       7.177       6.427       5.738       5.109       4.539       4.029       3.585       3.226    
        2.995    
  35   6.2024E-05  1.2512E-04  2.5346E-04  5.1458E-04  1.0461E-03  2.1284E-03  4.3340E-03  8.8330E-03  1.8020E-02  3.6804E-02
       7.5273E-02  0.1542      0.3166      0.6515       1.344       2.783       5.780       12.04       25.08       52.04    
        106.2       207.2       356.3       412.2       464.5       568.3       601.7       552.9       473.0       392.9    
        329.1       288.0       257.5       233.5       214.0       197.8       184.0       172.2       161.9       152.9    
        144.8       137.6       131.1       125.1       119.7       114.6       109.9       105.6       101.4       97.58    
        93.91       90.42       87.09       83.89       80.80       77.83       74.94       72.13       69.40       66.73    
        64.11       61.55       59.03       56.56       54.13       51.75       49.40       47.09       44.82       42.60    
        40.41       38.27       36.18       34.13       32.14       30.20       28.32       26.49       24.73       23.03    
        21.40       19.83       18.33       16.90       15.55       14.26       13.04       11.90       10.82       9.818    
        8.880       8.008       7.201       6.457       5.772       5.146       4.578       4.069       3.626       3.266    
        3.035    
  36   6.2186E-05  1.2521E-04  2.5291E-04  5.1157E-04  1.0354E-03  2.0960E-03  4.2429E-03  8.5875E-03  1.7377E-02  3.5151E-02
       7.1072E-02  0.1436      0.2899      0.5845       1.176       2.358       4.704       9.310       18.19       34.81    
        64.39       112.6       179.5       254.0       363.6       603.6       670.0       605.1       495.4       395.4    
        323.8       276.1       242.6       217.6       198.1       182.3       169.3       158.2       148.7       140.4    
        133.1       126.5       120.6       115.2       110.3       105.8       101.5       97.61       93.92       90.44    
        87.15       84.00       81.00       78.12       75.34       72.65       70.04       67.50       65.02       62.60    
        60.22       57.89       55.59       53.34       51.11       48.93       46.77       44.64       42.55       40.49    
        38.47       36.49       34.54       32.63       30.77       28.96       27.19       25.48       23.82       22.21    
        20.67       19.18       17.76       16.40       15.10       13.88       12.71       11.61       10.58       9.612    
        8.707       7.865       7.083       6.360       5.695       5.085       4.531       4.033       3.599       3.246    
        3.020    
  37   6.0639E-05  1.2181E-04  2.4516E-04  4.9369E-04  9.9394E-04  1.9998E-03  4.0197E-03  8.0699E-03  1.6176E-02  3.2362E-02
       6.4593E-02  0.1285      0.2548      0.5028      0.9859       1.918       3.690       7.002       13.04       23.71    
        41.84       71.32       118.3       199.8       385.6       1000.       763.1       599.7       467.8       363.6    
        291.6       244.4       212.2       189.0       171.3       157.4       146.0       136.5       128.5       121.5    
        115.3       109.8       104.9       100.5       96.43       92.69       89.22       85.98       82.94       80.07    
        77.34       74.73       72.23       69.82       67.50       65.24       63.04       60.89       58.78       56.71    
        54.68       52.67       50.69       48.73       46.80       44.88       42.99       41.12       39.27       37.44    
        35.64       33.87       32.12       30.41       28.73       27.09       25.48       23.92       22.40       20.93    
        19.51       18.14       16.83       15.57       14.37       13.22       12.13       11.10       10.13       9.224    
        8.370       7.573       6.833       6.146       5.512       4.931       4.401       3.924       3.508       3.169    
        2.951    
  38   5.7975E-05  1.1621E-04  2.3313E-04  4.6757E-04  9.3699E-04  1.8754E-03  3.7474E-03  7.4737E-03  1.4869E-02  2.9499E-02
       5.8317E-02  0.1148      0.2248      0.4374      0.8443       1.613       3.045       5.659       10.32       18.38    
        31.86       53.63       87.94       142.4       233.0       377.4       434.1       438.9       380.2       304.2    
        246.2       206.7       179.1       158.9       143.6       131.5       121.8       113.7       106.9       101.1    
        96.11       91.68       87.75       84.21       81.00       78.07       75.35       72.83       70.46       68.22    
        66.10       64.07       62.12       60.23       58.40       56.61       54.86       53.14       51.45       49.78    
        48.13       46.49       44.86       43.24       41.63       40.03       38.44       36.86       35.29       33.73    
        32.19       30.66       29.15       27.66       26.19       24.75       23.33       21.95       20.61       19.30    
        18.02       16.80       15.61       14.47       13.38       12.34       11.35       10.41       9.519       8.680    
        7.892       7.155       6.468       5.829       5.238       4.695       4.198       3.750       3.358       3.039    
        2.834    
  39   5.4721E-05  1.0954E-04  2.1926E-04  4.3863E-04  8.7656E-04  1.7493E-03  3.4851E-03  6.9292E-03  1.3744E-02  2.7187E-02
       5.3599E-02  0.1053      0.2058      0.4000      0.7724       1.480       2.807       5.262       9.717       17.61    
        31.11       53.12       86.43       131.8       191.7       282.6       347.1       356.9       314.0       250.7    
        205.0       172.9       149.7       132.3       118.9       108.4       99.90       92.95       87.17       82.29    
        78.12       74.52       71.36       68.56       66.06       63.79       61.72       59.81       58.03       56.35    
        54.77       53.25       51.80       50.39       49.02       47.67       46.35       45.05       43.76       42.47    
        41.19       39.92       38.64       37.36       36.08       34.80       33.51       32.23       30.94       29.66    
        28.38       27.11       25.84       24.58       23.34       22.11       20.90       19.71       18.55       17.41    
        16.31       15.23       14.19       13.19       12.22       11.30       10.41       9.570       8.772       8.016    
        7.305       6.637       6.012       5.430       4.889       4.391       3.935       3.522       3.160       2.865    
        2.675    
  40   5.1213E-05  1.0246E-04  2.0495E-04  4.0972E-04  8.1841E-04  1.6331E-03  3.2547E-03  6.4777E-03  1.2872E-02  2.5536E-02
       5.0561E-02  9.9893E-02  0.1969      0.3870      0.7585       1.481       2.881       5.573       10.70       20.35    
        38.08       69.26       119.7       188.1       264.1       394.9       429.4       366.7       286.8       216.3    
        174.8       146.3       125.6       110.0       98.02       88.62       81.11       75.04       70.05       65.90    
        62.40       59.43       56.87       54.64       52.67       50.93       49.35       47.92       46.60       45.38    
        44.22       43.13       42.08       41.07       40.09       39.12       38.17       37.22       36.28       35.34    
        34.39       33.44       32.47       31.50       30.53       29.54       28.54       27.53       26.52       25.50    
        24.47       23.44       22.41       21.39       20.36       19.35       18.34       17.35       16.37       15.40    
        14.46       13.55       12.65       11.79       10.95       10.15       9.376       8.638       7.936       7.270    
        6.640       6.047       5.490       4.969       4.485       4.037       3.625       3.252       2.924       2.656    
        2.483    
  41   4.7570E-05  9.5189E-05  1.9049E-04  3.8113E-04  7.6233E-04  1.5242E-03  3.0463E-03  6.0859E-03  1.2155E-02  2.4269E-02
       4.8451E-02  9.6731E-02  0.1932      0.3859      0.7716       1.544       3.094       6.208       12.46       25.00    
        49.95       98.56       188.7       335.8       485.6       1000.       598.7       421.6       281.4       195.9    
        152.7       124.9       105.4       91.07       80.20       71.80       65.17       59.87       55.57       52.05    
        49.12       46.66       44.58       42.79       41.25       39.90       38.70       37.63       36.67       35.78    
        34.96       34.18       33.45       32.75       32.06       31.39       30.73       30.07       29.41       28.75    
        28.07       27.39       26.70       25.99       25.27       24.54       23.79       23.03       22.25       21.46    
        20.67       19.86       19.05       18.23       17.42       16.60       15.78       14.97       14.16       13.37    
        12.59       11.82       11.07       10.34       9.636       8.952       8.293       7.660       7.055       6.479    
        5.932       5.415       4.928       4.472       4.045       3.649       3.285       2.953       2.661       2.422    
        2.268    
  42   4.3753E-05  8.7596E-05  1.7546E-04  3.5157E-04  7.0459E-04  1.4125E-03  2.8327E-03  5.6841E-03  1.1414E-02  2.2943E-02
       4.6179E-02  9.3107E-02  0.1881      0.3812      0.7748       1.582       3.244       6.690       13.88       28.99    
        60.84       127.7       264.9       530.7       654.6       836.0       607.2       392.5       253.2       175.3    
        132.4       105.6       87.33       74.30       64.64       57.29       51.58       47.07       43.45       40.51    
        38.10       36.10       34.42       33.00       31.79       30.75       29.85       29.05       28.34       27.71    
        27.13       26.59       26.09       25.61       25.15       24.70       24.26       23.82       23.37       22.92    
        22.47       22.00       21.51       21.02       20.51       19.98       19.44       18.88       18.31       17.72    
        17.12       16.51       15.89       15.26       14.62       13.98       13.33       12.68       12.04       11.40    
        10.76       10.14       9.522       8.920       8.333       7.762       7.210       6.678       6.167       5.678    
        5.212       4.770       4.352       3.958       3.590       3.246       2.929       2.640       2.384       2.174    
        2.039    
  43   3.9672E-05  7.9454E-05  1.5925E-04  3.1940E-04  6.4100E-04  1.2873E-03  2.5877E-03  5.2074E-03  1.0493E-02  2.1180E-02
       4.2836E-02  8.6848E-02  0.1766      0.3604      0.7388       1.522       3.158       6.604       13.96       29.97    
        65.82       150.0       365.1       1000.       765.8       1000.       560.5       334.5       213.9       147.8    
        109.7       85.99       70.14       58.99       50.84       44.72       40.01       36.32       33.38       31.01    
        29.08       27.49       26.17       25.07       24.13       23.34       22.66       22.08       21.57       21.11    
        20.71       20.34       20.01       19.69       19.39       19.10       18.82       18.53       18.25       17.96    
        17.66       17.35       17.03       16.70       16.35       15.98       15.61       15.21       14.80       14.38    
        13.94       13.49       13.02       12.54       12.06       11.57       11.07       10.56       10.06       9.552    
        9.048       8.547       8.052       7.565       7.088       6.621       6.167       5.728       5.304       4.897    
        4.507       4.135       3.782       3.449       3.136       2.843       2.571       2.323       2.103       1.922    
        1.805    
  44   3.5281E-05  7.0642E-05  1.4155E-04  2.8380E-04  5.6943E-04  1.1435E-03  2.2985E-03  4.6256E-03  9.3217E-03  1.8815E-02
       3.8050E-02  7.7113E-02  0.1567      0.3192      0.6527       1.339       2.760       5.716       11.90       24.88    
        52.16       108.8       218.8       371.2       402.9       453.4       333.0       228.3       157.1       112.4    
        84.35       66.16       53.81       45.09       38.71       33.93       30.26       27.39       25.11       23.28    
        21.80       20.58       19.58       18.74       18.04       17.46       16.96       16.53       16.17       15.86    
        15.58       15.33       15.11       14.91       14.72       14.54       14.37       14.20       14.02       13.84    
        13.66       13.46       13.26       13.05       12.82       12.58       12.32       12.05       11.77       11.47    
        11.16       10.83       10.50       10.15       9.787       9.418       9.041       8.657       8.269       7.878    
        7.485       7.093       6.702       6.316       5.934       5.560       5.194       4.837       4.491       4.158    
        3.837       3.530       3.237       2.960       2.698       2.452       2.223       2.013       1.827       1.674    
        1.574    
  45   3.0632E-05  6.1265E-05  1.2255E-04  2.4521E-04  4.9088E-04  9.8322E-04  1.9707E-03  3.9531E-03  7.9363E-03  1.5948E-02
       3.2081E-02  6.4600E-02  0.1302      0.2627      0.5304       1.071       2.162       4.354       8.728       17.32    
        33.72       63.10       109.0       161.1       192.4       207.8       176.4       136.2       102.1       77.17    
        59.80       47.72       39.18       32.99       28.41       24.93       22.24       20.14       18.47       17.12    
        16.03       15.13       14.40       13.79       13.28       12.86       12.50       12.21       11.95       11.74    
        11.56       11.40       11.26       11.14       11.02       10.92       10.82       10.72       10.62       10.52    
        10.41       10.29       10.17       10.04       9.901       9.748       9.584       9.407       9.217       9.015    
        8.800       8.573       8.334       8.083       7.823       7.552       7.274       6.988       6.696       6.399    
        6.099       5.797       5.495       5.193       4.894       4.599       4.308       4.024       3.747       3.478    
        3.219       2.969       2.730       2.503       2.287       2.084       1.894       1.720       1.565       1.436    
        1.353    
  46   2.5874E-05  5.1643E-05  1.0297E-04  2.0524E-04  4.0902E-04  8.1514E-04  1.6245E-03  3.2377E-03  6.4526E-03  1.2858E-02
       2.5611E-02  5.0981E-02  0.1014      0.2012      0.3984      0.7857       1.540       2.991       5.730       10.74    
        19.47       33.43       52.74       73.70       89.61       96.63       89.28       75.44       61.09       48.93    
        39.49       32.40       27.09       23.10       20.06       17.71       15.87       14.42       13.25       12.31    
        11.55       10.92       10.40       9.977       9.623       9.330       9.086       8.884       8.716       8.575    
        8.458       8.360       8.277       8.205       8.143       8.087       8.034       7.984       7.933       7.881    
        7.825       7.765       7.698       7.624       7.542       7.451       7.350       7.239       7.117       6.984    
        6.841       6.687       6.522       6.348       6.163       5.970       5.769       5.560       5.345       5.124    
        4.899       4.671       4.441       4.210       3.979       3.750       3.524       3.300       3.082       2.869    
        2.662       2.462       2.270       2.087       1.912       1.747       1.592       1.449       1.321       1.216    
        1.147    
  47   2.1217E-05  4.2224E-05  8.3807E-05  1.6610E-04  3.2886E-04  6.5061E-04  1.2861E-03  2.5398E-03  5.0097E-03  9.8665E-03
       1.9394E-02  3.8022E-02  7.4290E-02  0.1445      0.2794      0.5359       1.017       1.900       3.479       6.186    
        10.56       17.02       25.39       34.34       41.70       45.48       44.41       40.13       34.64       29.28    
        24.66       20.88       17.88       15.52       13.66       12.18       11.00       10.05       9.287       8.663    
        8.151       7.731       7.385       7.099       6.863       6.668       6.507       6.376       6.268       6.181    
        6.110       6.053       6.007       5.971       5.941       5.916       5.894       5.874       5.854       5.833    
        5.809       5.782       5.751       5.714       5.671       5.621       5.563       5.498       5.423       5.340    
        5.248       5.147       5.037       4.918       4.791       4.656       4.514       4.364       4.209       4.048    
        3.882       3.713       3.541       3.367       3.192       3.017       2.842       2.670       2.500       2.334    
        2.172       2.014       1.862       1.716       1.577       1.444       1.319       1.204       1.100       1.015    
       0.9589    
  48   1.6875E-05  3.3459E-05  6.6025E-05  1.2992E-04  2.5514E-04  5.0014E-04  9.7863E-04  1.9109E-03  3.7222E-03  7.2288E-03
       1.3988E-02  2.6944E-02  5.1608E-02  9.8151E-02  0.1850      0.3447      0.6327       1.139       2.001       3.399    
        5.530       8.510       12.21       16.16       19.55       21.63       21.96       20.88       18.99       16.83    
        14.75       12.91       11.35       10.05       8.991       8.123       7.414       6.833       6.356       5.963    
        5.639       5.371       5.150       4.967       4.817       4.694       4.594       4.513       4.448       4.397    
        4.358       4.329       4.307       4.292       4.282       4.276       4.272       4.270       4.268       4.266    
        4.261       4.255       4.245       4.232       4.213       4.190       4.160       4.124       4.082       4.033    
        3.976       3.912       3.841       3.763       3.678       3.586       3.487       3.382       3.272       3.156    
        3.037       2.913       2.786       2.657       2.527       2.395       2.263       2.132       2.002       1.874    
        1.749       1.626       1.507       1.393       1.283       1.178       1.079      0.9871      0.9045      0.8359    
       0.7911    
  49   1.3020E-05  2.5703E-05  5.0378E-05  9.8310E-05  1.9123E-04  3.7090E-04  7.1730E-04  1.3828E-03  2.6557E-03  5.0779E-03
       9.6587E-03  1.8255E-02  3.4239E-02  6.3618E-02  0.1168      0.2116      0.3764      0.6548       1.108       1.812    
        2.837       4.215       5.886       7.663       9.260       10.38       10.86       10.74       10.19       9.406    
        8.552       7.724       6.971       6.312       5.748       5.270       4.869       4.534       4.254       4.020    
        3.826       3.664       3.530       3.420       3.329       3.256       3.197       3.151       3.115       3.089    
        3.070       3.058       3.052       3.050       3.052       3.056       3.062       3.070       3.077       3.085    
        3.091       3.096       3.099       3.098       3.095       3.087       3.075       3.059       3.037       3.010    
        2.977       2.939       2.895       2.845       2.789       2.728       2.661       2.589       2.513       2.431    
        2.346       2.257       2.166       2.071       1.975       1.878       1.780       1.681       1.583       1.486    
        1.390       1.296       1.205       1.116       1.031      0.9488      0.8713      0.7991      0.7340      0.6798    
       0.6444    
  50   9.7524E-06  1.9161E-05  3.7276E-05  7.2074E-05  1.3873E-04  2.6597E-04  5.0786E-04  9.6554E-04  1.8266E-03  3.4358E-03
       6.4194E-03  1.1899E-02  2.1848E-02  3.9666E-02  7.1047E-02  0.1252      0.2163      0.3649      0.5980      0.9466    
        1.437       2.079       2.845       3.664       4.429       5.026       5.383       5.491       5.393       5.156    
        4.844       4.505       4.171       3.861       3.582       3.337       3.125       2.943       2.789       2.658    
        2.548       2.456       2.380       2.318       2.267       2.227       2.195       2.171       2.154       2.143    
        2.137       2.136       2.138       2.143       2.151       2.160       2.171       2.183       2.195       2.207    
        2.218       2.229       2.237       2.244       2.249       2.250       2.249       2.244       2.235       2.222    
        2.205       2.183       2.157       2.127       2.092       2.052       2.008       1.960       1.907       1.851    
        1.792       1.729       1.663       1.596       1.526       1.455       1.382       1.310       1.237       1.164    
        1.092       1.021      0.9511      0.8834      0.8178      0.7548      0.6949      0.6389      0.5882      0.5459    
       0.5183    
  51   7.1014E-06  1.3882E-05  2.6792E-05  5.1300E-05  9.7648E-05  1.8492E-04  3.4842E-04  6.5292E-04  1.2161E-03  2.2494E-03
       4.1275E-03  7.5035E-03  1.3493E-02  2.3955E-02  4.1895E-02  7.1983E-02  0.1211      0.1988      0.3170      0.4884    
       0.7235       1.025       1.382       1.766       2.138       2.452       2.678       2.802       2.833       2.790    
        2.697       2.577       2.444       2.311       2.185       2.069       1.965       1.873       1.794       1.726    
        1.668       1.620       1.580       1.548       1.522       1.502       1.487       1.477       1.472       1.470    
        1.471       1.475       1.481       1.489       1.499       1.511       1.523       1.536       1.550       1.563    
        1.576       1.588       1.599       1.609       1.617       1.623       1.627       1.629       1.627       1.623    
        1.615       1.605       1.590       1.573       1.551       1.527       1.498       1.467       1.432       1.394    
        1.353       1.309       1.263       1.215       1.165       1.114       1.062       1.008      0.9546      0.9008    
       0.8473      0.7942      0.7420      0.6909      0.6412      0.5933      0.5475      0.5046      0.4657      0.4331    
       0.4118    
  52   5.0350E-06  9.7913E-06  1.8743E-05  3.5527E-05  6.6853E-05  1.2501E-04  2.3235E-04  4.2907E-04  7.8674E-04  1.4311E-03
       2.5795E-03  4.6013E-03  8.1094E-03  1.4095E-02  2.4108E-02  4.0472E-02  6.6493E-02  0.1066      0.1659      0.2500    
       0.3630      0.5060      0.6745      0.8580       1.041       1.206       1.338       1.430       1.481       1.496    
        1.484       1.452       1.408       1.359       1.308       1.259       1.213       1.172       1.135       1.102    
        1.075       1.052       1.034       1.019       1.008      0.9999      0.9951      0.9931      0.9935      0.9961    
        1.001       1.007       1.015       1.024       1.035       1.046       1.058       1.071       1.083       1.096    
        1.109       1.121       1.132       1.142       1.152       1.160       1.166       1.171       1.173       1.174    
        1.172       1.167       1.161       1.151       1.139       1.124       1.106       1.086       1.063       1.038    
        1.010      0.9807      0.9489      0.9153      0.8801      0.8437      0.8061      0.7677      0.7287      0.6894    
       0.6501      0.6109      0.5722      0.5341      0.4970      0.4609      0.4264      0.3939      0.3644      0.3396    
       0.3234    
  53   3.4823E-06  6.7363E-06  1.2789E-05  2.3995E-05  4.4631E-05  8.2404E-05  1.5107E-04  2.7493E-04  4.9635E-04  8.8816E-04
       1.5734E-03  2.7560E-03  4.7654E-03  8.1198E-03  1.3605E-02  2.2364E-02  3.5971E-02  5.6443E-02  8.6127E-02  0.1274    
       0.1820      0.2504      0.3311      0.4199      0.5108      0.5967      0.6713      0.7305      0.7724      0.7978    
       0.8090      0.8090      0.8011      0.7880      0.7719      0.7547      0.7376      0.7215      0.7068      0.6939    
       0.6829      0.6740      0.6670      0.6621      0.6589      0.6576      0.6579      0.6598      0.6631      0.6678    
       0.6737      0.6807      0.6886      0.6975      0.7071      0.7173      0.7279      0.7389      0.7501      0.7614    
       0.7725      0.7834      0.7938      0.8036      0.8127      0.8208      0.8278      0.8335      0.8379      0.8407    
       0.8419      0.8412      0.8387      0.8343      0.8278      0.8194      0.8089      0.7963      0.7818      0.7653    
       0.7470      0.7270      0.7053      0.6822      0.6577      0.6321      0.6055      0.5782      0.5502      0.5219    
       0.4933      0.4648      0.4364      0.4083      0.3808      0.3541      0.3283      0.3040      0.2818      0.2632    
       0.2510    
  54   2.3535E-06  4.5293E-06  8.5288E-06  1.5840E-05  2.9125E-05  5.3102E-05  9.6044E-05  1.7230E-04  3.0638E-04  5.3959E-04
       9.4017E-04  1.6185E-03  2.7489E-03  4.5982E-03  7.5609E-03  1.2195E-02  1.9248E-02  2.9654E-02  4.4476E-02  6.4761E-02
       9.1314E-02  0.1244      0.1634      0.2069      0.2525      0.2972      0.3385      0.3740      0.4025      0.4238    
       0.4383      0.4470      0.4510      0.4516      0.4498      0.4465      0.4425      0.4383      0.4344      0.4309    
       0.4281      0.4262      0.4251      0.4250      0.4258      0.4275      0.4301      0.4336      0.4380      0.4431    
       0.4489      0.4555      0.4626      0.4704      0.4786      0.4872      0.4962      0.5054      0.5148      0.5242    
       0.5335      0.5428      0.5517      0.5602      0.5683      0.5757      0.5823      0.5881      0.5930      0.5967    
       0.5992      0.6005      0.6005      0.5990      0.5960      0.5916      0.5856      0.5781      0.5691      0.5587    
       0.5468      0.5335      0.5190      0.5033      0.4865      0.4687      0.4502      0.4309      0.4111      0.3909    
       0.3704      0.3498      0.3292      0.3088      0.2887      0.2690      0.2500      0.2320      0.2156      0.2017    
       0.1926    
  55   1.5573E-06  2.9819E-06  5.5702E-06  1.0243E-05  1.8622E-05  3.3536E-05  5.9861E-05  1.0590E-04  1.8558E-04  3.2190E-04
       5.5208E-04  9.3506E-04  1.5618E-03  2.5684E-03  4.1515E-03  6.5827E-03  1.0218E-02  1.5493E-02  2.2897E-02  3.2909E-02
       4.5905E-02  6.2043E-02  8.1150E-02  0.1027      0.1257      0.1490      0.1714      0.1919      0.2098      0.2247    
       0.2364      0.2454      0.2519      0.2564      0.2594      0.2612      0.2624      0.2632      0.2638      0.2644    
       0.2653      0.2664      0.2678      0.2697      0.2721      0.2749      0.2783      0.2821      0.2863      0.2911    
       0.2963      0.3019      0.3079      0.3143      0.3210      0.3280      0.3352      0.3426      0.3502      0.3578    
       0.3653      0.3728      0.3801      0.3872      0.3940      0.4003      0.4061      0.4114      0.4160      0.4198    
       0.4228      0.4249      0.4260      0.4262      0.4252      0.4232      0.4201      0.4158      0.4104      0.4039    
       0.3964      0.3878      0.3782      0.3676      0.3563      0.3441      0.3313      0.3179      0.3040      0.2898    
       0.2752      0.2605      0.2458      0.2310      0.2165      0.2022      0.1883      0.1752      0.1631      0.1529    
       0.1462    
  56   1.0106E-06  1.9257E-06  3.5695E-06  6.5012E-06  1.1691E-05  2.0803E-05  3.6663E-05  6.3997E-05  1.1059E-04  1.8907E-04
       3.1947E-04  5.3290E-04  8.7640E-04  1.4190E-03  2.2582E-03  3.5264E-03  5.3939E-03  8.0662E-03  1.1771E-02  1.6735E-02
       2.3139E-02  3.1079E-02  4.0516E-02  5.1252E-02  6.2931E-02  7.5085E-02  8.7200E-02  9.8789E-02  0.1095      0.1190    
       0.1272      0.1341      0.1398      0.1445      0.1483      0.1515      0.1541      0.1564      0.1585      0.1606    
       0.1626      0.1647      0.1670      0.1695      0.1721      0.1751      0.1782      0.1817      0.1854      0.1895    
       0.1938      0.1983      0.2031      0.2082      0.2135      0.2189      0.2246      0.2304      0.2362      0.2421    
       0.2481      0.2540      0.2598      0.2654      0.2709      0.2760      0.2809      0.2853      0.2893      0.2928    
       0.2958      0.2980      0.2997      0.3006      0.3007      0.3001      0.2986      0.2964      0.2933      0.2894    
       0.2847      0.2792      0.2730      0.2660      0.2584      0.2502      0.2415      0.2322      0.2226      0.2127    
       0.2025      0.1921      0.1816      0.1711      0.1607      0.1504      0.1404      0.1309      0.1221      0.1147    
       0.1098    
  57   6.4429E-07  1.2220E-06  2.2485E-06  4.0577E-06  7.2204E-06  1.2702E-05  2.2114E-05  3.8110E-05  6.4989E-05  1.0960E-04
       1.8261E-04  3.0032E-04  4.8689E-04  7.7716E-04  1.2195E-03  1.8787E-03  2.8365E-03  4.1910E-03  6.0506E-03  8.5231E-03
       1.1700E-02  1.5638E-02  2.0339E-02  2.5737E-02  3.1702E-02  3.8047E-02  4.4553E-02  5.1000E-02  5.7193E-02  6.2982E-02
       6.8272E-02  7.3021E-02  7.7232E-02  8.0944E-02  8.4217E-02  8.7126E-02  8.9746E-02  9.2152E-02  9.4415E-02  9.6596E-02
       9.8748E-02  0.1009      0.1031      0.1055      0.1079      0.1104      0.1131      0.1160      0.1190      0.1222    
       0.1256      0.1292      0.1329      0.1368      0.1408      0.1450      0.1492      0.1536      0.1581      0.1626    
       0.1671      0.1716      0.1761      0.1805      0.1848      0.1888      0.1927      0.1963      0.1996      0.2026    
       0.2052      0.2073      0.2090      0.2102      0.2109      0.2110      0.2105      0.2094      0.2078      0.2055    
       0.2026      0.1992      0.1952      0.1907      0.1857      0.1802      0.1743      0.1680      0.1614      0.1546    
       0.1475      0.1402      0.1329      0.1254      0.1181      0.1107      0.1036      9.6769E-02  9.0467E-02  8.5129E-02
       8.1606E-02
  58   4.0418E-07  7.6327E-07  1.3946E-06  2.4947E-06  4.3950E-06  7.6476E-06  1.3161E-05  2.2406E-05  3.7734E-05  6.2822E-05
       1.0332E-04  1.6769E-04  2.6833E-04  4.2277E-04  6.5507E-04  9.9690E-04  1.4880E-03  2.1757E-03  3.1122E-03  4.3503E-03
       5.9367E-03  7.9041E-03  1.0263E-02  1.2997E-02  1.6058E-02  1.9376E-02  2.2859E-02  2.6410E-02  2.9935E-02  3.3357E-02
       3.6615E-02  3.9671E-02  4.2510E-02  4.5133E-02  4.7554E-02  4.9799E-02  5.1897E-02  5.3881E-02  5.5783E-02  5.7634E-02
       5.9464E-02  6.1296E-02  6.3156E-02  6.5061E-02  6.7028E-02  6.9073E-02  7.1206E-02  7.3437E-02  7.5773E-02  7.8219E-02
       8.0777E-02  8.3450E-02  8.6236E-02  8.9131E-02  9.2130E-02  9.5227E-02  9.8410E-02  0.1017      0.1050      0.1083    
       0.1117      0.1151      0.1185      0.1218      0.1251      0.1282      0.1312      0.1340      0.1367      0.1391    
       0.1412      0.1431      0.1446      0.1458      0.1466      0.1471      0.1471      0.1467      0.1459      0.1447    
       0.1430      0.1409      0.1384      0.1355      0.1322      0.1286      0.1247      0.1205      0.1160      0.1113    
       0.1064      0.1014      9.6261E-02  9.1083E-02  8.5892E-02  8.0738E-02  7.5687E-02  7.0836E-02  6.6351E-02  6.2545E-02
       6.0030E-02
  59   2.4986E-07  4.6992E-07  8.5296E-07  1.5133E-06  2.6408E-06  4.5479E-06  7.7410E-06  1.3029E-05  2.1685E-05  3.5672E-05
       5.7959E-05  9.2936E-05  1.4693E-04  2.2878E-04  3.5047E-04  5.2759E-04  7.7961E-04  1.1295E-03  1.6030E-03  2.2261E-03
       3.0232E-03  4.0128E-03  5.2048E-03  6.5974E-03  8.1761E-03  9.9142E-03  1.1776E-02  1.3718E-02  1.5700E-02  1.7681E-02
       1.9629E-02  2.1519E-02  2.3336E-02  2.5072E-02  2.6729E-02  2.8312E-02  2.9831E-02  3.1299E-02  3.2731E-02  3.4140E-02
       3.5541E-02  3.6947E-02  3.8372E-02  3.9827E-02  4.1321E-02  4.2865E-02  4.4465E-02  4.6129E-02  4.7861E-02  4.9667E-02
       5.1548E-02  5.3506E-02  5.5542E-02  5.7655E-02  5.9841E-02  6.2096E-02  6.4416E-02  6.6792E-02  6.9215E-02  7.1675E-02
       7.4159E-02  7.6653E-02  7.9140E-02  8.1604E-02  8.4026E-02  8.6384E-02  8.8659E-02  9.0827E-02  9.2868E-02  9.4757E-02
       9.6472E-02  9.7992E-02  9.9296E-02  0.1004      0.1012      0.1017      0.1020      0.1020      0.1016      0.1010    
       0.1000      9.8807E-02  9.7269E-02  9.5443E-02  9.3344E-02  9.0986E-02  8.8389E-02  8.5573E-02  8.2562E-02  7.9381E-02
       7.6057E-02  7.2617E-02  6.9089E-02  6.5505E-02  6.1894E-02  5.8296E-02  5.4756E-02  5.1346E-02  4.8185E-02  4.5497E-02
       4.3718E-02
  60   1.5242E-07  2.8557E-07  5.1517E-07  9.0690E-07  1.5686E-06  2.6753E-06  4.5069E-06  7.5047E-06  1.2353E-05  2.0095E-05
       3.2285E-05  5.1193E-05  8.0047E-05  1.2331E-04  1.8697E-04  2.7876E-04  4.0826E-04  5.8683E-04  8.2713E-04  1.1424E-03
       1.5452E-03  2.0461E-03  2.6522E-03  3.3656E-03  4.1831E-03  5.0957E-03  6.0897E-03  7.1480E-03  8.2519E-03  9.3827E-03
       1.0524E-02  1.1661E-02  1.2785E-02  1.3888E-02  1.4968E-02  1.6025E-02  1.7061E-02  1.8081E-02  1.9090E-02  2.0095E-02
       2.1102E-02  2.2119E-02  2.3152E-02  2.4207E-02  2.5291E-02  2.6409E-02  2.7566E-02  2.8766E-02  3.0013E-02  3.1310E-02
       3.2660E-02  3.4062E-02  3.5519E-02  3.7030E-02  3.8594E-02  4.0208E-02  4.1869E-02  4.3572E-02  4.5312E-02  4.7083E-02
       4.8875E-02  5.0680E-02  5.2486E-02  5.4283E-02  5.6057E-02  5.7795E-02  5.9482E-02  6.1102E-02  6.2641E-02  6.4081E-02
       6.5408E-02  6.6605E-02  6.7656E-02  6.8549E-02  6.9270E-02  6.9806E-02  7.0147E-02  7.0286E-02  7.0215E-02  6.9930E-02
       6.9431E-02  6.8716E-02  6.7790E-02  6.6658E-02  6.5328E-02  6.3809E-02  6.2114E-02  6.0257E-02  5.8254E-02  5.6121E-02
       5.3877E-02  5.1540E-02  4.9132E-02  4.6673E-02  4.4185E-02  4.1695E-02  3.9238E-02  3.6863E-02  3.4655E-02  3.2774E-02
       3.1529E-02
  61   9.1870E-08  1.7152E-07  3.0765E-07  5.3768E-07  9.2230E-07  1.5588E-06  2.6007E-06  4.2874E-06  6.9852E-06  1.1245E-05
       1.7880E-05  2.8062E-05  4.3440E-05  6.6272E-05  9.9561E-05  1.4716E-04  2.1384E-04  3.0524E-04  4.2772E-04  5.8799E-04
       7.9270E-04  1.0477E-03  1.3577E-03  1.7250E-03  2.1500E-03  2.6302E-03  3.1610E-03  3.7359E-03  4.3469E-03  4.9858E-03
       5.6446E-03  6.3163E-03  6.9949E-03  7.6763E-03  8.3576E-03  9.0376E-03  9.7166E-03  1.0396E-02  1.1077E-02  1.1762E-02
       1.2456E-02  1.3161E-02  1.3881E-02  1.4619E-02  1.5379E-02  1.6163E-02  1.6976E-02  1.7819E-02  1.8695E-02  1.9606E-02
       2.0554E-02  2.1539E-02  2.2562E-02  2.3625E-02  2.4724E-02  2.5861E-02  2.7032E-02  2.8235E-02  2.9466E-02  3.0721E-02
       3.1995E-02  3.3282E-02  3.4574E-02  3.5864E-02  3.7143E-02  3.8402E-02  3.9630E-02  4.0818E-02  4.1955E-02  4.3029E-02
       4.4028E-02  4.4943E-02  4.5762E-02  4.6474E-02  4.7070E-02  4.7542E-02  4.7880E-02  4.8080E-02  4.8135E-02  4.8042E-02
       4.7798E-02  4.7404E-02  4.6861E-02  4.6172E-02  4.5341E-02  4.4374E-02  4.3280E-02  4.2067E-02  4.0747E-02  3.9330E-02
       3.7828E-02  3.6256E-02  3.4626E-02  3.2954E-02  3.1254E-02  2.9547E-02  2.7856E-02  2.6217E-02  2.4690E-02  2.3386E-02
       2.2521E-02
  62   5.4776E-08  1.0193E-07  1.8186E-07  3.1572E-07  5.3740E-07  9.0058E-07  1.4891E-06  2.4321E-06  3.9249E-06  6.2582E-06
       9.8558E-06  1.5323E-05  2.3503E-05  3.5543E-05  5.2954E-05  7.7673E-05  1.1209E-04  1.5902E-04  2.2170E-04  3.0358E-04
       4.0815E-04  5.3871E-04  6.9802E-04  8.8806E-04  1.1098E-03  1.3631E-03  1.6467E-03  1.9584E-03  2.2951E-03  2.6534E-03
       3.0298E-03  3.4210E-03  3.8238E-03  4.2359E-03  4.6556E-03  5.0818E-03  5.5141E-03  5.9527E-03  6.3982E-03  6.8517E-03
       7.3148E-03  7.7889E-03  8.2758E-03  8.7776E-03  9.2960E-03  9.8329E-03  1.0390E-02  1.0969E-02  1.1572E-02  1.2200E-02
       1.2853E-02  1.3534E-02  1.4241E-02  1.4977E-02  1.5739E-02  1.6528E-02  1.7342E-02  1.8180E-02  1.9039E-02  1.9917E-02
       2.0810E-02  2.1715E-02  2.2626E-02  2.3539E-02  2.4448E-02  2.5346E-02  2.6227E-02  2.7084E-02  2.7908E-02  2.8693E-02
       2.9431E-02  3.0113E-02  3.0732E-02  3.1281E-02  3.1753E-02  3.2141E-02  3.2439E-02  3.2643E-02  3.2748E-02  3.2751E-02
       3.2650E-02  3.2446E-02  3.2136E-02  3.1725E-02  3.1213E-02  3.0606E-02  2.9907E-02  2.9123E-02  2.8260E-02  2.7327E-02
       2.6331E-02  2.5282E-02  2.4189E-02  2.3061E-02  2.1911E-02  2.0750E-02  1.9596E-02  1.8475E-02  1.7427E-02  1.6531E-02
       1.5936E-02
  63   3.2341E-08  6.0001E-08  1.0653E-07  1.8381E-07  3.1063E-07  5.1649E-07  8.4693E-07  1.3713E-06  2.1936E-06  3.4668E-06
       5.4119E-06  8.3416E-06  1.2688E-05  1.9036E-05  2.8150E-05  4.1008E-05  5.8813E-05  8.3001E-05  1.1521E-04  1.5723E-04
       2.1091E-04  2.7808E-04  3.6037E-04  4.5911E-04  5.7523E-04  7.0915E-04  8.6080E-04  1.0296E-03  1.2146E-03  1.4145E-03
       1.6279E-03  1.8532E-03  2.0893E-03  2.3347E-03  2.5887E-03  2.8506E-03  3.1200E-03  3.3969E-03  3.6815E-03  3.9743E-03
       4.2760E-03  4.5872E-03  4.9091E-03  5.2426E-03  5.5888E-03  5.9487E-03  6.3235E-03  6.7142E-03  7.1218E-03  7.5471E-03
       7.9908E-03  8.4535E-03  8.9357E-03  9.4374E-03  9.9586E-03  1.0499E-02  1.1058E-02  1.1634E-02  1.2226E-02  1.2833E-02
       1.3451E-02  1.4079E-02  1.4714E-02  1.5352E-02  1.5989E-02  1.6621E-02  1.7244E-02  1.7853E-02  1.8442E-02  1.9006E-02
       1.9540E-02  2.0039E-02  2.0496E-02  2.0908E-02  2.1269E-02  2.1573E-02  2.1818E-02  2.2000E-02  2.2114E-02  2.2159E-02
       2.2134E-02  2.2037E-02  2.1868E-02  2.1627E-02  2.1317E-02  2.0940E-02  2.0499E-02  1.9996E-02  1.9438E-02  1.8829E-02
       1.8174E-02  1.7480E-02  1.6752E-02  1.5998E-02  1.5226E-02  1.4443E-02  1.3663E-02  1.2902E-02  1.2190E-02  1.1579E-02
       1.1174E-02
  64   1.8927E-08  3.5019E-08  6.1900E-08  1.0619E-07  1.7828E-07  2.9429E-07  4.7887E-07  7.6921E-07  1.2205E-06  1.9132E-06
       2.9625E-06  4.5305E-06  6.8392E-06  1.0187E-05  1.4963E-05  2.1665E-05  3.0903E-05  4.3409E-05  6.0025E-05  8.1684E-05
       1.0937E-04  1.4409E-04  1.8679E-04  2.3830E-04  2.9931E-04  3.7028E-04  4.5146E-04  5.4285E-04  6.4427E-04  7.5534E-04
       8.7558E-04  1.0044E-03  1.1414E-03  1.2858E-03  1.4375E-03  1.5959E-03  1.7611E-03  1.9329E-03  2.1114E-03  2.2968E-03
       2.4896E-03  2.6901E-03  2.8988E-03  3.1164E-03  3.3435E-03  3.5807E-03  3.8286E-03  4.0880E-03  4.3593E-03  4.6433E-03
       4.9403E-03  5.2508E-03  5.5751E-03  5.9132E-03  6.2652E-03  6.6309E-03  7.0099E-03  7.4016E-03  7.8051E-03  8.2193E-03
       8.6428E-03  9.0740E-03  9.5109E-03  9.9512E-03  1.0393E-02  1.0832E-02  1.1266E-02  1.1693E-02  1.2108E-02  1.2507E-02
       1.2888E-02  1.3246E-02  1.3578E-02  1.3879E-02  1.4148E-02  1.4379E-02  1.4571E-02  1.4721E-02  1.4825E-02  1.4883E-02
       1.4894E-02  1.4855E-02  1.4767E-02  1.4631E-02  1.4446E-02  1.4215E-02  1.3939E-02  1.3620E-02  1.3262E-02  1.2867E-02
       1.2440E-02  1.1984E-02  1.1504E-02  1.1004E-02  1.0490E-02  9.9665E-03  9.4430E-03  8.9310E-03  8.4505E-03  8.0381E-03
       7.7638E-03
  65   1.0990E-08  2.0282E-08  3.5704E-08  6.0932E-08  1.0168E-07  1.6673E-07  2.6939E-07  4.2955E-07  6.7647E-07  1.0525E-06
       1.6178E-06  2.4563E-06  3.6825E-06  5.4493E-06  7.9563E-06  1.1457E-05  1.6263E-05  2.2751E-05  3.1357E-05  4.2568E-05
       5.6913E-05  7.4938E-05  9.7184E-05  1.2416E-04  1.5631E-04  1.9401E-04  2.3752E-04  2.8701E-04  3.4253E-04  4.0407E-04
       4.7153E-04  5.4475E-04  6.2357E-04  7.0783E-04  7.9739E-04  8.9214E-04  9.9204E-04  1.0971E-03  1.2074E-03  1.3231E-03
       1.4444E-03  1.5715E-03  1.7048E-03  1.8446E-03  1.9913E-03  2.1453E-03  2.3070E-03  2.4768E-03  2.6551E-03  2.8422E-03
       3.0386E-03  3.2444E-03  3.4599E-03  3.6851E-03  3.9202E-03  4.1650E-03  4.4193E-03  4.6826E-03  4.9546E-03  5.2345E-03
       5.5213E-03  5.8141E-03  6.1115E-03  6.4122E-03  6.7144E-03  7.0163E-03  7.3159E-03  7.6110E-03  7.8993E-03  8.1784E-03
       8.4457E-03  8.6989E-03  8.9352E-03  9.1523E-03  9.3476E-03  9.5189E-03  9.6641E-03  9.7812E-03  9.8686E-03  9.9249E-03
       9.9490E-03  9.9403E-03  9.8984E-03  9.8232E-03  9.7152E-03  9.5752E-03  9.4044E-03  9.2041E-03  8.9763E-03  8.7229E-03
       8.4465E-03  8.1496E-03  7.8350E-03  7.5060E-03  7.1658E-03  6.8188E-03  6.4704E-03  6.1286E-03  5.8072E-03  5.5308E-03
       5.3469E-03
  66   6.3353E-09  1.1666E-08  2.0460E-08  3.4751E-08  5.7671E-08  9.3990E-08  1.5088E-07  2.3896E-07  3.7375E-07  5.7753E-07
       8.8175E-07  1.3300E-06  1.9815E-06  2.9150E-06  4.2330E-06  6.0656E-06  8.5736E-06  1.1951E-05  1.6424E-05  2.2251E-05
       2.9713E-05  3.9110E-05  5.0747E-05  6.4923E-05  8.1921E-05  1.0199E-04  1.2535E-04  1.5215E-04  1.8253E-04  2.1655E-04
       2.5427E-04  2.9568E-04  3.4078E-04  3.8956E-04  4.4201E-04  4.9812E-04  5.5791E-04  6.2144E-04  6.8879E-04  7.6005E-04
       8.3538E-04  9.1495E-04  9.9895E-04  1.0876E-03  1.1812E-03  1.2799E-03  1.3840E-03  1.4938E-03  1.6096E-03  1.7315E-03
       1.8598E-03  1.9948E-03  2.1364E-03  2.2849E-03  2.4403E-03  2.6024E-03  2.7713E-03  2.9466E-03  3.1281E-03  3.3153E-03
       3.5076E-03  3.7044E-03  3.9049E-03  4.1080E-03  4.3128E-03  4.5180E-03  4.7222E-03  4.9241E-03  5.1222E-03  5.3147E-03
       5.5000E-03  5.6765E-03  5.8423E-03  5.9958E-03  6.1353E-03  6.2593E-03  6.3661E-03  6.4546E-03  6.5235E-03  6.5718E-03
       6.5988E-03  6.6037E-03  6.5864E-03  6.5468E-03  6.4850E-03  6.4014E-03  6.2968E-03  6.1720E-03  6.0282E-03  5.8668E-03
       5.6893E-03  5.4973E-03  5.2928E-03  5.0779E-03  4.8548E-03  4.6263E-03  4.3962E-03  4.1699E-03  3.9565E-03  3.7728E-03
       3.6504E-03
  67   3.6289E-09  6.6684E-09  1.1656E-08  1.9712E-08  3.2549E-08  5.2753E-08  8.4180E-08  1.3251E-07  2.0595E-07  3.1625E-07
       4.7987E-07  7.1952E-07  1.0659E-06  1.5598E-06  2.2540E-06  3.2157E-06  4.5281E-06  6.2919E-06  8.6257E-06  1.1665E-05
       1.5562E-05  2.0480E-05  2.6589E-05  3.4065E-05  4.3077E-05  5.3786E-05  6.6340E-05  8.0868E-05  9.7481E-05  1.1627E-04
       1.3730E-04  1.6064E-04  1.8632E-04  2.1440E-04  2.4490E-04  2.7786E-04  3.1335E-04  3.5140E-04  3.9211E-04  4.3556E-04
       4.8184E-04  5.3109E-04  5.8344E-04  6.3903E-04  6.9803E-04  7.6061E-04  8.2694E-04  8.9719E-04  9.7154E-04  1.0502E-03
       1.1332E-03  1.2207E-03  1.3129E-03  1.4099E-03  1.5115E-03  1.6180E-03  1.7290E-03  1.8447E-03  1.9646E-03  2.0886E-03
       2.2164E-03  2.3474E-03  2.4812E-03  2.6171E-03  2.7545E-03  2.8925E-03  3.0304E-03  3.1670E-03  3.3015E-03  3.4328E-03
       3.5597E-03  3.6812E-03  3.7959E-03  3.9029E-03  4.0009E-03  4.0889E-03  4.1658E-03  4.2308E-03  4.2829E-03  4.3216E-03
       4.3461E-03  4.3561E-03  4.3513E-03  4.3316E-03  4.2971E-03  4.2479E-03  4.1845E-03  4.1074E-03  4.0174E-03  3.9153E-03
       3.8022E-03  3.6790E-03  3.5470E-03  3.4076E-03  3.2623E-03  3.1131E-03  2.9622E-03  2.8135E-03  2.6729E-03  2.5517E-03
       2.4709E-03
  68   2.0668E-09  3.7908E-09  6.6060E-09  1.1128E-08  1.8291E-08  2.9494E-08  4.6811E-08  7.3271E-08  1.1323E-07  1.7289E-07
       2.6087E-07  3.8904E-07  5.7337E-07  8.3501E-07  1.2014E-06  1.7073E-06  2.3960E-06  3.3201E-06  4.5418E-06  6.1333E-06
       8.1758E-06  1.0759E-05  1.3978E-05  1.7932E-05  2.2723E-05  2.8450E-05  3.5209E-05  4.3090E-05  5.2175E-05  6.2539E-05
       7.4247E-05  8.7361E-05  1.0193E-04  1.1801E-04  1.3565E-04  1.5490E-04  1.7580E-04  1.9842E-04  2.2282E-04  2.4907E-04
       2.7725E-04  3.0745E-04  3.3976E-04  3.7428E-04  4.1112E-04  4.5040E-04  4.9224E-04  5.3675E-04  5.8405E-04  6.3425E-04
       6.8746E-04  7.4376E-04  8.0323E-04  8.6593E-04  9.3187E-04  1.0011E-03  1.0735E-03  1.1491E-03  1.2276E-03  1.3091E-03
       1.3932E-03  1.4796E-03  1.5681E-03  1.6582E-03  1.7495E-03  1.8415E-03  1.9336E-03  2.0252E-03  2.1156E-03  2.2041E-03
       2.2901E-03  2.3726E-03  2.4511E-03  2.5246E-03  2.5924E-03  2.6539E-03  2.7082E-03  2.7548E-03  2.7931E-03  2.8226E-03
       2.8428E-03  2.8535E-03  2.8545E-03  2.8456E-03  2.8268E-03  2.7983E-03  2.7603E-03  2.7131E-03  2.6572E-03  2.5931E-03
       2.5215E-03  2.4429E-03  2.3584E-03  2.2686E-03  2.1747E-03  2.0779E-03  1.9797E-03  1.8827E-03  1.7908E-03  1.7114E-03
       1.6585E-03
  69   1.1710E-09  2.1442E-09  3.7264E-09  6.2551E-09  1.0239E-08  1.6434E-08  2.5956E-08  4.0420E-08  6.2142E-08  9.4389E-08
       1.4170E-07  2.1028E-07  3.0848E-07  4.4731E-07  6.4105E-07  9.0784E-07  1.2703E-06  1.7559E-06  2.3976E-06  3.2337E-06
       4.3080E-06  5.6693E-06  7.3708E-06  9.4690E-06  1.2023E-05  1.5092E-05  1.8737E-05  2.3016E-05  2.7985E-05  3.3699E-05
       4.0208E-05  4.7560E-05  5.5803E-05  6.4979E-05  7.5132E-05  8.6308E-05  9.8550E-05  1.1191E-04  1.2643E-04  1.4217E-04
       1.5919E-04  1.7756E-04  1.9733E-04  2.1858E-04  2.4139E-04  2.6583E-04  2.9199E-04  3.1995E-04  3.4978E-04  3.8156E-04
       4.1536E-04  4.5126E-04  4.8929E-04  5.2950E-04  5.7191E-04  6.1654E-04  6.6336E-04  7.1233E-04  7.6339E-04  8.1642E-04
       8.7129E-04  9.2784E-04  9.8585E-04  1.0451E-03  1.1052E-03  1.1659E-03  1.2269E-03  1.2877E-03  1.3479E-03  1.4070E-03
       1.4646E-03  1.5201E-03  1.5731E-03  1.6230E-03  1.6693E-03  1.7116E-03  1.7493E-03  1.7821E-03  1.8095E-03  1.8312E-03
       1.8470E-03  1.8565E-03  1.8596E-03  1.8563E-03  1.8464E-03  1.8302E-03  1.8076E-03  1.7790E-03  1.7445E-03  1.7045E-03
       1.6595E-03  1.6098E-03  1.5560E-03  1.4986E-03  1.4383E-03  1.3759E-03  1.3125E-03  1.2496E-03  1.1900E-03  1.1384E-03
       1.1040E-03
  70   6.6044E-10  1.2075E-09  2.0933E-09  3.5026E-09  5.7119E-09  9.1304E-09  1.4356E-08  2.2253E-08  3.4051E-08  5.1478E-08
       7.6926E-08  1.1365E-07  1.6603E-07  2.3982E-07  3.4248E-07  4.8350E-07  6.7475E-07  9.3071E-07  1.2688E-06  1.7095E-06
       2.2765E-06  2.9963E-06  3.8984E-06  5.0148E-06  6.3795E-06  8.0280E-06  9.9966E-06  1.2322E-05  1.5041E-05  1.8191E-05
       2.1806E-05  2.5921E-05  3.0572E-05  3.5792E-05  4.1614E-05  4.8075E-05  5.5209E-05  6.3052E-05  7.1643E-05  8.1022E-05
       9.1233E-05  1.0232E-04  1.1433E-04  1.2732E-04  1.4133E-04  1.5642E-04  1.7265E-04  1.9007E-04  2.0873E-04  2.2869E-04
       2.5000E-04  2.7270E-04  2.9682E-04  3.2241E-04  3.4947E-04  3.7802E-04  4.0805E-04  4.3954E-04  4.7244E-04  5.0670E-04
       5.4222E-04  5.7890E-04  6.1662E-04  6.5521E-04  6.9448E-04  7.3423E-04  7.7423E-04  8.1421E-04  8.5390E-04  8.9299E-04
       9.3118E-04  9.6814E-04  1.0035E-03  1.0370E-03  1.0683E-03  1.0970E-03  1.1228E-03  1.1454E-03  1.1647E-03  1.1802E-03
       1.1919E-03  1.1996E-03  1.2032E-03  1.2025E-03  1.1976E-03  1.1885E-03  1.1753E-03  1.1580E-03  1.1369E-03  1.1122E-03
       1.0840E-03  1.0528E-03  1.0187E-03  9.8227E-04  9.4383E-04  9.0391E-04  8.6321E-04  8.2279E-04  7.8437E-04  7.5109E-04
       7.2885E-04
  71   3.7094E-10  6.7730E-10  1.1716E-09  1.9547E-09  3.1770E-09  5.0593E-09  7.9232E-09  1.2230E-08  1.8635E-08  2.8052E-08
       4.1746E-08  6.1430E-08  8.9402E-08  1.2868E-07  1.8319E-07  2.5792E-07  3.5910E-07  4.9440E-07  6.7308E-07  9.0610E-07
       1.2062E-06  1.5880E-06  2.0677E-06  2.6634E-06  3.3944E-06  4.2815E-06  5.3465E-06  6.6118E-06  8.1006E-06  9.8363E-06
       1.1843E-05  1.4143E-05  1.6762E-05  1.9724E-05  2.3053E-05  2.6774E-05  3.0912E-05  3.5496E-05  4.0551E-05  4.6108E-05
       5.2197E-05  5.8849E-05  6.6098E-05  7.3978E-05  8.2527E-05  9.1779E-05  1.0177E-04  1.1255E-04  1.2414E-04  1.3658E-04
       1.4991E-04  1.6416E-04  1.7935E-04  1.9551E-04  2.1265E-04  2.3078E-04  2.4990E-04  2.6999E-04  2.9103E-04  3.1298E-04
       3.3580E-04  3.5941E-04  3.8374E-04  4.0868E-04  4.3412E-04  4.5992E-04  4.8594E-04  5.1201E-04  5.3795E-04  5.6356E-04
       5.8865E-04  6.1301E-04  6.3641E-04  6.5864E-04  6.7947E-04  6.9871E-04  7.1614E-04  7.3156E-04  7.4481E-04  7.5573E-04
       7.6417E-04  7.7003E-04  7.7323E-04  7.7371E-04  7.7145E-04  7.6646E-04  7.5877E-04  7.4845E-04  7.3562E-04  7.2038E-04
       7.0291E-04  6.8337E-04  6.6198E-04  6.3897E-04  6.1462E-04  5.8924E-04  5.6331E-04  5.3749E-04  5.1291E-04  4.9159E-04
       4.7733E-04
  72   2.0757E-10  3.7856E-10  6.5352E-10  1.0876E-09  1.7623E-09  2.7971E-09  4.3646E-09  6.7119E-09  1.0187E-08  1.5277E-08
       2.2650E-08  3.3210E-08  4.8169E-08  6.9117E-08  9.8119E-08  1.3780E-07  1.9147E-07  2.6318E-07  3.5788E-07  4.8145E-07
       6.4079E-07  8.4385E-07  1.0997E-06  1.4183E-06  1.8107E-06  2.2891E-06  2.8661E-06  3.5554E-06  4.3710E-06  5.3277E-06
       6.4408E-06  7.7256E-06  9.1983E-06  1.0875E-05  1.2773E-05  1.4909E-05  1.7302E-05  1.9969E-05  2.2931E-05  2.6207E-05
       2.9818E-05  3.3787E-05  3.8136E-05  4.2890E-05  4.8072E-05  5.3708E-05  5.9823E-05  6.6443E-05  7.3594E-05  8.1298E-05
       8.9581E-05  9.8463E-05  1.0796E-04  1.1810E-04  1.2887E-04  1.4030E-04  1.5238E-04  1.6511E-04  1.7847E-04  1.9243E-04
       2.0698E-04  2.2206E-04  2.3764E-04  2.5363E-04  2.6998E-04  2.8659E-04  3.0338E-04  3.2023E-04  3.3704E-04  3.5368E-04
       3.7001E-04  3.8591E-04  4.0123E-04  4.1584E-04  4.2958E-04  4.4233E-04  4.5395E-04  4.6431E-04  4.7329E-04  4.8080E-04
       4.8673E-04  4.9102E-04  4.9361E-04  4.9445E-04  4.9353E-04  4.9086E-04  4.8644E-04  4.8032E-04  4.7257E-04  4.6325E-04
       4.5246E-04  4.4033E-04  4.2697E-04  4.1254E-04  3.9721E-04  3.8119E-04  3.6477E-04  3.4839E-04  3.3277E-04  3.1920E-04
       3.1012E-04
  73   1.1577E-10  2.1091E-10  3.6346E-10  6.0349E-10  9.7526E-10  1.5433E-09  2.4004E-09  3.6788E-09  5.5646E-09  8.3163E-09
       1.2288E-08  1.7959E-08  2.5969E-08  3.7160E-08  5.2620E-08  7.3742E-08  1.0228E-07  1.4039E-07  1.9071E-07  2.5642E-07
       3.4125E-07  4.4955E-07  5.8631E-07  7.5715E-07  9.6833E-07  1.2267E-06  1.5399E-06  1.9157E-06  2.3629E-06  2.8904E-06
       3.5077E-06  4.2247E-06  5.0517E-06  5.9995E-06  7.0791E-06  8.3022E-06  9.6808E-06  1.1227E-05  1.2955E-05  1.4878E-05
       1.7010E-05  1.9366E-05  2.1962E-05  2.4813E-05  2.7937E-05  3.1350E-05  3.5069E-05  3.9111E-05  4.3494E-05  4.8234E-05
       5.3347E-05  5.8847E-05  6.4748E-05  7.1059E-05  7.7790E-05  8.4946E-05  9.2527E-05  1.0053E-04  1.0895E-04  1.1777E-04
       1.2698E-04  1.3655E-04  1.4644E-04  1.5662E-04  1.6705E-04  1.7766E-04  1.8841E-04  1.9922E-04  2.1002E-04  2.2073E-04
       2.3127E-04  2.4156E-04  2.5150E-04  2.6100E-04  2.6998E-04  2.7834E-04  2.8599E-04  2.9286E-04  2.9886E-04  3.0394E-04
       3.0802E-04  3.1106E-04  3.1302E-04  3.1388E-04  3.1361E-04  3.1221E-04  3.0970E-04  3.0610E-04  3.0144E-04  2.9577E-04
       2.8916E-04  2.8166E-04  2.7337E-04  2.6437E-04  2.5478E-04  2.4473E-04  2.3441E-04  2.2408E-04  2.1422E-04  2.0564E-04
       1.9990E-04
  74   6.4377E-11  1.1717E-10  2.0161E-10  3.3407E-10  5.3858E-10  8.4997E-10  1.3182E-09  2.0142E-09  3.0374E-09  4.5254E-09
       6.6665E-09  9.7152E-09  1.4010E-08  1.9998E-08  2.8256E-08  3.9522E-08  5.4729E-08  7.5031E-08  1.0185E-07  1.3688E-07
       1.8216E-07  2.4007E-07  3.1336E-07  4.0517E-07  5.1903E-07  6.5888E-07  8.2905E-07  1.0342E-06  1.2796E-06  1.5705E-06
       1.9128E-06  2.3128E-06  2.7767E-06  3.3116E-06  3.9246E-06  4.6232E-06  5.4153E-06  6.3093E-06  7.3138E-06  8.4379E-06
       9.6912E-06  1.1083E-05  1.2625E-05  1.4327E-05  1.6200E-05  1.8255E-05  2.0504E-05  2.2958E-05  2.5629E-05  2.8528E-05
       3.1664E-05  3.5049E-05  3.8691E-05  4.2597E-05  4.6773E-05  5.1224E-05  5.5950E-05  6.0951E-05  6.6223E-05  7.1758E-05
       7.7544E-05  8.3567E-05  8.9808E-05  9.6242E-05  1.0284E-04  1.0957E-04  1.1640E-04  1.2327E-04  1.3016E-04  1.3700E-04
       1.4375E-04  1.5035E-04  1.5674E-04  1.6286E-04  1.6867E-04  1.7409E-04  1.7908E-04  1.8358E-04  1.8754E-04  1.9092E-04
       1.9368E-04  1.9578E-04  1.9721E-04  1.9793E-04  1.9794E-04  1.9724E-04  1.9583E-04  1.9372E-04  1.9094E-04  1.8751E-04
       1.8348E-04  1.7887E-04  1.7375E-04  1.6818E-04  1.6222E-04  1.5595E-04  1.4950E-04  1.4303E-04  1.3685E-04  1.3146E-04
       1.2785E-04
  75   3.5703E-11  6.4926E-11  1.1156E-10  1.8453E-10  2.9687E-10  4.6739E-10  7.2302E-10  1.1018E-09  1.6569E-09  2.4619E-09
       3.6170E-09  5.2576E-09  7.5639E-09  1.0773E-08  1.5191E-08  2.1213E-08  2.9335E-08  4.0176E-08  5.4497E-08  7.3221E-08
       9.7450E-08  1.2849E-07  1.6786E-07  2.1730E-07  2.7881E-07  3.5462E-07  4.4723E-07  5.5938E-07  6.9408E-07  8.5459E-07
       1.0444E-06  1.2674E-06  1.5274E-06  1.8289E-06  2.1763E-06  2.5745E-06  3.0286E-06  3.5438E-06  4.1259E-06  4.7807E-06
       5.5146E-06  6.3339E-06  7.2456E-06  8.2565E-06  9.3739E-06  1.0605E-05  1.1958E-05  1.3440E-05  1.5058E-05  1.6821E-05
       1.8734E-05  2.0804E-05  2.3038E-05  2.5441E-05  2.8016E-05  3.0766E-05  3.3694E-05  3.6798E-05  4.0077E-05  4.3525E-05
       4.7138E-05  5.0904E-05  5.4813E-05  5.8849E-05  6.2996E-05  6.7233E-05  7.1535E-05  7.5879E-05  8.0233E-05  8.4569E-05
       8.8852E-05  9.3049E-05  9.7123E-05  1.0104E-04  1.0476E-04  1.0824E-04  1.1146E-04  1.1438E-04  1.1696E-04  1.1918E-04
       1.2101E-04  1.2244E-04  1.2344E-04  1.2399E-04  1.2411E-04  1.2377E-04  1.2298E-04  1.2176E-04  1.2011E-04  1.1805E-04
       1.1560E-04  1.1279E-04  1.0964E-04  1.0621E-04  1.0252E-04  9.8640E-05  9.4632E-05  9.0610E-05  8.6756E-05  8.3398E-05
       8.1146E-05
  76   1.9752E-11  3.5894E-11  6.1601E-11  1.0173E-10  1.6336E-10  2.5665E-10  3.9613E-10  6.0222E-10  9.0343E-10  1.3391E-09
       1.9627E-09  2.8464E-09  4.0863E-09  5.8086E-09  8.1770E-09  1.1402E-08  1.5749E-08  2.1550E-08  2.9216E-08  3.9246E-08
       5.2241E-08  6.8914E-08  9.0105E-08  1.1679E-07  1.5007E-07  1.9124E-07  2.4170E-07  3.0306E-07  3.7707E-07  4.6566E-07
       5.7093E-07  6.9517E-07  8.4084E-07  1.0106E-06  1.2072E-06  1.4337E-06  1.6934E-06  1.9896E-06  2.3259E-06  2.7061E-06
       3.1343E-06  3.6146E-06  4.1514E-06  4.7493E-06  5.4129E-06  6.1472E-06  6.9569E-06  7.8470E-06  8.8225E-06  9.8881E-06
       1.1048E-05  1.2308E-05  1.3670E-05  1.5139E-05  1.6717E-05  1.8407E-05  2.0209E-05  2.2123E-05  2.4149E-05  2.6284E-05
       2.8524E-05  3.0863E-05  3.3295E-05  3.5810E-05  3.8397E-05  4.1045E-05  4.3738E-05  4.6460E-05  4.9194E-05  5.1920E-05
       5.4617E-05  5.7265E-05  5.9840E-05  6.2319E-05  6.4680E-05  6.6900E-05  6.8955E-05  7.0825E-05  7.2490E-05  7.3931E-05
       7.5132E-05  7.6079E-05  7.6762E-05  7.7170E-05  7.7300E-05  7.7148E-05  7.6717E-05  7.6009E-05  7.5033E-05  7.3799E-05
       7.2320E-05  7.0612E-05  6.8695E-05  6.6591E-05  6.4326E-05  6.1934E-05  5.9460E-05  5.6973E-05  5.4587E-05  5.2506E-05
       5.1109E-05
  77   1.0904E-11  1.9802E-11  3.3948E-11  5.5986E-11  8.9753E-11  1.4075E-10  2.1681E-10  3.2891E-10  4.9237E-10  7.2823E-10
       1.0651E-09  1.5417E-09  2.2091E-09  3.1348E-09  4.4064E-09  6.1364E-09  8.4675E-09  1.1578E-08  1.5691E-08  2.1075E-08
       2.8059E-08  3.7034E-08  4.8462E-08  6.2886E-08  8.0930E-08  1.0331E-07  1.3085E-07  1.6445E-07  2.0514E-07  2.5405E-07
       3.1243E-07  3.8164E-07  4.6318E-07  5.5864E-07  6.6976E-07  7.9841E-07  9.4659E-07  1.1164E-06  1.3102E-06  1.5303E-06
       1.7793E-06  2.0598E-06  2.3747E-06  2.7269E-06  3.1193E-06  3.5551E-06  4.0374E-06  4.5695E-06  5.1544E-06  5.7953E-06
       6.4953E-06  7.2570E-06  8.0832E-06  8.9760E-06  9.9375E-06  1.0969E-05  1.2071E-05  1.3245E-05  1.4489E-05  1.5802E-05
       1.7182E-05  1.8625E-05  2.0128E-05  2.1684E-05  2.3288E-05  2.4931E-05  2.6604E-05  2.8298E-05  3.0002E-05  3.1703E-05
       3.3388E-05  3.5045E-05  3.6660E-05  3.8217E-05  3.9703E-05  4.1104E-05  4.2404E-05  4.3592E-05  4.4653E-05  4.5577E-05
       4.6354E-05  4.6974E-05  4.7430E-05  4.7717E-05  4.7831E-05  4.7770E-05  4.7535E-05  4.7129E-05  4.6555E-05  4.5819E-05
       4.4931E-05  4.3898E-05  4.2734E-05  4.1453E-05  4.0069E-05  3.8604E-05  3.7086E-05  3.5558E-05  3.4090E-05  3.2809E-05
       3.1948E-05
  78   6.0072E-12  1.0903E-11  1.8675E-11  3.0761E-11  4.9244E-11  7.7100E-11  1.1855E-10  1.7952E-10  2.6824E-10  3.9598E-10
       5.7811E-10  8.3528E-10  1.1949E-09  1.6932E-09  2.3769E-09  3.3066E-09  4.5589E-09  6.2301E-09  8.4402E-09  1.1336E-08
       1.5097E-08  1.9937E-08  2.6112E-08  3.3922E-08  4.3718E-08  5.5904E-08  7.0943E-08  8.9359E-08  1.1174E-07  1.3876E-07
       1.7113E-07  2.0968E-07  2.5528E-07  3.0892E-07  3.7164E-07  4.4458E-07  5.2898E-07  6.2615E-07  7.3750E-07  8.6454E-07
       1.0089E-06  1.1722E-06  1.3562E-06  1.5628E-06  1.7939E-06  2.0514E-06  2.3374E-06  2.6539E-06  3.0029E-06  3.3865E-06
       3.8065E-06  4.2647E-06  4.7630E-06  5.3027E-06  5.8851E-06  6.5112E-06  7.1816E-06  7.8965E-06  8.6556E-06  9.4582E-06
       1.0303E-05  1.1188E-05  1.2110E-05  1.3067E-05  1.4054E-05  1.5066E-05  1.6099E-05  1.7145E-05  1.8199E-05  1.9253E-05
       2.0298E-05  2.1327E-05  2.2332E-05  2.3302E-05  2.4230E-05  2.5105E-05  2.5921E-05  2.6668E-05  2.7338E-05  2.7924E-05
       2.8420E-05  2.8820E-05  2.9119E-05  2.9314E-05  2.9403E-05  2.9384E-05  2.9258E-05  2.9025E-05  2.8689E-05  2.8253E-05
       2.7721E-05  2.7101E-05  2.6398E-05  2.5621E-05  2.4781E-05  2.3889E-05  2.2963E-05  2.2030E-05  2.1133E-05  2.0348E-05
       1.9821E-05
  79   3.3034E-12  5.9928E-12  1.0256E-11  1.6876E-11  2.6982E-11  4.2187E-11  6.4770E-11  9.7924E-11  1.4607E-10  2.1528E-10
       3.1380E-10  4.5270E-10  6.4670E-10  9.1519E-10  1.2834E-09  1.7837E-09  2.4575E-09  3.3569E-09  4.5467E-09  6.1071E-09
       8.1356E-09  1.0750E-08  1.4092E-08  1.8327E-08  2.3653E-08  3.0295E-08  3.8517E-08  4.8618E-08  6.0938E-08  7.5860E-08
       9.3813E-08  1.1527E-07  1.4077E-07  1.7087E-07  2.0622E-07  2.4752E-07  2.9549E-07  3.5096E-07  4.1480E-07  4.8792E-07
       5.7132E-07  6.6605E-07  7.7321E-07  8.9395E-07  1.0295E-06  1.1810E-06  1.3499E-06  1.5373E-06  1.7445E-06  1.9729E-06
       2.2236E-06  2.4979E-06  2.7967E-06  3.1212E-06  3.4720E-06  3.8498E-06  4.2551E-06  4.6880E-06  5.1485E-06  5.6360E-06
       6.1499E-06  6.6889E-06  7.2515E-06  7.8358E-06  8.4392E-06  9.0589E-06  9.6916E-06  1.0334E-05  1.0981E-05  1.1629E-05
       1.2272E-05  1.2907E-05  1.3526E-05  1.4126E-05  1.4700E-05  1.5244E-05  1.5750E-05  1.6216E-05  1.6635E-05  1.7003E-05
       1.7316E-05  1.7570E-05  1.7763E-05  1.7893E-05  1.7958E-05  1.7956E-05  1.7889E-05  1.7757E-05  1.7560E-05  1.7303E-05
       1.6986E-05  1.6615E-05  1.6192E-05  1.5724E-05  1.5217E-05  1.4677E-05  1.4116E-05  1.3549E-05  1.3004E-05  1.2527E-05
       1.2206E-05
  80   1.8134E-12  3.2883E-12  5.6238E-12  9.2456E-12  1.4766E-11  2.3059E-11  3.5356E-11  5.3380E-11  7.9513E-11  1.1702E-10
       1.7034E-10  2.4541E-10  3.5016E-10  4.9499E-10  6.9347E-10  9.6309E-10  1.3262E-09  1.8109E-09  2.4525E-09  3.2945E-09
       4.3904E-09  5.8049E-09  7.6158E-09  9.9157E-09  1.2814E-08  1.6438E-08  2.0937E-08  2.6480E-08  3.3264E-08  4.1508E-08
       5.1461E-08  6.3403E-08  7.7643E-08  9.4525E-08  1.1443E-07  1.3776E-07  1.6499E-07  1.9658E-07  2.3308E-07  2.7506E-07
       3.2311E-07  3.7789E-07  4.4007E-07  5.1037E-07  5.8954E-07  6.7835E-07  7.7758E-07  8.8805E-07  1.0105E-06  1.1459E-06
       1.2948E-06  1.4581E-06  1.6364E-06  1.8303E-06  2.0405E-06  2.2672E-06  2.5108E-06  2.7714E-06  3.0491E-06  3.3434E-06
       3.6541E-06  3.9804E-06  4.3213E-06  4.6758E-06  5.0423E-06  5.4190E-06  5.8041E-06  6.1953E-06  6.5900E-06  6.9855E-06
       7.3788E-06  7.7669E-06  8.1466E-06  8.5144E-06  8.8670E-06  9.2012E-06  9.5135E-06  9.8009E-06  1.0060E-05  1.0289E-05
       1.0484E-05  1.0644E-05  1.0767E-05  1.0852E-05  1.0896E-05  1.0901E-05  1.0866E-05  1.0790E-05  1.0676E-05  1.0525E-05
       1.0337E-05  1.0116E-05  9.8633E-06  9.5827E-06  9.2777E-06  8.9529E-06  8.6148E-06  8.2730E-06  7.9436E-06  7.6554E-06
       7.4615E-06
  81   9.9376E-13  1.8014E-12  3.0791E-12  5.0581E-12  8.0710E-12  1.2591E-11  1.9283E-11  2.9079E-11  4.3263E-11  6.3594E-11
       9.2458E-11  1.3306E-10  1.8965E-10  2.6785E-10  3.7496E-10  5.2043E-10  7.1631E-10  9.7789E-10  1.3243E-09  1.7793E-09
       2.3721E-09  3.1383E-09  4.1208E-09  5.3710E-09  6.9499E-09  8.9290E-09  1.1392E-08  1.4436E-08  1.8171E-08  2.2725E-08
       2.8242E-08  3.4884E-08  4.2832E-08  5.2289E-08  6.3477E-08  7.6645E-08  9.2062E-08  1.1002E-07  1.3084E-07  1.5487E-07
       1.8248E-07  2.1405E-07  2.5001E-07  2.9079E-07  3.3686E-07  3.8869E-07  4.4676E-07  5.1158E-07  5.8365E-07  6.6345E-07
       7.5148E-07  8.4819E-07  9.5402E-07  1.0694E-06  1.1945E-06  1.3298E-06  1.4754E-06  1.6314E-06  1.7978E-06  1.9744E-06
       2.1611E-06  2.3574E-06  2.5627E-06  2.7764E-06  2.9975E-06  3.2251E-06  3.4579E-06  3.6946E-06  3.9336E-06  4.1733E-06
       4.4120E-06  4.6477E-06  4.8785E-06  5.1024E-06  5.3173E-06  5.5211E-06  5.7120E-06  5.8879E-06  6.0471E-06  6.1878E-06
       6.3086E-06  6.4081E-06  6.4852E-06  6.5390E-06  6.5689E-06  6.5747E-06  6.5562E-06  6.5136E-06  6.4475E-06  6.3586E-06
       6.2479E-06  6.1167E-06  5.9665E-06  5.7992E-06  5.6170E-06  5.4226E-06  5.2200E-06  5.0150E-06  4.8173E-06  4.6442E-06
       4.5277E-06
  82   5.4372E-13  9.8531E-13  1.6833E-12  2.7635E-12  4.4061E-12  6.8675E-12  1.0508E-11  1.5830E-11  2.3527E-11  3.4547E-11
       5.0177E-11  7.2142E-11  1.0274E-10  1.4499E-10  2.0284E-10  2.8140E-10  3.8719E-10  5.2850E-10  7.1574E-10  9.6187E-10
       1.2829E-09  1.6983E-09  2.2319E-09  2.9121E-09  3.7729E-09  4.8542E-09  6.2033E-09  7.8748E-09  9.9320E-09  1.2447E-08
       1.5504E-08  1.9196E-08  2.3628E-08  2.8919E-08  3.5200E-08  4.2617E-08  5.1331E-08  6.1517E-08  7.3365E-08  8.7083E-08
       1.0289E-07  1.2103E-07  1.4176E-07  1.6533E-07  1.9203E-07  2.2216E-07  2.5600E-07  2.9387E-07  3.3607E-07  3.8291E-07
       4.3468E-07  4.9168E-07  5.5416E-07  6.2238E-07  6.9655E-07  7.7682E-07  8.6334E-07  9.5617E-07  1.0553E-06  1.1607E-06
       1.2721E-06  1.3895E-06  1.5123E-06  1.6403E-06  1.7729E-06  1.9095E-06  2.0493E-06  2.1915E-06  2.3353E-06  2.4796E-06
       2.6234E-06  2.7655E-06  2.9048E-06  3.0400E-06  3.1699E-06  3.2934E-06  3.4091E-06  3.5159E-06  3.6127E-06  3.6985E-06
       3.7724E-06  3.8335E-06  3.8813E-06  3.9151E-06  3.9346E-06  3.9396E-06  3.9300E-06  3.9059E-06  3.8677E-06  3.8157E-06
       3.7507E-06  3.6733E-06  3.5844E-06  3.4852E-06  3.3769E-06  3.2613E-06  3.1406E-06  3.0183E-06  2.9004E-06  2.7970E-06
       2.7274E-06
  83   2.9700E-13  5.3809E-13  9.1889E-13  1.5077E-12  2.4024E-12  3.7416E-12  5.7205E-12  8.6104E-12  1.2786E-11  1.8759E-11
       2.7223E-11  3.9110E-11  5.5657E-11  7.8498E-11  1.0976E-10  1.5222E-10  2.0939E-10  2.8580E-10  3.8709E-10  5.2035E-10
       6.9434E-10  9.1979E-10  1.2098E-09  1.5801E-09  2.0496E-09  2.6406E-09  3.3797E-09  4.2976E-09  5.4304E-09  6.8193E-09
       8.5118E-09  1.0562E-08  1.3031E-08  1.5987E-08  1.9508E-08  2.3679E-08  2.8594E-08  3.4357E-08  4.1082E-08  4.8892E-08
       5.7920E-08  6.8309E-08  8.0211E-08  9.3787E-08  1.0921E-07  1.2665E-07  1.4628E-07  1.6831E-07  1.9291E-07  2.2027E-07
       2.5057E-07  2.8399E-07  3.2069E-07  3.6083E-07  4.0453E-07  4.5190E-07  5.0303E-07  5.5794E-07  6.1667E-07  6.7915E-07
       7.4532E-07  8.1503E-07  8.8810E-07  9.6428E-07  1.0432E-06  1.1247E-06  1.2081E-06  1.2930E-06  1.3789E-06  1.4651E-06
       1.5512E-06  1.6362E-06  1.7197E-06  1.8007E-06  1.8787E-06  1.9528E-06  2.0224E-06  2.0867E-06  2.1451E-06  2.1970E-06
       2.2418E-06  2.2790E-06  2.3082E-06  2.3291E-06  2.3415E-06  2.3452E-06  2.3403E-06  2.3267E-06  2.3047E-06  2.2744E-06
       2.2364E-06  2.1909E-06  2.1385E-06  2.0800E-06  2.0160E-06  1.9476E-06  1.8761E-06  1.8037E-06  1.7337E-06  1.6724E-06
       1.6311E-06
  84   1.6197E-13  2.9338E-13  5.0084E-13  8.2141E-13  1.3081E-12  2.0361E-12  3.1110E-12  4.6793E-12  6.9436E-12  1.0180E-11
       1.4763E-11  2.1196E-11  3.0147E-11  4.2498E-11  5.9402E-11  8.2355E-11  1.1327E-10  1.5461E-10  2.0944E-10  2.8163E-10
       3.7598E-10  4.9839E-10  6.5606E-10  8.5772E-10  1.1139E-09  1.4370E-09  1.8418E-09  2.3459E-09  2.9693E-09  3.7358E-09
       4.6722E-09  5.8097E-09  7.1834E-09  8.8330E-09  1.0803E-08  1.3144E-08  1.5910E-08  1.9164E-08  2.2971E-08  2.7405E-08
       3.2544E-08  3.8474E-08  4.5286E-08  5.3075E-08  6.1944E-08  7.1998E-08  8.3346E-08  9.6100E-08  1.1037E-07  1.2628E-07
       1.4393E-07  1.6342E-07  1.8487E-07  2.0836E-07  2.3397E-07  2.6177E-07  2.9181E-07  3.2412E-07  3.5870E-07  3.9553E-07
       4.3457E-07  4.7574E-07  5.1892E-07  5.6398E-07  6.1072E-07  6.5893E-07  7.0836E-07  7.5872E-07  8.0968E-07  8.6090E-07
       9.1200E-07  9.6258E-07  1.0122E-06  1.0605E-06  1.1069E-06  1.1511E-06  1.1926E-06  1.2310E-06  1.2659E-06  1.2970E-06
       1.3239E-06  1.3463E-06  1.3640E-06  1.3767E-06  1.3845E-06  1.3871E-06  1.3845E-06  1.3769E-06  1.3642E-06  1.3466E-06
       1.3244E-06  1.2978E-06  1.2672E-06  1.2328E-06  1.1952E-06  1.1550E-06  1.1129E-06  1.0702E-06  1.0289E-06  9.9276E-07
       9.6840E-07
  85   8.8176E-14  1.5969E-13  2.7254E-13  4.4683E-13  7.1129E-13  1.1066E-12  1.6898E-12  2.5403E-12  3.7674E-12  5.5203E-12
       8.0013E-12  1.1482E-11  1.6323E-11  2.3002E-11  3.2143E-11  4.4555E-11  6.1280E-11  8.3647E-11  1.1334E-10  1.5246E-10
       2.0364E-10  2.7011E-10  3.5586E-10  4.6569E-10  6.0542E-10  7.8202E-10  1.0038E-09  1.2804E-09  1.6234E-09  2.0460E-09
       2.5636E-09  3.1939E-09  3.9571E-09  4.8760E-09  5.9765E-09  7.2875E-09  8.8411E-09  1.0673E-08  1.2822E-08  1.5332E-08
       1.8249E-08  2.1622E-08  2.5507E-08  2.9959E-08  3.5040E-08  4.0812E-08  4.7341E-08  5.4694E-08  6.2937E-08  7.2140E-08
       8.2368E-08  9.3685E-08  1.0615E-07  1.1983E-07  1.3476E-07  1.5098E-07  1.6853E-07  1.8743E-07  2.0767E-07  2.2926E-07
       2.5215E-07  2.7631E-07  3.0168E-07  3.2816E-07  3.5565E-07  3.8402E-07  4.1312E-07  4.4279E-07  4.7283E-07  5.0303E-07
       5.3318E-07  5.6303E-07  5.9234E-07  6.2085E-07  6.4830E-07  6.7445E-07  6.9902E-07  7.2178E-07  7.4249E-07  7.6094E-07
       7.7693E-07  7.9029E-07  8.0088E-07  8.0859E-07  8.1332E-07  8.1504E-07  8.1373E-07  8.0941E-07  8.0213E-07  7.9198E-07
       7.7910E-07  7.6361E-07  7.4573E-07  7.2566E-07  7.0368E-07  6.8013E-07  6.5549E-07  6.3049E-07  6.0632E-07  5.8511E-07
       5.7083E-07
  86   4.7917E-14  8.6769E-14  1.4806E-13  2.4267E-13  3.8616E-13  6.0055E-13  9.1669E-13  1.3775E-12  2.0419E-12  2.9906E-12
       4.3329E-12  6.2153E-12  8.8331E-12  1.2444E-11  1.7386E-11  2.4098E-11  3.3144E-11  4.5248E-11  6.1325E-11  8.2525E-11
       1.1029E-10  1.4639E-10  1.9301E-10  2.5281E-10  3.2902E-10  4.2550E-10  5.4687E-10  6.9859E-10  8.8709E-10  1.1199E-09
       1.4056E-09  1.7544E-09  2.1778E-09  2.6888E-09  3.3022E-09  4.0348E-09  4.9051E-09  5.9339E-09  7.1439E-09  8.5601E-09
       1.0210E-08  1.2122E-08  1.4330E-08  1.6865E-08  1.9764E-08  2.3064E-08  2.6804E-08  3.1024E-08  3.5763E-08  4.1061E-08
       4.6960E-08  5.3496E-08  6.0707E-08  6.8625E-08  7.7280E-08  8.6696E-08  9.6893E-08  1.0788E-07  1.1966E-07  1.3224E-07
       1.4558E-07  1.5968E-07  1.7449E-07  1.8995E-07  2.0602E-07  2.2261E-07  2.3963E-07  2.5699E-07  2.7458E-07  2.9227E-07
       3.0993E-07  3.2743E-07  3.4462E-07  3.6134E-07  3.7745E-07  3.9280E-07  4.0724E-07  4.2062E-07  4.3280E-07  4.4367E-07
       4.5310E-07  4.6100E-07  4.6727E-07  4.7186E-07  4.7472E-07  4.7581E-07  4.7513E-07  4.7268E-07  4.6851E-07  4.6267E-07
       4.5522E-07  4.4625E-07  4.3587E-07  4.2421E-07  4.1143E-07  3.9773E-07  3.8339E-07  3.6883E-07  3.5475E-07  3.4240E-07
       3.3407E-07
  87   2.5989E-14  4.7057E-14  8.0281E-14  1.3156E-13  2.0930E-13  3.2540E-13  4.9654E-13  7.4587E-13  1.1053E-12  1.6183E-12
       2.3439E-12  3.3613E-12  4.7759E-12  6.7272E-12  9.3981E-12  1.3026E-11  1.7918E-11  2.4466E-11  3.3168E-11  4.4654E-11
       5.9707E-11  7.9303E-11  1.0464E-10  1.3719E-10  1.7873E-10  2.3140E-10  2.9778E-10  3.8091E-10  4.8439E-10  6.1244E-10
       7.6997E-10  9.6267E-10  1.1971E-09  1.4806E-09  1.8218E-09  2.2302E-09  2.7165E-09  3.2926E-09  3.9718E-09  4.7684E-09
       5.6984E-09  6.7789E-09  8.0283E-09  9.4663E-09  1.1114E-08  1.2993E-08  1.5125E-08  1.7536E-08  2.0247E-08  2.3283E-08
       2.6668E-08  3.0424E-08  3.4572E-08  3.9132E-08  4.4123E-08  4.9558E-08  5.5448E-08  6.1802E-08  6.8620E-08  7.5901E-08
       8.3635E-08  9.1808E-08  1.0040E-07  1.0937E-07  1.1870E-07  1.2834E-07  1.3823E-07  1.4833E-07  1.5856E-07  1.6885E-07
       1.7913E-07  1.8931E-07  1.9932E-07  2.0906E-07  2.1845E-07  2.2740E-07  2.3581E-07  2.4362E-07  2.5073E-07  2.5707E-07
       2.6259E-07  2.6721E-07  2.7089E-07  2.7360E-07  2.7529E-07  2.7596E-07  2.7560E-07  2.7422E-07  2.7184E-07  2.6848E-07
       2.6419E-07  2.5902E-07  2.5302E-07  2.4629E-07  2.3890E-07  2.3098E-07  2.2268E-07  2.1425E-07  2.0610E-07  1.9895E-07
       1.9412E-07
  88   1.4066E-14  2.5468E-14  4.3444E-14  7.1181E-14  1.1322E-13  1.7600E-13  2.6850E-13  4.0323E-13  5.9739E-13  8.7447E-13
       1.2663E-12  1.8156E-12  2.5794E-12  3.6330E-12  5.0754E-12  7.0351E-12  9.6785E-12  1.3219E-11  1.7927E-11  2.4145E-11
       3.2302E-11  4.2932E-11  5.6693E-11  7.4393E-11  9.7012E-11  1.2574E-10  1.6200E-10  2.0749E-10  2.6422E-10  3.3455E-10
       4.2124E-10  5.2750E-10  6.5701E-10  8.1402E-10  1.0033E-09  1.2304E-09  1.5014E-09  1.8230E-09  2.2030E-09  2.6496E-09
       3.1720E-09  3.7801E-09  4.4846E-09  5.2970E-09  6.2292E-09  7.2942E-09  8.5051E-09  9.8756E-09  1.1420E-08  1.3151E-08
       1.5083E-08  1.7230E-08  1.9604E-08  2.2217E-08  2.5078E-08  2.8197E-08  3.1581E-08  3.5233E-08  3.9156E-08  4.3347E-08
       4.7802E-08  5.2511E-08  5.7464E-08  6.2642E-08  6.8025E-08  7.3588E-08  7.9301E-08  8.5131E-08  9.1040E-08  9.6987E-08
       1.0293E-07  1.0882E-07  1.1460E-07  1.2024E-07  1.2567E-07  1.3084E-07  1.3571E-07  1.4023E-07  1.4435E-07  1.4803E-07
       1.5122E-07  1.5391E-07  1.5604E-07  1.5762E-07  1.5861E-07  1.5901E-07  1.5882E-07  1.5804E-07  1.5668E-07  1.5476E-07
       1.5230E-07  1.4933E-07  1.4588E-07  1.4201E-07  1.3776E-07  1.3321E-07  1.2843E-07  1.2359E-07  1.1889E-07  1.1478E-07
       1.1200E-07
  89   7.5962E-15  1.3752E-14  2.3458E-14  3.8432E-14  6.1124E-14  9.5001E-14  1.4491E-13  2.1760E-13  3.2232E-13  4.7176E-13
       6.8306E-13  9.7929E-13  1.3912E-12  1.9595E-12  2.7376E-12  3.7951E-12  5.2221E-12  7.1343E-12  9.6789E-12  1.3042E-11
       1.7458E-11  2.3219E-11  3.0684E-11  4.0298E-11  5.2600E-11  6.8247E-11  8.8026E-11  1.1288E-10  1.4392E-10  1.8248E-10
       2.3010E-10  2.8856E-10  3.5996E-10  4.4668E-10  5.5145E-10  6.7735E-10  8.2787E-10  1.0069E-09  1.2188E-09  1.4683E-09
       1.7607E-09  2.1016E-09  2.4973E-09  2.9542E-09  3.4795E-09  4.0805E-09  4.7648E-09  5.5404E-09  6.4153E-09  7.3976E-09
       8.4952E-09  9.7160E-09  1.1067E-08  1.2556E-08  1.4188E-08  1.5968E-08  1.7901E-08  1.9988E-08  2.2231E-08  2.4629E-08
       2.7180E-08  2.9877E-08  3.2715E-08  3.5683E-08  3.8770E-08  4.1960E-08  4.5238E-08  4.8583E-08  5.1975E-08  5.5389E-08
       5.8799E-08  6.2180E-08  6.5503E-08  6.8738E-08  7.1857E-08  7.4830E-08  7.7628E-08  8.0223E-08  8.2590E-08  8.4703E-08
       8.6540E-08  8.8082E-08  8.9314E-08  9.0221E-08  9.0795E-08  9.1030E-08  9.0925E-08  9.0482E-08  8.9707E-08  8.8610E-08
       8.7205E-08  8.5508E-08  8.3540E-08  8.1327E-08  7.8898E-08  7.6292E-08  7.3562E-08  7.0789E-08  6.8105E-08  6.5749E-08
       6.4160E-08
  90   4.0920E-15  7.4082E-15  1.2636E-14  2.0701E-14  3.2923E-14  5.1166E-14  7.8043E-14  1.1718E-13  1.7356E-13  2.5402E-13
       3.6778E-13  5.2728E-13  7.4908E-13  1.0551E-12  1.4743E-12  2.0442E-12  2.8136E-12  3.8451E-12  5.2187E-12  7.0356E-12
       9.4231E-12  1.2540E-11  1.6585E-11  2.1798E-11  2.8479E-11  3.6987E-11  4.7757E-11  6.1311E-11  7.8267E-11  9.9361E-11
       1.2545E-10  1.5754E-10  1.9680E-10  2.4457E-10  3.0238E-10  3.7198E-10  4.5533E-10  5.5464E-10  6.7238E-10  8.1125E-10
       9.7426E-10  1.1647E-09  1.3860E-09  1.6419E-09  1.9366E-09  2.2742E-09  2.6591E-09  3.0959E-09  3.5892E-09  4.1437E-09
       4.7640E-09  5.4545E-09  6.2196E-09  7.0631E-09  7.9885E-09  8.9988E-09  1.0096E-08  1.1282E-08  1.2558E-08  1.3922E-08
       1.5373E-08  1.6909E-08  1.8525E-08  2.0216E-08  2.1974E-08  2.3792E-08  2.5661E-08  2.7568E-08  2.9501E-08  3.1448E-08
       3.3393E-08  3.5321E-08  3.7215E-08  3.9060E-08  4.0839E-08  4.2534E-08  4.4129E-08  4.5609E-08  4.6958E-08  4.8163E-08
       4.9211E-08  5.0090E-08  5.0792E-08  5.1310E-08  5.1637E-08  5.1772E-08  5.1713E-08  5.1461E-08  5.1021E-08  5.0397E-08
       4.9598E-08  4.8633E-08  4.7514E-08  4.6256E-08  4.4875E-08  4.3393E-08  4.1841E-08  4.0264E-08  3.8739E-08  3.7399E-08
       3.6495E-08
  91   2.1985E-15  3.9801E-15  6.7888E-15  1.1122E-14  1.7688E-14  2.7490E-14  4.1929E-14  6.2955E-14  9.3250E-14  1.3648E-13
       1.9761E-13  2.8332E-13  4.0254E-13  5.6709E-13  7.9253E-13  1.0991E-12  1.5133E-12  2.0688E-12  2.8090E-12  3.7889E-12
       5.0775E-12  6.7616E-12  8.9486E-12  1.1771E-11  1.5392E-11  2.0009E-11  2.5862E-11  3.3237E-11  4.2477E-11  5.3989E-11
       6.8250E-11  8.5819E-11  1.0735E-10  1.3358E-10  1.6538E-10  2.0373E-10  2.4973E-10  3.0462E-10  3.6980E-10  4.4681E-10
       5.3733E-10  6.4321E-10  7.6646E-10  9.0921E-10  1.0738E-09  1.2625E-09  1.4780E-09  1.7228E-09  1.9996E-09  2.3110E-09
       2.6597E-09  3.0482E-09  3.4790E-09  3.9543E-09  4.4762E-09  5.0463E-09  5.6659E-09  6.3360E-09  7.0568E-09  7.8280E-09
       8.6489E-09  9.5177E-09  1.0432E-08  1.1389E-08  1.2385E-08  1.3415E-08  1.4473E-08  1.5553E-08  1.6648E-08  1.7750E-08
       1.8852E-08  1.9944E-08  2.1017E-08  2.2061E-08  2.3068E-08  2.4028E-08  2.4931E-08  2.5769E-08  2.6532E-08  2.7214E-08
       2.7806E-08  2.8303E-08  2.8700E-08  2.8992E-08  2.9177E-08  2.9252E-08  2.9218E-08  2.9075E-08  2.8826E-08  2.8472E-08
       2.8020E-08  2.7474E-08  2.6841E-08  2.6129E-08  2.5349E-08  2.4511E-08  2.3634E-08  2.2743E-08  2.1881E-08  2.1124E-08
       2.0613E-08
  92   1.1777E-15  2.1321E-15  3.6369E-15  5.9584E-15  9.4768E-15  1.4729E-14  2.2467E-14  3.3735E-14  4.9973E-14  7.3146E-14
       1.0592E-13  1.5188E-13  2.1583E-13  3.0411E-13  4.2510E-13  5.8974E-13  8.1221E-13  1.1108E-12  1.5089E-12  2.0363E-12
       2.7305E-12  3.6384E-12  4.8186E-12  6.3435E-12  8.3017E-12  1.0802E-11  1.3974E-11  1.7978E-11  2.3000E-11  2.9266E-11
       3.7039E-11  4.6629E-11  5.8397E-11  7.2759E-11  9.0194E-11  1.1125E-10  1.3654E-10  1.6677E-10  2.0272E-10  2.4525E-10
       2.9531E-10  3.5394E-10  4.2228E-10  5.0153E-10  5.9299E-10  6.9803E-10  8.1806E-10  9.5457E-10  1.1091E-09  1.2830E-09
       1.4780E-09  1.6954E-09  1.9367E-09  2.2031E-09  2.4957E-09  2.8156E-09  3.1634E-09  3.5397E-09  3.9446E-09  4.3780E-09
       4.8395E-09  5.3280E-09  5.8424E-09  6.3807E-09  6.9409E-09  7.5202E-09  8.1155E-09  8.7232E-09  9.3394E-09  9.9596E-09
       1.0579E-08  1.1194E-08  1.1797E-08  1.2385E-08  1.2951E-08  1.3490E-08  1.3998E-08  1.4468E-08  1.4897E-08  1.5279E-08
       1.5612E-08  1.5890E-08  1.6112E-08  1.6276E-08  1.6379E-08  1.6420E-08  1.6400E-08  1.6319E-08  1.6178E-08  1.5978E-08
       1.5723E-08  1.5416E-08  1.5060E-08  1.4660E-08  1.4221E-08  1.3750E-08  1.3257E-08  1.2757E-08  1.2273E-08  1.1847E-08
       1.1560E-08
  93   6.2890E-16  1.1386E-15  1.9423E-15  3.1824E-15  5.0620E-15  7.8683E-15  1.2003E-14  1.8026E-14  2.6706E-14  3.9095E-14
       5.6621E-14  8.1207E-14  1.1542E-13  1.6267E-13  2.2746E-13  3.1565E-13  4.3488E-13  5.9500E-13  8.0864E-13  1.0918E-12
       1.4649E-12  1.9532E-12  2.5886E-12  3.4103E-12  4.4667E-12  5.8167E-12  7.5321E-12  9.6991E-12  1.2421E-11  1.5821E-11
       2.0045E-11  2.5263E-11  3.1675E-11  3.9511E-11  4.9036E-11  6.0555E-11  7.4411E-11  9.0994E-11  1.1074E-10  1.3413E-10
       1.6169E-10  1.9402E-10  2.3174E-10  2.7553E-10  3.2613E-10  3.8429E-10  4.5083E-10  5.2656E-10  6.1235E-10  7.0904E-10
       8.1748E-10  9.3848E-10  1.0728E-09  1.2213E-09  1.3844E-09  1.5629E-09  1.7570E-09  1.9670E-09  2.1932E-09  2.4353E-09
       2.6931E-09  2.9661E-09  3.2536E-09  3.5545E-09  3.8677E-09  4.1915E-09  4.5243E-09  4.8640E-09  5.2084E-09  5.5551E-09
       5.9014E-09  6.2445E-09  6.5816E-09  6.9097E-09  7.2258E-09  7.5269E-09  7.8100E-09  8.0723E-09  8.3112E-09  8.5242E-09
       8.7092E-09  8.8641E-09  8.9873E-09  9.0777E-09  9.1344E-09  9.1567E-09  9.1447E-09  9.0985E-09  9.0189E-09  8.9070E-09
       8.7640E-09  8.5918E-09  8.3926E-09  8.1687E-09  7.9234E-09  7.6605E-09  7.3853E-09  7.1058E-09  6.8355E-09  6.5982E-09
       6.4380E-09
  94   3.3471E-16  6.0602E-16  1.0339E-15  1.6941E-15  2.6951E-15  4.1898E-15  6.3927E-15  9.6017E-15  1.4228E-14  2.0832E-14
       3.0178E-14  4.3292E-14  6.1548E-14  8.6770E-14  1.2136E-13  1.6848E-13  2.3222E-13  3.1786E-13  4.3220E-13  5.8387E-13
       7.8382E-13  1.0458E-12  1.3869E-12  1.8285E-12  2.3967E-12  3.1237E-12  4.0484E-12  5.2179E-12  6.6887E-12  8.5280E-12
       1.0816E-11  1.3645E-11  1.7126E-11  2.1386E-11  2.6571E-11  3.2848E-11  4.0409E-11  4.9468E-11  6.0267E-11  7.3074E-11
       8.8186E-11  1.0593E-10  1.2665E-10  1.5074E-10  1.7859E-10  2.1064E-10  2.4733E-10  2.8914E-10  3.3653E-10  3.8997E-10
       4.4996E-10  5.1694E-10  5.9135E-10  6.7360E-10  7.6404E-10  8.6299E-10  9.7068E-10  1.0873E-09  1.2128E-09  1.3472E-09
       1.4904E-09  1.6420E-09  1.8017E-09  1.9689E-09  2.1428E-09  2.3227E-09  2.5075E-09  2.6962E-09  2.8874E-09  3.0799E-09
       3.2721E-09  3.4626E-09  3.6496E-09  3.8315E-09  4.0068E-09  4.1736E-09  4.3304E-09  4.4756E-09  4.6078E-09  4.7255E-09
       4.8276E-09  4.9130E-09  4.9808E-09  5.0303E-09  5.0611E-09  5.0729E-09  5.0656E-09  5.0394E-09  4.9947E-09  4.9321E-09
       4.8523E-09  4.7563E-09  4.6454E-09  4.5210E-09  4.3846E-09  4.2386E-09  4.0858E-09  3.9308E-09  3.7808E-09  3.6492E-09
       3.5603E-09
  95   1.7751E-16  3.2141E-16  5.4838E-16  8.9873E-16  1.4300E-15  2.2234E-15  3.3931E-15  5.0975E-15  7.5551E-15  1.1065E-14
       1.6033E-14  2.3007E-14  3.2719E-14  4.6142E-14  6.4563E-14  8.9663E-14  1.2363E-13  1.6931E-13  2.3033E-13  3.1133E-13
       4.1819E-13  5.5830E-13  7.4092E-13  9.7752E-13  1.2823E-12  1.6725E-12  2.1694E-12  2.7985E-12  3.5906E-12  4.5822E-12
       5.8169E-12  7.3458E-12  9.2289E-12  1.1536E-11  1.4347E-11  1.7754E-11  2.1863E-11  2.6792E-11  3.2673E-11  3.9656E-11
       4.7904E-11  5.7596E-11  6.8928E-11  8.2111E-11  9.7370E-11  1.1494E-10  1.3508E-10  1.5803E-10  1.8407E-10  2.1346E-10
       2.4646E-10  2.8333E-10  3.2432E-10  3.6964E-10  4.1949E-10  4.7405E-10  5.3345E-10  5.9777E-10  6.6704E-10  7.4123E-10
       8.2026E-10  9.0397E-10  9.9212E-10  1.0844E-09  1.1804E-09  1.2797E-09  1.3817E-09  1.4858E-09  1.5913E-09  1.6975E-09
       1.8035E-09  1.9085E-09  2.0115E-09  2.1117E-09  2.2082E-09  2.3000E-09  2.3862E-09  2.4661E-09  2.5386E-09  2.6032E-09
       2.6591E-09  2.7058E-09  2.7428E-09  2.7697E-09  2.7862E-09  2.7923E-09  2.7879E-09  2.7730E-09  2.7480E-09  2.7131E-09
       2.6688E-09  2.6156E-09  2.5542E-09  2.4854E-09  2.4100E-09  2.3294E-09  2.2451E-09  2.1596E-09  2.0769E-09  2.0043E-09
       1.9553E-09
  96   9.3805E-17  1.6986E-16  2.8985E-16  4.7511E-16  7.5609E-16  1.1759E-15  1.7949E-15  2.6972E-15  3.9987E-15  5.8581E-15
       8.4910E-15  1.2188E-14  1.7339E-14  2.4462E-14  3.4241E-14  4.7574E-14  6.5628E-14  8.9919E-14  1.2239E-13  1.6552E-13
       2.2247E-13  2.9719E-13  3.9466E-13  5.2105E-13  6.8400E-13  8.9286E-13  1.1590E-12  1.4964E-12  1.9215E-12  2.4544E-12
       3.1185E-12  3.9417E-12  4.9568E-12  6.2016E-12  7.7201E-12  9.5627E-12  1.1787E-11  1.4457E-11  1.7647E-11  2.1438E-11
       2.5920E-11  3.1192E-11  3.7362E-11  4.4545E-11  5.2865E-11  6.2454E-11  7.3450E-11  8.5993E-11  1.0023E-10  1.1631E-10
       1.3437E-10  1.5457E-10  1.7702E-10  2.0186E-10  2.2919E-10  2.5911E-10  2.9169E-10  3.2698E-10  3.6499E-10  4.0571E-10
       4.4908E-10  4.9502E-10  5.4340E-10  5.9404E-10  6.4672E-10  7.0120E-10  7.5715E-10  8.1425E-10  8.7210E-10  9.3029E-10
       9.8838E-10  1.0459E-09  1.1023E-09  1.1572E-09  1.2099E-09  1.2601E-09  1.3072E-09  1.3508E-09  1.3903E-09  1.4255E-09
       1.4559E-09  1.4812E-09  1.5012E-09  1.5157E-09  1.5245E-09  1.5275E-09  1.5248E-09  1.5164E-09  1.5024E-09  1.4831E-09
       1.4586E-09  1.4292E-09  1.3954E-09  1.3576E-09  1.3162E-09  1.2719E-09  1.2257E-09  1.1788E-09  1.1334E-09  1.0937E-09
       1.0668E-09
  97   4.9434E-17  8.9523E-17  1.5278E-16  2.5048E-16  3.9871E-16  6.2023E-16  9.4701E-16  1.4235E-15  2.1111E-15  3.0937E-15
       4.4857E-15  6.4414E-15  9.1672E-15  1.2938E-14  1.8119E-14  2.5185E-14  3.4760E-14  4.7650E-14  6.4891E-14  8.7811E-14
       1.1809E-13  1.5786E-13  2.0977E-13  2.7714E-13  3.6408E-13  4.7560E-13  6.1788E-13  7.9835E-13  1.0260E-12  1.3116E-12
       1.6679E-12  2.1101E-12  2.6558E-12  3.3257E-12  4.1437E-12  5.1372E-12  6.3375E-12  7.7802E-12  9.5051E-12  1.1557E-11
       1.3985E-11  1.6843E-11  2.0190E-11  2.4090E-11  2.8610E-11  3.3824E-11  3.9806E-11  4.6635E-11  5.4390E-11  6.3152E-11
       7.3000E-11  8.4013E-11  9.6263E-11  1.0982E-10  1.2474E-10  1.4108E-10  1.5887E-10  1.7815E-10  1.9891E-10  2.2116E-10
       2.4485E-10  2.6995E-10  2.9637E-10  3.2403E-10  3.5280E-10  3.8255E-10  4.1309E-10  4.4425E-10  4.7582E-10  5.0755E-10
       5.3922E-10  5.7055E-10  6.0128E-10  6.3114E-10  6.5985E-10  6.8713E-10  7.1271E-10  7.3635E-10  7.5779E-10  7.7683E-10
       7.9325E-10  8.0690E-10  8.1764E-10  8.2535E-10  8.2996E-10  8.3145E-10  8.2979E-10  8.2504E-10  8.1726E-10  8.0655E-10
       7.9305E-10  7.7693E-10  7.5838E-10  7.3765E-10  7.1500E-10  6.9081E-10  6.6554E-10  6.3994E-10  6.1521E-10  5.9351E-10
       5.7886E-10
  98   2.6070E-17  4.7216E-17  8.0594E-17  1.3216E-16  2.1042E-16  3.2743E-16  5.0009E-16  7.5197E-16  1.1156E-15  1.6355E-15
       2.3723E-15  3.4080E-15  4.8524E-15  6.8517E-15  9.5995E-15  1.3350E-14  1.8435E-14  2.5285E-14  3.4455E-14  4.6652E-14
       6.2779E-14  8.3974E-14  1.1167E-13  1.4763E-13  1.9408E-13  2.5373E-13  3.2988E-13  4.2657E-13  5.4865E-13  7.0195E-13
       8.9339E-13  1.1312E-12  1.4249E-12  1.7858E-12  2.2270E-12  2.7632E-12  3.4117E-12  4.1919E-12  5.1254E-12  6.2367E-12
       7.5528E-12  9.1033E-12  1.0920E-11  1.3039E-11  1.5497E-11  1.8333E-11  2.1589E-11  2.5308E-11  2.9533E-11  3.4308E-11
       3.9679E-11  4.5686E-11  5.2370E-11  5.9769E-11  6.7915E-11  7.6836E-11  8.6552E-11  9.7078E-11  1.0842E-10  1.2057E-10
       1.3351E-10  1.4721E-10  1.6164E-10  1.7674E-10  1.9244E-10  2.0867E-10  2.2533E-10  2.4232E-10  2.5953E-10  2.7682E-10
       2.9407E-10  3.1112E-10  3.2784E-10  3.4408E-10  3.5967E-10  3.7448E-10  3.8835E-10  4.0116E-10  4.1276E-10  4.2304E-10
       4.3189E-10  4.3922E-10  4.4496E-10  4.4905E-10  4.5146E-10  4.5215E-10  4.5114E-10  4.4844E-10  4.4410E-10  4.3817E-10
       4.3073E-10  4.2186E-10  4.1169E-10  4.0033E-10  3.8794E-10  3.7472E-10  3.6092E-10  3.4695E-10  3.3347E-10  3.2164E-10
       3.1365E-10
  99   1.3946E-17  2.5260E-17  4.3126E-17  7.0736E-17  1.1266E-16  1.7536E-16  2.6794E-16  4.0305E-16  5.9819E-16  8.7735E-16
       1.2732E-15  1.8300E-15  2.6068E-15  3.6828E-15  5.1626E-15  7.1837E-15  9.9259E-15  1.3622E-14  1.8574E-14  2.5166E-14
       3.3888E-14  4.5360E-14  6.0361E-14  7.9863E-14  1.0507E-13  1.3746E-13  1.7886E-13  2.3148E-13  2.9797E-13  3.8154E-13
       4.8600E-13  6.1587E-13  7.7645E-13  9.7394E-13  1.2155E-12  1.5095E-12  1.8653E-12  2.2937E-12  2.8067E-12  3.4179E-12
       4.1423E-12  4.9964E-12  5.9980E-12  7.1666E-12  8.5230E-12  1.0089E-11  1.1888E-11  1.3944E-11  1.6280E-11  1.8923E-11
       2.1895E-11  2.5220E-11  2.8922E-11  3.3019E-11  3.7532E-11  4.2474E-11  4.7858E-11  5.3690E-11  5.9973E-11  6.6703E-11
       7.3872E-11  8.1463E-11  8.9453E-11  9.7813E-11  1.0650E-10  1.1549E-10  1.2470E-10  1.3410E-10  1.4361E-10  1.5316E-10
       1.6268E-10  1.7209E-10  1.8131E-10  1.9025E-10  1.9884E-10  2.0698E-10  2.1460E-10  2.2163E-10  2.2798E-10  2.3360E-10
       2.3843E-10  2.4241E-10  2.4551E-10  2.4770E-10  2.4895E-10  2.4926E-10  2.4863E-10  2.4707E-10  2.4461E-10  2.4127E-10
       2.3710E-10  2.3215E-10  2.2648E-10  2.2016E-10  2.1329E-10  2.0596E-10  1.9832E-10  1.9059E-10  1.8313E-10  1.7658E-10
       1.7217E-10
 100   7.9329E-18  1.4371E-17  2.4540E-17  4.0262E-17  6.4144E-17  9.9884E-17  1.5268E-16  2.2977E-16  3.4118E-16  5.0065E-16
       7.2693E-16  1.0453E-15  1.4900E-15  2.1062E-15  2.9543E-15  4.1134E-15  5.6871E-15  7.8102E-15  1.0656E-14  1.4448E-14
       1.9470E-14  2.6081E-14  3.4732E-14  4.5989E-14  6.0551E-14  7.9284E-14  1.0325E-13  1.3373E-13  1.7228E-13  2.2079E-13
       2.8148E-13  3.5699E-13  4.5046E-13  5.6551E-13  7.0638E-13  8.7794E-13  1.0858E-12  1.3362E-12  1.6364E-12  1.9942E-12
       2.4187E-12  2.9195E-12  3.5072E-12  4.1933E-12  4.9901E-12  5.9107E-12  6.9686E-12  8.1780E-12  9.5533E-12  1.1109E-11
       1.2859E-11  1.4819E-11  1.7000E-11  1.9415E-11  2.2075E-11  2.4988E-11  2.8162E-11  3.1600E-11  3.5303E-11  3.9270E-11
       4.3494E-11  4.7967E-11  5.2673E-11  5.7596E-11  6.2713E-11  6.7998E-11  7.3419E-11  7.8943E-11  8.4530E-11  9.0140E-11
       9.5728E-11  1.0125E-10  1.0665E-10  1.1189E-10  1.1691E-10  1.2167E-10  1.2611E-10  1.3021E-10  1.3390E-10  1.3716E-10
       1.3995E-10  1.4225E-10  1.4402E-10  1.4526E-10  1.4595E-10  1.4608E-10  1.4566E-10  1.4470E-10  1.4321E-10  1.4120E-10
       1.3871E-10  1.3577E-10  1.3241E-10  1.2868E-10  1.2461E-10  1.2029E-10  1.1579E-10  1.1124E-10  1.0685E-10  1.0300E-10
       1.0040E-10
 101   5.4598E-18  9.8917E-18  1.6894E-17  2.7725E-17  4.4184E-17  6.8825E-17  1.0524E-16  1.5844E-16  2.3536E-16  3.4551E-16
       5.0190E-16  7.2208E-16  1.0297E-15  1.4563E-15  2.0437E-15  2.8470E-15  3.9383E-15  5.4115E-15  7.3877E-15  1.0022E-14
       1.3513E-14  1.8113E-14  2.4136E-14  3.1978E-14  4.2130E-14  5.5200E-14  7.1930E-14  9.3226E-14  1.2018E-13  1.5412E-13
       1.9662E-13  2.4954E-13  3.1508E-13  3.9581E-13  4.9474E-13  6.1529E-13  7.6142E-13  9.3762E-13  1.1489E-12  1.4010E-12
       1.7002E-12  2.0534E-12  2.4680E-12  2.9524E-12  3.5151E-12  4.1655E-12  4.9132E-12  5.7682E-12  6.7408E-12  7.8413E-12
       9.0798E-12  1.0466E-11  1.2010E-11  1.3720E-11  1.5603E-11  1.7665E-11  1.9912E-11  2.2346E-11  2.4967E-11  2.7775E-11
       3.0765E-11  3.3929E-11  3.7259E-11  4.0740E-11  4.4358E-11  4.8094E-11  5.1924E-11  5.5826E-11  5.9770E-11  6.3729E-11
       6.7670E-11  7.1560E-11  7.5365E-11  7.9051E-11  8.2582E-11  8.5925E-11  8.9047E-11  9.1915E-11  9.4501E-11  9.6778E-11
       9.8722E-11  1.0031E-10  1.0154E-10  1.0238E-10  1.0284E-10  1.0290E-10  1.0258E-10  1.0187E-10  1.0079E-10  9.9353E-11
       9.7574E-11  9.5477E-11  9.3086E-11  9.0433E-11  8.7553E-11  8.4490E-11  8.1305E-11  7.8087E-11  7.4986E-11  7.2268E-11
       7.0433E-11

 CONCENTRATION WILL BE SAVED ON UNIT 1029 AT END OF TIME STEP  250, STRESS PERIOD    2


  MASS BUDGET FOR ENTIRE MODEL AT END OF TIME STEP  250, STRESS PERIOD   2
  ---------------------------------------------------------------------------------------------------

     CUMULATIVE MASS      M       RATES FOR THIS TIME STEP      M/T          PACKAGE NAME    
     ------------------                 ------------------------                     ----------------

           IN:                                      IN:
           ---                                      ---
     STORAGE-AQUEOUS =         776.5836       STORAGE-AQUEOUS =           0.1629     MST                              
                 WEL =           0.0000                   WEL =           0.0000     SSM_WEL-1                        
                 CHD =           0.0000                   CHD =           0.0000     SSM_CHD-1                        
                 CNC =     8616443.5560                   CNC =        2849.0503     CNC                              

            TOTAL IN =     8617220.1396              TOTAL IN =        2849.2132

          OUT:                                     OUT:
          ----                                     ----
     STORAGE-AQUEOUS =      604203.9495       STORAGE-AQUEOUS =         122.2069     MST                              
                 WEL =       31328.9181                   WEL =          11.1692     SSM_WEL-1                        
                 CHD =        1914.9473                   CHD =           7.1599     SSM_CHD-1                        
                 CNC =     7979772.3248                   CNC =        2708.6772     CNC                              

           TOTAL OUT =     8617220.1396             TOTAL OUT =        2849.2132

            IN - OUT =       7.2122E-06              IN - OUT =      -5.1018E-08

 PERCENT DISCREPANCY =           0.00     PERCENT DISCREPANCY =          -0.00




         TIME SUMMARY AT END OF TIME STEP  250 IN STRESS PERIOD    2
                    SECONDS     MINUTES      HOURS       DAYS        YEARS
                    -----------------------------------------------------------
   TIME STEP LENGTH 1.03680E+06  17280.      288.00      12.000     3.28542E-02
 STRESS PERIOD TIME 2.59200E+08 4.32000E+06  72000.      3000.0      8.2136    
         TOTAL TIME 2.59286E+08 4.32144E+06  72024.      3001.0      8.2163    


end timestep

