                                   MODFLOW 6
                U.S. GEOLOGICAL SURVEY MODULAR HYDROLOGIC MODEL
                             TRANSPORT MODEL (GWT)
                            VERSION 6.6.2 05/12/2025

   MODFLOW 6 compiled May 12 2025 12:42:18 with Intel(R) Fortran Intel(R) 64
   Compiler Classic for applications running on Intel(R) 64, Version 2021.7.0
                             Build 20220726_000000

This software has been approved for release by the U.S. Geological 
Survey (USGS). Although the software has been subjected to rigorous 
review, the USGS reserves the right to update the software as needed 
pursuant to further analysis and review. No warranty, expressed or 
implied, is made by the USGS or the U.S. Government as to the 
functionality of the software and related material nor shall the 
fact of release constitute any such warranty. Furthermore, the 
software is released on condition that neither the USGS nor the U.S. 
Government shall be held liable for any damages resulting from its 
authorized or unauthorized use. Also refer to the USGS Water 
Resources Software User Rights Notice for complete use, copyright, 
and distribution information.


As a work of the United States Government, this USGS product is 
in the public domain within the United States. You can copy, 
modify, distribute, and perform the work, even for commercial 
purposes, all without asking permission. Additionally, USGS 
waives copyright and related rights in the work worldwide 
through CC0 1.0 Universal Public Domain Dedication 
(https://creativecommons.org/publicdomain/zero/1.0/).

The following GNU Lesser General Public License (LGPL) libraries
are used in this USGS product:

    SPARSKIT version 2.0
      ilut, luson, and qsplit 
      (https://www-users.cse.umn.edu/~saad/software/SPARSKIT/)

    RCM - Reverse Cuthill McKee Ordering
      (https://people.math.sc.edu/Burkardt/f_src/rcm/rcm.html)

    BLAS - Basic Linear Algebra Subprograms Level 1
      (https://people.math.sc.edu/Burkardt/f_src/blas1_d/blas1_d.html)

    SPARSEKIT - Sparse Matrix Utility Package
      amux, dperm, dvperm, rperm, and cperm
      (https://people.sc.fsu.edu/~jburkardt/f77_src/sparsekit/sparsekit.html)

The following BSD-3 License libraries are used in this USGS product:

    Modern Fortran DAG Library
      Copyright (c) 2018, Jacob Williams
      All rights reserved.
      (https://github.com/jacobwilliams/daglib)

MODFLOW 6 compiler options: /Isrc\libmf6core.a.p /Isrc /I..\src
/Isrc\libmf6_external.a.p /MT /nologo /warn:general /warn:truncated_source
/stand:f18 /O2 /fpe:0 /heap-arrays:0 /traceback /fpp /Qdiag-disable:7416
/Qdiag-disable:7025 /Qdiag-disable:5268 /Qdiag-disable:10448
/Fdsrc\libmf6core.a.p\Utilities_compilerversion.F90.pdb
/module:src\libmf6core.a.p
/Fosrc/libmf6core.a.p/Utilities_compilerversion.F90.obj /c

System command used to initiate simulation:
C:\Users\lucialabarca\mf6.6.2_win64\bin\mf6.exe

MODFLOW was compiled using uniform precision.

Real Variables
  KIND: 8
  TINY (smallest non-zero value):    2.225074-308
  HUGE (largest value):    1.797693+308
  PRECISION: 15
  SIZE IN BITS: 64

Integer Variables
  KIND: 4
  HUGE (largest value): 2147483647
  SIZE IN BITS: 32

Long Integer Variables
  KIND: 8
  HUGE (largest value): 9223372036854775807
  SIZE IN BITS: 64

Logical Variables
  KIND: 4
  SIZE IN BITS: 32
 
 NAMEFILE OPTIONS:
 END NAMEFILE OPTIONS:

 DIS -- STRUCTURED GRID DISCRETIZATION PACKAGE, VERSION 2 : 3/27/2014 - INPUT READ FROM MEMPATH: __INPUT__/GWT_PUMPTREAT/DIS                       


 DSP-- DISPERSION PACKAGE, VERSION 1, 1/24/2018 INPUT READ FROM MEMPATH: __INPUT__/GWT_PUMPTREAT/DSP                       


 Setting Discretization Options
 End Setting Discretization Options

 Setting Discretization Dimensions
    NLAY = 1
    NROW = 101
    NCOL = 101
 End Setting Discretization Dimensions

 Setting Discretization Griddata
    DELR set from input file
    DELC set from input file
    TOP set from input file
    BOTM set from input file
 End Setting Discretization Griddata


 FMI -- FLOW MODEL INTERFACE,' VERSION 2, 8/17/2023
  FLOWS PROVIDED BY A GWF MODEL IN THIS SIMULATION

 ADV-- ADVECTION PACKAGE, VERSION 1, 8/25/2017 INPUT READ FROM UNIT 1015


 # File generated by Flopy version 3.9.3 on 10/08/2025 at 11:35:49.
 PROCESSING ADVECTION OPTIONS
    ADVECTION WEIGHTING SCHEME HAS BEEN SET TO: UPSTREAM
 END OF ADVECTION OPTIONS
 Setting DSP Options
    XT3D formulation [0=INACTIVE, 1=ACTIVE, 3=ACTIVE RHS] set to: 1
 End Setting DSP Options

 Setting DSP Griddata
    ALH set from input file
    ATH1 set from input file
 End Setting DSP Griddata


 CNC   -- CNC PACKAGE, VERSION 8, 2/22/2014 INPUT READ FROM MEMPATH: __INPUT__/GWT_PUMPTREAT/CNC                       

 PROCESSING CNC BASE OPTIONS
 END OF CNC BASE OPTIONS

 PROCESSING CNC BASE DIMENSIONS
    MAXBOUND =       6
 END OF CNC BASE DIMENSIONS
    STRT set from input file

 MST -- MOBILE STORAGE AND TRANSFER PACKAGE, VERSION 1, 7/29/2020 INPUT READ FROM UNIT 1014


 # File generated by Flopy version 3.9.3 on 10/08/2025 at 11:35:49.
 PROCESSING MOBILE STORAGE AND TRANSFER OPTIONS
 END OF MOBILE STORAGE AND TRANSFER OPTIONS
 PROCESSING GRIDDATA

   MOBILE DOMAIN POROSITY =  0.2000000    
 END PROCESSING GRIDDATA

 SSM -- SOURCE-SINK MIXING PACKAGE, VERSION 1, 8/25/2017 INPUT READ FROM UNIT 1017


 # File generated by Flopy version 3.9.3 on 10/08/2025 at 11:35:49.
 PROCESSING SSM OPTIONS
 END OF SSM OPTIONS
 PROCESSING SOURCES
 AUX SOURCE DETECTED.
    USING AUX COLUMN 1 IN PACKAGE CHD-1
 AUX SOURCE DETECTED.
    USING AUX COLUMN 1 IN PACKAGE WEL-1
 END PROCESSING SOURCES
 OPTIONAL FILEINPUT BLOCK NOT FOUND.  CONTINUING.
      THE LAST TIME STEP WILL BE PRINTED
      THE LAST TIME STEP WILL BE PRINTED
 # File generated by Flopy version 3.9.3 on 10/08/2025 at 11:35:49.

 PROCESSING OC OPTIONS

    BUDGET INFORMATION WILL BE WRITTEN TO:
      UNIT NUMBER: 1028
      FILE NAME: gwt_pumptreat.cbc

 OPENED gwt_pumptreat.cbc
 FILE TYPE:DATA(BINARY)   UNIT 1028   STATUS:REPLACE             
 FORMAT:UNFORMATTED            ACCESS:STREAM              
 ACTION:READWRITE           

    CONCENTRATION INFORMATION WILL BE WRITTEN TO:
      UNIT NUMBER: 1029
      FILE NAME: gwt_pumptreat.ucn

 OPENED gwt_pumptreat.ucn
 FILE TYPE:DATA(BINARY)   UNIT 1029   STATUS:REPLACE             
 FORMAT:UNFORMATTED            ACCESS:STREAM              
 ACTION:READWRITE           

 END OF OC OPTIONS

start timestep kper="1" kstp="1" mode="normal"


 BEGIN READING OUTPUT CONTROL FOR STRESS PERIOD 1
      THE LAST TIME STEP WILL BE SAVED
      THE LAST TIME STEP WILL BE PRINTED

 END READING OUTPUT CONTROL FOR STRESS PERIOD 1

 XT3D is active.


1
  CONCENTRATION IN LAYER   1 AT END OF TIME STEP   1 IN STRESS PERIOD    1
  ---------------------------------------------------------------------------

 ........................................................................................................................................................................................................................................................................................................................................................................................................................................................................................................................................................................................................................................................................................................................................................................................................................................................................................................................................................................................................................................
   1   4.6069E-83  8.0539E-82  1.4458E-80  2.5217E-79  4.2419E-78  6.8399E-77  1.0511E-75  1.5358E-74  2.1461E-73  2.8623E-72
       3.6341E-71  4.3751E-70  4.9639E-69  5.2601E-68  5.1800E-67  4.7085E-66  3.8805E-65  2.8289E-64  1.7688E-63  9.1293E-63
       3.7044E-62  1.1053E-61  2.1669E-61  2.4414E-61  2.3275E-61  2.4640E-61  2.1268E-61  1.3698E-61  6.8393E-62  2.7756E-62
       9.4998E-63  2.8154E-63  7.3316E-64  1.6887E-64  3.4499E-65  6.2731E-66  1.0217E-66  1.4999E-67  1.9934E-68  2.4106E-69
       2.6673E-70  2.7130E-71  2.5462E-72  2.2106E-73  1.7857E-74  1.3532E-75  9.7134E-77  6.6476E-78  4.3658E-79  2.7666E-80
       1.6975E-81  1.0107E-82  5.8625E-84  3.3287E-85  1.8583E-86  1.0231E-87  5.5629E-89  2.9877E-90  1.5855E-91  8.3234E-93
       4.3288E-94  2.2334E-95  1.1440E-96  5.8208E-98  2.9434E-99  1.4799-100  7.3989-102  3.6774-103  1.8175-104  8.9449-106
       4.3904-107  2.1494-108  1.0480-109  5.0832-111  2.4556-112  1.1849-113  5.7143-115  2.7487-116  1.3201-117  6.3619-119
       3.0854-120  1.4985-121  7.6008-123  3.8459-124  1.8535-125  9.9640-127  5.0668-128  2.2916-129  1.2455-130  5.9036-132
       2.4192-133  1.0217-134  4.8307-136  2.3551-137  1.1345-138  5.3227-140  2.4877-141  1.1294-142  5.1012-144  2.3847-145
       1.1140-146
   2   2.4189E-81  4.3184E-80  7.8830E-79  1.3949E-77  2.3783E-76  3.8891E-75  6.0807E-74  9.0957E-73  1.2998E-71  1.7716E-70
       2.2975E-69  2.8250E-68  3.2758E-67  3.5548E-66  3.5910E-65  3.3466E-64  2.8260E-63  2.1098E-62  1.3505E-61  7.1336E-61
       2.9632E-60  9.0193E-60  1.7880E-59  1.9867E-59  1.8761E-59  2.0092E-59  1.7266E-59  1.0939E-59  5.3456E-60  2.1193E-60
       7.0840E-61  2.0503E-61  5.2090E-62  1.1690E-62  2.3257E-63  4.1182E-64  6.5295E-65  9.3228E-66  1.2047E-66  1.4176E-67
       1.5269E-68  1.5115E-69  1.3794E-70  1.1657E-71  9.1835E-73  6.8014E-74  4.7794E-75  3.2108E-76  2.0747E-77  1.2952E-78
       7.8354E-80  4.6085E-81  2.6463E-82  1.4901E-83  8.2594E-85  4.5173E-86  2.4403E-87  1.3026E-88  6.8746E-90  3.5918E-91
       1.8602E-92  9.5595E-94  4.8776E-95  2.4726E-96  1.2461E-97  6.2452E-99  3.1121-100  1.5417-101  7.5983-103  3.7315-104
       1.8280-105  8.9274-107  4.3389-108  2.0984-109  1.0124-110  4.8834-112  2.3527-113  1.1285-114  5.4053-116  2.5965-117
       1.2623-118  6.1947-120  3.0431-121  1.5401-122  7.8894-124  3.7789-125  1.8633-126  8.9480-128  3.9870-129  1.9550-130
       8.8994-132  4.0316-133  1.9196-134  9.0133-136  4.3103-137  2.0350-138  9.4659-140  4.3350-141  1.9821-142  8.9490-144
       4.2581-145
   3   1.2701E-79  2.3107E-78  4.2899E-77  7.7137E-76  1.3357E-74  2.2225E-73  3.5458E-72  5.4140E-71  7.9001E-70  1.0999E-68
       1.4580E-67  1.8335E-66  2.1760E-65  2.4189E-64  2.5051E-63  2.3937E-62  2.0725E-61  1.5863E-60  1.0409E-59  5.6333E-59
       2.3958E-58  7.4434E-58  1.4937E-57  1.6359E-57  1.5302E-57  1.6596E-57  1.4189E-57  8.8376E-58  4.2254E-58  1.6359E-58
       5.3372E-59  1.5069E-59  3.7327E-60  8.1615E-61  1.5811E-61  2.7251E-62  4.2036E-63  5.8364E-64  7.3340E-65  8.3946E-66
       8.7957E-67  8.4675E-68  7.5164E-69  6.1857E-70  4.7545E-71  3.4436E-72  2.3717E-73  1.5652E-74  9.9545E-76  6.1250E-77
       3.6577E-78  2.1274E-79  1.2102E-80  6.7609E-82  3.7221E-83  2.0230E-84  1.0863E-85  5.7665E-87  3.0283E-88  1.5753E-89
       8.1261E-91  4.1601E-92  2.1150E-93  1.0686E-94  5.3691E-96  2.6831E-97  1.3330E-98  6.5840-100  3.2370-101  1.5869-102
       7.7606-104  3.7811-105  1.8327-106  8.8455-108  4.2632-109  2.0546-110  9.8835-112  4.7353-113  2.2641-114  1.0930-115
       5.3136-117  2.5885-118  1.2906-119  6.3375-121  3.0936-122  1.5946-123  7.5552-125  3.4543-126  1.6529-127  7.5140-129
       3.5328-130  1.6504-131  7.7248-133  3.7234-134  1.7555-135  8.3549-137  3.8559-138  1.7460-139  7.9357-141  3.6238-142
       1.7217-143
   4   6.5717E-78  1.2179E-76  2.3002E-75  4.2082E-74  7.4264E-73  1.2600E-71  2.0503E-70  3.1945E-69  4.7590E-68  6.7690E-67
       9.1729E-66  1.1803E-64  1.4345E-63  1.6347E-62  1.7361E-61  1.7018E-60  1.5118E-59  1.1873E-58  7.9936E-58  4.4379E-57
       1.9341E-56  6.1401E-56  1.2486E-55  1.3466E-55  1.2473E-55  1.3720E-55  1.1661E-55  7.1325E-56  3.3331E-56  1.2590E-56
       4.0058E-57  1.1024E-57  2.6601E-58  5.6628E-59  1.0675E-59  1.7897E-60  2.6837E-61  3.6212E-62  4.4232E-63  4.9208E-64
       5.0115E-65  4.6887E-66  4.0478E-67  3.2445E-68  2.4340E-69  1.7248E-70  1.1650E-71  7.5568E-73  4.7322E-74  2.8717E-75
       1.6941E-76  9.7505E-78  5.4977E-79  3.0485E-80  1.6671E-81  9.0054E-83  4.8079E-84  2.5386E-85  1.3268E-86  6.8725E-88
       3.5310E-89  1.8007E-90  9.1220E-92  4.5941E-93  2.3015E-94  1.1467E-95  5.6793E-97  2.7972E-98  1.3722E-99  6.7154-101
       3.2778-102  1.5929-103  7.7017-105  3.7121-106  1.7880-107  8.6034-109  4.1247-110  1.9723-111  9.4621-113  4.5640-114
       2.2177-115  1.1013-116  5.3212-118  2.6228-119  1.2833-120  5.9685-122  2.9810-123  1.4090-124  6.4848-126  3.0875-127
       1.4557-128  6.7799-130  3.2303-131  1.5263-132  7.2996-134  3.3984-135  1.5649-136  7.0861-138  3.2136-139  1.4640-140
       7.0008-142
   5   3.3535E-76  6.3331E-75  1.2185E-73  2.2721E-72  4.0883E-71  7.0742E-70  1.1744E-68  1.8675E-67  2.8410E-66  4.1292E-65
       5.7225E-64  7.5368E-63  9.3851E-62  1.0967E-60  1.1951E-59  1.2026E-58  1.0968E-57  8.8455E-57  6.1161E-56  3.4868E-55
       1.5588E-54  5.0628E-54  1.0444E-53  1.1081E-53  1.0161E-53  1.1352E-53  9.5834E-54  5.7496E-54  2.6232E-54  9.6581E-55
       2.9941E-55  8.0245E-56  1.8847E-56  3.9034E-57  7.1558E-58  1.1660E-58  1.6984E-59  2.2256E-60  2.6406E-61  2.8536E-62
       2.8222E-63  2.5651E-64  2.1536E-65  1.6816E-66  1.2318E-67  8.5447E-69  5.6638E-70  3.6129E-71  2.2292E-72  1.3350E-73
       7.7854E-75  4.4370E-76  2.4809E-77  1.3658E-78  7.4212E-80  3.9845E-81  2.1153E-82  1.1112E-83  5.7810E-85  2.9817E-86
       1.5258E-87  7.7516E-89  3.9131E-90  1.9646E-91  9.8130E-93  4.8742E-94  2.4066E-95  1.1821E-96  5.7876E-98  2.8276E-99
       1.3771-100  6.6742-102  3.2195-103  1.5502-104  7.4659-106  3.5884-107  1.7151-108  8.1719-110  3.9194-111  1.9037-112
       9.2685-114  4.4725-115  2.2375-116  1.0804-117  5.1010-119  2.4777-120  1.1480-121  5.6473-123  2.6685-124  1.2690-125
       5.9210-127  2.8182-128  1.3221-129  6.3912-131  2.9684-132  1.3797-133  6.2345-135  2.8092-136  1.2967-137  5.9330-139
       2.8322-140
   6   1.6872E-74  3.2505E-73  6.3767E-72  1.2127E-70  2.2258E-69  3.9294E-68  6.6574E-67  1.0808E-65  1.6796E-64  2.4955E-63
       3.5381E-62  4.7717E-61  6.0902E-60  7.3015E-59  8.1691E-58  8.4437E-57  7.9130E-56  6.5585E-55  4.6613E-54  2.7316E-53
       1.2542E-52  4.1724E-52  8.7436E-52  9.1150E-52  8.2715E-52  9.4024E-52  7.8758E-52  4.6288E-52  2.0594E-52  7.3831E-53
       2.2279E-53  5.8100E-54  1.3272E-54  2.6720E-55  4.7595E-56  7.5317E-57  1.0649E-57  1.3544E-58  1.5595E-59  1.6356E-60
       1.5700E-61  1.3859E-62  1.1316E-63  8.6102E-65  6.1611E-66  4.1863E-67  2.7248E-68  1.7106E-69  1.0406E-70  6.1542E-72
       3.5501E-73  2.0045E-74  1.1120E-75  6.0795E-77  3.2825E-78  1.7520E-79  9.2505E-81  4.8352E-82  2.5042E-83  1.2862E-84
       6.5553E-86  3.3178E-87  1.6692E-88  8.3547E-90  4.1606E-91  2.0601E-92  1.0141E-93  4.9688E-95  2.4282E-96  1.1842E-97
       5.7541E-99  2.7814-100  1.3390-101  6.4409-103  3.0989-104  1.4878-105  7.1102-107  3.3883-108  1.6262-109  7.8447-111
       3.8256-112  1.8637-113  8.8820-115  4.3635-116  2.1038-117  9.7749-119  4.7617-120  2.2826-121  1.1037-122  5.1924-124
       2.4440-125  1.1520-126  5.4874-128  2.5590-129  1.2212-130  5.4844-132  2.4765-133  1.1333-134  5.1651-136  2.3892-137
       1.1475-138
   7   8.3610E-73  1.6448E-71  3.2926E-70  6.3902E-69  1.1970E-67  2.1571E-66  3.7314E-65  6.1875E-64  9.8266E-63  1.4931E-61
       2.1667E-60  2.9935E-59  3.9179E-58  4.8213E-57  5.5419E-56  5.8885E-55  5.6746E-54  4.8378E-53  3.5377E-52  2.1334E-51
       1.0072E-50  3.4368E-50  7.3258E-50  7.4945E-50  6.7275E-50  7.7956E-50  6.4720E-50  3.7211E-50  1.6125E-50  5.6229E-51
       1.6499E-51  4.1827E-52  9.2843E-53  1.8156E-53  3.1396E-54  4.8209E-55  6.6116E-56  8.1538E-57  9.1044E-58  9.2594E-59
       8.6226E-60  7.3912E-61  5.8697E-62  4.3539E-63  3.0452E-64  2.0282E-65  1.2972E-66  8.0199E-68  4.8131E-69  2.8131E-70
       1.6062E-71  8.9899E-73  4.9495E-74  2.6879E-75  1.4423E-76  7.6541E-78  4.0199E-79  2.0910E-80  1.0782E-81  5.5146E-83
       2.7993E-84  1.4115E-85  7.0782E-87  3.5322E-88  1.7537E-89  8.6560E-91  4.2483E-92  2.0769E-93  1.0132E-94  4.9316E-96
       2.3902E-97  1.1527E-98  5.5427-100  2.6641-101  1.2791-102  6.1212-104  2.9242-105  1.4003-106  6.7151-108  3.2569-109
       1.5743-110  7.5319-112  3.6690-113  1.7322-114  8.3836-116  4.0127-117  1.9415-118  9.3488-120  4.5398-121  2.1197-122
       1.0010-123  4.7681-125  2.2065-126  1.0445-127  4.6667-129  2.1689-130  9.9635-132  4.4903-133  2.0855-134  9.6232-136
       4.6450-137
   8   4.0753E-71  8.1933E-70  1.6749E-68  3.3198E-67  6.3510E-66  1.1690E-64  2.0657E-63  3.5006E-62  5.6843E-61  8.8368E-60
       1.3131E-58  1.8596E-57  2.4971E-56  3.1558E-55  3.7295E-54  4.0769E-53  4.0435E-52  3.5491E-51  2.6730E-50  1.6606E-49
       8.0713E-49  2.8291E-48  6.1433E-48  6.1590E-48  5.4664E-48  6.4706E-48  5.3176E-48  2.9866E-48  1.2589E-48  4.2652E-49
       1.2157E-49  2.9929E-50  6.4494E-51  1.2239E-51  2.0527E-52  3.0558E-53  4.0612E-54  4.8527E-55  5.2497E-56  5.1741E-57
       4.6725E-58  3.8891E-59  3.0047E-60  2.1737E-61  1.4871E-62  9.7154E-64  6.1112E-65  3.7233E-66  2.2061E-67  1.2750E-68
       7.2095E-70  4.0017E-71  2.1872E-72  1.1801E-73  6.2942E-75  3.3214E-76  1.7354E-77  8.9848E-79  4.6126E-80  2.3493E-81
       1.1878E-82  5.9679E-84  2.9831E-85  1.4842E-86  7.3463E-88  3.6145E-89  1.7691E-90  8.6314E-92  4.2038E-93  2.0418E-94
       9.8696E-96  4.7491E-97  2.2819E-98  1.0968E-99  5.2586-101  2.5070-102  1.1931-103  5.7241-105  2.7687-106  1.3303-107
       6.4151-109  3.1089-110  1.4569-111  7.0919-113  3.3560-114  1.6570-115  7.8976-117  3.8787-118  1.8218-119  8.6802-121
       4.0906-122  1.9091-123  9.1398-125  4.0349-126  1.8741-127  8.5163-129  3.9085-130  1.8121-131  8.3628-133  3.8854-134
       1.8716-135
   9   1.9508E-69  4.0115E-68  8.3814E-67  1.6979E-65  3.3198E-64  6.2454E-63  1.1282E-61  1.9550E-60  3.2479E-59  5.1692E-58
       7.8703E-57  1.1430E-55  1.5756E-54  2.0464E-53  2.4886E-52  2.8010E-51  2.8616E-50  2.5885E-49  2.0100E-48  1.2880E-47
       6.4540E-47  2.3273E-46  5.1565E-46  5.0586E-46  4.4369E-46  5.3773E-46  4.3683E-46  2.3928E-46  9.7974E-47  3.2214E-47
       8.9085E-48  2.1276E-48  4.4466E-49  8.1806E-50  1.3295E-50  1.9167E-51  2.4662E-52  2.8525E-53  2.9874E-54  2.8519E-55
       2.4968E-56  2.0180E-57  1.5173E-58  1.0713E-59  7.1741E-61  4.6012E-62  2.8485E-63  1.7116E-64  1.0019E-65  5.7291E-67
       3.2099E-68  1.7676E-69  9.5937E-71  5.1433E-72  2.7271E-73  1.4312E-74  7.4404E-76  3.8345E-77  1.9600E-78  9.9413E-80
       5.0067E-81  2.5067E-82  1.2492E-83  6.1968E-85  3.0576E-86  1.4998E-87  7.3217E-89  3.5656E-90  1.7337E-91  8.4024E-93
       4.0516E-94  1.9459E-95  9.3404E-97  4.4869E-98  2.1503E-99  1.0249-100  4.8687-102  2.3273-103  1.1224-104  5.4409-106
       2.6005-107  1.2380-108  5.9906-110  2.8312-111  1.3848-112  6.6952-114  3.2903-115  1.5712-116  7.4568-118  3.5384-119
       1.6368-120  7.7153-122  3.4610-123  1.6287-124  7.3470-126  3.3808-127  1.5665-128  7.2538-130  3.3549-131  1.5566-132
       7.5370-134
  10   9.1570E-68  1.9273E-66  4.1190E-65  8.5351E-64  1.7071E-62  3.2851E-61  6.0713E-60  1.0766E-58  1.8311E-57  2.9855E-56
       4.6604E-55  6.9456E-54  9.8352E-53  1.3137E-51  1.6454E-50  1.9086E-49  2.0105E-48  1.8760E-47  1.5036E-46  9.9508E-46
       5.1482E-45  1.9130E-44  4.3324E-44  4.1520E-44  3.5969E-44  4.4746E-44  3.5874E-44  1.9133E-44  7.5989E-45  2.4218E-45
       6.4897E-46  1.5019E-46  3.0410E-47  5.4182E-48  8.5231E-49  1.1888E-49  1.4793E-50  1.6548E-51  1.6765E-52  1.5494E-53
       1.3149E-54  1.0321E-55  7.5562E-57  5.2102E-58  3.4184E-59  2.1541E-60  1.3135E-61  7.7895E-63  4.5074E-64  2.5517E-65
       1.4173E-66  7.7451E-68  4.1754E-69  2.2246E-70  1.1727E-71  6.1217E-73  3.1670E-74  1.6248E-75  8.2695E-77  4.1770E-78
       2.0956E-79  1.0457E-80  5.1956E-82  2.5698E-83  1.2640E-84  6.1820E-86  3.0111E-87  1.4639E-88  7.1048E-90  3.4354E-91
       1.6530E-92  7.9300E-94  3.8035E-95  1.8236E-96  8.7223E-98  4.1649E-99  1.9885-100  9.4862-102  4.5770-103  2.1735-104
       1.0529-105  5.0241-107  2.3987-108  1.1539-109  5.6395-111  2.7274-112  1.3425-113  6.3739-115  3.0442-116  1.4075-117
       6.6830-119  2.9732-120  1.3839-121  6.2700-123  2.9122-124  1.3443-125  6.2702-127  2.8877-128  1.3424-129  6.2317-131
       3.0228-132
  11   4.2081E-66  9.0711E-65  1.9845E-63  4.2101E-62  8.6214E-61  1.6987E-59  3.2146E-58  5.8382E-57  1.0174E-55  1.7007E-54
       2.7239E-53  4.1689E-52  6.0678E-51  8.3435E-50  1.0774E-48  1.2891E-47  1.4014E-46  1.3505E-45  1.1186E-44  7.6552E-44
       4.0956E-43  1.5711E-42  3.6439E-42  3.4052E-42  2.9120E-42  3.7286E-42  2.9450E-42  1.5266E-42  5.8720E-43  1.8114E-43
       4.6976E-44  1.0521E-44  2.0616E-45  3.5534E-46  5.4044E-47  7.2844E-48  8.7576E-49  9.4652E-50  9.2704E-51  8.2905E-52
       6.8197E-53  5.2005E-54  3.7096E-55  2.5002E-56  1.6085E-57  9.9684E-59  5.9919E-60  3.5093E-61  2.0086E-62  1.1263E-63
       6.2038E-65  3.3656E-66  1.8025E-67  9.5450E-69  5.0033E-70  2.5982E-71  1.3378E-72  6.8329E-74  3.4630E-75  1.7421E-76
       8.7080E-78  4.3315E-79  2.1458E-80  1.0582E-81  5.1891E-83  2.5309E-84  1.2303E-85  5.9727E-87  2.8935E-88  1.3957E-89
       6.7013E-91  3.2126E-92  1.5407E-93  7.3733E-95  3.5123E-96  1.6749E-97  8.0440E-99  3.8663-100  1.8386-101  8.8780-103
       4.1754-104  2.0286-105  9.6743-107  4.7332-108  2.2677-109  1.1224-110  5.3477-112  2.6047-113  1.2019-114  5.6290-116
       2.5461-117  1.1944-118  5.3592-120  2.4914-121  1.1561-122  5.3481-124  2.4685-125  1.1545-126  5.3326-128  2.4907-129
       1.2094-130
  12   1.8903E-64  4.1750E-63  9.3560E-62  2.0339E-60  4.2687E-59  8.6205E-58  1.6721E-56  3.1132E-55  5.5638E-54  9.5435E-53
       1.5696E-51  2.4691E-50  3.6969E-49  5.2391E-48  6.9811E-47  8.6240E-46  9.6865E-45  9.6514E-44  8.2721E-43  5.8620E-42
       3.2489E-41  1.2889E-40  3.0680E-40  2.7902E-40  2.3540E-40  3.1117E-40  2.4165E-40  1.2151E-40  4.5193E-41  1.3473E-41
       3.3767E-42  7.3101E-43  1.3845E-43  2.3057E-44  3.3864E-45  4.4057E-46  5.1118E-47  5.3334E-48  5.0465E-49  4.3661E-50
       3.4815E-51  2.5805E-52  1.7948E-53  1.1834E-54  7.4733E-56  4.5587E-57  2.7033E-58  1.5646E-59  8.8632E-61  4.9251E-62
       2.6913E-63  1.4497E-64  7.7145E-66  4.0610E-67  2.1170E-68  1.0938E-69  5.6059E-71  2.8508E-72  1.4388E-73  7.2093E-75
       3.5910E-76  1.7808E-77  8.7974E-79  4.3258E-80  2.1149E-81  1.0288E-82  4.9925E-84  2.4204E-85  1.1707E-86  5.6351E-88
       2.7010E-89  1.2940E-90  6.2062E-92  2.9688E-93  1.4110E-94  6.7063E-96  3.2095E-97  1.5503E-98  7.4399-100  3.5225-101
       1.6955-102  8.0628-104  3.9288-105  1.8891-106  9.3355-108  4.4777-109  2.1615-110  1.0260-111  4.8106-113  2.1655-114
       1.0073-115  4.5456-117  2.1155-118  9.8713-120  4.5486-121  2.1133-122  9.8155-124  4.5520-125  2.1252-126  9.9162-128
       4.8196-129
  13   8.2878E-63  1.8757E-61  4.3077E-60  9.6040E-59  2.0680E-57  4.2853E-56  8.5296E-55  1.6299E-53  2.9904E-52  5.2685E-51
       8.9066E-50  1.4413E-48  2.2224E-47  3.2497E-46  4.4727E-45  5.7107E-44  6.6345E-43  6.8432E-42  6.0775E-41  4.4667E-40
       2.5689E-39  1.0562E-38  2.5862E-38  2.2838E-38  1.8998E-38  2.6011E-38  1.9816E-38  9.6467E-39  3.4631E-39  9.9599E-40
       2.4089E-40  5.0337E-41  9.2031E-42  1.4790E-42  2.0949E-43  2.6274E-44  2.9388E-45  2.9574E-46  2.7020E-47  2.2612E-48
       1.7483E-49  1.2603E-50  8.5548E-52  5.5245E-53  3.4277E-54  2.0599E-55  1.2059E-56  6.9021E-58  3.8715E-59  2.1328E-60
       1.1566E-61  6.1878E-63  3.2722E-64  1.7125E-65  8.8795E-67  4.5655E-68  2.3293E-69  1.1795E-70  5.9285E-72  2.9593E-73
       1.4691E-74  7.2644E-76  3.5791E-77  1.7550E-78  8.5569E-80  4.1533E-81  2.0120E-82  9.7387E-84  4.7013E-85  2.2589E-86
       1.0817E-87  5.1800E-89  2.4829E-90  1.1879E-91  5.6598E-93  2.6908E-94  1.2878E-95  6.1358E-97  2.9586E-98  1.4209E-99
       6.7515-101  3.2510-102  1.5700-103  7.6267-105  3.7495-106  1.7904-107  8.5445-109  3.9572-110  1.8402-111  8.5730-113
       3.8430-114  1.7952-115  8.2919-117  3.8166-118  1.7976-119  8.3055-121  3.8667-122  1.8039-123  8.4240-125  3.9349-126
       1.9114-127
  14   3.5420E-61  8.2129E-60  1.9332E-58  4.4224E-57  9.7802E-56  2.0823E-54  4.2589E-53  8.3626E-52  1.5770E-50  2.8570E-49
       4.9696E-48  8.2821E-47  1.3165E-45  1.9893E-44  2.8309E-43  3.7399E-42  4.4994E-41  4.8108E-40  4.4336E-39  3.3851E-38
       2.0240E-37  8.6439E-37  2.1826E-36  1.8671E-36  1.5303E-36  2.1780E-36  1.6239E-36  7.6357E-37  2.6409E-37  7.3143E-38
       1.7042E-38  3.4324E-39  6.0494E-40  9.3680E-41  1.2780E-41  1.5432E-42  1.6622E-43  1.6120E-44  1.4215E-45  1.1507E-46
       8.6309E-48  6.0562E-49  4.0160E-50  2.5427E-51  1.5516E-52  9.1940E-54  5.3175E-55  3.0113E-56  1.6733E-57  9.1421E-59
       4.9214E-60  2.6156E-61  1.3748E-62  7.1544E-64  3.6903E-65  1.8885E-66  9.5931E-68  4.8377E-69  2.4218E-70  1.2045E-71
       5.9606E-73  2.9394E-74  1.4444E-75  7.0635E-77  3.4354E-78  1.6646E-79  8.0549E-81  3.8933E-82  1.8754E-83  8.9916E-85
       4.3017E-86  2.0591E-87  9.8512E-89  4.7016E-90  2.2449E-91  1.0748E-92  5.1265E-94  2.4587E-95  1.1666E-96  5.6392E-98
       2.7027E-99  1.3015-100  6.2483-102  3.0727-103  1.4548-104  7.1953-106  3.2722-107  1.5361-108  7.0371-110  3.2093-111
       1.5146-112  6.9475-114  3.2230-115  1.5043-116  6.9742-118  3.2708-119  1.5208-120  7.1182-122  3.3227-123  1.5530-124
       7.5443-126
  15   1.4743E-59  3.5016E-58  8.4474E-57  1.9834E-55  4.5065E-54  9.8668E-53  2.0767E-51  4.1966E-50  8.1455E-49  1.5193E-47
       2.7224E-46  4.6772E-45  7.6804E-44  1.2004E-42  1.7682E-41  2.4198E-40  3.0188E-39  3.3505E-38  3.2094E-37  2.5502E-36
       1.5884E-35  7.0630E-35  1.8442E-34  1.5242E-34  1.2301E-34  1.8271E-34  1.3295E-34  6.0243E-35  2.0030E-35  5.3319E-36
       1.1947E-36  2.3156E-37  3.9281E-38  5.8529E-39  7.6788E-40  8.9157E-41  9.2375E-42  8.6275E-43  7.3411E-44  5.7495E-45
       4.1862E-46  2.8620E-47  1.8562E-48  1.1535E-49  6.9296E-51  4.0520E-52  2.3168E-53  1.2988E-54  7.1529E-56  3.8772E-57
       2.0724E-58  1.0944E-59  5.7183E-61  2.9595E-62  1.5189E-63  7.7375E-65  3.9140E-66  1.9659E-67  9.8038E-69  4.8591E-70
       2.3977E-71  1.1795E-72  5.7815E-74  2.8196E-75  1.3679E-76  6.6176E-78  3.1999E-79  1.5456E-80  7.4351E-82  3.5597E-83
       1.7021E-84  8.1484E-86  3.8926E-87  1.8498E-88  8.7997E-90  4.2280E-91  2.0392E-92  9.7262E-94  4.6654E-95  2.2132E-96
       1.0754E-97  5.1399E-99  2.5279-100  1.1890-101  5.8035-103  2.6428-104  1.2881-105  5.8208-107  2.6863-108  1.2484-109
       5.7192-111  2.7018-112  1.2553-113  5.8394-115  2.7363-116  1.2786-117  5.9784-119  2.7924-120  1.3049-121  6.0930-123
       2.9627-124
  16   5.9728E-58  1.4533E-56  3.5929E-55  8.6558E-54  2.0211E-52  4.5535E-51  9.8677E-50  2.0548E-48  4.1119E-47  7.9083E-46
       1.4618E-44  2.5931E-43  4.4064E-42  7.1315E-41  1.0886E-39  1.5453E-38  2.0017E-37  2.3098E-36  2.3037E-35  1.9086E-34
       1.2411E-33  5.7610E-33  1.5604E-32  1.2423E-32  9.8651E-33  1.5358E-32  1.0874E-32  4.7356E-33  1.5099E-33  3.8549E-34
       8.2913E-35  1.5439E-35  2.5166E-36  3.6022E-37  4.5379E-38  5.0594E-39  5.0373E-40  4.5282E-41  3.7175E-42  2.8182E-43
       1.9936E-44  1.3295E-45  8.4436E-47  5.1560E-48  3.0523E-49  1.7626E-50  9.9686E-52  5.5350E-53  3.0224E-54  1.6259E-55
       8.6316E-57  4.5300E-58  2.3533E-59  1.2115E-60  6.1881E-62  3.1386E-63  1.5813E-64  7.9114E-66  3.9311E-67  1.9421E-68
       9.5584E-70  4.6916E-71  2.2946E-72  1.1164E-73  5.4041E-75  2.6097E-76  1.2603E-77  6.0801E-79  2.9218E-80  1.3983E-81
       6.6891E-83  3.2058E-84  1.5334E-85  7.2856E-87  3.4582E-88  1.6502E-89  7.9688E-91  3.8399E-92  1.8216E-93  8.7881E-95
       4.2060E-96  2.0437E-97  9.7287E-99  4.7885-100  2.1687-101  1.0363-102  4.6861-104  2.2346-105  1.0311-106  4.7453-108
       2.2296-109  1.0363-110  4.8677-112  2.2744-113  1.0664-114  4.9910-116  2.3313-117  1.0900-118  5.0891-120  2.3797-121
       1.1568-122
  17   2.3516E-56  5.8649E-55  1.4865E-53  3.6755E-52  8.8184E-51  2.0443E-49  4.5652E-48  9.8050E-47  2.0246E-45  4.0203E-44
       7.6796E-43  1.4102E-41  2.4825E-40  4.1652E-39  6.5973E-38  9.7272E-37  1.3103E-35  1.5746E-34  1.6381E-33  1.4181E-32
       9.6501E-32  4.6894E-31  1.3220E-30  1.0106E-30  7.8899E-31  1.2937E-30  8.8817E-31  3.7067E-31  1.1305E-31  2.7617E-32
       5.6903E-33  1.0161E-33  1.5887E-34  2.1806E-35  2.6336E-36  2.8157E-37  2.6913E-38  2.3276E-39  1.8441E-40  1.3541E-41
       9.3165E-43  6.0683E-44  3.7786E-45  2.2698E-46  1.3253E-47  7.5632E-49  4.2335E-50  2.3292E-51  1.2615E-52  6.7369E-54
       3.5533E-55  1.8537E-56  9.5765E-58  4.9051E-59  2.4939E-60  1.2597E-61  6.3222E-63  3.1516E-64  1.5606E-65  7.6871E-67
       3.7741E-68  1.8486E-69  9.0232E-71  4.3819E-72  2.1182E-73  1.0220E-74  4.9292E-76  2.3733E-77  1.1380E-78  5.4396E-80
       2.6015E-81  1.2464E-82  5.9664E-84  2.8478E-85  1.3556E-86  6.4827E-88  3.1007E-89  1.4912E-90  7.1885E-92  3.4326E-93
       1.6589E-94  7.8812E-96  3.7913E-97  1.7740E-98  8.5257-100  3.8219-101  1.8140-102  8.3273-104  3.9161-105  1.8322-106
       8.5321-108  4.0161-109  1.8818-110  8.8307-112  4.1324-113  1.9358-114  9.0269-116  4.2246-117  1.9748-118  9.2347-120
       4.4892-121
  18   8.9790E-55  2.2969E-53  5.9723E-52  1.5165E-50  3.7409E-49  8.9270E-48  2.0547E-46  4.5538E-45  9.7145E-44  1.9952E-42
       3.9458E-41  7.5084E-40  1.3709E-38  2.3877E-37  3.9296E-36  6.0267E-35  8.4560E-34  1.0602E-32  1.1528E-31  1.0452E-30
       7.4622E-30  3.8080E-29  1.1216E-28  8.2021E-29  6.2905E-29  1.0920E-28  7.2422E-29  2.8870E-29  8.3983E-30  1.9584E-30
       3.8571E-31  6.5910E-32  9.8661E-33  1.2962E-33  1.4983E-34  1.5341E-35  1.4066E-36  1.1702E-37  8.9504E-39  6.3721E-40
       4.2697E-41  2.7199E-42  1.6627E-43  9.8352E-45  5.6686E-46  3.1991E-47  1.7732E-48  9.6709E-50  5.1973E-51  2.7563E-52
       1.4446E-53  7.4931E-55  3.8505E-56  1.9627E-57  9.9359E-59  4.9992E-60  2.5000E-61  1.2420E-62  6.1309E-64  3.0119E-65
       1.4756E-66  7.2128E-68  3.5129E-69  1.7026E-70  8.2216E-72  3.9671E-73  1.9141E-74  9.2093E-76  4.4089E-77  2.1050E-78
       1.0060E-79  4.8092E-81  2.2935E-82  1.0958E-83  5.2649E-85  2.5193E-86  1.2083E-87  5.7668E-89  2.7772E-90  1.3332E-91
       6.3858E-93  3.0543E-94  1.4303E-95  6.7635E-97  3.1137E-98  1.4821E-99  6.7498-101  3.1928-102  1.4906-103  6.9838-105
       3.2902-106  1.5433-107  7.2599-109  3.3968-110  1.5914-111  7.4337-113  3.4763-114  1.6253-115  7.6079-117  3.5587-118
       1.7295-119
  19   3.3162E-53  8.7074E-52  2.3244E-50  6.0660E-49  1.5397E-47  3.7851E-46  8.9867E-45  2.0572E-43  4.5385E-42  9.6509E-41
       1.9783E-39  3.9057E-38  7.4056E-37  1.3408E-35  2.2962E-34  3.6691E-33  5.3717E-32  7.0402E-31  8.0193E-30  7.6339E-29
       5.7347E-28  3.0839E-27  9.5292E-27  6.6400E-27  4.9977E-27  9.2377E-27  5.8925E-27  2.2357E-27  6.1845E-28  1.3729E-28
       2.5785E-29  4.2073E-30  6.0165E-31  7.5508E-32  8.3390E-33  8.1669E-34  7.1792E-35  5.7455E-36  4.2459E-37  2.9344E-38
       1.9176E-39  1.1964E-40  7.1886E-42  4.1917E-43  2.3867E-44  1.3328E-45  7.3188E-47  3.9585E-48  2.1116E-49  1.1124E-50
       5.7956E-52  2.9896E-53  1.5285E-54  7.7558E-56  3.9103E-57  1.9603E-58  9.7699E-60  4.8381E-61  2.3815E-62  1.1674E-63
       5.7097E-65  2.7866E-66  1.3545E-67  6.5494E-69  3.1569E-70  1.5221E-71  7.3453E-73  3.5354E-74  1.6931E-75  8.0897E-77
       3.8711E-78  1.8504E-79  8.7911E-81  4.1833E-82  2.0110E-83  9.7139E-85  4.6281E-86  2.2306E-87  1.0598E-88  5.0979E-90
       2.4162E-91  1.1502E-92  5.4392E-94  2.5156E-95  1.1843E-96  5.4719E-98  2.5888E-99  1.2035-100  5.6739-102  2.6711-103
       1.2579-104  5.9052-106  2.7695-107  1.2971-108  6.0606-110  2.8388-111  1.3266-112  6.2091-114  2.9066-115  1.3599-116
       6.6076-118
  20   1.1811E-51  3.1857E-50  8.7377E-49  2.3454E-47  6.1303E-46  1.5540E-44  3.8092E-43  9.0151E-42  2.0589E-40  4.5381E-39
       9.6537E-38  1.9800E-36  3.9042E-35  7.3588E-34  1.3135E-32  2.1906E-31  3.3530E-30  4.6037E-29  5.5067E-28  5.5190E-27
       4.3762E-26  2.4894E-25  8.1082E-25  5.3590E-25  3.9547E-25  7.8322E-25  4.7817E-25  1.7200E-25  4.5092E-26  9.5008E-27
       1.6971E-27  2.6377E-28  3.5951E-29  4.3009E-30  4.5305E-31  4.2394E-32  3.5716E-33  2.7510E-34  1.9663E-35  1.3211E-36
       8.4327E-38  5.1602E-39  3.0512E-40  1.7554E-41  9.8814E-43  5.4632E-44  2.9735E-45  1.5956E-46  8.4516E-48  4.4244E-49
       2.2919E-50  1.1761E-51  5.9845E-53  3.0236E-54  1.5187E-55  7.5882E-57  3.7701E-58  1.8614E-59  9.1385E-61  4.4705E-62
       2.1835E-63  1.0646E-64  5.1693E-66  2.4966E-67  1.2017E-68  5.7851E-70  2.7870E-71  1.3395E-72  6.4120E-74  3.0665E-75
       1.4702E-76  7.0460E-78  3.3545E-79  1.5956E-80  7.6318E-82  3.6609E-83  1.7652E-84  8.3657E-86  4.0567E-87  1.9129E-88
       9.0853E-90  4.2902E-91  2.0143E-92  9.4637E-94  4.3998E-95  2.0748E-96  9.7168E-98  4.5631E-99  2.1461-100  1.0128-101
       4.7538-103  2.2360-104  1.0450-105  4.9000-107  2.2866-108  1.0735-109  5.0209-111  2.3500-112  1.1000-113  5.1473-115
       2.5003-116
  21   4.0421E-50  1.1210E-48  3.1616E-47  8.7360E-46  2.3534E-44  6.1565E-43  1.5596E-41  3.8199E-40  9.0413E-39  2.0681E-37
       4.5712E-36  9.7536E-35  2.0031E-33  3.9369E-32  7.3370E-31  1.2796E-29  2.0521E-28  2.9587E-27  3.7263E-26  3.9441E-25
       3.3127E-24  2.0020E-23  6.9096E-23  4.3097E-23  3.1150E-23  6.6560E-23  3.8679E-23  1.3132E-23  3.2505E-24  6.4790E-25
       1.0974E-25  1.6203E-26  2.0996E-27  2.3891E-28  2.3965E-29  2.1408E-30  1.7285E-31  1.2824E-32  8.8783E-34  5.8086E-35
       3.6274E-36  2.1801E-37  1.2700E-38  7.2152E-40  4.0179E-41  2.2005E-42  1.1877E-43  6.3254E-45  3.3280E-46  1.7318E-47
       8.9229E-49  4.5562E-50  2.3081E-51  1.1615E-52  5.8142E-54  2.8963E-55  1.4350E-56  7.0666E-58  3.4611E-59  1.6899E-60
       8.2410E-62  4.0128E-63  1.9467E-64  9.4005E-66  4.5276E-67  2.1805E-68  1.0494E-69  5.0323E-71  2.4040E-72  1.1487E-73
       5.5040E-75  2.6384E-76  1.2614E-77  6.0068E-79  2.8717E-80  1.3807E-81  6.5382E-83  3.1560E-84  1.4917E-85  7.1817E-87
       3.3644E-88  1.5895E-89  7.4783E-91  3.4916E-92  1.6453E-93  7.7061E-95  3.6322E-96  1.7123E-97  8.0588E-99  3.7852-100
       1.7816-101  8.3339-103  3.9081-104  1.8279-105  8.5550-107  4.0133-108  1.8789-109  8.7960-111  4.1169-112  1.9267-113
       9.3560-115
  22   1.3238E-48  3.7779E-47  1.0966E-45  3.1222E-44  8.6766E-43  2.3447E-41  6.1443E-40  1.5591E-38  3.8289E-37  9.1002E-36
       2.0929E-34  4.6528E-33  9.9683E-32  2.0465E-30  3.9901E-29  7.2926E-28  1.2282E-26  1.8645E-25  2.4799E-24  2.7815E-23
       2.4846E-22  1.6030E-21  5.8973E-21  3.4511E-21  2.4404E-21  5.6700E-21  3.1166E-21  9.9380E-22  2.3127E-22  4.3446E-23
       6.9553E-24  9.7262E-25  1.1949E-25  1.2904E-26  1.2307E-27  1.0489E-28  8.1199E-30  5.8103E-31  3.9028E-32  2.4908E-33
       1.5243E-34  9.0090E-36  5.1754E-37  2.9060E-38  1.6019E-39  8.6951E-41  4.6558E-42  2.4620E-43  1.2872E-44  6.6607E-46
       3.4145E-47  1.7355E-48  8.7554E-50  4.3901E-51  2.1907E-52  1.0883E-53  5.3788E-55  2.6429E-56  1.2922E-57  6.3002E-59
       3.0684E-60  1.4915E-61  7.2215E-63  3.4827E-64  1.6781E-65  8.0958E-67  3.9017E-68  1.8709E-69  8.9308E-71  4.2646E-72
       2.0403E-73  9.7458E-75  4.6534E-76  2.2288E-77  1.0659E-78  5.0752E-80  2.4427E-81  1.1483E-82  5.5418E-84  2.5998E-85
       1.2403E-86  5.8145E-88  2.7356E-89  1.2906E-90  6.0543E-92  2.8444E-93  1.3426E-94  6.3026E-96  2.9810E-97  1.3961E-98
       6.5652-100  3.0698-101  1.4401-102  6.7493-104  3.1583-105  1.4817-106  6.9391-108  3.2493-109  1.5208-110  7.1176-112
       3.4549-113
  23   4.1285E-47  1.2136E-45  3.6292E-44  1.0656E-42  3.0578E-41  8.5439E-40  2.3186E-38  6.1021E-37  1.5568E-35  3.8497E-34
       9.2264E-33  2.1405E-31  4.7925E-30  1.0298E-28  2.1049E-27  4.0412E-26  7.1664E-25  1.1488E-23  1.6191E-22  1.9318E-21
       1.8435E-20  1.2767E-19  5.0413E-19  2.7495E-19  1.9000E-19  4.8419E-19  2.4995E-19  7.4431E-20  1.6206E-20  2.8575E-21
       4.3076E-22  5.6860E-23  6.6039E-24  6.7524E-25  6.1154E-26  4.9719E-27  3.6938E-28  2.5534E-29  1.6673E-30  1.0399E-31
       6.2453E-33  3.6344E-34  2.0609E-35  1.1445E-36  6.2491E-38  3.3635E-39  1.7875E-40  9.3893E-42  4.8799E-43  2.5119E-44
       1.2816E-45  6.4867E-47  3.2601E-48  1.6293E-49  8.1075E-51  4.0177E-52  1.9811E-53  9.7145E-55  4.7427E-56  2.3109E-57
       1.1251E-58  5.4653E-60  2.6418E-61  1.2712E-62  6.1148E-64  2.9489E-65  1.4222E-66  6.8267E-68  3.2624E-69  1.5599E-70
       7.4685E-72  3.5606E-73  1.6940E-74  8.0745E-76  3.8842E-77  1.8515E-78  8.7754E-80  4.2229E-81  1.9796E-82  9.4760E-84
       4.4459E-85  2.1078E-86  9.9188E-88  4.6574E-89  2.2045E-90  1.0353E-91  4.8710E-93  2.2967E-94  1.0798E-95  5.0739E-97
       2.3779E-98  1.1153E-99  5.2234-101  2.4531-102  1.1486-103  5.3870-105  2.5229-106  1.1816-107  5.5305-109  2.5884-110
       1.2558-111
  24   1.2188E-45  3.6943E-44  1.1392E-42  3.4531E-41  1.0242E-39  2.9623E-38  8.3341E-37  2.2777E-35  6.0444E-34  1.5575E-32
       3.8959E-31  9.4488E-30  2.2153E-28  4.9928E-27  1.0724E-25  2.1685E-24  4.0609E-23  6.8971E-22  1.0339E-20  1.3179E-19
       1.3507E-18  1.0105E-17  4.3165E-17  2.1771E-17  1.4685E-17  4.1449E-17  1.9929E-17  5.5064E-18  1.1156E-18  1.8374E-19
       2.5972E-20  3.2241E-21  3.5289E-22  3.4091E-23  2.9291E-24  2.2725E-25  1.6227E-26  1.0858E-27  6.9064E-29  4.2170E-30
       2.4889E-31  1.4276E-32  7.9980E-34  4.3959E-35  2.3787E-36  1.2702E-37  6.7025E-39  3.4986E-40  1.8083E-41  9.2629E-43
       4.7056E-44  2.3724E-45  1.1882E-46  5.9214E-48  2.9393E-49  1.4534E-50  7.1518E-52  3.5000E-53  1.7059E-54  8.3046E-56
       4.0429E-57  1.9645E-58  9.4987E-60  4.5696E-61  2.1955E-62  1.0568E-63  5.0868E-65  2.4397E-66  1.1667E-67  5.5873E-69
       2.6797E-70  1.2792E-71  6.0672E-73  2.8956E-74  1.3777E-75  6.6029E-77  3.1359E-78  1.4857E-79  7.1247E-81  3.3311E-82
       1.5901E-83  7.4843E-85  3.5208E-86  1.6623E-87  7.8168E-89  3.6958E-90  1.7403E-91  8.1827E-93  3.8490E-94  1.8045E-95
       8.4728E-97  3.9739E-98  1.8620E-99  8.7502-101  4.0995-102  1.9223-103  9.0018-105  4.2166-106  1.9738-107  9.2382-109
       4.4795-110
  25   3.3820E-44  1.0581E-42  3.3684E-41  1.0551E-39  3.2384E-38  9.7061E-37  2.8343E-35  8.0543E-34  2.2265E-32  5.9873E-31
       1.5658E-29  3.9778E-28  9.7861E-27  2.3189E-25  5.2482E-24  1.1209E-22  2.2242E-21  4.0172E-20  6.4321E-19  8.8029E-18
       9.7483E-17  7.9368E-16  3.7020E-15  1.7110E-15  1.1250E-15  3.5572E-15  1.5777E-15  4.0140E-16  7.5194E-17  1.1504E-17
       1.5176E-18  1.7643E-19  1.8139E-20  1.6523E-21  1.3462E-22  9.9771E-24  6.8602E-25  4.4535E-26  2.7648E-27  1.6554E-28
       9.6134E-30  5.4406E-31  3.0137E-32  1.6404E-33  8.8017E-35  4.6649E-36  2.4453E-37  1.2690E-38  6.5251E-40  3.3274E-41
       1.6836E-42  8.4579E-44  4.2232E-45  2.0991E-46  1.0398E-47  5.1325E-49  2.5214E-50  1.2320E-51  5.9962E-53  2.9149E-54
       1.4173E-55  6.8818E-57  3.3282E-58  1.6033E-59  7.7156E-61  3.7143E-62  1.7845E-63  8.5383E-65  4.0789E-66  1.9539E-67
       9.3731E-69  4.4787E-70  2.1290E-71  1.0110E-72  4.8282E-74  2.2879E-75  1.0922E-76  5.1982E-78  2.4556E-79  1.1686E-80
       5.4857E-82  2.6090E-83  1.2252E-84  5.7796E-86  2.7280E-87  1.2837E-88  6.0706E-90  2.8447E-91  1.3403E-92  6.2728E-94
       2.9526E-95  1.3850E-96  6.4914E-98  3.0497E-99  1.4293-100  6.7027-102  3.1384-103  1.4702-104  6.8826-106  3.2216-107
       1.5610-108
  26   8.7424E-43  2.8265E-41  9.2996E-40  3.0139E-38  9.5831E-37  2.9800E-35  9.0439E-34  2.6760E-32  7.7173E-31  2.1694E-29
       5.9432E-28  1.5847E-26  4.1008E-25  1.0244E-23  2.4499E-22  5.5456E-21  1.1703E-19  2.2575E-18  3.8799E-17  5.7333E-16
       6.9107E-15  6.1758E-14  3.1802E-13  1.3323E-13  8.5278E-14  3.0605E-13  1.2378E-13  2.8740E-14  4.9408E-15  6.9774E-16
       8.5422E-17  9.2578E-18  8.9110E-19  7.6415E-20  5.9044E-21  4.1868E-22  2.7786E-23  1.7540E-24  1.0648E-25  6.2599E-27
       3.5811E-28  2.0013E-29  1.0969E-30  5.9162E-32  3.1492E-33  1.6574E-34  8.6338E-36  4.4560E-37  2.2804E-38  1.1581E-39
       5.8384E-41  2.9236E-42  1.4557E-43  7.2186E-45  3.5688E-46  1.7587E-47  8.6289E-49  4.2124E-50  2.0490E-51  9.9539E-53
       4.8337E-54  2.3422E-55  1.1305E-56  5.4442E-58  2.6240E-59  1.2658E-60  6.0848E-62  2.9076E-63  1.3869E-64  6.6384E-66
       3.1813E-67  1.5181E-68  7.2253E-70  3.4447E-71  1.6379E-72  7.7811E-74  3.6758E-75  1.7582E-76  8.3357E-78  3.9275E-79
       1.8604E-80  8.7709E-82  4.1477E-83  1.9579E-84  9.2319E-86  4.3451E-87  2.0508E-88  9.6189E-90  4.5295E-91  2.1215E-92
       9.9894E-94  4.6904E-95  2.1979E-96  1.0322E-97  4.8387E-99  2.2695-100  1.0626-101  4.9779-103  2.3305-104  1.0909-105
       5.2810-107
  27   2.0820E-41  6.9648E-40  2.3712E-38  7.9607E-37  2.6255E-35  8.4820E-34  2.6790E-32  8.2661E-31  2.4912E-29  7.3342E-28
       2.1090E-26  5.9164E-25  1.6145E-23  4.2639E-22  1.0812E-20  2.6037E-19  5.8685E-18  1.2151E-16  2.2546E-15  3.6220E-14
       4.7925E-13  4.7495E-12  2.7364E-11  1.0253E-11  6.3805E-12  2.6397E-11  9.6012E-12  2.0126E-12  3.1470E-13  4.0716E-14
       4.5966E-15  4.6203E-16  4.1499E-17  3.3461E-18  2.4540E-19  1.6684E-20  1.0714E-21  6.5896E-23  3.9178E-24  2.2643E-25
       1.2771E-26  7.0532E-28  3.8271E-29  2.0465E-30  1.0812E-31  5.6523E-33  2.9273E-34  1.5031E-35  7.6585E-37  3.8744E-38
       1.9468E-39  9.7206E-41  4.8281E-42  2.3890E-43  1.1789E-44  5.7998E-46  2.8414E-47  1.3857E-48  6.7386E-50  3.2749E-51
       1.5906E-52  7.7009E-54  3.7095E-55  1.7822E-56  8.5795E-58  4.1406E-59  1.9930E-60  9.5310E-62  4.5454E-63  2.1737E-64
       1.0403E-65  4.9552E-67  2.3557E-68  1.1248E-69  5.3656E-71  2.5359E-72  1.2024E-73  5.7019E-75  2.7149E-76  1.2798E-77
       6.0513E-79  2.8565E-80  1.3480E-81  6.3904E-83  3.0047E-84  1.4158E-85  6.6694E-87  3.1335E-88  1.4751E-89  6.9147E-91
       3.2528E-92  1.5285E-93  7.1643E-95  3.3634E-96  1.5767E-97  7.3966E-99  3.4633-100  1.6224-101  7.5956-103  3.5554-104
       1.7193-105
  28   4.5027E-40  1.5606E-38  5.5050E-37  1.9171E-35  6.5674E-34  2.2073E-32  7.2667E-31  2.3419E-29  7.3886E-28  2.2827E-26
       6.9057E-25  2.0434E-23  5.8977E-22  1.6522E-20  4.4589E-19  1.1472E-17  2.7755E-16  6.2032E-15  1.2511E-13  2.2031E-12
       3.2333E-11  3.5982E-10  2.3585E-09  7.7723E-10  4.6963E-10  2.2823E-09  7.3374E-10  1.3702E-10  1.9280E-11  2.2649E-12
       2.3403E-13  2.1694E-14  1.8125E-15  1.3731E-16  9.5711E-18  6.2540E-19  3.8941E-20  2.3375E-21  1.3626E-22  7.7486E-24
       4.3118E-25  2.3545E-26  1.2654E-27  6.7108E-29  3.5199E-30  1.8285E-31  9.4173E-33  4.8122E-34  2.4417E-35  1.2308E-36
       6.1654E-38  3.0703E-39  1.5216E-40  7.5152E-42  3.7024E-43  1.8186E-44  8.8947E-46  4.3312E-47  2.1040E-48  1.0222E-49
       4.9674E-51  2.4067E-52  1.1596E-53  5.5656E-55  2.6737E-56  1.2877E-57  6.1932E-59  2.9645E-60  1.4157E-61  6.7708E-63
       3.2359E-64  1.5390E-65  7.3087E-67  3.4870E-68  1.6643E-69  7.8814E-71  3.7208E-72  1.7679E-73  8.3793E-75  3.9655E-76
       1.8758E-77  8.8567E-79  4.1696E-80  1.9774E-81  9.2995E-83  4.3791E-84  2.0639E-85  9.6904E-87  4.5663E-88  2.1404E-89
       1.0064E-90  4.7304E-92  2.2181E-93  1.0412E-94  4.8803E-96  2.2895E-97  1.0720E-98  5.0217-100  2.3509-101  1.1004-102
       5.3137-104
  29   8.6762E-39  3.1199E-37  1.1419E-35  4.1307E-34  1.4720E-32  5.1550E-31  1.7718E-29  5.9749E-28  1.9773E-26  6.4251E-25
       2.0500E-23  6.4163E-22  1.9651E-20  5.8615E-19  1.6908E-17  4.6710E-16  1.2201E-14  2.9636E-13  6.5491E-12  1.2772E-10
       2.1053E-09  2.6726E-08  2.0361E-07  5.7748E-08  3.3841E-08  1.9781E-07  5.4969E-08  8.9929E-09  1.1236E-09  1.1856E-10
       1.1113E-11  9.4414E-13  7.3137E-14  5.2035E-15  3.4523E-16  2.1722E-17  1.3133E-18  7.7000E-20  4.4034E-21  2.4646E-22
       1.3535E-23  7.3091E-25  3.8911E-26  2.0469E-27  1.0660E-28  5.5035E-30  2.8190E-31  1.4337E-32  7.2451E-34  3.6393E-35
       1.8174E-36  9.0270E-38  4.4638E-39  2.2006E-40  1.0825E-41  5.3103E-43  2.5940E-44  1.2614E-45  6.1180E-47  2.9676E-48
       1.4403E-49  6.9765E-51  3.3643E-52  1.6166E-53  7.7645E-55  3.7317E-56  1.7902E-57  8.5615E-59  4.0929E-60  1.9594E-61
       9.3595E-63  4.4458E-64  2.1097E-65  1.0056E-66  4.7932E-68  2.2712E-69  1.0743E-70  5.0929E-72  2.4096E-73  1.1398E-74
       5.4049E-76  2.5489E-77  1.2014E-78  5.6817E-80  2.6745E-81  1.2586E-82  5.9378E-84  2.7839E-85  1.3131E-86  6.1571E-88
       2.8941E-89  1.3600E-90  6.3782E-92  2.9940E-93  1.4031E-94  6.5815E-96  3.0817E-97  1.4435E-98  6.7573-100  3.1627-101
       1.5246-102
  30   1.4506E-37  5.4199E-36  2.0614E-34  7.7581E-33  2.8804E-31  1.0529E-29  3.7849E-28  1.3382E-26  4.6554E-25  1.5948E-23
       5.3816E-22  1.7874E-20  5.8302E-19  1.8596E-17  5.7625E-16  1.7193E-14  4.8818E-13  1.2994E-11  3.1774E-10  6.9532E-09
       1.3074E-07  1.9320E-06  1.7606E-05  4.1730E-06  2.3698E-06  1.7184E-05  4.0057E-06  5.6164E-07  6.1271E-08  5.7307E-09
       4.8199E-10  3.7266E-11  2.6656E-12  1.7791E-13  1.1242E-14  6.8121E-16  3.9982E-17  2.2886E-18  1.2832E-19  7.0654E-21
       3.8270E-22  2.0429E-23  1.0768E-24  5.6165E-26  2.9033E-27  1.4890E-28  7.5836E-30  3.8379E-31  1.9311E-32  9.6639E-34
       4.8105E-35  2.3825E-36  1.1752E-37  5.7807E-39  2.8381E-40  1.3900E-41  6.7824E-43  3.2954E-44  1.5967E-45  7.7322E-47
       3.7443E-48  1.8099E-49  8.7190E-51  4.1911E-52  2.0145E-53  9.6785E-55  4.6346E-56  2.2119E-57  1.0565E-58  5.0590E-60
       2.4168E-61  1.1476E-62  5.4428E-64  2.5918E-65  1.2336E-66  5.8417E-68  2.7663E-69  1.3120E-70  6.2023E-72  2.9278E-73
       1.3888E-74  6.5466E-76  3.0869E-77  1.4596E-78  6.8631E-80  3.2300E-81  1.5240E-82  7.1438E-84  3.3699E-85  1.5807E-86
       7.4285E-88  3.4893E-89  1.6364E-90  7.6811E-92  3.5991E-93  1.6880E-94  7.9030E-96  3.7016E-97  1.7326E-98  8.1087-100
       3.9003-101
  31   2.0242E-36  7.8712E-35  3.1160E-33  1.2221E-31  4.7358E-30  1.8100E-28  6.8192E-27  2.5331E-25  9.2865E-24  3.3632E-22
       1.2040E-20  4.2589E-19  1.4857E-17  5.0923E-16  1.7050E-14  5.5325E-13  1.7219E-11  5.0730E-10  1.3899E-08  3.4701E-07
       7.5943E-06  1.3428E-04  1.5249E-03  2.8952E-04  1.5934E-04  1.4962E-03  2.8023E-04  3.2681E-05  3.0452E-06  2.4825E-07
       1.8490E-08  1.2885E-09  8.4496E-11  5.2714E-12  3.1610E-13  1.8379E-14  1.0433E-15  5.8106E-17  3.1843E-18  1.7198E-19
       9.1650E-21  4.8249E-22  2.5131E-23  1.2972E-24  6.6446E-26  3.3806E-27  1.7095E-28  8.5979E-30  4.3026E-31  2.1429E-32
       1.0622E-33  5.2413E-35  2.5765E-36  1.2634E-37  6.1843E-39  3.0207E-40  1.4706E-41  7.1337E-43  3.4522E-44  1.6696E-45
       8.0707E-47  3.8926E-48  1.8710E-49  8.9774E-51  4.3103E-52  2.0696E-53  9.9051E-55  4.7223E-56  2.2515E-57  1.0761E-58
       5.1360E-60  2.4389E-61  1.1566E-62  5.5019E-64  2.6147E-65  1.2371E-66  5.8564E-68  2.7775E-69  1.3125E-70  6.1943E-72
       2.9330E-73  1.3824E-74  6.5109E-76  3.0813E-77  1.4469E-78  6.8109E-80  3.2122E-81  1.5060E-82  7.0984E-84  3.3296E-85
       1.5645E-86  7.3455E-88  3.4440E-89  1.6162E-90  7.5713E-92  3.5501E-93  1.6618E-94  7.7822E-96  3.6418E-97  1.7041E-98
       8.1742-100
  32   2.2164E-35  8.9842E-34  3.7082E-32  1.5183E-30  6.1520E-29  2.4636E-27  9.7477E-26  3.8136E-24  1.4771E-22  5.6726E-21
       2.1620E-19  8.1777E-18  3.0659E-16  1.1358E-14  4.1374E-13  1.4723E-11  5.0744E-10  1.6758E-08  5.2358E-07  1.5222E-05
       3.9862E-04  8.7721E-03  0.1323      1.8820E-02  1.0061E-02  0.1306      1.8362E-02  1.7055E-03  1.3174E-04  9.1593E-06
       5.9426E-07  3.6668E-08  2.1761E-09  1.2517E-10  7.0227E-12  3.8637E-13  2.0936E-14  1.1207E-15  5.9354E-17  3.1126E-18
       1.6167E-19  8.3223E-21  4.2499E-22  2.1555E-23  1.0869E-24  5.4525E-26  2.7226E-27  1.3538E-28  6.7057E-30  3.3089E-31
       1.6265E-32  7.9649E-34  3.8884E-35  1.8944E-36  9.2168E-38  4.4765E-39  2.1679E-40  1.0465E-41  5.0412E-43  2.4279E-44
       1.1694E-45  5.6229E-47  2.6950E-48  1.2887E-49  6.1630E-51  2.9483E-52  1.4076E-53  6.7007E-55  3.1885E-56  1.5193E-57
       7.2284E-59  3.4254E-60  1.6222E-61  7.7040E-63  3.6549E-64  1.7262E-65  8.1540E-67  3.8596E-68  1.8217E-69  8.5944E-71
       4.0614E-72  1.9104E-73  8.9887E-75  4.2496E-76  1.9941E-77  9.3720E-79  4.4177E-80  2.0700E-81  9.7428E-83  4.5661E-84
       2.1440E-85  1.0057E-86  4.7121E-88  2.2095E-89  1.0344E-90  4.8467E-92  2.2674E-93  1.0612E-94  4.9628E-96  2.3209E-97
       1.1096E-98
  33   1.7011E-34  7.1990E-33  3.1029E-31  1.3286E-29  5.6397E-28  2.3710E-26  9.8750E-25  4.0791E-23  1.6741E-21  6.8398E-20
       2.7860E-18  1.1321E-16  4.5869E-15  1.8491E-13  7.3903E-12  2.9143E-10  1.1271E-08  4.2445E-07  1.5463E-05  5.3874E-04
       1.7579E-02  0.5124       11.49       1.085      0.5685       11.42       1.065      7.3608E-02  4.5168E-03  2.6018E-04
       1.4401E-05  7.7450E-07  4.0729E-08  2.1033E-09  1.0706E-10  5.3904E-12  2.6926E-13  1.3369E-14  6.6038E-16  3.2454E-17
       1.5865E-18  7.7161E-20  3.7357E-21  1.8018E-22  8.6643E-24  4.1556E-25  1.9886E-26  9.4970E-28  4.5271E-29  2.1539E-30
       1.0225E-31  4.8436E-33  2.2904E-34  1.0824E-35  5.1153E-37  2.4163E-38  1.1394E-39  5.3608E-41  2.5191E-42  1.1843E-43
       5.5713E-45  2.6185E-46  1.2279E-47  5.7527E-49  2.6984E-50  1.2666E-51  5.9324E-53  2.7707E-54  1.2951E-55  6.0708E-57
       2.8434E-58  1.3261E-59  6.1807E-61  2.8907E-62  1.3518E-63  6.2995E-65  2.9374E-66  1.3720E-67  6.3877E-69  2.9766E-70
       1.3918E-71  6.4711E-73  3.0081E-74  1.4071E-75  6.5382E-77  3.0412E-78  1.4192E-79  6.5878E-81  3.0727E-82  1.4273E-83
       6.6439E-85  3.0908E-86  1.4365E-87  6.6834E-89  3.1053E-90  1.4445E-91  6.7099E-93  3.1190E-94  1.4491E-95  6.7338E-97
       3.1988E-98
  34   6.9853E-34  3.0875E-32  1.3905E-30  6.2314E-29  2.7738E-27  1.2259E-25  5.3825E-24  2.3521E-22  1.0253E-20  4.4699E-19
       1.9532E-17  8.5674E-16  3.7740E-14  1.6684E-12  7.3896E-11  3.2718E-09  1.4450E-07  6.3552E-06  2.7822E-04  1.2131E-02
       0.5277       22.95       1000.       46.31       24.87       1000.       45.54       2.077      9.5018E-02  4.3598E-03
       2.0044E-04  9.2190E-06  4.2355E-07  1.9424E-08  8.8943E-10  4.0708E-11  1.8644E-12  8.5500E-14  3.9252E-15  1.8027E-16
       8.2754E-18  3.7956E-19  1.7396E-20  7.9702E-22  3.6516E-23  1.6733E-24  7.6691E-26  3.5161E-27  1.6125E-28  7.3960E-30
       3.3909E-31  1.5536E-32  7.1161E-34  3.2618E-35  1.4971E-36  6.8765E-38  3.1569E-39  1.4477E-40  6.6396E-42  3.0499E-43
       1.4029E-44  6.4481E-46  2.9575E-47  1.3564E-48  6.2390E-50  2.8760E-51  1.3232E-52  6.0681E-54  2.7853E-55  1.2838E-56
       5.9207E-58  2.7208E-59  1.2496E-60  5.7581E-62  2.6536E-63  1.2199E-64  5.6205E-66  2.5938E-67  1.1918E-68  5.4843E-70
       2.5378E-71  1.1677E-72  5.3667E-74  2.4839E-75  1.1433E-76  5.2678E-78  2.4350E-79  1.1201E-80  5.1797E-82  2.3859E-83
       1.1016E-84  5.0849E-86  2.3454E-87  1.0833E-88  4.9975E-90  2.3088E-91  1.0654E-92  4.9210E-94  2.2723E-95  1.0496E-96
       4.9571E-98
  35   1.8372E-34  7.8088E-33  3.3747E-31  1.4464E-29  6.1354E-28  2.5738E-26  1.0682E-24  4.3930E-23  1.7940E-21  7.2915E-20
       2.9555E-18  1.1960E-16  4.8304E-15  1.9440E-13  7.7703E-12  3.0712E-10  1.1934E-08  4.5270E-07  1.6610E-05  5.8190E-04
       1.9012E-02  0.5483       11.58       1.057      0.6307       11.67       1.039      7.0835E-02  4.3264E-03  2.4893E-04
       1.3786E-05  7.4254E-07  3.9129E-08  2.0257E-09  1.0341E-10  5.2244E-12  2.6197E-13  1.3063E-14  6.4828E-16  3.2016E-17
       1.5732E-18  7.6926E-20  3.7452E-21  1.8169E-22  8.7889E-24  4.2408E-25  2.0418E-26  9.8123E-28  4.7076E-29  2.2545E-30
       1.0773E-31  5.1360E-33  2.4440E-34  1.1622E-35  5.5269E-37  2.6266E-38  1.2457E-39  5.8934E-41  2.7856E-42  1.3182E-43
       6.2433E-45  2.9515E-46  1.3901E-47  6.5360E-49  3.0799E-50  1.4545E-51  6.8542E-53  3.2163E-54  1.5086E-55  7.0978E-57
       3.3398E-58  1.5658E-59  7.3371E-61  3.4468E-62  1.6165E-63  7.5557E-65  3.5432E-66  1.6646E-67  7.7712E-69  3.6287E-70
       1.7054E-71  7.9697E-73  3.7157E-74  1.7433E-75  8.1347E-77  3.7989E-78  1.7787E-79  8.2843E-81  3.8777E-82  1.8075E-83
       8.4419E-85  3.9402E-86  1.8373E-87  8.5757E-89  3.9972E-90  1.8652E-91  8.6911E-93  4.0523E-94  1.8884E-95  8.8018E-97
       4.1939E-98
  36   2.5481E-35  1.0424E-33  4.3281E-32  1.7768E-30  7.1952E-29  2.8711E-27  1.1292E-25  4.3828E-24  1.6822E-22  6.3992E-21
       2.4170E-19  9.0714E-18  3.3813E-16  1.2487E-14  4.5494E-13  1.6254E-11  5.6404E-10  1.8800E-08  5.9283E-07  1.7316E-05
       4.5123E-04  9.6787E-03  0.1350      3.4811E-02  0.5000       11.56       1.093      7.6087E-02  4.6985E-03  2.7218E-04
       1.5142E-05  8.1829E-07  4.3219E-08  2.2407E-09  1.1446E-10  5.7819E-12  2.8969E-13  1.4425E-14  7.1453E-16  3.5208E-17
       1.7256E-18  8.4138E-20  4.0841E-21  1.9753E-22  9.5250E-24  4.5815E-25  2.1988E-26  1.0534E-27  5.0384E-29  2.4062E-30
       1.1468E-31  5.4533E-33  2.5887E-34  1.2283E-35  5.8299E-37  2.7662E-38  1.3098E-39  6.1847E-41  2.9169E-42  1.3775E-43
       6.5153E-45  3.0779E-46  1.4487E-47  6.8038E-49  3.2008E-50  1.5092E-51  7.1051E-53  3.3325E-54  1.5626E-55  7.3463E-57
       3.4521E-58  1.6163E-59  7.5716E-61  3.5588E-62  1.6685E-63  7.7872E-65  3.6486E-66  1.7155E-67  8.0107E-69  3.7372E-70
       1.7555E-71  8.2073E-73  3.8270E-74  1.7950E-75  8.3754E-77  3.9119E-78  1.8318E-79  8.5326E-81  3.9944E-82  1.8622E-83
       8.6994E-85  4.0613E-86  1.8942E-87  8.8439E-89  4.1235E-90  1.9247E-91  8.9718E-93  4.1848E-94  1.9510E-95  9.0970E-97
       4.3364E-98
  37   1.6103E-36  6.5256E-35  2.6812E-33  1.0874E-31  4.3419E-30  1.7044E-28  6.5773E-27  2.4979E-25  9.3518E-24  3.4584E-22
       1.2652E-20  4.5809E-19  1.6396E-17  5.7833E-16  2.0000E-14  6.7240E-13  2.1760E-11  6.7123E-10  1.9776E-08  5.5671E-07
       1.5222E-05  4.2644E-04  1.3533E-02  0.5218       22.81       1000.       45.58       2.081      9.5280E-02  4.3749E-03
       2.0127E-04  9.2620E-06  4.2568E-07  1.9523E-08  8.9384E-10  4.0893E-11  1.8718E-12  8.5776E-14  3.9347E-15  1.8054E-16
       8.2793E-18  3.7935E-19  1.7369E-20  7.9506E-22  3.6394E-23  1.6662E-24  7.6302E-26  3.4956E-27  1.6023E-28  7.3472E-30
       3.3681E-31  1.5428E-32  7.0651E-34  3.2384E-35  1.4871E-36  6.8372E-38  3.1409E-39  1.4399E-40  6.5967E-42  3.0280E-43
       1.3937E-44  6.4163E-46  2.9470E-47  1.3518E-48  6.2130E-50  2.8628E-51  1.3178E-52  6.0511E-54  2.7816E-55  1.2831E-56
       5.9136E-58  2.7150E-59  1.2485E-60  5.7723E-62  2.6632E-63  1.2219E-64  5.6294E-66  2.6076E-67  1.2006E-68  5.5186E-70
       2.5547E-71  1.1785E-72  5.4246E-74  2.5117E-75  1.1573E-76  5.3408E-78  2.4720E-79  1.1385E-80  5.2711E-82  2.4313E-83
       1.1241E-84  5.1958E-86  2.3999E-87  1.1100E-88  5.1286E-90  2.3729E-91  1.0967E-92  5.0731E-94  2.3462E-95  1.0856E-96
       5.1351E-98
  38   7.3665E-38  2.9755E-36  1.2181E-34  4.9179E-33  1.9526E-31  7.6124E-30  2.9134E-28  1.0956E-26  4.0552E-25  1.4802E-23
       5.3360E-22  1.9005E-20  6.6789E-19  2.3086E-17  7.8076E-16  2.5586E-14  8.0612E-13  2.4471E-11  7.2566E-10  2.1363E-08
       6.3692E-07  1.9595E-05  6.2207E-04  1.9631E-02  0.5626       11.58       1.018      6.8836E-02  4.1752E-03  2.3873E-04
       1.3143E-05  7.0392E-07  3.6885E-08  1.8986E-09  9.6359E-11  4.8392E-12  2.4121E-13  1.1957E-14  5.8986E-16  2.8961E-17
       1.4148E-18  6.8788E-20  3.3305E-21  1.6071E-22  7.7334E-24  3.7123E-25  1.7782E-26  8.5027E-28  4.0602E-29  1.9361E-30
       9.2130E-32  4.3730E-33  2.0714E-34  9.8063E-36  4.6455E-37  2.2011E-38  1.0411E-39  4.9084E-41  2.3097E-42  1.0876E-43
       5.1288E-45  2.4166E-46  1.1351E-47  5.3233E-49  2.5008E-50  1.1767E-51  5.5225E-53  2.5824E-54  1.2091E-55  5.6834E-57
       2.6672E-58  1.2443E-59  5.8089E-61  2.7289E-62  1.2796E-63  5.9576E-65  2.7816E-66  1.3061E-67  6.0973E-69  2.8393E-70
       1.3304E-71  6.2106E-73  2.8927E-74  1.3547E-75  6.3098E-77  2.9428E-78  1.3762E-79  6.4012E-81  2.9925E-82  1.3933E-83
       6.5007E-85  3.0312E-86  1.4121E-87  6.5859E-89  3.0674E-90  1.4303E-91  6.6610E-93  3.1041E-94  1.4459E-95  6.7365E-97
       3.2088E-98
  39   7.1353E-39  2.7862E-37  1.1060E-35  4.3400E-34  1.6781E-32  6.3811E-31  2.3851E-29  8.7685E-28  3.1752E-26  1.1345E-24
       4.0048E-23  1.3974E-21  4.8152E-20  1.6340E-18  5.4366E-17  1.7660E-15  5.5756E-14  1.7145E-12  5.1592E-11  1.5235E-09
       4.4118E-08  1.2459E-06  3.3759E-05  8.4566E-04  1.8070E-02  0.2656      3.6338E-02  3.3270E-03  2.5455E-04  1.7570E-05
       1.1329E-06  6.9506E-08  4.1015E-09  2.3457E-10  1.3084E-11  7.1571E-13  3.8567E-14  2.0536E-15  1.0823E-16  5.6497E-18
       2.9219E-19  1.4983E-20  7.6264E-22  3.8579E-23  1.9413E-24  9.7229E-26  4.8489E-27  2.4093E-28  1.1935E-29  5.8955E-31
       2.9023E-32  1.4233E-33  6.9555E-35  3.3926E-36  1.6538E-37  8.0551E-39  3.9127E-40  1.8930E-41  9.1341E-43  4.4071E-44
       2.1276E-45  1.0251E-46  4.9179E-48  2.3537E-49  1.1284E-50  5.4187E-52  2.5930E-53  1.2342E-54  5.8772E-56  2.8114E-57
       1.3432E-58  6.3714E-60  3.0195E-61  1.4397E-62  6.8569E-64  3.2409E-65  1.5341E-66  7.2995E-68  3.4539E-69  1.6297E-70
       7.7321E-72  3.6531E-73  1.7218E-74  8.1572E-76  3.8421E-77  1.8114E-78  8.5606E-80  4.0230E-81  1.8996E-82  8.9301E-84
       4.2060E-85  1.9792E-86  9.3028E-88  4.3763E-89  2.0555E-90  9.6634E-92  4.5360E-93  2.1302E-94  9.9969E-96  4.6916E-97
       2.2510E-98
  40   5.4201E-38  2.1387E-36  8.5874E-35  3.4144E-33  1.3405E-31  5.1884E-30  1.9788E-28  7.4423E-27  2.7641E-25  1.0155E-23
       3.6951E-22  1.3325E-20  4.7579E-19  1.6785E-17  5.8477E-16  2.0109E-14  6.7968E-13  2.2487E-11  7.2606E-10  2.2848E-08
       7.0118E-07  2.1032E-05  6.1774E-04  1.7697E-02  0.4819       11.44       1.087      7.5572E-02  4.6516E-03  2.6836E-04
       1.4862E-05  7.9924E-07  4.1995E-08  2.1653E-09  1.0997E-10  5.5214E-12  2.7494E-13  1.3606E-14  6.6980E-16  3.2803E-17
       1.5981E-18  7.7470E-20  3.7397E-21  1.7995E-22  8.6362E-24  4.1353E-25  1.9760E-26  9.4261E-28  4.4912E-29  2.1376E-30
       1.0158E-31  4.8166E-33  2.2791E-34  1.0775E-35  5.0968E-37  2.4114E-38  1.1390E-39  5.3645E-41  2.5223E-42  1.1872E-43
       5.5977E-45  2.6363E-46  1.2366E-47  5.7879E-49  2.7162E-50  1.2787E-51  6.0057E-53  2.8053E-54  1.3105E-55  6.1551E-57
       2.8925E-58  1.3506E-59  6.2962E-61  2.9531E-62  1.3856E-63  6.4574E-65  3.0132E-66  1.4134E-67  6.5985E-69  3.0737E-70
       1.4399E-71  6.7188E-73  3.1289E-74  1.4652E-75  6.8233E-77  3.1817E-78  1.4876E-79  6.9183E-81  3.2337E-82  1.5053E-83
       7.0221E-85  3.2738E-86  1.5248E-87  7.1101E-89  3.3108E-90  1.5435E-91  7.1862E-93  3.3480E-94  1.5590E-95  7.2614E-97
       3.4578E-98
  41   5.6471E-37  2.3141E-35  9.6489E-34  3.9876E-32  1.6291E-30  6.5698E-29  2.6150E-27  1.0282E-25  4.0002E-24  1.5425E-22
       5.9039E-21  2.2442E-19  8.4647E-18  3.1619E-16  1.1699E-14  4.2769E-13  1.5378E-11  5.4142E-10  1.8595E-08  6.2156E-07
       2.0226E-05  6.4375E-04  2.0318E-02  0.6565       22.87       1000.       45.66       2.087      9.5653E-02  4.3961E-03
       2.0242E-04  9.3222E-06  4.2874E-07  1.9675E-08  9.0107E-10  4.1232E-11  1.8875E-12  8.6508E-14  3.9691E-15  1.8216E-16
       8.3570E-18  3.8310E-19  1.7555E-20  8.0448E-22  3.6880E-23  1.6913E-24  7.7579E-26  3.5600E-27  1.6349E-28  7.5141E-30
       3.4543E-31  1.5870E-32  7.2868E-34  3.3474E-35  1.5404E-36  7.0983E-38  3.2689E-39  1.5022E-40  6.8970E-42  3.1739E-43
       1.4654E-44  6.7668E-46  3.1134E-47  1.4292E-48  6.5810E-50  3.0446E-51  1.4073E-52  6.4719E-54  2.9748E-55  1.3752E-56
       6.3708E-58  2.9357E-59  1.3503E-60  6.2469E-62  2.8935E-63  1.3327E-64  6.1466E-66  2.8496E-67  1.3156E-68  6.0634E-70
       2.8111E-71  1.2986E-72  5.9888E-74  2.7781E-75  1.2821E-76  5.9254E-78  2.7467E-79  1.2669E-80  5.8740E-82  2.7131E-83
       1.2560E-84  5.8128E-86  2.6881E-87  1.2447E-88  5.7571E-90  2.6663E-91  1.2335E-92  5.7108E-94  2.6433E-95  1.2239E-96
       5.7936E-98
  42   4.1836E-36  1.7850E-34  7.7507E-33  3.3400E-31  1.4250E-29  6.0129E-28  2.5095E-26  1.0372E-24  4.2529E-23  1.7337E-21
       7.0384E-20  2.8480E-18  1.1481E-16  4.6055E-15  1.8370E-13  7.2608E-12  2.8307E-10  1.0830E-08  4.0438E-07  1.4636E-05
       5.0830E-04  1.6628E-02  0.4913       11.54       2.146       23.13       2.108      0.1444      8.8203E-03  5.0625E-04
       2.7931E-05  1.4975E-06  7.8486E-08  4.0380E-09  2.0469E-10  1.0261E-11  5.1025E-13  2.5224E-14  1.2408E-15  6.0729E-17
       2.9573E-18  1.4331E-19  6.9170E-21  3.3282E-22  1.5975E-23  7.6503E-25  3.6556E-26  1.7435E-27  8.3049E-29  3.9516E-30
       1.8773E-31  8.8983E-33  4.2082E-34  1.9883E-35  9.3987E-37  4.4446E-38  2.0983E-39  9.8708E-41  4.6321E-42  2.1759E-43
       1.0250E-44  4.8281E-46  2.2648E-47  1.0585E-48  4.9556E-50  2.3293E-51  1.0942E-52  5.1123E-54  2.3846E-55  1.1172E-56
       5.2437E-58  2.4484E-59  1.1406E-60  5.3386E-62  2.5003E-63  1.1642E-64  5.4274E-66  2.5416E-67  1.1846E-68  5.5108E-70
       2.5781E-71  1.2013E-72  5.5858E-74  2.6119E-75  1.2147E-76  5.6558E-78  2.6406E-79  1.2263E-80  5.7237E-82  2.6606E-83
       1.2393E-84  5.7695E-86  2.6834E-87  1.2494E-88  5.8094E-90  2.7043E-91  1.2572E-92  5.8487E-94  2.7196E-95  1.2648E-96
       6.0133E-98
  43   1.6821E-35  7.4835E-34  3.3907E-32  1.5274E-30  6.8270E-29  3.0256E-27  1.3302E-25  5.8118E-24  2.5292E-22  1.0992E-20
       4.7831E-19  2.0875E-17  9.1444E-16  4.0194E-14  1.7703E-12  7.7964E-11  3.4260E-09  1.4997E-07  6.5344E-06  2.8354E-04
       1.2272E-02  0.5309       23.00       1000.       68.66       1000.       45.68       2.088      9.5679E-02  4.3952E-03
       2.0224E-04  9.3065E-06  4.2762E-07  1.9603E-08  8.9679E-10  4.0986E-11  1.8739E-12  8.5782E-14  3.9313E-15  1.8024E-16
       8.2604E-18  3.7832E-19  1.7321E-20  7.9325E-22  3.6349E-23  1.6664E-24  7.6413E-26  3.5051E-27  1.6090E-28  7.3920E-30
       3.3971E-31  1.5602E-32  7.1592E-34  3.2860E-35  1.5111E-36  6.9627E-38  3.2084E-39  1.4751E-40  6.7685E-42  3.1098E-43
       1.4338E-44  6.6217E-46  3.0504E-47  1.4012E-48  6.4462E-50  2.9782E-51  1.3768E-52  6.3407E-54  2.9166E-55  1.3473E-56
       6.2372E-58  2.8759E-59  1.3240E-60  6.1258E-62  2.8364E-63  1.3067E-64  6.0302E-66  2.7965E-67  1.2912E-68  5.9531E-70
       2.7613E-71  1.2762E-72  5.8880E-74  2.7327E-75  1.2618E-76  5.8353E-78  2.7067E-79  1.2492E-80  5.7960E-82  2.6790E-83
       1.2412E-84  5.7482E-86  2.6603E-87  1.2329E-88  5.7068E-90  2.6453E-91  1.2248E-92  5.6759E-94  2.6296E-95  1.2187E-96
       5.7747E-98
  44   4.7149E-36  2.0232E-34  8.8283E-33  3.8203E-31  1.6357E-29  6.9220E-28  2.8963E-26  1.1999E-24  4.9335E-23  2.0180E-21
       8.2325E-20  3.3551E-18  1.3664E-16  5.5504E-15  2.2401E-13  8.9452E-12  3.5171E-10  1.3544E-08  5.0776E-07  1.8391E-05
       6.3572E-04  2.0475E-02  0.5795       11.71       1.602       11.69       1.017      6.8601E-02  4.1565E-03  2.3753E-04
       1.3074E-05  7.0015E-07  3.6683E-08  1.8877E-09  9.5749E-11  4.8044E-12  2.3922E-13  1.1844E-14  5.8365E-16  2.8622E-17
       1.3966E-18  6.7818E-20  3.2801E-21  1.5817E-22  7.6092E-24  3.6524E-25  1.7491E-26  8.3590E-28  3.9891E-29  1.9018E-30
       9.0542E-32  4.3007E-33  2.0375E-34  9.6381E-36  4.5608E-37  2.1604E-38  1.0228E-39  4.8277E-41  2.2718E-42  1.0687E-43
       5.0379E-45  2.3770E-46  1.1185E-47  5.2461E-49  2.4614E-50  1.1582E-51  5.4491E-53  2.5536E-54  1.1949E-55  5.6099E-57
       2.6367E-58  1.2338E-59  5.7638E-61  2.7046E-62  1.2691E-63  5.9223E-65  2.7678E-66  1.2994E-67  6.0707E-69  2.8309E-70
       1.3277E-71  6.2024E-73  2.8915E-74  1.3556E-75  6.3206E-77  2.9508E-78  1.3813E-79  6.4321E-81  3.0103E-82  1.4031E-83
       6.5535E-85  3.0592E-86  1.4268E-87  6.6615E-89  3.1061E-90  1.4500E-91  6.7600E-93  3.1538E-94  1.4707E-95  6.8596E-97
       3.2710E-98
  45   6.9478E-37  2.8772E-35  1.2101E-33  5.0363E-32  2.0686E-30  8.3752E-29  3.3427E-27  1.3168E-25  5.1313E-24  1.9828E-22
       7.6161E-21  2.9129E-19  1.1080E-17  4.1792E-16  1.5540E-14  5.6648E-13  2.0103E-11  6.8883E-10  2.2567E-08  6.9742E-07
       1.9910E-05  5.0509E-04  1.0456E-02  0.1375      2.8064E-02  0.1372      1.7538E-02  1.5511E-03  1.1621E-04  7.9113E-06
       5.0541E-07  3.0812E-08  1.8105E-09  1.0325E-10  5.7487E-12  3.1416E-13  1.6926E-14  9.0178E-16  4.7584E-17  2.4879E-18
       1.2891E-19  6.6242E-21  3.3797E-22  1.7144E-23  8.6550E-25  4.3494E-26  2.1758E-27  1.0840E-28  5.3825E-30  2.6657E-31
       1.3166E-32  6.4801E-34  3.1766E-35  1.5524E-36  7.5766E-38  3.6971E-39  1.8019E-40  8.7536E-42  4.2373E-43  2.0480E-44
       9.9052E-46  4.7895E-47  2.3088E-48  1.1092E-49  5.3270E-51  2.5628E-52  1.2315E-53  5.8922E-55  2.8147E-56  1.3483E-57
       6.4596E-59  3.0791E-60  1.4651E-61  6.9998E-63  3.3424E-64  1.5862E-65  7.5374E-67  3.5966E-68  1.7070E-69  8.0842E-71
       3.8494E-72  1.8249E-73  8.6311E-75  4.1039E-76  1.9400E-77  9.1800E-79  4.3543E-80  2.0539E-81  9.7342E-83  4.5933E-84
       2.1716E-85  1.0258E-86  4.8397E-88  2.2855E-89  1.0776E-90  5.0856E-92  2.3964E-93  1.1298E-94  5.3230E-96  2.5079E-97
       1.2080E-98
  46   4.5597E-38  1.8714E-36  7.7961E-35  3.2101E-33  1.3027E-31  5.2024E-30  2.0441E-28  7.9109E-27  3.0211E-25  1.1412E-23
       4.2727E-22  1.5863E-20  5.8281E-19  2.1071E-17  7.4442E-16  2.5486E-14  8.3659E-13  2.5997E-11  7.5425E-10  2.0257E-08
       4.9046E-07  1.0215E-05  1.6611E-04  1.6220E-03  4.3754E-04  1.6169E-03  2.7131E-04  2.9615E-05  2.6374E-06  2.0800E-07
       1.5104E-08  1.0315E-09  6.7106E-11  4.1972E-12  2.5432E-13  1.5028E-14  8.7069E-16  4.9654E-17  2.7928E-18  1.5506E-19
       8.5025E-21  4.6091E-22  2.4739E-23  1.3170E-24  6.9620E-26  3.6563E-27  1.9079E-28  9.8955E-30  5.1063E-31  2.6241E-32
       1.3433E-33  6.8463E-35  3.4721E-36  1.7532E-37  8.8269E-39  4.4363E-40  2.2246E-41  1.1116E-42  5.5338E-44  2.7491E-45
       1.3650E-46  6.7665E-48  3.3417E-49  1.6444E-50  8.0882E-52  3.9817E-53  1.9557E-54  9.5581E-56  4.6633E-57  2.2809E-58
       1.1150E-59  5.4190E-61  2.6281E-62  1.2796E-63  6.2234E-65  3.0068E-66  1.4541E-67  7.0593E-69  3.4073E-70  1.6405E-71
       7.9390E-73  3.8236E-74  1.8367E-75  8.8672E-77  4.2546E-78  2.0430E-79  9.8302E-81  4.7025E-82  2.2598E-83  1.0809E-84
       5.1787E-86  2.4784E-87  1.1845E-88  5.6647E-90  2.7043E-91  1.2919E-92  6.1614E-94  2.9393E-95  1.4010E-96  6.6768E-98
       3.2532E-99
  47   2.0903E-39  8.5446E-38  3.5448E-36  1.4526E-34  5.8619E-33  2.3255E-31  9.0665E-30  3.4769E-28  1.3139E-26  4.9029E-25
       1.8093E-23  6.5965E-22  2.3678E-20  8.3089E-19  2.8261E-17  9.2089E-16  2.8317E-14  8.0725E-13  2.1082E-11  4.9952E-10
       1.0472E-08  1.8452E-07  2.4671E-06  1.9192E-05  6.4032E-06  1.9126E-05  3.9535E-06  5.1253E-07  5.2823E-08  4.7311E-09
       3.8455E-10  2.9057E-11  2.0719E-12  1.4093E-13  9.2269E-15  5.8593E-16  3.6315E-17  2.2063E-18  1.3173E-19  7.7383E-21
       4.4758E-22  2.5520E-23  1.4371E-24  8.0093E-26  4.4241E-27  2.4236E-28  1.3170E-29  7.1011E-31  3.8028E-32  2.0249E-33
       1.0728E-34  5.6544E-36  2.9641E-37  1.5458E-38  8.0282E-40  4.1553E-41  2.1427E-42  1.1002E-43  5.6266E-45  2.8712E-46
       1.4632E-47  7.4356E-49  3.7606E-50  1.8944E-51  9.5382E-53  4.8044E-54  2.4123E-55  1.2042E-56  5.9997E-58  2.9962E-59
       1.4946E-60  7.4079E-62  3.6624E-63  1.8174E-64  9.0045E-66  4.4299E-67  2.1808E-68  1.0774E-69  5.2894E-71  2.5897E-72
       1.2741E-73  6.2356E-75  3.0432E-76  1.4922E-77  7.2693E-79  3.5433E-80  1.7302E-81  8.3975E-83  4.0932E-84  1.9854E-85
       9.6443E-87  4.6784E-88  2.2659E-89  1.0979E-90  5.3095E-92  2.5690E-93  1.2406E-94  5.9916E-96  2.8907E-97  1.3942E-98
       6.8752-100
  48   8.0099E-41  3.2658E-39  1.3513E-37  5.5205E-36  2.2197E-34  8.7680E-33  3.4009E-31  1.2964E-29  4.8644E-28  1.7993E-26
       6.5635E-25  2.3571E-23  8.2880E-22  2.8319E-20  9.3012E-19  2.8923E-17  8.3495E-16  2.1962E-14  5.2054E-13  1.1015E-11
       2.0324E-10  3.0986E-09  3.5154E-08  2.2779E-07  9.0052E-08  2.2701E-07  5.5470E-08  8.3143E-09  9.7260E-10  9.7458E-11
       8.7610E-12  7.2529E-13  5.6221E-14  4.1302E-15  2.9044E-16  1.9718E-17  1.3012E-18  8.3884E-20  5.2973E-21  3.2816E-22
       1.9962E-23  1.1940E-24  7.0374E-26  4.0965E-27  2.3594E-28  1.3457E-29  7.6035E-31  4.2567E-32  2.3631E-33  1.3022E-34
       7.1301E-36  3.8804E-37  2.0995E-38  1.1298E-39  6.0503E-41  3.2248E-42  1.7097E-43  9.0140E-45  4.7314E-46  2.4776E-47
       1.2951E-48  6.7450E-50  3.4922E-51  1.7998E-52  9.2693E-54  4.7748E-55  2.4502E-56  1.2491E-57  6.3531E-59  3.2382E-60
       1.6481E-61  8.3291E-63  4.1972E-64  2.1223E-65  1.0711E-66  5.3651E-68  2.6884E-69  1.3514E-70  6.7486E-72  3.3599E-73
       1.6803E-74  8.3572E-76  4.1438E-77  2.0637E-78  1.0208E-79  5.0514E-81  2.5034E-82  1.2328E-83  6.0959E-85  2.9988E-86
       1.4771E-87  7.2638E-89  3.5658E-90  1.7509E-91  8.5782E-93  4.2043E-94  2.0562E-95  1.0055E-96  4.9114E-98  2.3976E-99
       1.1969-100
  49   2.7626E-42  1.1242E-40  4.6424E-39  1.8924E-37  7.5894E-36  2.9887E-34  1.1550E-32  4.3823E-31  1.6343E-29  5.9960E-28
       2.1628E-26  7.6458E-25  2.6335E-23  8.7583E-22  2.7749E-20  8.2194E-19  2.2269E-17  5.4190E-16  1.1727E-14  2.2387E-13
       3.6839E-12  4.9441E-11  4.8700E-10  2.7112E-09  1.2323E-09  2.7024E-09  7.5820E-10  1.2882E-10  1.6850E-11  1.8670E-12
       1.8385E-13  1.6543E-14  1.3846E-15  1.0921E-16  8.2071E-18  5.9298E-19  4.1502E-20  2.8286E-21  1.8832E-22  1.2267E-23
       7.8276E-25  4.9000E-26  3.0161E-27  1.8300E-28  1.0968E-29  6.5019E-31  3.8139E-32  2.2143E-33  1.2731E-34  7.2546E-36
       4.1007E-37  2.3011E-38  1.2830E-39  7.1133E-41  3.9240E-42  2.1529E-43  1.1733E-44  6.3505E-46  3.4189E-47  1.8356E-48
       9.8356E-50  5.2472E-51  2.7803E-52  1.4653E-53  7.7149E-55  4.0618E-56  2.1293E-57  1.1083E-58  5.7523E-60  2.9912E-61
       1.5526E-62  7.9987E-64  4.1073E-65  2.1157E-66  1.0873E-67  5.5438E-69  2.8270E-70  1.4457E-71  7.3416E-73  3.7161E-74
       1.8890E-75  9.5460E-77  4.8083E-78  2.4320E-79  1.2214E-80  6.1354E-82  3.0857E-83  1.5418E-84  7.7338E-86  3.8584E-87
       1.9270E-88  9.6070E-90  4.7799E-91  2.3783E-92  1.1806E-93  5.8612E-95  2.9031E-96  1.4376E-97  7.1088E-99  3.5129-100
       1.7753-101
  50   8.9187E-44  3.6239E-42  1.4943E-40  6.0808E-39  2.4335E-37  9.5575E-36  3.6806E-34  1.3900E-32  5.1502E-31  1.8723E-29
       6.6679E-28  2.3175E-26  7.8076E-25  2.5219E-23  7.6842E-22  2.1620E-20  5.4923E-19  1.2389E-17  2.4611E-16  4.2752E-15
       6.3415E-14  7.5952E-13  6.6106E-12  3.2348E-11  1.6530E-11  3.2256E-11  1.0167E-11  1.9281E-12  2.7873E-13  3.3825E-14
       3.6204E-15  3.5172E-16  3.1603E-17  2.6632E-18  2.1293E-19  1.6310E-20  1.2063E-21  8.6648E-23  6.0642E-24  4.1431E-25
       2.7667E-26  1.8088E-27  1.1605E-28  7.3262E-30  4.5614E-31  2.8054E-32  1.7057E-33  1.0257E-34  6.1022E-36  3.5935E-37
       2.0958E-38  1.2116E-39  6.9513E-41  3.9645E-42  2.2495E-43  1.2691E-44  7.1068E-46  3.9475E-47  2.1788E-48  1.1986E-49
       6.5789E-51  3.5935E-52  1.9481E-53  1.0497E-54  5.6476E-56  3.0375E-57  1.6260E-58  8.6380E-60  4.5737E-61  2.4255E-62
       1.2834E-63  6.7377E-65  3.5244E-66  1.8488E-67  9.6717E-69  5.0180E-70  2.6033E-71  1.3540E-72  6.9905E-74  3.5966E-75
       1.8579E-76  9.5380E-78  4.8796E-79  2.5062E-80  1.2778E-81  6.5146E-83  3.3247E-84  1.6853E-85  8.5743E-87  4.3379E-88
       2.1966E-89  1.1100E-90  5.5972E-92  2.8219E-93  1.4191E-94  7.1360E-96  3.5795E-97  1.7947E-98  8.9848-100  4.4942-101
       2.2992-102
  51   2.7568E-45  1.1190E-43  4.6085E-42  1.8723E-40  7.4765E-39  2.9275E-37  1.1227E-35  4.2155E-34  1.5496E-32  5.5731E-31
       1.9565E-29  6.6739E-28  2.1939E-26  6.8603E-25  2.0029E-23  5.3377E-22  1.2707E-20  2.6629E-19  4.8807E-18  7.7702E-17
       1.0483E-15  1.1330E-14  8.8355E-14  3.8678E-13  2.1835E-13  3.8587E-13  1.3435E-13  2.8093E-14  4.4453E-15  5.8627E-16
       6.7754E-17  7.0670E-18  6.7836E-19  6.0811E-20  5.1529E-21  4.1699E-22  3.2494E-23  2.4527E-24  1.7998E-25  1.2866E-26
       8.9727E-28  6.1154E-29  4.0830E-30  2.6778E-31  1.7293E-32  1.1017E-33  6.9319E-35  4.3110E-36  2.6510E-37  1.6123E-38
       9.6983E-40  5.7733E-41  3.4061E-42  1.9958E-43  1.1631E-44  6.7381E-46  3.8732E-47  2.2066E-48  1.2480E-49  7.0312E-51
       3.9506E-52  2.2083E-53  1.2244E-54  6.7433E-56  3.7064E-57  2.0357E-58  1.1124E-59  6.0293E-61  3.2559E-62  1.7603E-63
       9.4922E-65  5.0760E-66  2.7038E-67  1.4439E-68  7.6868E-70  4.0570E-71  2.1406E-72  1.1320E-73  5.9405E-75  3.1059E-76
       1.6301E-77  8.4996E-79  4.4156E-80  2.3025E-81  1.1915E-82  6.1647E-84  3.1918E-85  1.6411E-86  8.4676E-88  4.3434E-89
       2.2295E-90  1.1419E-91  5.8345E-93  2.9802E-94  1.5181E-95  7.7315E-97  3.9271E-98  1.9936E-99  1.0103-100  5.1147-102
       2.6487-103
  52   8.2592E-47  3.3495E-45  1.3779E-43  5.5878E-42  2.2256E-40  8.6832E-39  3.3133E-37  1.2356E-35  4.5000E-34  1.5985E-32
       5.5221E-31  1.8444E-29  5.8980E-28  1.7788E-26  4.9583E-25  1.2488E-23  2.7861E-22  5.4379E-21  9.2389E-20  1.3564E-18
       1.6771E-17  1.6509E-16  1.1665E-15  4.6328E-15  2.8492E-15  4.6247E-15  1.7548E-15  4.0053E-16  6.8826E-17  9.8001E-18
       1.2161E-18  1.3553E-19  1.3839E-20  1.3147E-21  1.1767E-22  1.0030E-23  8.2117E-25  6.4973E-26  4.9873E-27  3.7223E-28
       2.7057E-29  1.9192E-30  1.3315E-31  9.0603E-33  6.0613E-34  3.9946E-35  2.5973E-36  1.6680E-37  1.0587E-38  6.6432E-40
       4.1194E-41  2.5246E-42  1.5312E-43  9.2113E-45  5.5073E-46  3.2722E-47  1.9285E-48  1.1259E-49  6.5218E-51  3.7606E-52
       2.1616E-53  1.2357E-54  7.0038E-56  3.9414E-57  2.2125E-58  1.2406E-59  6.9172E-61  3.8240E-62  2.1054E-63  1.1602E-64
       6.3732E-66  3.4705E-67  1.8819E-68  1.0228E-69  5.5394E-71  2.9733E-72  1.5952E-73  8.5752E-75  4.5728E-76  2.4291E-77
       1.2950E-78  6.8565E-80  3.6165E-81  1.9141E-82  1.0051E-83  5.2764E-85  2.7711E-86  1.4449E-87  7.5591E-89  3.9306E-90
       2.0449E-91  1.0613E-92  5.4942E-94  2.8428E-95  1.4667E-96  7.5642E-98  3.8901E-99  1.9992-100  1.0255-101  5.2539-103
       2.7539-104
  53   2.4171E-48  9.7941E-47  4.0235E-45  1.6284E-43  6.4662E-42  2.5120E-40  9.5289E-39  3.5252E-37  1.2703E-35  4.4496E-34
       1.5092E-32  4.9222E-31  1.5259E-29  4.4217E-28  1.1731E-26  2.7884E-25  5.8337E-24  1.0634E-22  1.6818E-21  2.2893E-20
       2.6109E-19  2.3592E-18  1.5247E-17  5.5570E-17  3.6806E-17  5.5514E-17  2.2702E-17  5.6093E-18  1.0397E-18  1.5895E-19
       2.1079E-20  2.4994E-21  2.7049E-22  2.7141E-23  2.5582E-24  2.2905E-25  1.9654E-26  1.6264E-27  1.3031E-28  1.0135E-29
       7.6646E-31  5.6487E-32  4.0669E-33  2.8680E-34  1.9857E-35  1.3524E-36  9.0755E-38  6.0099E-39  3.9317E-40  2.5418E-41
       1.6233E-42  1.0237E-43  6.3813E-45  3.9406E-46  2.4159E-47  1.4709E-48  8.8799E-50  5.3083E-51  3.1467E-52  1.8559E-53
       1.0907E-54  6.3722E-56  3.6899E-57  2.1207E-58  1.2153E-59  6.9538E-61  3.9548E-62  2.2291E-63  1.2509E-64  7.0227E-66
       3.9290E-67  2.1780E-68  1.2020E-69  6.6467E-71  3.6613E-72  1.9982E-73  1.0898E-74  5.9540E-76  3.2258E-77  1.7406E-78
       9.4237E-80  5.0657E-81  2.7121E-82  1.4568E-83  7.7609E-85  4.1326E-86  2.2011E-87  1.1637E-88  6.1715E-90  3.2525E-91
       1.7148E-92  9.0168E-94  4.7286E-95  2.4781E-96  1.2947E-97  6.7611E-99  3.5201-100  1.8311-101  9.5056-103  4.9283-104
       2.6143-105
  54   6.9469E-50  2.8123E-48  1.1535E-46  4.6573E-45  1.8429E-43  7.1239E-42  2.6840E-40  9.8388E-39  3.5026E-37  1.2076E-35
       4.0118E-34  1.2736E-32  3.8134E-31  1.0581E-29  2.6653E-28  5.9744E-27  1.1735E-25  2.0033E-24  2.9608E-23  3.7542E-22
       3.9718E-21  3.3163E-20  1.9759E-19  6.6728E-19  4.7145E-19  6.6721E-19  2.9136E-19  7.7379E-20  1.5382E-20  2.5127E-21
       3.5463E-22  4.4579E-23  5.0963E-24  5.3850E-25  5.3310E-26  5.0017E-27  4.4880E-28  3.8764E-29  3.2361E-30  2.6178E-31
       2.0563E-32  1.5722E-33  1.1731E-34  8.5644E-36  6.1316E-37  4.3123E-38  2.9841E-39  2.0354E-40  1.3705E-41  9.1156E-43
       5.9876E-44  3.8821E-45  2.4860E-46  1.5755E-47  9.9022E-49  6.1758E-50  3.8166E-51  2.3345E-52  1.4154E-53  8.5347E-55
       5.1255E-56  3.0585E-57  1.8083E-58  1.0607E-59  6.2026E-61  3.6199E-62  2.0989E-63  1.2056E-64  6.8921E-66  3.9409E-67
       2.2447E-68  1.2663E-69  7.1103E-71  3.9996E-72  2.2403E-73  1.2429E-74  6.8897E-76  3.8249E-77  2.1049E-78  1.1535E-79
       6.3410E-81  3.4598E-82  1.8799E-83  1.0245E-84  5.5363E-86  2.9898E-87  1.6146E-88  8.6536E-90  4.6517E-91  2.4843E-92
       1.3271E-93  7.0691E-95  3.7549E-96  1.9929E-97  1.0543E-98  5.5736-100  2.9373-101  1.5464-102  8.1235-104  4.2613-105
       2.2874-106
  55   1.9685E-51  7.9604E-50  3.2593E-48  1.3122E-46  5.1712E-45  1.9876E-43  7.4305E-42  2.6956E-40  9.4650E-39  3.2048E-37
       1.0400E-35  3.2031E-34  9.2311E-33  2.4452E-31  5.8378E-30  1.2339E-28  2.2789E-27  3.6528E-26  5.0627E-25  6.0045E-24
       5.9221E-23  4.5959E-22  2.5419E-21  8.0185E-21  5.9948E-21  8.0266E-21  3.7139E-21  1.0538E-21  2.2355E-22  3.8856E-23
       5.8150E-24  7.7243E-25  9.3013E-26  1.0323E-26  1.0707E-27  1.0503E-28  9.8361E-30  8.8515E-31  7.6859E-32  6.4569E-33
       5.2600E-34  4.1659E-35  3.2169E-36  2.4287E-37  1.7964E-38  1.3038E-39  9.2986E-41  6.5279E-42  4.5191E-43  3.0883E-44
       2.0835E-45  1.3871E-46  9.1170E-48  5.9266E-49  3.8179E-50  2.4385E-51  1.5422E-52  9.6484E-54  5.9807E-55  3.6854E-56
       2.2607E-57  1.3773E-58  8.3098E-60  4.9725E-61  2.9652E-62  1.7641E-63  1.0423E-64  6.0981E-66  3.5500E-67  2.0666E-68
       1.1979E-69  6.8753E-71  3.9266E-72  2.2462E-73  1.2791E-74  7.2119E-76  4.0623E-77  2.2911E-78  1.2804E-79  7.1245E-81
       3.9758E-82  2.2014E-83  1.2136E-84  6.7094E-86  3.6770E-87  2.0135E-88  1.1023E-89  5.9883E-91  3.2622E-92  1.7652E-93
       9.5531E-95  5.1544E-96  2.7727E-97  1.4901E-98  7.9806-100  4.2708-101  2.2779-102  1.2136-103  6.4505-105  3.4232-106
       1.8592-107
  56   5.5155E-53  2.2274E-51  9.1002E-50  3.6519E-48  1.4325E-46  5.4700E-45  2.0269E-43  7.2665E-42  2.5120E-40  8.3338E-39
       2.6339E-37  7.8434E-36  2.1686E-34  5.4707E-33  1.2366E-31  2.4656E-30  4.2888E-29  6.4716E-28  8.4374E-27  9.3949E-26
       8.6757E-25  6.2901E-24  3.2486E-23  9.6399E-23  7.5742E-23  9.6630E-23  4.7063E-23  1.4191E-23  3.1988E-24  5.8942E-25
       9.3237E-26  1.3050E-26  1.6510E-27  1.9198E-28  2.0818E-29  2.1310E-30  2.0790E-31  1.9460E-32  1.7550E-33  1.5290E-34
       1.2900E-35  1.0569E-36  8.4352E-38  6.5775E-39  5.0214E-40  3.7582E-41  2.7608E-42  1.9939E-43  1.4183E-44  9.9490E-46
       6.8855E-47  4.7009E-48  3.1678E-49  2.1106E-50  1.3928E-51  9.1072E-53  5.8927E-54  3.7696E-55  2.3881E-56  1.5034E-57
       9.4175E-59  5.8557E-60  3.6038E-61  2.1988E-62  1.3365E-63  8.1025E-65  4.8758E-66  2.9043E-67  1.7210E-68  1.0195E-69
       6.0124E-71  3.5095E-72  2.0380E-73  1.1853E-74  6.8598E-76  3.9299E-77  2.2488E-78  1.2881E-79  7.3091E-81  4.1283E-82
       2.3381E-83  1.3135E-84  7.3454E-86  4.1185E-87  2.2886E-88  1.2705E-89  7.0505E-91  3.8815E-92  2.1426E-93  1.1746E-94
       6.4387E-96  3.5183E-97  1.9165E-98  1.0427E-99  5.6530-101  3.0619-102  1.6526-103  8.9085-105  4.7903-106  2.5714-107
       1.4129-108
  57   1.5312E-54  6.1738E-53  2.5160E-51  1.0059E-49  3.9245E-48  1.4876E-46  5.4571E-45  1.9304E-43  6.5565E-42  2.1257E-40
       6.5227E-39  1.8721E-37  4.9524E-36  1.1877E-34  2.5405E-33  4.7819E-32  7.8475E-31  1.1174E-29  1.3743E-28  1.4414E-27
       1.2512E-26  8.5133E-26  4.1274E-25  1.1591E-24  9.5153E-25  1.1639E-24  5.9335E-25  1.8926E-25  4.5156E-26  8.7916E-27
       1.4657E-27  2.1563E-28  2.8593E-29  3.4764E-30  3.9332E-31  4.1933E-32  4.2546E-33  4.1362E-34  3.8690E-35  3.4914E-36
       3.0470E-37  2.5793E-38  2.1251E-39  1.7094E-40  1.3454E-41  1.0374E-42  7.8452E-44  5.8262E-45  4.2564E-46  3.0632E-47
       2.1730E-48  1.5199E-49  1.0489E-50  7.1554E-52  4.8336E-53  3.2339E-54  2.1399E-55  1.3992E-56  9.0567E-58  5.8229E-59
       3.7236E-60  2.3623E-61  1.4825E-62  9.2199E-64  5.7103E-65  3.5260E-66  2.1603E-67  1.3097E-68  7.8964E-70  4.7591E-71
       2.8544E-72  1.6939E-73  9.9998E-75  5.9108E-76  3.4758E-77  2.0226E-78  1.1754E-79  6.8361E-81  3.9372E-82  2.2568E-83
       1.2968E-84  7.3897E-86  4.1912E-87  2.3829E-88  1.3424E-89  7.5541E-91  4.2483E-92  2.3699E-93  1.3253E-94  7.3594E-96
       4.0858E-97  2.2607E-98  1.2468E-99  6.8666-101  3.7679-102  2.0652-103  1.1279-104  6.1507-106  3.3455-107  1.8164-108
       1.0096-109
  58   4.2187E-56  1.6977E-54  6.8983E-53  2.7460E-51  1.0648E-49  4.0025E-48  1.4517E-46  5.0582E-45  1.6841E-43  5.3212E-42
       1.5805E-40  4.3594E-39  1.1008E-37  2.5067E-36  5.0741E-35  9.0252E-34  1.3998E-32  1.8850E-31  2.1926E-30  2.1727E-29
       1.7790E-28  1.1407E-27  5.2156E-27  1.3936E-26  1.1893E-26  1.4024E-26  7.4473E-27  2.5026E-27  6.2985E-28  1.2919E-28
       2.2642E-29  3.4929E-30  4.8445E-31  6.1466E-32  7.2427E-33  8.0290E-34  8.4589E-35  8.5289E-36  8.2644E-37  7.7163E-38
       6.9588E-39  6.0801E-40  5.1654E-41  4.2810E-42  3.4696E-43  2.7535E-44  2.1417E-45  1.6346E-46  1.2260E-47  9.0493E-49
       6.5772E-50  4.7097E-51  3.3260E-52  2.3212E-53  1.6038E-54  1.0972E-55  7.4204E-57  4.9570E-58  3.2766E-59  2.1506E-60
       1.4034E-61  9.0809E-63  5.8096E-64  3.6814E-65  2.3225E-66  1.4603E-67  9.1068E-69  5.6174E-70  3.4454E-71  2.1119E-72
       1.2879E-73  7.7690E-75  4.6608E-76  2.7993E-77  1.6720E-78  9.8797E-80  5.8292E-81  3.4411E-82  2.0110E-83  1.1695E-84
       6.8170E-86  3.9393E-87  2.2655E-88  1.3059E-89  7.4563E-91  4.2526E-92  2.4234E-93  1.3696E-94  7.7584E-96  4.3631E-97
       2.4529E-98  1.3741E-99  7.6708-101  4.2759-102  2.3744-103  1.3168-104  7.2755-106  4.0135-107  2.2080-108  1.2123-109
       6.8150-111
  59   1.1548E-57  4.6364E-56  1.8775E-54  7.4370E-53  2.8639E-51  1.0663E-49  3.8180E-48  1.3078E-46  4.2581E-45  1.3075E-43
       3.7481E-42  9.9103E-41  2.3848E-39  5.1526E-38  9.8731E-37  1.6614E-35  2.4397E-34  3.1135E-33  3.4332E-32  3.2227E-31
       2.4970E-30  1.5143E-29  6.5580E-29  1.6752E-28  1.4797E-28  1.6901E-28  9.3108E-29  3.2844E-29  8.6926E-30  1.8733E-30
       3.4433E-31  5.5584E-32  8.0485E-33  1.0638E-33  1.3033E-34  1.5000E-35  1.6386E-36  1.7112E-37  1.7156E-38  1.6556E-39
       1.5415E-40  1.3889E-41  1.2156E-42  1.0370E-43  8.6447E-45  7.0529E-46  5.6368E-47  4.4180E-48  3.4004E-49  2.5731E-50
       1.9156E-51  1.4039E-52  1.0140E-53  7.2353E-55  5.1096E-56  3.5718E-57  2.4676E-58  1.6831E-59  1.1355E-60  7.6047E-62
       5.0616E-63  3.3391E-64  2.1768E-65  1.4051E-66  9.0263E-68  5.7776E-69  3.6665E-70  2.3007E-71  1.4352E-72  8.9455E-74
       5.5455E-75  3.3994E-76  2.0720E-77  1.2641E-78  7.6668E-80  4.5988E-81  2.7541E-82  1.6498E-83  9.7808E-85  5.7693E-86
       3.4105E-87  1.9983E-88  1.1651E-89  6.8071E-91  3.9389E-92  2.2764E-93  1.3142E-94  7.5234E-96  4.3163E-97  2.4579E-98
       1.3990E-99  7.9329-101  4.4822-102  2.5284-103  1.4206-104  7.9706-106  4.4547-107  2.4855-108  1.3828-109  7.6773-111
       4.3647-112
  60   3.1433E-59  1.2586E-57  5.0763E-56  1.9994E-54  7.6389E-53  2.8135E-51  9.9291E-50  3.3363E-48  1.0596E-46  3.1531E-45
       8.7010E-44  2.2008E-42  5.0408E-41  1.0331E-39  1.8750E-38  2.9889E-37  4.1624E-36  5.0440E-35  5.2841E-34  4.7106E-33
       3.4639E-32  1.9935E-31  8.2077E-31  2.0127E-30  1.8335E-30  2.0371E-30  1.1601E-30  4.2819E-31  1.1884E-31  2.6844E-32
       5.1635E-33  8.7050E-34  1.3136E-34  1.8058E-35  2.2970E-36  2.7407E-37  3.1001E-38  3.3490E-39  3.4702E-40  3.4577E-41
       3.3207E-42  3.0831E-43  2.7776E-44  2.4368E-45  2.0876E-46  1.7491E-47  1.4349E-48  1.1538E-49  9.1066E-51  7.0618E-52
       5.3836E-53  4.0369E-54  2.9816E-55  2.1743E-56  1.5687E-57  1.1199E-58  7.8985E-60  5.4976E-61  3.7836E-62  2.5839E-63
       1.7532E-64  1.1786E-65  7.8259E-67  5.1435E-68  3.3637E-69  2.1912E-70  1.4147E-71  9.0288E-73  5.7271E-74  3.6292E-75
       2.2865E-76  1.4240E-77  8.8161E-79  5.4619E-80  3.3630E-81  2.0472E-82  1.2441E-83  7.5603E-85  4.5460E-86  2.7194E-87
       1.6300E-88  9.6817E-90  5.7217E-91  3.3880E-92  1.9864E-93  1.1630E-94  6.8010E-96  3.9429E-97  2.2905E-98  1.3205E-99
       7.6079-101  4.3663-102  2.4965-103  1.4249-104  8.0996-106  4.5971-107  2.5986-108  1.4663-109  8.2490-111  4.6304-112
       2.6620-113
  61   8.5120E-61  3.3972E-59  1.3640E-57  5.3374E-56  2.0210E-54  7.3529E-53  2.5528E-51  8.3953E-50  2.5941E-48  7.4615E-47
       1.9776E-45  4.7773E-44  1.0406E-42  2.0233E-41  3.4810E-40  5.2636E-39  6.9631E-38  8.0270E-37  8.0052E-36  6.7931E-35
       4.7535E-34  2.6040E-33  1.0228E-32  2.4169E-32  2.2633E-32  2.4556E-32  1.4411E-32  5.5498E-33  1.6112E-33  3.8060E-34
       7.6455E-35  1.3437E-35  2.1097E-36  3.0120E-37  3.9724E-38  4.9073E-39  5.7410E-40  6.4082E-41  6.8549E-42  7.0453E-43
       6.9731E-44  6.6660E-45  6.1775E-46  5.5696E-47  4.8992E-48  4.2119E-49  3.5433E-50  2.9205E-51  2.3617E-52  1.8756E-53
       1.4636E-54  1.1226E-55  8.4768E-57  6.3161E-58  4.6540E-59  3.3919E-60  2.4411E-61  1.7329E-62  1.2159E-63  8.4633E-65
       5.8508E-66  4.0059E-67  2.7082E-68  1.8117E-69  1.2057E-70  7.9917E-72  5.2483E-73  3.4058E-74  2.1963E-75  1.4146E-76
       9.0557E-78  5.7282E-79  3.6012E-80  2.2651E-81  1.4154E-82  8.7426E-84  5.3898E-85  3.3224E-86  2.0258E-87  1.2287E-88
       7.4670E-90  4.4952E-91  2.6923E-92  1.6153E-93  9.5941E-95  5.6898E-96  3.3694E-97  1.9779E-98  1.1632E-99  6.7879-101
       3.9582-102  2.2988-103  1.3299-104  7.6795-106  4.4157-107  2.5348-108  1.4491-109  8.2679-111  4.7027-112  2.6686-113
       1.5511-114
  62   2.2939E-62  9.1206E-61  3.6426E-59  1.4149E-57  5.3029E-56  1.9028E-54  6.4859E-53  2.0828E-51  6.2453E-50  1.7323E-48
       4.4009E-47  1.0142E-45  2.1002E-44  3.8753E-43  6.3263E-42  9.0866E-41  1.1437E-39  1.2565E-38  1.1952E-37  9.6752E-37
       6.4585E-36  3.3773E-35  1.2696E-34  2.9006E-34  2.7845E-34  2.9602E-34  1.7857E-34  7.1561E-35  2.1682E-35  5.3448E-36
       1.1192E-36  2.0469E-37  3.3388E-38  4.9434E-39  6.7514E-40  8.6258E-41  1.0425E-41  1.2011E-42  1.3251E-43  1.4034E-44
       1.4302E-45  1.4067E-46  1.3400E-47  1.2408E-48  1.1199E-49  9.8718E-51  8.5095E-52  7.1833E-53  5.9469E-54  4.8335E-55
       3.8585E-56  3.0264E-57  2.3355E-58  1.7776E-59  1.3374E-60  9.9473E-62  7.3020E-63  5.2848E-64  3.7788E-65  2.6795E-66
       1.8865E-67  1.3149E-68  9.0474E-70  6.1583E-71  4.1696E-72  2.8111E-73  1.8772E-74  1.2384E-75  8.1163E-77  5.3120E-78
       3.4542E-79  2.2186E-80  1.4160E-81  9.0399E-83  5.7321E-84  3.5916E-85  2.2460E-86  1.4041E-87  8.6806E-89  5.3377E-90
       3.2880E-91  2.0059E-92  1.2173E-93  7.3988E-95  4.4508E-96  2.6731E-97  1.6028E-98  9.5246-100  5.6701-101  3.3486-102
       1.9760-103  1.1611-104  6.7959-106  3.9696-107  2.3086-108  1.3402-109  7.7470-111  4.4690-112  2.5696-113  1.4739-114
       8.6610-116
  63   6.1527E-64  2.4356E-62  9.6684E-61  3.7238E-59  1.3796E-57  4.8737E-56  1.6275E-54  5.0909E-53  1.4779E-51  3.9445E-50
       9.5916E-49  2.1067E-47  4.1472E-46  7.2668E-45  1.1269E-43  1.5396E-42  1.8468E-41  1.9368E-40  1.7604E-39  1.3623E-38
       8.6953E-38  4.3517E-37  1.5702E-36  3.4789E-36  3.4154E-36  3.5689E-36  2.2077E-36  9.1855E-37  2.8984E-37  7.4416E-38
       1.6213E-38  3.0809E-39  5.2128E-40  7.9941E-41  1.1293E-41  1.4906E-42  1.8594E-43  2.2090E-44  2.5110E-45  2.7380E-46
       2.8706E-47  2.9023E-48  2.8399E-49  2.6989E-50  2.4982E-51  2.2565E-52  1.9918E-53  1.7208E-54  1.4575E-55  1.2115E-56
       9.8881E-58  7.9266E-59  6.2493E-60  4.8573E-61  3.7301E-62  2.8304E-63  2.1185E-64  1.5626E-65  1.1382E-66  8.2184E-68
       5.8904E-69  4.1785E-70  2.9251E-71  2.0253E-72  1.3946E-73  9.5609E-75  6.4906E-76  4.3513E-77  2.8976E-78  1.9264E-79
       1.2721E-80  8.2941E-82  5.3725E-83  3.4806E-84  2.2390E-85  1.4230E-86  9.0248E-88  5.7210E-89  3.5857E-90  2.2349E-91
       1.3952E-92  8.6240E-94  5.3018E-95  3.2639E-96  1.9882E-97  1.2090E-98  7.3388-100  4.4143-101  2.6596-102  1.5894-103
       9.4899-105  5.6416-106  3.3401-107  1.9732-108  1.1605-109  6.8123-111  3.9812-112  2.3216-113  1.3493-114  7.8220-116
       4.6461-117
  64   1.6424E-65  6.4684E-64  2.5499E-62  9.7266E-61  3.5565E-59  1.2346E-57  4.0303E-56  1.2252E-54  3.4358E-53  8.8085E-52
       2.0476E-50  4.2847E-49  8.0196E-48  1.3354E-46  1.9694E-45  2.5632E-44  2.9348E-43  2.9429E-42  2.5606E-41  1.8979E-40
       1.1609E-39  5.5739E-39  1.9355E-38  4.1701E-38  4.1782E-38  4.3031E-38  2.7243E-38  1.1743E-38  3.8513E-39  1.0281E-39
       2.3267E-40  4.5865E-41  8.0383E-42  1.2751E-42  1.8611E-43  2.5354E-44  3.2614E-45  3.9923E-46  4.6718E-47  5.2404E-48
       5.6475E-49  5.8648E-50  5.8902E-51  5.7416E-52  5.4470E-53  5.0389E-54  4.5523E-55  4.0230E-56  3.4839E-57  2.9601E-58
       2.4687E-59  2.0215E-60  1.6274E-61  1.2912E-62  1.0117E-63  7.8287E-65  5.9726E-66  4.4880E-67  3.3289E-68  2.4469E-69
       1.7849E-70  1.2882E-71  9.1726E-73  6.4584E-74  4.5219E-75  3.1514E-76  2.1742E-77  1.4808E-78  1.0015E-79  6.7616E-81
       4.5326E-82  2.9992E-83  1.9713E-84  1.2958E-85  8.4551E-87  5.4494E-88  3.5047E-89  2.2525E-90  1.4310E-91  9.0390E-93
       5.7178E-94  3.5801E-95  2.2292E-96  1.3898E-97  8.5713E-99  5.2767-100  3.2420-101  1.9736-102  1.2033-103  7.2759-105
       4.3950-106  2.6429-107  1.5825-108  9.4545-110  5.6223-111  3.3367-112  1.9712-113  1.1619-114  6.8247-116  3.9981-117
       2.4002-118
  65   4.3621E-67  1.7079E-65  6.6795E-64  2.5202E-62  9.0797E-61  3.0913E-59  9.8426E-58  2.9014E-56  7.8444E-55  1.9289E-53
       4.2829E-52  8.5361E-51  1.5197E-49  2.4069E-48  3.3799E-47  4.1967E-46  4.5938E-45  4.4119E-44  3.6812E-43  2.6184E-42
       1.5380E-41  7.1008E-41  2.3788E-40  4.9962E-40  5.0995E-40  5.1891E-40  3.3565E-40  1.4960E-40  5.0901E-41  1.4103E-41
       3.3101E-42  6.7589E-43  1.2254E-43  2.0083E-44  3.0252E-45  4.2498E-46  5.6326E-47  7.0986E-48  8.5458E-49  9.8535E-50
       1.0907E-50  1.1625E-51  1.1975E-52  1.1964E-53  1.1626E-54  1.1009E-55  1.0174E-56  9.1934E-58  8.1367E-59  7.0630E-60
       6.0159E-61  5.0296E-62  4.1325E-63  3.3451E-64  2.6730E-65  2.1086E-66  1.6390E-67  1.2543E-68  9.4710E-70  7.0852E-71
       5.2587E-72  3.8607E-73  2.7954E-74  2.0010E-75  1.4242E-76  1.0087E-77  7.0695E-79  4.8899E-80  3.3581E-81  2.3015E-82
       1.5658E-83  1.0512E-84  7.0094E-86  4.6737E-87  3.0930E-88  2.0213E-89  1.3180E-90  8.5871E-92  5.5282E-93  3.5382E-94
       2.2674E-95  1.4379E-96  9.0665E-98  5.7231E-99  3.5731-100  2.2266-101  1.3846-102  8.5294-104  5.2619-105  3.2188-106
       1.9668-107  1.1961-108  7.2430-110  4.3753-111  2.6305-112  1.5781-113  9.4232-115  5.6134-116  3.3320-117  1.9723-118
       1.1966-119
  66   1.1524E-68  4.4820E-67  1.7370E-65  6.4731E-64  2.2939E-62  7.6434E-61  2.3686E-59  6.7569E-58  1.7582E-56  4.1418E-55
       8.7792E-54  1.6667E-52  2.8239E-51  4.2581E-50  5.7012E-49  6.7631E-48  7.0887E-47  6.5313E-46  5.2349E-45  3.5799E-44
       2.0233E-43  9.0019E-43  2.9160E-42  5.9837E-42  6.2118E-42  6.2589E-42  4.1298E-42  1.8997E-42  6.6947E-43  1.9221E-43
       4.6721E-44  9.8677E-45  1.8482E-45  3.1259E-46  4.8547E-47  7.0263E-48  9.5876E-49  1.2432E-49  1.5386E-50  1.8219E-51
       2.0698E-52  2.2630E-53  2.3893E-54  2.4452E-55  2.4323E-56  2.3564E-57  2.2269E-58  2.0565E-59  1.8595E-60  1.6484E-61
       1.4333E-62  1.2229E-63  1.0249E-64  8.4593E-66  6.8910E-67  5.5392E-68  4.3854E-69  3.4166E-70  2.6256E-71  1.9985E-72
       1.5090E-73  1.1266E-74  8.2936E-76  6.0343E-77  4.3643E-78  3.1404E-79  2.2353E-80  1.5697E-81  1.0941E-82  7.6104E-84
       5.2533E-85  3.5777E-86  2.4197E-87  1.6364E-88  1.0981E-89  7.2752E-91  4.8088E-92  3.1752E-93  2.0710E-94  1.3428E-95
       8.7156E-97  5.5967E-98  3.5731E-99  2.2834-100  1.4430-101  9.1016-103  5.7273-104  3.5699-105  2.2281-106  1.3787-107
       8.5199-109  5.2399-110  3.2082-111  1.9593-112  1.1907-113  7.2205-115  4.3575-116  2.6231-117  1.5733-118  9.4090-120
       5.7684-121
  67   3.0272E-70  1.1683E-68  4.4815E-67  1.6470E-65  5.7302E-64  1.8649E-62  5.6131E-61  1.5467E-59  3.8681E-58  8.7213E-57
       1.7642E-55  3.1908E-54  5.1487E-53  7.3996E-52  9.4585E-51  1.0736E-49  1.0791E-48  9.5545E-48  7.3692E-47  4.8539E-46
       2.6449E-45  1.1363E-44  3.5666E-44  7.1648E-44  7.5542E-44  7.5513E-44  5.0756E-44  2.4056E-44  8.7663E-45  2.6043E-45
       6.5461E-46  1.4282E-46  2.7603E-47  4.8123E-48  7.6981E-49  1.1469E-49  1.6100E-50  2.1463E-51  2.7275E-52  3.3147E-53
       3.8631E-54  4.3311E-55  4.6847E-56  4.9079E-57  4.9948E-58  4.9481E-59  4.7793E-60  4.5093E-61  4.1639E-62  3.7681E-63
       3.3436E-64  2.9092E-65  2.4856E-66  2.0912E-67  1.7359E-68  1.4213E-69  1.1457E-70  9.0843E-72  7.1032E-73  5.5003E-74
       4.2238E-75  3.2066E-76  2.3994E-77  1.7739E-78  1.3033E-79  9.5249E-81  6.8834E-82  4.9059E-83  3.4701E-84  2.4490E-85
       1.7149E-86  1.1845E-87  8.1246E-89  5.5717E-90  3.7904E-91  2.5453E-92  1.7050E-93  1.1407E-94  7.5362E-96  4.9488E-97
       3.2528E-98  2.1148E-99  1.3669-100  8.8426-102  5.6558-103  3.6101-104  2.2986-105  1.4495-106  9.1510-108  5.7267-109
       3.5788-110  2.2255-111  1.3776-112  8.5046-114  5.2242-115  3.2017-116  1.9525-117  1.1877-118  7.1968-120  4.3481-121
       2.6934-122
  68   7.9025E-72  3.0233E-70  1.1463E-68  4.1480E-67  1.4142E-65  4.4863E-64  1.3091E-62  3.4785E-61  8.3512E-60  1.8011E-58
       3.4764E-57  5.9928E-56  9.2165E-55  1.2638E-53  1.5444E-52  1.6797E-51  1.6219E-50  1.3822E-49  1.0276E-48  6.5312E-48
       3.4376E-47  1.4288E-46  4.3543E-46  8.5788E-46  9.1747E-46  9.1137E-46  6.2323E-46  3.0385E-46  1.1432E-46  3.5091E-47
       9.1093E-48  2.0506E-48  4.0847E-49  7.3334E-50  1.2072E-50  1.8497E-51  2.6695E-52  3.6532E-53  4.7644E-54  5.9401E-55
       7.0996E-56  8.1577E-57  9.0354E-58  9.6854E-59  1.0080E-59  1.0206E-60  1.0071E-61  9.7036E-63  9.1471E-64  8.4476E-65
       7.6425E-66  6.7776E-67  5.9022E-68  5.0607E-69  4.2787E-70  3.5669E-71  2.9265E-72  2.3611E-73  1.8780E-74  1.4791E-75
       1.1550E-76  8.9141E-78  6.7766E-79  5.0887E-80  3.7976E-81  2.8182E-82  2.0673E-83  1.4950E-84  1.0729E-85  7.6814E-87
       5.4556E-88  3.8213E-89  2.6576E-90  1.8477E-91  1.2741E-92  8.6692E-94  5.8836E-95  3.9873E-96  2.6678E-97  1.7740E-98
       1.1807E-99  7.7707-101  5.0843-102  3.3290-103  2.1547-104  1.3917-105  8.9642-107  5.7179-108  3.6510-109  2.3105-110
       1.4600-111  9.1786-113  5.7434-114  3.5839-115  2.2250-116  1.3780-117  8.4915-119  5.2185-120  3.1945-121  1.9495-122
       1.2200-123
  69   2.0490E-73  7.7618E-72  2.9050E-70  1.0332E-68  3.4455E-67  1.0634E-65  3.0030E-64  7.6845E-63  1.7694E-61  3.6484E-60
       6.7201E-59  1.1046E-57  1.6206E-56  2.1228E-55  2.4832E-54  2.5921E-53  2.4079E-52  1.9784E-51  1.4203E-50  8.7267E-50
       4.4448E-49  1.7906E-48  5.3081E-48  1.0273E-47  1.1132E-47  1.1004E-47  7.6469E-48  3.8290E-48  1.4852E-48  4.7039E-49
       1.2595E-49  2.9221E-50  5.9931E-51  1.1069E-51  1.8734E-52  2.9504E-53  4.3705E-54  6.1372E-55  8.2107E-56  1.0498E-56
       1.2861E-57  1.5137E-58  1.7158E-59  1.8811E-60  2.0011E-61  2.0700E-62  2.0860E-63  2.0518E-64  1.9737E-65  1.8581E-66
       1.7133E-67  1.5486E-68  1.3744E-69  1.2002E-70  1.0331E-71  8.7661E-73  7.3182E-74  6.0062E-75  4.8588E-76  3.8914E-77
       3.0891E-78  2.4219E-79  1.8701E-80  1.4263E-81  1.0811E-82  8.1443E-84  6.0628E-85  4.4484E-86  3.2384E-87  2.3518E-88
       1.6939E-89  1.2030E-90  8.4808E-92  5.9761E-93  4.1757E-94  2.8784E-95  1.9788E-96  1.3582E-97  9.2014E-99  6.1950-100
       4.1741-101  2.7808-102  1.8416-103  1.2202-104  7.9911-106  5.2216-107  3.4021-108  2.1947-109  1.4171-110  9.0675-112
       5.7927-113  3.6815-114  2.3285-115  1.4685-116  9.2134-118  5.7656-119  3.5895-120  2.2285-121  1.3780-122  8.4937-124
       5.3695-125
  70   5.2735E-75  1.9757E-73  7.2882E-72  2.5436E-70  8.2811E-69  2.4823E-67  6.7729E-66  1.6672E-64  3.6789E-63  7.2511E-62
       1.2748E-60  1.9993E-59  2.8006E-58  3.5085E-57  3.9343E-56  3.9472E-55  3.5336E-54  2.8040E-53  1.9472E-52  1.1586E-51
       5.7207E-51  2.2378E-50  6.4636E-50  1.2307E-49  1.3496E-49  1.3293E-49  9.3766E-50  4.8149E-50  1.9225E-50  6.2748E-51
       1.7310E-51  4.1344E-52  8.7225E-53  1.6560E-53  2.8796E-54  4.6545E-55  7.0724E-56  1.0186E-56  1.3974E-57  1.8314E-58
       2.2988E-59  2.7692E-60  3.2111E-61  3.5989E-62  3.9117E-63  4.1326E-64  4.2514E-65  4.2665E-66  4.1830E-67  4.0135E-68
       3.7717E-69  3.4741E-70  3.1412E-71  2.7925E-72  2.4465E-73  2.1122E-74  1.7937E-75  1.4972E-76  1.2315E-77  1.0025E-78
       8.0845E-80  6.4386E-81  5.0498E-82  3.9120E-83  3.0100E-84  2.3015E-85  1.7384E-86  1.2939E-87  9.5544E-89  7.0374E-90
       5.1395E-91  3.6990E-92  2.6426E-93  1.8872E-94  1.3360E-95  9.3282E-97  6.4949E-98  4.5141E-99  3.0963-100  2.1104-101
       1.4395-102  9.7057-104  6.5041-105  4.3606-106  2.8888-107  1.9094-108  1.2581-109  8.2074-111  5.3585-112  3.4664-113
       2.2386-114  1.4381-115  9.1927-117  5.8588-118  3.7141-119  2.3482-120  1.4769-121  9.2617-123  5.7843-124  3.6007-125
       2.2992-126
  71   1.3464E-76  4.9822E-75  1.8088E-73  6.1837E-72  1.9621E-70  5.7026E-69  1.5014E-67  3.5516E-66  7.5073E-65  1.4143E-63
       2.3739E-62  3.5547E-61  4.7589E-60  5.7088E-59  6.1452E-58  5.9351E-57  5.1286E-56  3.9369E-55  2.6492E-54  1.5292E-53
       7.3325E-53  2.7898E-52  7.8642E-52  1.4750E-51  1.6354E-51  1.6066E-51  1.1492E-51  6.0426E-52  2.4803E-52  8.3315E-53
       2.3652E-53  5.8104E-54  1.2599E-54  2.4570E-55  4.3846E-56  7.2668E-57  1.1321E-57  1.6718E-58  2.3510E-59  3.1571E-60
       4.0575E-61  4.9994E-62  5.9266E-63  6.7877E-64  7.5356E-65  8.1284E-66  8.5292E-67  8.7233E-68  8.7158E-69  8.5223E-70
       8.1620E-71  7.6611E-72  7.0528E-73  6.3811E-74  5.6878E-75  4.9950E-76  4.3139E-77  3.6611E-78  3.0607E-79  2.5308E-80
       2.0731E-81  1.6772E-82  1.3361E-83  1.0508E-84  8.2058E-86  6.3667E-87  4.8788E-88  3.6833E-89  2.7585E-90  2.0599E-91
       1.5246E-92  1.1119E-93  8.0504E-95  5.8260E-96  4.1778E-97  2.9541E-98  2.0829E-99  1.4658-100  1.0178-101  7.0226-103
       4.8477-104  3.3071-105  2.2423-106  1.5209-107  1.0191-108  6.8127-110  4.5395-111  2.9942-112  1.9764-113  1.2925-114
       8.4371-116  5.4776-117  3.5384-118  2.2787-119  1.4594-120  9.3214-122  5.9218-123  3.7508-124  2.3657-125  1.4871-126
       9.5905-128
  72   3.4081E-78  1.2439E-76  4.4375E-75  1.4836E-73  4.5803E-72  1.2889E-70  3.2708E-69  7.4295E-68  1.5038E-66  2.7079E-65
       4.3414E-64  6.2113E-63  7.9554E-62  9.1494E-61  9.4679E-60  8.8164E-59  7.3656E-58  5.4793E-57  3.5790E-56  2.0076E-55
       9.3645E-55  3.4710E-54  9.5633E-54  1.7690E-53  1.9812E-53  1.9427E-53  1.4077E-53  7.5692E-54  3.1895E-54  1.1013E-54
       3.2141E-55  8.1138E-56  1.8070E-56  3.6162E-57  6.6148E-58  1.1236E-58  1.7942E-59  2.7155E-60  3.9131E-61  5.3820E-62
       7.0763E-63  8.9125E-64  1.0796E-64  1.2630E-65  1.4318E-66  1.5750E-67  1.6843E-68  1.7554E-69  1.7872E-70  1.7808E-71
       1.7380E-72  1.6617E-73  1.5571E-74  1.4334E-75  1.2996E-76  1.1607E-77  1.0192E-78  8.7897E-80  7.4628E-81  6.2678E-82
       5.2157E-83  4.2862E-84  3.4674E-85  2.7673E-86  2.1926E-87  1.7259E-88  1.3416E-89  1.0272E-90  7.7982E-92  5.9020E-93
       4.4271E-94  3.2721E-95  2.4007E-96  1.7600E-97  1.2782E-98  9.1516-100  6.5337-101  4.6554-102  3.2718-103  2.2842-104
       1.5955-105  1.1012-106  7.5544-108  5.1832-109  3.5125-110  2.3745-111  1.5998-112  1.0669-113  7.1189-115  4.7053-116
       3.1043-117  2.0366-118  1.3293-119  8.6490-121  5.5961-122  3.6104-123  2.3165-124  1.4818-125  9.4377-127  5.9902-128
       3.9014-129
  73   8.5467E-80  3.0725E-78  1.0754E-76  3.5104E-75  1.0529E-73  2.8648E-72  7.0008E-71  1.5261E-69  2.9573E-68  5.0912E-67
       7.8001E-66  1.0671E-64  1.3089E-63  1.4451E-62  1.4396E-61  1.2945E-60  1.0474E-59  7.5634E-59  4.8038E-58  2.6231E-57
       1.1922E-56  4.3113E-56  1.1627E-55  2.1232E-55  2.3999E-55  2.3505E-55  1.7237E-55  9.4645E-56  4.0888E-56  1.4495E-56
       4.3448E-57  1.1262E-57  2.5739E-58  5.2792E-59  9.8938E-60  1.7217E-60  2.8169E-61  4.3682E-62  6.4476E-63  9.0774E-64
       1.2201E-64  1.5700E-65  1.9423E-66  2.3201E-67  2.6823E-68  3.0073E-69  3.2771E-70  3.4799E-71  3.6102E-72  3.6655E-73
       3.6446E-74  3.5483E-75  3.3832E-76  3.1681E-77  2.9211E-78  2.6525E-79  2.3668E-80  2.0727E-81  1.7872E-82  1.5246E-83
       1.2888E-84  1.0758E-85  8.8315E-87  7.1508E-88  5.7477E-89  4.5895E-90  3.6184E-91  2.8079E-92  2.1603E-93  1.6572E-94
       1.2599E-95  9.4369E-97  7.0141E-98  5.2080E-99  3.8299-100  2.7764-101  2.0068-102  1.4471-103  1.0291-104  7.2700-106
       5.1383-107  3.5881-108  2.4898-109  1.7277-110  1.1840-111  8.0930-113  5.5126-114  3.7160-115  2.5062-116  1.6741-117
       1.1161-118  7.3991-120  4.8794-121  3.2071-122  2.0960-123  1.3658-124  8.8503-126  5.7168-127  3.6765-128  2.3560-129
       1.5495-130
  74   2.1221E-81  7.5037E-80  2.5729E-78  8.1875E-77  2.3825E-75  6.2612E-74  1.4722E-72  3.0786E-71  5.7113E-70  9.4023E-69
       1.3774E-67  1.8034E-66  2.1208E-65  2.2504E-64  2.1614E-63  1.8798E-62  1.4754E-61  1.0360E-60  6.4093E-60  3.4125E-59
       1.5135E-58  5.3481E-58  1.4134E-57  2.5505E-57  2.9069E-57  2.8452E-57  2.1096E-57  1.1814E-57  5.2258E-58  1.9000E-58
       5.8437E-59  1.5545E-59  3.6411E-60  7.6494E-61  1.4681E-61  2.6164E-62  4.3843E-63  6.9631E-64  1.0522E-64  1.5153E-65
       2.0810E-66  2.7345E-67  3.4535E-68  4.2075E-69  4.9576E-70  5.6636E-71  6.2881E-72  6.8033E-73  7.1914E-74  7.4390E-75
       7.5334E-76  7.4649E-77  7.2406E-78  6.8954E-79  6.4647E-80  5.9640E-81  5.4033E-82  4.8050E-83  4.2077E-84  3.6462E-85
       3.1311E-86  2.6529E-87  2.2095E-88  1.8148E-89  1.4796E-90  1.1984E-91  9.5753E-93  7.5301E-94  5.8718E-95  4.5658E-96
       3.5182E-97  2.6696E-98  2.0094E-99  1.5109-100  1.1250-101  8.2553-103  6.0386-104  4.4066-105  3.1708-106  2.2667-107
       1.6210-108  1.1450-109  8.0352-111  5.6383-112  3.9067-113  2.6997-114  1.8588-115  1.2664-116  8.6326-118  5.8273-119
       3.9258-120  2.6293-121  1.7516-122  1.1629-123  7.6764-125  5.0517-126  3.3057-127  2.1561-128  1.3999-129  9.0563-131
       6.0139-132
  75   5.2139E-83  1.8107E-81  6.0734E-80  1.8815E-78  5.3051E-77  1.3453E-75  3.0416E-74  6.1001E-73  1.0834E-71  1.7062E-70
       2.3915E-69  2.9992E-68  3.3852E-67  3.4572E-66  3.2060E-65  2.7012E-64  2.0601E-63  1.4091E-62  8.5049E-62  4.4225E-61
       1.9170E-60  6.6272E-60  1.7184E-59  3.0666E-59  3.5213E-59  3.4454E-59  2.5808E-59  1.4721E-59  6.6596E-60  2.4807E-60
       7.8230E-61  2.1333E-61  5.1176E-62  1.1007E-62  2.1626E-63  3.9455E-64  6.7691E-65  1.1005E-65  1.7017E-66  2.5049E-67
       3.5132E-68  4.7121E-69  6.0705E-70  7.5367E-71  9.0474E-72  1.0530E-72  1.1911E-73  1.3129E-74  1.4139E-75  1.4898E-76
       1.5359E-77  1.5483E-78  1.5274E-79  1.4788E-80  1.4083E-81  1.3193E-82  1.2137E-83  1.0960E-84  9.7479E-86  8.5804E-87
       7.4821E-88  6.4326E-89  5.4350E-90  4.5278E-91  3.7442E-92  3.0733E-93  2.4885E-94  1.9832E-95  1.5675E-96  1.2355E-97
       9.6460E-99  7.4118-100  5.6491-101  4.3010-102  3.2419-103  2.4072-104  1.7819-105  1.3159-106  9.5811-108  6.9304-109
       5.0135-110  3.5811-111  2.5414-112  1.8031-113  1.2629-114  8.8218-116  6.1392-117  4.2275-118  2.9122-119  1.9864-120
       1.3520-121  9.1475-123  6.1554-124  4.1275-125  2.7516-126  1.8286-127  1.2082-128  7.9560-130  5.2150-131  3.4055-132
       2.2832-133
  76   1.2668E-84  4.3151E-83  1.4138E-81  4.2582E-80  1.1621E-78  2.8413E-77  6.1742E-76  1.1874E-74  2.0193E-73  3.0435E-72
       4.0844E-71  4.9109E-70  5.3261E-69  5.2420E-68  4.7007E-67  3.8431E-66  2.8529E-65  1.9039E-64  1.1230E-63  5.7116E-63
       2.4230E-62  8.2055E-62  2.0897E-61  3.6904E-61  4.2658E-61  4.1735E-61  3.1556E-61  1.8311E-61  8.4626E-62  3.2267E-62
       1.0426E-62  2.9118E-63  7.1503E-64  1.5739E-64  3.1643E-65  5.9081E-66  1.0373E-66  1.7255E-67  2.7281E-68  4.1024E-69
       5.8737E-70  8.0371E-71  1.0550E-71  1.3342E-72  1.6315E-73  1.9342E-74  2.2290E-75  2.5034E-76  2.7462E-77  2.9462E-78
       3.0906E-79  3.1682E-80  3.1766E-81  3.1240E-82  3.0210E-83  2.8736E-84  2.6844E-85  2.4620E-86  2.2241E-87  1.9882E-88
       1.7597E-89  1.5350E-90  1.3155E-91  1.1114E-92  9.3130E-94  7.7466E-95  6.3568E-96  5.1347E-97  4.1135E-98  3.2857E-99
       2.5980-100  2.0214-101  1.5599-102  1.2023-103  9.1703-105  6.8902-106  5.1617-107  3.8575-108  2.8419-109  2.0793-110
       1.5212-111  1.0988-112  7.8838-114  5.6545-115  4.0031-116  2.8265-117  1.9881-118  1.3835-119  9.6301-121  6.6361-122
       4.5629-123  3.1183-124  2.1194-125  1.4353-126  9.6622-128  6.4833-129  4.3248-130  2.8750-131  1.9022-132  1.2538-133
       8.4865-135
  77   3.0424E-86  1.0150E-84  3.2441E-83  9.4883E-82  2.5040E-80  5.8988E-79  1.2316E-77  2.2710E-76  3.6990E-75  5.3384E-74
       6.8643E-73  7.9205E-72  8.2639E-71  7.8491E-70  6.8166E-69  5.4165E-68  3.9203E-67  2.5569E-66  1.4762E-65  7.3543E-65
       3.0572E-64  1.0153E-63  2.5420E-63  4.4449E-63  5.1678E-63  5.0562E-63  3.8559E-63  2.2739E-63  1.0724E-63  4.1818E-64
       1.3835E-64  3.9545E-65  9.9358E-66  2.2374E-66  4.6017E-67  8.7896E-68  1.5785E-68  2.6847E-69  4.3371E-70  6.6586E-71
       9.7273E-72  1.3565E-72  1.8136E-73  2.3357E-74  2.9088E-75  3.5130E-76  4.1247E-77  4.7192E-78  5.2723E-79  5.7565E-80
       6.1409E-81  6.3972E-82  6.5148E-83  6.5050E-84  6.3866E-85  6.1687E-86  5.8525E-87  5.4515E-88  5.0012E-89  4.5389E-90
       4.0765E-91  3.6073E-92  3.1345E-93  2.6832E-94  2.2783E-95  1.9207E-96  1.5975E-97  1.3079E-98  1.0619E-99  8.5915-101
       6.8796-102  5.4195-103  4.2335-104  3.3019-105  2.5484-106  1.9376-107  1.4690-108  1.1110-109  8.2783-111  6.1256-112
       4.5321-113  3.3094-114  2.4004-115  1.7403-116  1.2453-117  8.8875-119  6.3173-120  4.4420-121  3.1238-122  2.1745-123
       1.5103-124  1.0425-125  7.1556-127  4.8934-128  3.3261-129  2.2533-130  1.5174-131  1.0182-132  6.7998-134  4.5236-135
       3.0908-136
  78   7.2183E-88  2.3555E-86  7.3352E-85  2.0811E-83  5.3065E-82  1.2038E-80  2.4143E-79  4.2691E-78  6.6619E-77  9.2110E-76
       1.1357E-74  1.2589E-73  1.2651E-72  1.1612E-71  9.7821E-71  7.5671E-70  5.3488E-69  3.4150E-68  1.9327E-67  9.4444E-67
       3.8518E-66  1.2557E-65  3.0931E-65  5.3577E-65  6.2603E-65  6.1256E-65  4.7083E-65  2.8189E-65  1.3554E-65  5.4009E-66
       1.8283E-66  5.3456E-67  1.3738E-67  3.1638E-68  6.6549E-69  1.2998E-69  2.3864E-70  4.1472E-71  6.8405E-72  1.0714E-72
       1.5955E-73  2.2662E-74  3.0852E-75  4.0457E-76  5.1312E-77  6.3131E-78  7.5517E-79  8.8009E-80  1.0010E-80  1.1117E-81
       1.2053E-82  1.2752E-83  1.3183E-84  1.3362E-85  1.3319E-86  1.3064E-87  1.2588E-88  1.1909E-89  1.1092E-90  1.0215E-91
       9.3059E-93  8.3486E-94  7.3510E-95  6.3757E-96  5.4862E-97  4.6880E-98  3.9524E-99  3.2795-100  2.6975-101  2.2105-102
       1.7924-103  1.4290-104  1.1295-105  8.9150-107  6.9632-108  5.3578-109  4.1107-110  3.1448-111  2.3698-112  1.7733-113
       1.3265-114  9.7910-116  7.1787-117  5.2610-118  3.8049-119  2.7443-120  1.9710-121  1.4001-122  9.9466-124  6.9938-125
       4.9063-126  3.4202-127  2.3707-128  1.6369-129  1.1233-130  7.6819-132  5.2216-133  3.5367-134  2.3839-135  1.6005-136
       1.1038-137
  79   1.6912E-89  5.3909E-88  1.6338E-86  4.4921E-85  1.1060E-83  2.4152E-82  4.6521E-81  7.8894E-80  1.1800E-78  1.5640E-77
       1.8507E-76  1.9727E-75  1.9119E-74  1.6984E-73  1.3899E-72  1.0485E-71  7.2500E-71  4.5384E-70  2.5214E-69  1.2101E-68
       4.8468E-68  1.5524E-67  3.7648E-67  6.4620E-67  7.5824E-67  7.4199E-67  5.7442E-67  3.4884E-67  1.7087E-67  6.9527E-68
       2.4069E-68  7.1952E-69  1.8908E-69  4.4525E-70  9.5749E-71  1.9116E-71  3.5857E-72  6.3622E-73  1.0706E-73  1.7092E-74
       2.5927E-75  3.7494E-76  5.1961E-77  6.9374E-78  8.9615E-79  1.1232E-79  1.3687E-80  1.6243E-81  1.8798E-82  2.1226E-83
       2.3375E-84  2.5105E-85  2.6340E-86  2.7098E-87  2.7425E-88  2.7320E-89  2.6737E-90  2.5681E-91  2.4274E-92  2.2672E-93
       2.0938E-94  1.9034E-95  1.6980E-96  1.4923E-97  1.3015E-98  1.1274E-99  9.6343-101  8.0995-102  6.7472-103  5.5986-104
       4.5943-105  3.7062-106  2.9644-107  2.3682-108  1.8720-109  1.4576-110  1.1314-111  8.7544-113  6.6707-114  5.0463-115
       3.8159-116  2.8472-117  2.1102-118  1.5632-119  1.1425-120  8.3261-122  6.0412-123  4.3352-124  3.1110-125  2.2094-126
       1.5654-127  1.1019-128  7.7118-130  5.3757-131  3.7240-132  2.5708-133  1.7639-134  1.2059-135  8.2028-137  5.5572-138
       3.8680-139
  80   3.9113E-91  1.2164E-89  3.5840E-88  9.5416E-87  2.2668E-85  4.7639E-84  8.8132E-83  1.4337E-81  2.0561E-80  2.6144E-79
       2.9716E-78  3.0494E-77  2.8538E-76  2.4570E-75  1.9567E-74  1.4418E-73  9.7684E-73  6.0044E-72  3.2792E-71  1.5473E-70
       6.0922E-70  1.9186E-69  4.5835E-69  7.7977E-69  9.1811E-69  8.9844E-69  7.0013E-69  4.3093E-69  2.1487E-69  8.9230E-70
       3.1572E-70  9.6469E-71  2.5915E-71  6.2384E-72  1.3711E-72  2.7966E-73  5.3560E-74  9.6958E-75  1.6630E-75  2.7045E-76
       4.1762E-77  6.1465E-78  8.6695E-79  1.1785E-79  1.5505E-80  1.9796E-81  2.4567E-82  2.9675E-83  3.4926E-84  4.0070E-85
       4.4803E-86  4.8831E-87  5.1993E-88  5.4297E-89  5.5804E-90  5.6463E-91  5.6114E-92  5.4703E-93  5.2442E-94  4.9649E-95
       4.6455E-96  4.2783E-97  3.8667E-98  3.4437E-99  3.0447-100  2.6735-101  2.3150-102  1.9710-103  1.6622-104  1.3959-105
       1.1592-106  9.4621-108  7.6597-109  6.1939-110  4.9552-111  3.9032-112  3.0643-113  2.3976-114  1.8468-115  1.4124-116
       1.0797-117  8.1436-119  6.1010-120  4.5674-121  3.3728-122  2.4833-123  1.8202-124  1.3194-125  9.5639-127  6.8598-128
       4.9078-129  3.4882-130  2.4645-131  1.7343-132  1.2128-133  8.4520-135  5.8533-136  4.0382-137  2.7719-138  1.8948-139
       1.3310-140
  81   8.9263E-93  2.7053E-91  7.7415E-90  1.9942E-88  4.5696E-87  9.2399E-86  1.6418E-84  2.5628E-83  3.5261E-82  4.3039E-81
       4.7034E-80  4.6517E-79  4.2094E-78  3.5180E-77  2.7307E-76  1.9686E-75  1.3090E-74  7.9125E-74  4.2530E-73  1.9750E-72
       7.6505E-72  2.3704E-71  5.5810E-71  9.4124E-71  1.1112E-70  1.0873E-70  8.5245E-71  5.3142E-71  2.6957E-71  1.1419E-71
       4.1274E-72  1.2888E-72  3.5385E-73  8.7053E-74  1.9547E-74  4.0711E-75  7.9553E-76  1.4681E-76  2.5649E-77  4.2456E-78
       6.6707E-79  9.9892E-80  1.4339E-80  1.9846E-81  2.6592E-82  3.4578E-83  4.3685E-84  5.3678E-85  6.4210E-86  7.4809E-87
       8.4890E-88  9.3884E-89  1.0145E-89  1.0757E-90  1.1229E-91  1.1539E-92  1.1642E-93  1.1513E-94  1.1188E-95  1.0731E-96
       1.0170E-97  9.4880E-99  8.6889-100  7.8433-101  7.0292-102  6.2554-103  5.4862-104  4.7281-105  4.0348-106  3.4286-107
       2.8810-108  2.3800-109  1.9502-110  1.5961-111  1.2919-112  1.0292-113  8.1699-115  6.4625-116  5.0321-117  3.8906-118
       3.0069-119  2.2924-120  1.7357-121  1.3130-122  9.7951-124  7.2857-125  5.3945-126  3.9498-127  2.8916-128  2.0943-129
       1.5128-130  1.0855-131  7.7424-133  5.5006-134  3.8835-135  2.7315-136  1.9090-137  1.3290-138  9.2040-140  6.3477-141
       4.4998-142
  82   2.0097E-94  5.9287E-93  1.6464E-91  4.1009E-90  9.0604E-89  1.7625E-87  3.0083E-86  4.5075E-85  5.9530E-84  6.9808E-83
       7.3417E-82  7.0062E-81  6.1390E-80  4.9880E-79  3.7799E-78  2.6707E-77  1.7456E-76  1.0390E-75  5.5030E-75  2.5173E-74
       9.5994E-74  2.9276E-73  6.7958E-73  1.1363E-72  1.3440E-72  1.3149E-72  1.0367E-72  6.5421E-73  3.3744E-73  1.4576E-73
       5.3792E-74  1.7160E-74  4.8148E-75  1.2102E-75  2.7753E-76  5.8969E-77  1.1746E-77  2.2088E-78  3.9283E-79  6.6152E-80
       1.0572E-80  1.6105E-81  2.3528E-82  3.3153E-83  4.5236E-84  5.9885E-85  7.6979E-86  9.6156E-87  1.1682E-87  1.3815E-88
       1.5906E-89  1.7851E-90  1.9582E-91  2.1086E-92  2.2356E-93  2.3328E-94  2.3882E-95  2.3946E-96  2.3575E-97  2.2901E-98
       2.1984E-99  2.0779-100  1.9284-101  1.7644-102  1.6026-103  1.4447-104  1.2827-105  1.1185-106  9.6559-108  8.3023-109
       7.0604-110  5.9034-111  4.8957-112  4.0545-113  3.3192-114  2.6733-115  2.1453-116  1.7155-117  1.3504-118  1.0556-119
       8.2472-121  6.3541-122  4.8612-123  3.7152-124  2.7999-125  2.1039-126  1.5736-127  1.1636-128  8.6018-130  6.2898-131
       4.5871-132  3.3230-133  2.3931-134  1.7165-135  1.2231-136  8.6815-138  6.1219-139  4.2999-140  3.0046-141  2.0908-142
       1.4956-143
  83   4.4625E-96  1.2802E-94  3.4470E-93  8.2979E-92  1.7671E-90  3.3068E-89  5.4230E-88  7.8029E-87  9.8979E-86  1.1160E-84
       1.1307E-83  1.0424E-82  8.8569E-82  7.0075E-81  5.1932E-80  3.6020E-79  2.3177E-78  1.3602E-77  7.1055E-77  3.2042E-76
       1.2035E-75  3.6143E-75  8.2738E-75  1.3715E-74  1.6243E-74  1.5887E-74  1.2592E-74  8.0402E-75  4.2153E-75  1.8559E-75
       6.9912E-76  2.2782E-76  6.5304E-77  1.6766E-77  3.9224E-78  8.4962E-79  1.7243E-79  3.3022E-80  5.9759E-81  1.0234E-81
       1.6632E-82  2.5775E-83  3.8324E-84  5.4977E-85  7.6368E-86  1.0287E-86  1.3446E-87  1.7061E-88  2.1039E-89  2.5242E-90
       2.9487E-91  3.3585E-92  3.7409E-93  4.0913E-94  4.4054E-95  4.6661E-96  4.8447E-97  4.9221E-98  4.9077E-99  4.8281-100
       4.6951-101  4.4972-102  4.2305-103  3.9228-104  3.6095-105  3.2944-106  2.9595-107  2.6104-108  2.2798-109  1.9838-110
       1.7075-111  1.4450-112  1.2125-113  1.0157-114  8.4066-116  6.8438-117  5.5521-118  4.4888-119  3.5722-120  2.8226-121
       2.2288-122  1.7350-123  1.3410-124  1.0354-125  7.8831-127  5.9839-128  4.5200-129  3.3750-130  2.5189-131  1.8596-132
       1.3693-133  1.0016-134  7.2821-136  5.2715-137  3.7903-138  2.7144-139  1.9312-140  1.3687-141  9.6509-143  6.7752-144
       4.8900-145
  84   9.7714E-98  2.7231E-96  7.1045E-95  1.6521E-93  3.3906E-92  6.1040E-91  9.6203E-90  1.3298E-88  1.6213E-87  1.7591E-86
       1.7188E-85  1.5329E-84  1.2648E-83  9.7602E-83  7.0856E-82  4.8324E-81  3.0655E-80  1.7760E-79  9.1584E-79  4.0738E-78
       1.5078E-77  4.4600E-77  1.0070E-76  1.6550E-76  1.9612E-76  1.9175E-76  1.5276E-76  9.8655E-77  5.2558E-77  2.3580E-77
       9.0632E-78  3.0166E-78  8.8311E-79  2.3135E-79  5.5185E-80  1.2178E-80  2.5168E-81  4.9066E-82  9.0315E-83  1.5726E-83
       2.5991E-84  4.0977E-85  6.2008E-86  9.0548E-87  1.2800E-87  1.7535E-88  2.3283E-89  2.9988E-90  3.7516E-91  4.5655E-92
       5.4113E-93  6.2568E-94  7.0776E-95  7.8619E-96  8.5948E-97  9.2352E-98  9.7187E-99  1.0001E-99  1.0097-100  1.0061-101
       9.9141-103  9.6257-104  9.1776-105  8.6220-106  8.0329-107  7.4191-108  6.7417-109  6.0145-110  5.3151-111  4.6812-112
       4.0784-113  3.4920-114  2.9636-115  2.5100-116  2.0999-117  1.7280-118  1.4173-119  1.1585-120  9.3195-122  7.4421-123
       5.9378-124  4.6696-125  3.6464-126  2.8444-127  2.1875-128  1.6770-129  1.2790-130  9.6419-132  7.2658-133  5.4163-134
       4.0273-135  2.9739-136  2.1821-137  1.5938-138  1.1561-139  8.3542-141  5.9984-142  4.2902-143  3.0516-144  2.1609-145
       1.5735-146
  85   2.1095E-99  5.7060E-98  1.4415E-96  3.2370E-95  6.4009E-94  1.1087E-92  1.6798E-91  2.2320E-90  2.6172E-89  2.7352E-88
       2.5802E-87  2.2290E-86  1.7887E-85  1.3485E-84  9.6066E-84  6.4523E-83  4.0409E-82  2.3134E-81  1.1786E-80  5.1738E-80
       1.8875E-79  5.5001E-79  1.2251E-78  1.9959E-78  2.3653E-78  2.3118E-78  1.8507E-78  1.2087E-78  6.5421E-79  2.9904E-79
       1.1725E-79  3.9844E-80  1.1905E-80  3.1805E-81  7.7299E-82  1.7368E-82  3.6532E-83  7.2473E-84  1.3564E-84  2.4014E-85
       4.0363E-86  6.4747E-87  9.9720E-88  1.4819E-88  2.1307E-89  2.9661E-90  3.9983E-91  5.2237E-92  6.6268E-93  8.1794E-94
       9.8380E-95  1.1550E-95  1.3269E-96  1.4967E-97  1.6603E-98  1.8087E-99  1.9280-100  2.0088-101  2.0538-102  2.0734-103
       2.0711-104  2.0385-105  1.9695-106  1.8736-107  1.7665-108  1.6504-109  1.5169-110  1.3691-111  1.2245-112  1.0916-113
       9.6240-115  8.3339-116  7.1506-117  6.1218-118  5.1770-119  4.3066-120  3.5712-121  2.9511-122  2.3989-123  1.9355-124
       1.5602-125  1.2395-126  9.7790-128  7.7059-129  5.9848-130  4.6326-131  3.5671-132  2.7151-133  2.0662-134  1.5553-135
       1.1675-136  8.6996-138  6.4398-139  4.7453-140  3.4738-141  2.5337-142  1.8357-143  1.3243-144  9.5023-146  6.7864-147
       4.9855-148
  86   4.4897-101  1.1777E-99  2.8793E-98  6.2414E-97  1.1891E-95  1.9820E-94  2.8879E-93  3.6904E-92  4.1652E-91  4.1967E-90
       3.8267E-89  3.2066E-88  2.5066E-87  1.8494E-86  1.2950E-85  8.5792E-85  5.3110E-84  3.0075E-83  1.5147E-82  6.5640E-82
       2.3608E-81  6.7777E-81  1.4893E-80  2.4052E-80  2.8490E-80  2.7838E-80  2.2394E-80  1.4789E-80  8.1311E-81  3.7860E-81
       1.5140E-81  5.2503E-82  1.6001E-82  4.3566E-83  1.0781E-83  2.4649E-84  5.2744E-85  1.0643E-85  2.0251E-86  3.6454E-87
       6.2325E-88  1.0174E-88  1.5947E-89  2.4108E-90  3.5234E-91  4.9804E-92  6.8101E-93  9.0203E-94  1.1602E-94  1.4525E-95
       1.7733E-96  2.1140E-97  2.4663E-98  2.8234E-99  3.1760-100  3.5053-101  3.7833-102  3.9909-103  4.1329-104  4.2288-105
       4.2825-106  4.2723-107  4.1807-108  4.0251-109  3.8388-110  3.6275-111  3.3730-112  3.0808-113  2.7891-114  2.5165-115
       2.2442-116  1.9646-117  1.7037-118  1.4743-119  1.2604-120  1.0600-121  8.8866-123  7.4213-124  6.0948-125  4.9679-126
       4.0459-127  3.2474-128  2.5881-129  2.0596-130  1.6149-131  1.2620-132  9.8123-134  7.5429-135  5.7968-136  4.4046-137
       3.3360-138  2.5076-139  1.8728-140  1.3929-141  1.0294-142  7.5745-144  5.5355-145  4.0281-146  2.9144-147  2.0994-148
       1.5562-149
  87   9.4194-103  2.3941-101  5.6619-100  1.1845E-98  2.1742E-97  3.4879E-96  4.8894E-95  6.0127E-94  6.5371E-93  6.3566E-92
       5.6093E-91  4.5659E-90  3.4824E-89  2.5188E-88  1.7365E-87  1.1365E-86  6.9627E-86  3.9032E-85  1.9441E-84  8.3193E-84
       2.9500E-83  8.3444E-83  1.8088E-82  2.8957E-82  3.4271E-82  3.3479E-82  2.7065E-82  1.8072E-82  1.0093E-82  4.7866E-83
       1.9518E-83  6.9033E-84  2.1447E-84  5.9464E-85  1.4973E-85  3.4816E-86  7.5762E-87  1.5541E-87  3.0063E-88  5.5036E-89
       9.5736E-90  1.5904E-90  2.5366E-91  3.8994E-92  5.7887E-93  8.3017E-94  1.1508E-94  1.5448E-95  2.0144E-96  2.5586E-97
       3.1712E-98  3.8390E-99  4.5464-100  5.2787-101  6.0167-102  6.7235-103  7.3460-104  7.8467-105  8.2336-106  8.5407-107
       8.7683-108  8.8624-109  8.7784-110  8.5490-111  8.2458-112  7.8826-113  7.4174-114  6.8576-115  6.2834-116  5.7354-117
       5.1711-118  4.5750-119  4.0100-120  3.5084-121  3.0326-122  2.5781-123  2.1843-124  1.8430-125  1.5289-126  1.2591-127
       1.0361-128  8.4006-130  6.7610-131  5.4318-132  4.2994-133  3.3930-134  2.6645-135  2.0685-136  1.6045-137  1.2300-138
       9.3964-140  7.1269-141  5.3736-142  4.0345-143  3.0074-144  2.2324-145  1.6452-146  1.2071-147  8.8106-149  6.4027-150
       4.7867-151
  88   1.9479-104  4.7937-103  1.0961-101  2.2125-100  3.9132E-99  6.0435E-98  8.1542E-97  9.6560E-96  1.0121E-94  9.5082E-94
       8.1305E-93  6.4383E-92  4.7993E-91  3.4089E-90  2.3179E-89  1.5007E-88  9.1083E-88  5.0580E-87  2.4924E-86  1.0533E-85
       3.6822E-85  1.0262E-84  2.1945E-84  3.4823E-84  4.1165E-84  4.0213E-84  3.2674E-84  2.2062E-84  1.2516E-84  6.0445E-85
       2.5122E-85  9.0579E-86  2.8666E-86  8.0884E-87  2.0710E-87  4.8950E-88  1.0829E-88  2.2573E-89  4.4393E-90  8.2671E-91
       1.4635E-91  2.4743E-92  4.0142E-93  6.2711E-94  9.4489E-95  1.3739E-95  1.9298E-96  2.6253E-97  3.4712E-98  4.4745E-99
       5.6308-100  6.9202-101  8.3138-102  9.7824-103  1.1290-103  1.2768-104  1.4122-105  1.5280-106  1.6251-107  1.7090-108
       1.7780-109  1.8196-110  1.8232-111  1.7954-112  1.7516-113  1.6945-114  1.6140-115  1.5104-116  1.4001-117  1.2923-118
       1.1776-119  1.0529-120  9.3300-122  8.2541-123  7.2127-124  6.1964-125  5.3038-126  4.5209-127  3.7892-128  3.1531-129
       2.6213-130  2.1460-131  1.7435-132  1.4141-133  1.1303-134  9.0111-136  7.1458-137  5.5988-138  4.3807-139  3.3869-140
       2.6113-141  2.0001-142  1.5220-143  1.1525-144  8.6666-146  6.4851-147  4.8197-148  3.5688-149  2.6280-150  1.9255-151
       1.4518-152
  89   3.9704-106  9.4542-105  2.0892-103  4.0685-102  6.9337-101  1.0312E-99  1.3399E-98  1.5289E-97  1.5464E-96  1.4051E-95
       1.1658E-94  8.9949E-94  6.5644E-93  4.5870E-92  3.0810E-91  1.9760E-90  1.1893E-89  6.5457E-89  3.1918E-88  1.3320E-87
       4.5904E-87  1.2603E-86  2.6590E-86  4.1824E-86  4.9373E-86  4.8243E-86  3.9408E-86  2.6910E-86  1.5507E-86  7.6254E-87
       3.2292E-87  1.1861E-87  3.8211E-88  1.0964E-88  2.8530E-89  6.8516E-90  1.5404E-90  3.2623E-91  6.5236E-92  1.2361E-92
       2.2272E-93  3.8318E-94  6.3205E-95  1.0022E-95  1.5322E-96  2.2577E-97  3.2128E-98  4.4296E-99  5.9409-100  7.7737-101
       9.9320-102  1.2386-102  1.5084-103  1.7971-104  2.0987-105  2.4020-106  2.6901-107  2.9493-108  3.1798-109  3.3892-110
       3.5710-111  3.6973-112  3.7460-113  3.7302-114  3.6820-115  3.6058-116  3.4769-117  3.2920-118  3.0857-119  2.8787-120
       2.6513-121  2.3964-122  2.1470-123  1.9205-124  1.6959-125  1.4718-126  1.2727-127  1.0961-128  9.2838-130  7.8048-131
       6.5517-132  5.4136-133  4.4397-134  3.6369-135  2.9372-136  2.3644-137  1.8923-138  1.4952-139  1.1799-140  9.2079-142
       7.1721-143  5.5422-144  4.2537-145  3.2484-146  2.4618-147  1.8585-148  1.3946-149  1.0413-150  7.7301-152  5.7092-153
       4.3413-154
  90   7.9764-108  1.8365-106  3.9209-105  7.3653-104  1.2096-102  1.7330-101  2.1696-100  2.3873E-99  2.3324E-98  2.0520E-97
       1.6543E-96  1.2457E-95  8.9158E-95  6.1398E-94  4.0804E-93  2.5956E-92  1.5504E-91  8.4607E-91  4.0826E-90  1.6823E-89
       5.7146E-89  1.5455E-88  3.2171E-88  5.0160E-88  5.9129E-88  5.7811E-88  4.7493E-88  3.2803E-88  1.9201E-88  9.6117E-89
       4.1456E-89  1.5502E-89  5.0796E-90  1.4812E-90  3.9146E-91  9.5491E-92  2.1815E-92  4.6928E-93  9.5435E-94  1.8404E-94
       3.3754E-95  5.9073E-96  9.8922E-97  1.5917E-97  2.4677E-98  3.6841E-99  5.3117-100  7.4251-101  1.0106-101  1.3425-102
       1.7409-103  2.2015-104  2.7152-105  3.2732-106  3.8670-107  4.4797-108  5.0821-109  5.6474-110  6.1712-111  6.6623-112
       7.1033-113  7.4367-114  7.6173-115  7.6723-116  7.6653-117  7.5998-118  7.4157-119  7.0998-120  6.7262-121  6.3421-122
       5.9051-123  5.3965-124  4.8883-125  4.4191-126  3.9421-127  3.4557-128  3.0196-129  2.6286-130  2.2493-131  1.9092-132
       1.6174-133  1.3489-134  1.1175-135  9.2520-137  7.5431-138  6.1287-139  4.9450-140  3.9402-141  3.1395-142  2.4758-143
       1.9449-144  1.5159-145  1.1729-146  9.0271-148  6.9056-149  5.2632-150  3.9811-151  2.9977-152  2.2422-153  1.6698-154
       1.2803-155
  91   1.5794-109  3.5139-108  7.2454-107  1.3128-105  2.0781-104  2.8691-103  3.4628-102  3.6773-101  3.4735-100  2.9627E-99
       2.3243E-98  1.7109E-97  1.2031E-96  8.1796E-96  5.3868E-95  3.4024E-94  2.0183E-93  1.0923E-92  5.2157E-92  2.1217E-91
       7.1025E-91  1.8921E-90  3.8858E-90  6.0069E-90  7.0710E-90  6.9206E-90  5.7201E-90  3.9972E-90  2.3766E-90  1.2107E-90
       5.3153E-91  2.0221E-91  6.7340E-92  1.9941E-92  5.3506E-93  1.3256E-93  3.0752E-94  6.7214E-95  1.3905E-95  2.7294E-96
       5.0954E-97  9.0566E-98  1.5390E-98  2.5120E-99  3.9477-100  5.9712-101  8.7255-102  1.2373-102  1.7094-103  2.3054-104
       3.0328-105  3.8856-106  4.8493-107  5.9125-108  7.0668-109  8.2893-110  9.5297-111  1.0734-111  1.1882-112  1.2982-113
       1.3996-114  1.4812-115  1.5342-116  1.5636-117  1.5815-118  1.5869-119  1.5660-120  1.5152-121  1.4506-122  1.3828-123
       1.3020-124  1.2029-125  1.1011-126  1.0056-127  9.0610-129  8.0266-130  7.0900-131  6.2367-132  5.3873-133  4.6138-134
       3.9452-135  3.3242-136  2.7842-137  2.3267-138  1.9145-139  1.5676-140  1.2755-141  1.0266-142  8.2659-144  6.5721-145
       5.2089-146  4.0901-147  3.1900-148  2.4808-149  1.9153-150  1.4711-151  1.1222-152  8.5098-154  6.4175-155  4.8075-156
       3.7252-157
  92   3.0822-111  6.6223-110  1.3184-108  2.3040-107  3.5161-106  4.6799-105  5.4486-104  5.5887-103  5.1093-102  4.2304-101
       3.2344-100  2.3314E-99  1.6138E-98  1.0851E-97  7.0918E-97  4.4522E-96  2.6242E-95  1.4086E-94  6.6544E-94  2.6716E-93
       8.8114E-93  2.3119E-92  4.6853E-92  7.1824E-92  8.4444E-92  8.2778E-92  6.8868E-92  4.8700E-92  2.9408E-92  1.5241E-92
       6.8067E-93  2.6322E-93  8.9022E-94  2.6754E-94  7.2857E-95  1.8330E-95  4.3168E-96  9.5894E-97  2.0185E-97  4.0343E-98
       7.6539E-99  1.3810E-99  2.3805-100  3.9401-101  6.2737-102  9.6158-103  1.4249-103  2.0507-104  2.8767-105  3.9375-106
       5.2506-107  6.8093-108  8.5942-109  1.0596-109  1.2818-110  1.5232-111  1.7749-112  2.0255-113  2.2696-114  2.5074-115
       2.7322-116  2.9234-117  3.0632-118  3.1601-119  3.2347-120  3.2829-121  3.2741-122  3.2010-123  3.0979-124  2.9864-125
       2.8430-126  2.6541-127  2.4538-128  2.2635-129  2.0614-130  1.8461-131  1.6480-132  1.4633-133  1.2749-134  1.1019-135
       9.5222-137  8.1150-138  6.8588-139  5.7846-140  4.7942-141  3.9589-142  3.2559-143  2.6477-144  2.1491-145  1.7238-146
       1.3751-147  1.0893-148  8.5950-150  6.7372-151  5.2419-152  4.0550-153  3.1137-154  2.3883-155  1.8194-156  1.3674-157
       1.0666-158
  93   5.9283-113  1.2293-111  2.3623-110  3.9819-109  5.8593-108  7.5219-107  8.4535-106  8.3823-105  7.4252-104  5.9761-103
       4.4601-102  3.1538-101  2.1528-100  1.4341E-99  9.3142E-99  5.8172E-98  3.4080E-97  1.8143E-96  8.4773E-96  3.3579E-95
       1.0909E-94  2.8190E-94  5.6386E-94  8.5746E-94  1.0072E-93  9.8947E-94  8.2900E-94  5.9336E-94  3.6387E-94  1.9174E-94
       8.7052E-95  3.4191E-95  1.1735E-95  3.5775E-96  9.8849E-97  2.5249E-97  6.0366E-98  1.3633E-98  2.9205E-99  5.9381-100
       1.1442-100  2.0946-101  3.6612-102  6.1435-103  9.9076-104  1.5393-104  2.3144-105  3.3822-106  4.8172-107  6.6874-108
       9.0309-109  1.1847-109  1.5117-110  1.8855-111  2.3097-112  2.7817-113  3.2848-114  3.7952-115  4.3003-116  4.8012-117
       5.2881-118  5.7229-119  6.0689-120  6.3359-121  6.5594-122  6.7282-123  6.7801-124  6.7000-125  6.5569-126  6.3913-127
       6.1477-128  5.7951-129  5.4109-130  5.0455-131  4.6469-132  4.2060-133  3.7892-134  3.3926-135  2.9824-136  2.6058-137
       2.2786-138  1.9588-139  1.6706-140  1.4185-141  1.1857-142  9.9069-144  8.2287-145  6.7445-146  5.5192-147  4.4531-148
       3.5882-149  2.8753-150  2.2856-151  1.8060-152  1.4135-153  1.1034-154  8.5725-156  6.5963-157  5.0648-158  3.8344-159
       3.0010-160
  94   1.1238-114  2.2478-113  4.1684-112  6.7768-111  9.6179-110  1.1914-108  1.2934-107  1.2410-106  1.0664-105  8.3549-105
       6.0967-104  4.2370-103  2.8575-102  1.8890-101  1.2208-100  7.5905-100  4.4209E-99  2.3337E-98  1.0782E-97  4.2120E-97
       1.3476E-96  3.4297E-96  6.7726E-96  1.0221E-95  1.2001E-95  1.1826E-95  9.9794E-96  7.2312E-96  4.5021E-96  2.4109E-96
       1.1118E-96  4.4313E-97  1.5423E-97  4.7679E-98  1.3369E-98  3.4645E-99  8.4125-100  1.9321-100  4.2133-101  8.7039-102
       1.7023-102  3.1603-103  5.6000-104  9.5226-105  1.5555-105  2.4509-106  3.7413-107  5.5527-108  8.0269-109  1.1285-109
       1.5426-110  2.0461-111  2.6403-112  3.3334-113  4.1376-114  5.0506-115  6.0401-116  7.0588-117  8.0826-118  9.1190-119
       1.0157-119  1.1123-120  1.1936-121  1.2602-122  1.3185-123  1.3665-124  1.3919-125  1.3909-126  1.3763-127  1.3553-128
       1.3160-129  1.2526-130  1.1823-131  1.1154-132  1.0384-133  9.4819-135  8.6090-136  7.7769-137  6.9140-138  6.1137-139
       5.3914-140  4.6753-141  4.0118-142  3.4374-143  2.9115-144  2.4545-145  2.0546-146  1.6956-147  1.3960-148  1.1401-149
       9.2893-151  7.4915-152  6.0017-153  4.7661-154  3.7670-155  2.9562-156  2.3208-157  1.7877-158  1.3749-159  1.0591-160
       8.3302-162
  95   2.0996-116  4.0486-115  7.2433-114  1.1358-112  1.5552-111  1.8601-110  1.9521-109  1.8141-108  1.5141-107  1.1564-106
       8.2650-106  5.6559-105  3.7758-104  2.4810-103  1.5973-102  9.8929-102  5.7283-101  2.9976-100  1.3686E-99  5.2714E-99
       1.6605E-98  4.1629E-98  8.1187E-98  1.2169E-97  1.4293E-97  1.4133E-97  1.2016E-97  8.8160E-98  5.5706E-98  3.0293E-98
       1.4177E-98  5.7296E-99  2.0211E-99  6.3338-100  1.8020-100  4.7376-101  1.1688-101  2.7313-102  6.0567-103  1.2705-103
       2.5206-104  4.7440-105  8.5217-106  1.4673-106  2.4289-107  3.8837-108  6.0214-109  9.0766-110  1.3290-110  1.8919-111
       2.6165-112  3.5091-113  4.5819-114  5.8598-115  7.3723-116  9.1169-117  1.1032-117  1.3030-118  1.5075-119  1.7194-120
       1.9377-121  2.1474-122  2.3305-123  2.4862-124  2.6279-125  2.7532-126  2.8362-127  2.8654-128  2.8637-129  2.8459-130
       2.7899-131  2.6849-132  2.5649-133  2.4458-134  2.2964-135  2.1118-136  1.9344-137  1.7686-138  1.5911-139  1.4184-140
       1.2612-141  1.0996-142  9.5306-144  8.2836-145  7.0703-146  6.0101-147  5.0569-148  4.2042-149  3.5141-150  2.8914-151
       2.3717-152  1.9202-153  1.5468-154  1.2445-155  9.9777-157  7.8602-158  6.1501-159  4.8499-160  3.7269-161  2.8688-162
       2.3027-163
  96   3.8663-118  7.1830-117  1.2395-115  1.8750-114  2.4776-113  2.8625-112  2.9063-111  2.6188-110  2.1256-109  1.5852-108
       1.1117-107  7.5053-107  4.9689-106  3.2506-105  2.0869-104  1.2880-103  7.4135-103  3.8441-102  1.7337-101  6.5806-101
       2.0408-100  5.0404-100  9.7145-100  1.4471E-99  1.7018E-99  1.6893E-99  1.4477E-99  1.0754E-99  6.8928-100  3.8033-100
       1.8047-100  7.3897-101  2.6407-101  8.3909-102  2.4206-102  6.4590-103  1.6197-103  3.8513-104  8.6761-105  1.8470-105
       3.7150-106  7.0859-107  1.2900-107  2.2489-108  3.7746-109  6.1283-110  9.6541-111  1.4747-111  2.1865-112  3.1512-113
       4.4069-114  5.9793-115  7.9065-116  1.0249-116  1.3066-117  1.6356-118  2.0008-119  2.3876-120  2.7921-121  3.2218-122
       3.6742-123  4.1176-124  4.5147-125  4.8652-126  5.1987-127  5.5099-128  5.7396-129  5.8547-130  5.9012-131  5.9197-132
       5.8698-133  5.7215-134  5.5200-135  5.3077-136  5.0153-137  4.6530-138  4.3188-139  3.9939-140  3.6213-141  3.2515-142
       2.9062-143  2.5640-144  2.2535-145  1.9717-146  1.6966-147  1.4470-148  1.2310-149  1.0379-150  8.7420-152  7.2184-153
       5.9430-154  4.8893-155  4.0022-156  3.2185-157  2.5976-158  2.0725-159  1.6438-160  1.2922-161  1.0086-162  7.8762-164
       6.3048-165
  97   7.0168-120  1.2554-118  2.0892-117  3.0485-116  3.8891-115  4.3431-114  4.2698-113  3.7346-112  2.9526-111  2.1564-110
       1.4878-109  9.9296-109  6.5220-108  4.2497-107  2.7231-106  1.6751-105  9.5819-105  4.9205-104  2.1909-103  8.1924-103
       2.5010-102  6.0875-102  1.1605-101  1.7205-101  2.0260-101  2.0197-101  1.7456-101  1.3125-101  8.5283-102  4.7703-102
       2.2929-102  9.5060-103  3.4403-103  1.1084-103  3.2417-104  8.7833-105  2.2398-105  5.4153-106  1.2385-106  2.6737-107
       5.4500-108  1.0536-108  1.9421-109  3.4299-110  5.8418-111  9.6348-112  1.5395-112  2.3819-113  3.5755-114  5.2153-115
       7.3751-116  1.0131-116  1.3576-117  1.7837-118  2.3026-119  2.9146-120  3.6029-121  4.3459-122  5.1410-123  6.0027-124
       6.9218-125  7.8362-126  8.6781-127  9.4550-128  1.0224-128  1.0960-129  1.1523-130  1.1846-131  1.2049-132  1.2233-133
       1.2291-134  1.2085-135  1.1757-136  1.1368-137  1.0845-138  1.0216-139  9.5753-141  8.9229-142  8.1328-143  7.3464-144
       6.6691-145  5.9512-146  5.2658-147  4.6270-148  4.0019-149  3.4683-150  2.9952-151  2.5283-152  2.1346-153  1.7947-154
       1.5021-155  1.2280-156  1.0128-157  8.2496-159  6.6355-160  5.3710-161  4.2677-162  3.3989-163  2.6599-164  2.0921-165
       1.6917-166
  98   1.2552-121  2.1613-120  3.4681-119  4.8827-118  6.0158-117  6.4980-116  6.1927-115  5.2699-114  4.0736-113  2.9209-112
       1.9894-111  1.3148-110  8.5712-110  5.5526-109  3.5493-108  2.1763-107  1.2366-106  6.2852-106  2.7614-105  1.0169-104
       3.0561-104  7.3363-104  1.3846-103  2.0451-103  2.4121-103  2.4161-103  2.1069-103  1.6028-103  1.0550-103  5.9760-104
       2.9071-104  1.2196-104  4.4711-105  1.4597-105  4.3300-106  1.1919-106  3.0917-107  7.5924-108  1.7615-108  3.8542-109
       7.9592-110  1.5593-110  2.9093-111  5.2096-112  9.0087-113  1.5085-113  2.4417-114  3.8250-115  5.8140-116  8.5757-117
       1.2273-117  1.7082-118  2.3204-119  3.0876-120  4.0317-121  5.1582-122  6.4464-123  7.8670-124  9.4164-125  1.1115-125
       1.2943-126  1.4799-127  1.6576-128  1.8289-129  1.9989-130  2.1623-131  2.2897-132  2.3750-133  2.4472-134  2.5161-135
       2.5486-136  2.5257-137  2.4691-138  2.4149-139  2.3412-140  2.2224-141  2.0996-142  1.9631-143  1.8075-144  1.6613-145
       1.5214-146  1.3629-147  1.2107-148  1.0786-149  9.5108-151  8.2601-152  7.1364-153  6.1213-154  5.2471-155  4.3827-156
       3.6955-157  3.0775-158  2.5210-159  2.0832-160  1.6922-161  1.3677-162  1.0994-163  8.7769-165  6.9990-166  5.5130-167
       4.5396-168
  99   2.2131-123  3.6661-122  5.6716-121  7.7051-120  9.1736-119  9.5962-118  8.8965-117  7.3896-116  5.6031-115  3.9585-114
       2.6636-113  1.7436-112  1.1280-111  7.2599-111  4.6218-110  2.8243-109  1.5933-108  8.0095-108  3.4702-107  1.2582-106
       3.7233-106  8.8233-106  1.6514-105  2.4307-105  2.8725-105  2.8922-105  2.5456-105  1.9583-105  1.3044-105  7.4754-106
       3.6774-106  1.5607-106  5.7966-107  1.9172-107  5.7711-108  1.6145-108  4.2586-109  1.0613-109  2.4962-110  5.5327-111
       1.1577-111  2.2959-112  4.3397-113  7.8852-114  1.3851-114  2.3501-115  3.8517-116  6.1085-117  9.3980-118  1.4023-118
       2.0328-119  2.8677-120  3.9456-121  5.3116-122  7.0119-123  9.0727-124  1.1476-124  1.4167-125  1.7141-126  2.0423-127
       2.4018-128  2.7792-129  3.1532-130  3.5116-131  3.8751-132  4.2180-133  4.5092-134  4.7487-135  4.9463-136  5.1255-137
       5.2237-138  5.2046-139  5.1664-140  5.1239-141  5.0019-142  4.7720-143  4.5345-144  4.3116-145  4.0299-146  3.7096-147
       3.4148-148  3.1009-149  2.8059-150  2.5051-151  2.2105-152  1.9465-153  1.7018-154  1.4560-155  1.2544-156  1.0676-157
       9.0075-159  7.5638-160  6.3115-161  5.2507-162  4.3131-163  3.5212-164  2.8669-165  2.3198-166  1.8569-167  1.4740-168
       1.2118-169
 100   3.8471-125  6.1285-124  9.1406-123  1.1991-121  1.3828-120  1.4059-119  1.2709-118  1.0348-117  7.7133-117  5.3707-116
       3.5711-115  2.3157-114  1.4868-113  9.5060-113  6.0161-112  3.6609-111  2.0491-110  1.0180-109  4.3471-109  1.5515-108
       4.5252-108  1.0597-107  1.9689-107  2.8892-107  3.4225-107  3.4654-107  3.0790-107  2.3935-107  1.6117-107  9.3346-108
       4.6408-108  1.9929-108  7.4944-109  2.5124-109  7.6791-110  2.1846-110  5.8520-111  1.4789-111  3.5238-112  7.9094-113
       1.6767-113  3.3656-114  6.4508-115  1.1902-115  2.1201-116  3.6429-117  6.0444-118  9.7073-119  1.5107-119  2.2826-120
       3.3535-121  4.7901-122  6.6684-123  9.0768-124  1.2123-124  1.5882-125  2.0312-126  2.5344-127  3.0938-128  3.7225-129
       4.4355-130  5.1962-131  5.9470-132  6.6874-133  7.4173-134  8.1659-135  8.8751-136  9.4286-137  9.9013-138  1.0302-138
       1.0603-139  1.0758-140  1.0784-141  1.0739-142  1.0535-143  1.0187-144  9.8710-146  9.4123-147  8.8285-148  8.2405-149
       7.7058-150  6.9954-151  6.3593-152  5.7536-153  5.1194-154  4.5223-155  3.9762-156  3.4507-157  2.9891-158  2.5602-159
       2.1816-160  1.8528-161  1.5523-162  1.3001-163  1.0689-164  8.7966-166  7.2029-167  5.8986-168  4.7972-169  3.8442-170
       3.1902-171
 101   6.7256-127  1.0294-125  1.4797-124  1.8783-123  2.1044-122  2.0878-121  1.8482-120  1.4771-119  1.0830-118  7.4335-118
       4.8825-117  3.1330-116  1.9931-115  1.2636-114  7.9480-114  4.8117-113  2.6698-112  1.3089-111  5.4998-111  1.9305-110
       5.5543-110  1.2880-109  2.3759-109  3.4762-109  4.1287-109  4.2081-109  3.7740-109  2.9614-109  2.0130-109  1.1768-109
       5.9117-110  2.5712-110  9.7892-111  3.3270-111  1.0332-111  2.9911-112  8.1274-113  2.0800-113  5.0174-114  1.1416-114
       2.4512-115  4.9835-116  9.6930-117  1.8170-117  3.2773-118  5.6989-119  9.5779-120  1.5581-120  2.4547-121  3.7600-122
       5.5917-123  8.0821-124  1.1381-124  1.5673-125  2.1224-126  2.8087-127  3.6248-128  4.5736-129  5.6283-130  6.8617-131
       8.3009-132  9.7722-133  1.1280-133  1.2761-134  1.4290-135  1.6091-136  1.7503-137  1.8730-138  1.9766-139  2.0810-140
       2.1872-141  2.2051-142  2.2464-143  2.2399-144  2.2597-145  2.1695-146  2.1301-147  2.0362-148  1.9607-149  1.8121-150
       1.7115-151  1.5769-152  1.4304-153  1.3244-154  1.1827-155  1.0500-156  9.4293-158  8.2470-159  7.1509-160  6.2004-161
       5.3323-162  4.5390-163  3.7852-164  3.1483-165  2.5856-166  2.1521-167  1.8178-168  1.5144-169  1.2096-170  9.8163-172
       8.3178-173

 CONCENTRATION WILL BE SAVED ON UNIT 1029 AT END OF TIME STEP    1, STRESS PERIOD    1


  MASS BUDGET FOR ENTIRE MODEL AT END OF TIME STEP    1, STRESS PERIOD   1
  ---------------------------------------------------------------------------------------------------

     CUMULATIVE MASS      M       RATES FOR THIS TIME STEP      M/T          PACKAGE NAME    
     ------------------                 ------------------------                     ----------------

           IN:                                      IN:
           ---                                      ---
     STORAGE-AQUEOUS =           0.0000       STORAGE-AQUEOUS =           0.0000     MST                              
                 WEL =           0.0000                   WEL =           0.0000     SSM_WEL-1                        
                 CHD =           0.0000                   CHD =           0.0000     SSM_CHD-1                        
                 CNC =        3509.0767                   CNC =        3509.0767     CNC                              

            TOTAL IN =        3509.0767              TOTAL IN =        3509.0767

          OUT:                                     OUT:
          ----                                     ----
     STORAGE-AQUEOUS =        3509.0767       STORAGE-AQUEOUS =        3509.0767     MST                              
                 WEL =           0.0000                   WEL =           0.0000     SSM_WEL-1                        
                 CHD =       8.1595E-98                   CHD =       8.1595E-98     SSM_CHD-1                        
                 CNC =           0.0000                   CNC =           0.0000     CNC                              

           TOTAL OUT =        3509.0767             TOTAL OUT =        3509.0767

            IN - OUT =       8.0036E-11              IN - OUT =       8.0036E-11

 PERCENT DISCREPANCY =           0.00     PERCENT DISCREPANCY =           0.00




         TIME SUMMARY AT END OF TIME STEP    1 IN STRESS PERIOD    1
                    SECONDS     MINUTES      HOURS       DAYS        YEARS
                    -----------------------------------------------------------
   TIME STEP LENGTH  86400.      1440.0      24.000      1.0000     2.73785E-03
 STRESS PERIOD TIME  86400.      1440.0      24.000      1.0000     2.73785E-03
         TOTAL TIME  86400.      1440.0      24.000      1.0000     2.73785E-03


end timestep


start timestep kper="2" kstp="1" mode="normal"


 END OF FILE DETECTED IN OUTPUT CONTROL.
 CURRENT OUTPUT CONTROL SETTINGS WILL BE 
 REPEATED UNTIL THE END OF THE SIMULATION.

 OUTPUT CONTROL FOR STRESS PERIOD 2 IS REPEATED USING SETTINGS FROM A PREVIOUS STRESS PERIOD.

end timestep


start timestep kper="2" kstp="2" mode="normal"


end timestep


start timestep kper="2" kstp="3" mode="normal"


end timestep


start timestep kper="2" kstp="4" mode="normal"


end timestep


start timestep kper="2" kstp="5" mode="normal"


end timestep


start timestep kper="2" kstp="6" mode="normal"


end timestep


start timestep kper="2" kstp="7" mode="normal"


end timestep


start timestep kper="2" kstp="8" mode="normal"


end timestep


start timestep kper="2" kstp="9" mode="normal"


end timestep


start timestep kper="2" kstp="10" mode="normal"


end timestep


start timestep kper="2" kstp="11" mode="normal"


end timestep


start timestep kper="2" kstp="12" mode="normal"


end timestep


start timestep kper="2" kstp="13" mode="normal"


end timestep


start timestep kper="2" kstp="14" mode="normal"


end timestep


start timestep kper="2" kstp="15" mode="normal"


end timestep


start timestep kper="2" kstp="16" mode="normal"


end timestep


start timestep kper="2" kstp="17" mode="normal"


end timestep


start timestep kper="2" kstp="18" mode="normal"


end timestep


start timestep kper="2" kstp="19" mode="normal"


end timestep


start timestep kper="2" kstp="20" mode="normal"


end timestep


start timestep kper="2" kstp="21" mode="normal"


end timestep


start timestep kper="2" kstp="22" mode="normal"


end timestep


start timestep kper="2" kstp="23" mode="normal"


end timestep


start timestep kper="2" kstp="24" mode="normal"


end timestep


start timestep kper="2" kstp="25" mode="normal"


end timestep


start timestep kper="2" kstp="26" mode="normal"


end timestep


start timestep kper="2" kstp="27" mode="normal"


end timestep


start timestep kper="2" kstp="28" mode="normal"


end timestep


start timestep kper="2" kstp="29" mode="normal"


end timestep


start timestep kper="2" kstp="30" mode="normal"


end timestep


start timestep kper="2" kstp="31" mode="normal"


end timestep


start timestep kper="2" kstp="32" mode="normal"


end timestep


start timestep kper="2" kstp="33" mode="normal"


end timestep


start timestep kper="2" kstp="34" mode="normal"


end timestep


start timestep kper="2" kstp="35" mode="normal"


end timestep


start timestep kper="2" kstp="36" mode="normal"


end timestep


start timestep kper="2" kstp="37" mode="normal"


end timestep


start timestep kper="2" kstp="38" mode="normal"


end timestep


start timestep kper="2" kstp="39" mode="normal"


end timestep


start timestep kper="2" kstp="40" mode="normal"


end timestep


start timestep kper="2" kstp="41" mode="normal"


end timestep


start timestep kper="2" kstp="42" mode="normal"


end timestep


start timestep kper="2" kstp="43" mode="normal"


end timestep


start timestep kper="2" kstp="44" mode="normal"


end timestep


start timestep kper="2" kstp="45" mode="normal"


end timestep


start timestep kper="2" kstp="46" mode="normal"


end timestep


start timestep kper="2" kstp="47" mode="normal"


end timestep


start timestep kper="2" kstp="48" mode="normal"


end timestep


start timestep kper="2" kstp="49" mode="normal"


end timestep


start timestep kper="2" kstp="50" mode="normal"


end timestep


start timestep kper="2" kstp="51" mode="normal"


end timestep


start timestep kper="2" kstp="52" mode="normal"


end timestep


start timestep kper="2" kstp="53" mode="normal"


end timestep


start timestep kper="2" kstp="54" mode="normal"


end timestep


start timestep kper="2" kstp="55" mode="normal"


end timestep


start timestep kper="2" kstp="56" mode="normal"


end timestep


start timestep kper="2" kstp="57" mode="normal"


end timestep


start timestep kper="2" kstp="58" mode="normal"


end timestep


start timestep kper="2" kstp="59" mode="normal"


end timestep


start timestep kper="2" kstp="60" mode="normal"


end timestep


start timestep kper="2" kstp="61" mode="normal"


end timestep


start timestep kper="2" kstp="62" mode="normal"


end timestep


start timestep kper="2" kstp="63" mode="normal"


end timestep


start timestep kper="2" kstp="64" mode="normal"


end timestep


start timestep kper="2" kstp="65" mode="normal"


end timestep


start timestep kper="2" kstp="66" mode="normal"


end timestep


start timestep kper="2" kstp="67" mode="normal"


end timestep


start timestep kper="2" kstp="68" mode="normal"


end timestep


start timestep kper="2" kstp="69" mode="normal"


end timestep


start timestep kper="2" kstp="70" mode="normal"


end timestep


start timestep kper="2" kstp="71" mode="normal"


end timestep


start timestep kper="2" kstp="72" mode="normal"


end timestep


start timestep kper="2" kstp="73" mode="normal"


end timestep


start timestep kper="2" kstp="74" mode="normal"


end timestep


start timestep kper="2" kstp="75" mode="normal"


end timestep


start timestep kper="2" kstp="76" mode="normal"


end timestep


start timestep kper="2" kstp="77" mode="normal"


end timestep


start timestep kper="2" kstp="78" mode="normal"


end timestep


start timestep kper="2" kstp="79" mode="normal"


end timestep


start timestep kper="2" kstp="80" mode="normal"


end timestep


start timestep kper="2" kstp="81" mode="normal"


end timestep


start timestep kper="2" kstp="82" mode="normal"


end timestep


start timestep kper="2" kstp="83" mode="normal"


end timestep


start timestep kper="2" kstp="84" mode="normal"


end timestep


start timestep kper="2" kstp="85" mode="normal"


end timestep


start timestep kper="2" kstp="86" mode="normal"


end timestep


start timestep kper="2" kstp="87" mode="normal"


end timestep


start timestep kper="2" kstp="88" mode="normal"


end timestep


start timestep kper="2" kstp="89" mode="normal"


end timestep


start timestep kper="2" kstp="90" mode="normal"


end timestep


start timestep kper="2" kstp="91" mode="normal"


end timestep


start timestep kper="2" kstp="92" mode="normal"


end timestep


start timestep kper="2" kstp="93" mode="normal"


end timestep


start timestep kper="2" kstp="94" mode="normal"


end timestep


start timestep kper="2" kstp="95" mode="normal"


end timestep


start timestep kper="2" kstp="96" mode="normal"


end timestep


start timestep kper="2" kstp="97" mode="normal"


end timestep


start timestep kper="2" kstp="98" mode="normal"


end timestep


start timestep kper="2" kstp="99" mode="normal"


end timestep


start timestep kper="2" kstp="100" mode="normal"


end timestep


start timestep kper="2" kstp="101" mode="normal"


end timestep


start timestep kper="2" kstp="102" mode="normal"


end timestep


start timestep kper="2" kstp="103" mode="normal"


end timestep


start timestep kper="2" kstp="104" mode="normal"


end timestep


start timestep kper="2" kstp="105" mode="normal"


end timestep


start timestep kper="2" kstp="106" mode="normal"


end timestep


start timestep kper="2" kstp="107" mode="normal"


end timestep


start timestep kper="2" kstp="108" mode="normal"


end timestep


start timestep kper="2" kstp="109" mode="normal"


end timestep


start timestep kper="2" kstp="110" mode="normal"


end timestep


start timestep kper="2" kstp="111" mode="normal"


end timestep


start timestep kper="2" kstp="112" mode="normal"


end timestep


start timestep kper="2" kstp="113" mode="normal"


end timestep


start timestep kper="2" kstp="114" mode="normal"


end timestep


start timestep kper="2" kstp="115" mode="normal"


end timestep


start timestep kper="2" kstp="116" mode="normal"


end timestep


start timestep kper="2" kstp="117" mode="normal"


end timestep


start timestep kper="2" kstp="118" mode="normal"


end timestep


start timestep kper="2" kstp="119" mode="normal"


end timestep


start timestep kper="2" kstp="120" mode="normal"


end timestep


start timestep kper="2" kstp="121" mode="normal"


end timestep


start timestep kper="2" kstp="122" mode="normal"


end timestep


start timestep kper="2" kstp="123" mode="normal"


end timestep


start timestep kper="2" kstp="124" mode="normal"


end timestep


start timestep kper="2" kstp="125" mode="normal"


end timestep


start timestep kper="2" kstp="126" mode="normal"


end timestep


start timestep kper="2" kstp="127" mode="normal"


end timestep


start timestep kper="2" kstp="128" mode="normal"


end timestep


start timestep kper="2" kstp="129" mode="normal"


end timestep


start timestep kper="2" kstp="130" mode="normal"


end timestep


start timestep kper="2" kstp="131" mode="normal"


end timestep


start timestep kper="2" kstp="132" mode="normal"


end timestep


start timestep kper="2" kstp="133" mode="normal"


end timestep


start timestep kper="2" kstp="134" mode="normal"


end timestep


start timestep kper="2" kstp="135" mode="normal"


end timestep


start timestep kper="2" kstp="136" mode="normal"


end timestep


start timestep kper="2" kstp="137" mode="normal"


end timestep


start timestep kper="2" kstp="138" mode="normal"


end timestep


start timestep kper="2" kstp="139" mode="normal"


end timestep


start timestep kper="2" kstp="140" mode="normal"


end timestep


start timestep kper="2" kstp="141" mode="normal"


end timestep


start timestep kper="2" kstp="142" mode="normal"


end timestep


start timestep kper="2" kstp="143" mode="normal"


end timestep


start timestep kper="2" kstp="144" mode="normal"


end timestep


start timestep kper="2" kstp="145" mode="normal"


end timestep


start timestep kper="2" kstp="146" mode="normal"


end timestep


start timestep kper="2" kstp="147" mode="normal"


end timestep


start timestep kper="2" kstp="148" mode="normal"


end timestep


start timestep kper="2" kstp="149" mode="normal"


end timestep


start timestep kper="2" kstp="150" mode="normal"


end timestep


start timestep kper="2" kstp="151" mode="normal"


end timestep


start timestep kper="2" kstp="152" mode="normal"


end timestep


start timestep kper="2" kstp="153" mode="normal"


end timestep


start timestep kper="2" kstp="154" mode="normal"


end timestep


start timestep kper="2" kstp="155" mode="normal"


end timestep


start timestep kper="2" kstp="156" mode="normal"


end timestep


start timestep kper="2" kstp="157" mode="normal"


end timestep


start timestep kper="2" kstp="158" mode="normal"


end timestep


start timestep kper="2" kstp="159" mode="normal"


end timestep


start timestep kper="2" kstp="160" mode="normal"


end timestep


start timestep kper="2" kstp="161" mode="normal"


end timestep


start timestep kper="2" kstp="162" mode="normal"


end timestep


start timestep kper="2" kstp="163" mode="normal"


end timestep


start timestep kper="2" kstp="164" mode="normal"


end timestep


start timestep kper="2" kstp="165" mode="normal"


end timestep


start timestep kper="2" kstp="166" mode="normal"


end timestep


start timestep kper="2" kstp="167" mode="normal"


end timestep


start timestep kper="2" kstp="168" mode="normal"


end timestep


start timestep kper="2" kstp="169" mode="normal"


end timestep


start timestep kper="2" kstp="170" mode="normal"


end timestep


start timestep kper="2" kstp="171" mode="normal"


end timestep


start timestep kper="2" kstp="172" mode="normal"


end timestep


start timestep kper="2" kstp="173" mode="normal"


end timestep


start timestep kper="2" kstp="174" mode="normal"


end timestep


start timestep kper="2" kstp="175" mode="normal"


end timestep


start timestep kper="2" kstp="176" mode="normal"


end timestep


start timestep kper="2" kstp="177" mode="normal"


end timestep


start timestep kper="2" kstp="178" mode="normal"


end timestep


start timestep kper="2" kstp="179" mode="normal"


end timestep


start timestep kper="2" kstp="180" mode="normal"


end timestep


start timestep kper="2" kstp="181" mode="normal"


end timestep


start timestep kper="2" kstp="182" mode="normal"


end timestep


start timestep kper="2" kstp="183" mode="normal"


end timestep


start timestep kper="2" kstp="184" mode="normal"


end timestep


start timestep kper="2" kstp="185" mode="normal"


end timestep


start timestep kper="2" kstp="186" mode="normal"


end timestep


start timestep kper="2" kstp="187" mode="normal"


end timestep


start timestep kper="2" kstp="188" mode="normal"


end timestep


start timestep kper="2" kstp="189" mode="normal"


end timestep


start timestep kper="2" kstp="190" mode="normal"


end timestep


start timestep kper="2" kstp="191" mode="normal"


end timestep


start timestep kper="2" kstp="192" mode="normal"


end timestep


start timestep kper="2" kstp="193" mode="normal"


end timestep


start timestep kper="2" kstp="194" mode="normal"


end timestep


start timestep kper="2" kstp="195" mode="normal"


end timestep


start timestep kper="2" kstp="196" mode="normal"


end timestep


start timestep kper="2" kstp="197" mode="normal"


end timestep


start timestep kper="2" kstp="198" mode="normal"


end timestep


start timestep kper="2" kstp="199" mode="normal"


end timestep


start timestep kper="2" kstp="200" mode="normal"


end timestep


start timestep kper="2" kstp="201" mode="normal"


end timestep


start timestep kper="2" kstp="202" mode="normal"


end timestep


start timestep kper="2" kstp="203" mode="normal"


end timestep


start timestep kper="2" kstp="204" mode="normal"


end timestep


start timestep kper="2" kstp="205" mode="normal"


end timestep


start timestep kper="2" kstp="206" mode="normal"


end timestep


start timestep kper="2" kstp="207" mode="normal"


end timestep


start timestep kper="2" kstp="208" mode="normal"


end timestep


start timestep kper="2" kstp="209" mode="normal"


end timestep


start timestep kper="2" kstp="210" mode="normal"


end timestep


start timestep kper="2" kstp="211" mode="normal"


end timestep


start timestep kper="2" kstp="212" mode="normal"


end timestep


start timestep kper="2" kstp="213" mode="normal"


end timestep


start timestep kper="2" kstp="214" mode="normal"


end timestep


start timestep kper="2" kstp="215" mode="normal"


end timestep


start timestep kper="2" kstp="216" mode="normal"


end timestep


start timestep kper="2" kstp="217" mode="normal"


end timestep


start timestep kper="2" kstp="218" mode="normal"


end timestep


start timestep kper="2" kstp="219" mode="normal"


end timestep


start timestep kper="2" kstp="220" mode="normal"


end timestep


start timestep kper="2" kstp="221" mode="normal"


end timestep


start timestep kper="2" kstp="222" mode="normal"


end timestep


start timestep kper="2" kstp="223" mode="normal"


end timestep


start timestep kper="2" kstp="224" mode="normal"


end timestep


start timestep kper="2" kstp="225" mode="normal"


end timestep


start timestep kper="2" kstp="226" mode="normal"


end timestep


start timestep kper="2" kstp="227" mode="normal"


end timestep


start timestep kper="2" kstp="228" mode="normal"


end timestep


start timestep kper="2" kstp="229" mode="normal"


end timestep


start timestep kper="2" kstp="230" mode="normal"


end timestep


start timestep kper="2" kstp="231" mode="normal"


end timestep


start timestep kper="2" kstp="232" mode="normal"


end timestep


start timestep kper="2" kstp="233" mode="normal"


end timestep


start timestep kper="2" kstp="234" mode="normal"


end timestep


start timestep kper="2" kstp="235" mode="normal"


end timestep


start timestep kper="2" kstp="236" mode="normal"


end timestep


start timestep kper="2" kstp="237" mode="normal"


end timestep


start timestep kper="2" kstp="238" mode="normal"


end timestep


start timestep kper="2" kstp="239" mode="normal"


end timestep


start timestep kper="2" kstp="240" mode="normal"


end timestep


start timestep kper="2" kstp="241" mode="normal"


end timestep


start timestep kper="2" kstp="242" mode="normal"


end timestep


start timestep kper="2" kstp="243" mode="normal"


end timestep


start timestep kper="2" kstp="244" mode="normal"


end timestep


start timestep kper="2" kstp="245" mode="normal"


end timestep


start timestep kper="2" kstp="246" mode="normal"


end timestep


start timestep kper="2" kstp="247" mode="normal"


end timestep


start timestep kper="2" kstp="248" mode="normal"


end timestep


start timestep kper="2" kstp="249" mode="normal"


end timestep


start timestep kper="2" kstp="250" mode="normal"

1
  CONCENTRATION IN LAYER   1 AT END OF TIME STEP 250 IN STRESS PERIOD    2
  ---------------------------------------------------------------------------

 ........................................................................................................................................................................................................................................................................................................................................................................................................................................................................................................................................................................................................................................................................................................................................................................................................................................................................................................................................................................................................................................
   1   2.0006E-11  3.6393E-11  6.2591E-11  1.0368E-10  1.6714E-10  2.6386E-10  4.0961E-10  6.2701E-10  9.4830E-10  1.4191E-09
       2.1034E-09  3.0905E-09  4.5044E-09  6.5158E-09  9.3589E-09  1.3353E-08  1.8932E-08  2.6683E-08  3.7401E-08  5.2152E-08
       7.2373E-08  9.9993E-08  1.3760E-07  1.8867E-07  2.5785E-07  3.5139E-07  4.7763E-07  6.4772E-07  8.7656E-07  1.1839E-06
       1.5960E-06  2.1475E-06  2.8836E-06  3.8638E-06  5.1645E-06  6.8845E-06  9.1495E-06  1.2119E-05  1.5993E-05  2.1020E-05
       2.7504E-05  3.5820E-05  4.6419E-05  5.9842E-05  7.6727E-05  9.7820E-05  1.2399E-04  1.5625E-04  1.9573E-04  2.4373E-04
       3.0164E-04  3.7105E-04  4.5367E-04  5.5138E-04  6.6613E-04  7.9994E-04  9.5495E-04  1.1333E-03  1.3373E-03  1.5690E-03
       1.8305E-03  2.1236E-03  2.4501E-03  2.8115E-03  3.2090E-03  3.6433E-03  4.1150E-03  4.6238E-03  5.1691E-03  5.7498E-03
       6.3642E-03  7.0104E-03  7.6859E-03  8.3864E-03  9.1060E-03  9.8403E-03  1.0586E-02  1.1340E-02  1.2100E-02  1.2853E-02
       1.3580E-02  1.4277E-02  1.4950E-02  1.5603E-02  1.6233E-02  1.6816E-02  1.7318E-02  1.7737E-02  1.8099E-02  1.8418E-02
       1.8686E-02  1.8880E-02  1.8977E-02  1.8978E-02  1.8911E-02  1.8791E-02  1.8616E-02  1.8391E-02  1.8132E-02  1.7877E-02
       1.7696E-02
   2   2.7453E-11  4.9944E-11  8.5911E-11  1.4235E-10  2.2955E-10  3.6252E-10  5.6301E-10  8.6221E-10  1.3046E-09  1.9530E-09
       2.8956E-09  4.2556E-09  6.2033E-09  8.9732E-09  1.2887E-08  1.8381E-08  2.6050E-08  3.6696E-08  5.1400E-08  7.1617E-08
       9.9301E-08  1.3708E-07  1.8846E-07  2.5818E-07  3.5257E-07  4.8013E-07  6.5225E-07  8.8417E-07  1.1963E-06  1.6156E-06
       2.1783E-06  2.9318E-06  3.9385E-06  5.2797E-06  7.0612E-06  9.4185E-06  1.2524E-05  1.6596E-05  2.1907E-05  2.8798E-05
       3.7684E-05  4.9069E-05  6.3559E-05  8.1882E-05  1.0490E-04  1.3361E-04  1.6916E-04  2.1286E-04  2.6621E-04  3.3090E-04
       4.0878E-04  5.0187E-04  6.1234E-04  7.4254E-04  8.9498E-04  1.0723E-03  1.2770E-03  1.5119E-03  1.7796E-03  2.0827E-03
       2.4237E-03  2.8048E-03  3.2280E-03  3.6949E-03  4.2068E-03  4.7644E-03  5.3679E-03  6.0172E-03  6.7113E-03  7.4482E-03
       8.2250E-03  9.0382E-03  9.8845E-03  1.0762E-02  1.1667E-02  1.2587E-02  1.3511E-02  1.4434E-02  1.5350E-02  1.6271E-02
       1.7193E-02  1.8074E-02  1.8887E-02  1.9640E-02  2.0337E-02  2.1007E-02  2.1659E-02  2.2219E-02  2.2645E-02  2.2966E-02
       2.3204E-02  2.3379E-02  2.3495E-02  2.3514E-02  2.3414E-02  2.3221E-02  2.2958E-02  2.2644E-02  2.2304E-02  2.1976E-02
       2.1741E-02
   3   4.5073E-11  8.2008E-11  1.4110E-10  2.3390E-10  3.7738E-10  5.9639E-10  9.2688E-10  1.4205E-09  2.1508E-09  3.2220E-09
       4.7799E-09  7.0279E-09  1.0247E-08  1.4825E-08  2.1289E-08  3.0358E-08  4.3003E-08  6.0538E-08  8.4725E-08  1.1793E-07
       1.6334E-07  2.2522E-07  3.0928E-07  4.2320E-07  5.7730E-07  7.8542E-07  1.0661E-06  1.4444E-06  1.9536E-06  2.6383E-06
       3.5577E-06  4.7900E-06  6.4382E-06  8.6362E-06  1.1558E-05  1.5427E-05  2.0526E-05  2.7213E-05  3.5933E-05  4.7238E-05
       6.1802E-05  8.0441E-05  1.0413E-04  1.3401E-04  1.7144E-04  2.1802E-04  2.7553E-04  3.4601E-04  4.3175E-04  5.3531E-04
       6.5951E-04  8.0741E-04  9.8225E-04  1.1875E-03  1.4267E-03  1.7036E-03  2.0222E-03  2.3860E-03  2.7989E-03  3.2643E-03
       3.7855E-03  4.3655E-03  5.0067E-03  5.7112E-03  6.4802E-03  7.3143E-03  8.2130E-03  9.1753E-03  1.0199E-02  1.1283E-02
       1.2421E-02  1.3608E-02  1.4835E-02  1.6097E-02  1.7387E-02  1.8708E-02  2.0042E-02  2.1360E-02  2.2654E-02  2.3914E-02
       2.5147E-02  2.6376E-02  2.7561E-02  2.8629E-02  2.9578E-02  3.0430E-02  3.1195E-02  3.1908E-02  3.2530E-02  3.2978E-02
       3.3258E-02  3.3414E-02  3.3455E-02  3.3392E-02  3.3215E-02  3.2902E-02  3.2475E-02  3.1972E-02  3.1434E-02  3.0927E-02
       3.0568E-02
   4   7.9296E-11  1.4431E-10  2.4841E-10  4.1203E-10  6.6533E-10  1.0524E-09  1.6373E-09  2.5118E-09  3.8072E-09  5.7088E-09
       8.4765E-09  1.2472E-08  1.8197E-08  2.6335E-08  3.7825E-08  5.3934E-08  7.6380E-08  1.0747E-07  1.5030E-07  2.0904E-07
       2.8923E-07  3.9834E-07  5.4638E-07  7.4676E-07  1.0175E-06  1.3830E-06  1.8757E-06  2.5397E-06  3.4336E-06  4.6362E-06
       6.2522E-06  8.4201E-06  1.1322E-05  1.5195E-05  2.0347E-05  2.7170E-05  3.6166E-05  4.7960E-05  6.3330E-05  8.3232E-05
       1.0883E-04  1.4154E-04  1.8302E-04  2.3523E-04  3.0044E-04  3.8129E-04  4.8079E-04  6.0232E-04  7.4962E-04  9.2680E-04
       1.1384E-03  1.3892E-03  1.6845E-03  2.0297E-03  2.4301E-03  2.8917E-03  3.4200E-03  4.0208E-03  4.6994E-03  5.4609E-03
       6.3098E-03  7.2500E-03  8.2847E-03  9.4163E-03  1.0646E-02  1.1974E-02  1.3399E-02  1.4917E-02  1.6525E-02  1.8216E-02
       1.9987E-02  2.1829E-02  2.3728E-02  2.5668E-02  2.7636E-02  2.9619E-02  3.1622E-02  3.3637E-02  3.5606E-02  3.7495E-02
       3.9306E-02  4.1029E-02  4.2696E-02  4.4310E-02  4.5754E-02  4.6977E-02  4.8032E-02  4.8923E-02  4.9676E-02  5.0295E-02
       5.0690E-02  5.0837E-02  5.0788E-02  5.0560E-02  5.0162E-02  4.9604E-02  4.8885E-02  4.8043E-02  4.7152E-02  4.6323E-02
       4.5741E-02
   5   1.4255E-10  2.5952E-10  4.4702E-10  7.4213E-10  1.1997E-09  1.9000E-09  2.9599E-09  4.5472E-09  6.9019E-09  1.0363E-08
       1.5406E-08  2.2693E-08  3.3138E-08  4.7993E-08  6.8963E-08  9.8356E-08  1.3928E-07  1.9592E-07  2.7386E-07  3.8058E-07
       5.2610E-07  7.2380E-07  9.9165E-07  1.3537E-06  1.8425E-06  2.5017E-06  3.3900E-06  4.5868E-06  6.1986E-06  8.3677E-06
       1.1284E-05  1.5199E-05  2.0443E-05  2.7446E-05  3.6764E-05  4.9106E-05  6.5369E-05  8.6679E-05  1.1442E-04  1.5030E-04
       1.9635E-04  2.5504E-04  3.2927E-04  4.2244E-04  5.3844E-04  6.8172E-04  8.5737E-04  1.0710E-03  1.3290E-03  1.6379E-03
       2.0052E-03  2.4386E-03  2.9464E-03  3.5371E-03  4.2195E-03  5.0022E-03  5.8939E-03  6.9030E-03  8.0375E-03  9.3045E-03
       1.0710E-02  1.2261E-02  1.3959E-02  1.5807E-02  1.7806E-02  1.9955E-02  2.2251E-02  2.4688E-02  2.7258E-02  2.9947E-02
       3.2745E-02  3.5638E-02  3.8620E-02  4.1665E-02  4.4732E-02  4.7803E-02  5.0853E-02  5.3878E-02  5.6895E-02  5.9832E-02
       6.2591E-02  6.5172E-02  6.7575E-02  6.9815E-02  7.1931E-02  7.3819E-02  7.5356E-02  7.6582E-02  7.7538E-02  7.8231E-02
       7.8677E-02  7.8817E-02  7.8608E-02  7.8098E-02  7.7320E-02  7.6296E-02  7.5057E-02  7.3646E-02  7.2164E-02  7.0794E-02
       6.9838E-02
   6   2.5767E-10  4.6932E-10  8.0911E-10  1.3449E-09  2.1771E-09  3.4536E-09  5.3894E-09  8.2945E-09  1.2612E-08  1.8969E-08
       2.8247E-08  4.1668E-08  6.0923E-08  8.8324E-08  1.2701E-07  1.8123E-07  2.5669E-07  3.6104E-07  5.0447E-07  7.0062E-07
       9.6767E-07  1.3299E-06  1.8200E-06  2.4816E-06  3.3736E-06  4.5754E-06  6.1942E-06  8.3747E-06  1.1311E-05  1.5265E-05
       2.0583E-05  2.7726E-05  3.7298E-05  5.0086E-05  6.7102E-05  8.9634E-05  1.1930E-04  1.5813E-04  2.0860E-04  2.7373E-04
       3.5715E-04  4.6313E-04  5.9673E-04  7.6382E-04  9.7108E-04  1.2261E-03  1.5373E-03  1.9141E-03  2.3668E-03  2.9065E-03
       3.5451E-03  4.2949E-03  5.1690E-03  6.1807E-03  7.3436E-03  8.6709E-03  1.0176E-02  1.1870E-02  1.3765E-02  1.5872E-02
       1.8198E-02  2.0750E-02  2.3533E-02  2.6548E-02  2.9794E-02  3.3266E-02  3.6958E-02  4.0859E-02  4.4957E-02  4.9231E-02
       5.3653E-02  5.8199E-02  6.2843E-02  6.7573E-02  7.2365E-02  7.7136E-02  8.1834E-02  8.6435E-02  9.0911E-02  9.5292E-02
       9.9541E-02  0.1035      0.1070      0.1103      0.1132      0.1158      0.1181      0.1198      0.1211      0.1219    
       0.1223      0.1222      0.1217      0.1207      0.1193      0.1175      0.1153      0.1130      0.1106      0.1083    
       0.1067    
   7   4.6584E-10  8.4903E-10  1.4654E-09  2.4393E-09  3.9560E-09  6.2881E-09  9.8337E-09  1.5168E-08  2.3115E-08  3.4843E-08
       5.1989E-08  7.6837E-08  1.1253E-07  1.6336E-07  2.3518E-07  3.3583E-07  4.7587E-07  6.6937E-07  9.3507E-07  1.2979E-06
       1.7912E-06  2.4593E-06  3.3615E-06  4.5777E-06  6.2153E-06  8.4195E-06  1.1387E-05  1.5382E-05  2.0763E-05  2.8009E-05
       3.7761E-05  5.0866E-05  6.8432E-05  9.1900E-05  1.2312E-04  1.6444E-04  2.1878E-04  2.8977E-04  3.8185E-04  5.0038E-04
       6.5171E-04  8.4334E-04  1.0839E-03  1.3835E-03  1.7535E-03  2.2066E-03  2.7569E-03  3.4197E-03  4.2119E-03  5.1513E-03
       6.2570E-03  7.5483E-03  9.0456E-03  1.0769E-02  1.2739E-02  1.4976E-02  1.7499E-02  2.0324E-02  2.3468E-02  2.6945E-02
       3.0764E-02  3.4934E-02  3.9458E-02  4.4335E-02  4.9562E-02  5.5127E-02  6.1014E-02  6.7202E-02  7.3670E-02  8.0391E-02
       8.7326E-02  9.4420E-02  0.1016      0.1089      0.1162      0.1235      0.1307      0.1377      0.1444      0.1509    
       0.1570      0.1629      0.1683      0.1730      0.1771      0.1807      0.1837      0.1861      0.1877      0.1886    
       0.1887      0.1882      0.1870      0.1852      0.1827      0.1796      0.1761      0.1722      0.1682      0.1646    
       0.1621    
   8   8.4083E-10  1.5337E-09  2.6508E-09  4.4208E-09  7.1853E-09  1.1449E-08  1.7952E-08  2.7766E-08  4.2428E-08  6.4123E-08
       9.5921E-08  1.4209E-07  2.0853E-07  3.0328E-07  4.3722E-07  6.2502E-07  8.8627E-07  1.2470E-06  1.7419E-06  2.4168E-06
       3.3328E-06  4.5711E-06  6.2405E-06  8.4868E-06  1.1507E-05  1.5568E-05  2.1030E-05  2.8382E-05  3.8285E-05  5.1623E-05
       6.9582E-05  9.3723E-05  1.2609E-04  1.6933E-04  2.2681E-04  3.0279E-04  4.0258E-04  5.3266E-04  7.0090E-04  9.1672E-04
       1.1913E-03  1.5375E-03  1.9702E-03  2.5064E-03  3.1650E-03  3.9672E-03  4.9363E-03  6.0970E-03  7.4761E-03  9.1018E-03
       1.1004E-02  1.3213E-02  1.5759E-02  1.8672E-02  2.1984E-02  2.5722E-02  2.9913E-02  3.4581E-02  3.9747E-02  4.5429E-02
       5.1637E-02  5.8379E-02  6.5655E-02  7.3459E-02  8.1780E-02  9.0598E-02  9.9882E-02  0.1096      0.1197      0.1301    
       0.1408      0.1518      0.1628      0.1739      0.1849      0.1958      0.2066      0.2172      0.2273      0.2368    
       0.2457      0.2539      0.2616      0.2685      0.2744      0.2792      0.2831      0.2860      0.2880      0.2888    
       0.2885      0.2871      0.2848      0.2814      0.2771      0.2720      0.2662      0.2598      0.2535      0.2477    
       0.2436    
   9   1.5140E-09  2.7643E-09  4.7859E-09  7.9994E-09  1.3036E-08  2.0833E-08  3.2768E-08  5.0845E-08  7.7948E-08  1.1818E-07
       1.7732E-07  2.6342E-07  3.8758E-07  5.6492E-07  8.1593E-07  1.1681E-06  1.6579E-06  2.3340E-06  3.2606E-06  4.5225E-06
       6.2321E-06  8.5389E-06  1.1642E-05  1.5811E-05  2.1406E-05  2.8918E-05  3.9016E-05  5.2602E-05  7.0901E-05  9.5556E-05
       1.2876E-04  1.7341E-04  2.3328E-04  3.1322E-04  4.1939E-04  5.5951E-04  7.4312E-04  9.8182E-04  1.2895E-03  1.6825E-03
       2.1802E-03  2.8047E-03  3.5812E-03  4.5380E-03  5.7063E-03  7.1205E-03  8.8181E-03  1.0839E-02  1.3225E-02  1.6019E-02
       1.9267E-02  2.3015E-02  2.7308E-02  3.2190E-02  3.7703E-02  4.3889E-02  5.0782E-02  5.8415E-02  6.6813E-02  7.5995E-02
       8.5972E-02  9.6746E-02  0.1083      0.1206      0.1337      0.1475      0.1620      0.1770      0.1926      0.2085    
       0.2248      0.2414      0.2581      0.2748      0.2913      0.3076      0.3233      0.3387      0.3535      0.3674    
       0.3802      0.3919      0.4025      0.4119      0.4201      0.4267      0.4317      0.4351      0.4369      0.4373    
       0.4360      0.4332      0.4287      0.4229      0.4157      0.4073      0.3978      0.3878      0.3777      0.3685    
       0.3622    
  10   2.7177E-09  4.9682E-09  8.6190E-09  1.4445E-08  2.3613E-08  3.7867E-08  5.9781E-08  9.3115E-08  1.4330E-07  2.1808E-07
       3.2840E-07  4.8950E-07  7.2242E-07  1.0558E-06  1.5285E-06  2.1921E-06  3.1156E-06  4.3897E-06  6.1342E-06  8.5067E-06
       1.1715E-05  1.6034E-05  2.1832E-05  2.9603E-05  4.0015E-05  5.3976E-05  7.2721E-05  9.7934E-05  1.3189E-04  1.7767E-04
       2.3933E-04  3.2226E-04  4.3343E-04  5.8178E-04  7.7853E-04  1.0376E-03  1.3761E-03  1.8146E-03  2.3775E-03  3.0931E-03
       3.9943E-03  5.1185E-03  6.5077E-03  8.2086E-03  1.0272E-02  1.2752E-02  1.5709E-02  1.9204E-02  2.3301E-02  2.8067E-02
       3.3568E-02  3.9871E-02  4.7041E-02  5.5141E-02  6.4229E-02  7.4356E-02  8.5570E-02  9.7909E-02  0.1114      0.1261    
       0.1419      0.1589      0.1770      0.1963      0.2166      0.2379      0.2600      0.2830      0.3066      0.3308    
       0.3553      0.3800      0.4047      0.4294      0.4539      0.4776      0.5006      0.5226      0.5435      0.5633    
       0.5817      0.5981      0.6126      0.6251      0.6357      0.6443      0.6505      0.6542      0.6555      0.6545    
       0.6513      0.6458      0.6380      0.6281      0.6162      0.6027      0.5878      0.5720      0.5562      0.5420    
       0.5323    
  11   4.8608E-09  8.8990E-09  1.5475E-08  2.6016E-08  4.2684E-08  6.8728E-08  1.0897E-07  1.7049E-07  2.6355E-07  4.0285E-07
       6.0920E-07  9.1168E-07  1.3504E-06  1.9801E-06  2.8744E-06  4.1319E-06  5.8826E-06  8.2979E-06  1.1602E-05  1.6089E-05
       2.2144E-05  3.0277E-05  4.1167E-05  5.5728E-05  7.5196E-05  1.0126E-04  1.3622E-04  1.8322E-04  2.4653E-04  3.3189E-04
       4.4694E-04  6.0167E-04  8.0899E-04  1.0853E-03  1.4511E-03  1.9315E-03  2.5568E-03  3.3630E-03  4.3926E-03  5.6943E-03
       7.3233E-03  9.3417E-03  1.1818E-02  1.4828E-02  1.8452E-02  2.2777E-02  2.7892E-02  3.3891E-02  4.0871E-02  4.8929E-02
       5.8161E-02  6.8659E-02  8.0513E-02  9.3808E-02  0.1086      0.1250      0.1430      0.1627      0.1841      0.2073    
       0.2321      0.2585      0.2866      0.3162      0.3473      0.3797      0.4132      0.4477      0.4830      0.5190    
       0.5553      0.5917      0.6278      0.6636      0.6987      0.7331      0.7660      0.7972      0.8265      0.8538    
       0.8789      0.9016      0.9212      0.9377      0.9511      0.9613      0.9683      0.9718      0.9717      0.9682    
       0.9613      0.9512      0.9380      0.9217      0.9027      0.8813      0.8580      0.8335      0.8093      0.7877    
       0.7728    
  12   8.6572E-09  1.5876E-08  2.7686E-08  4.6712E-08  7.6965E-08  1.2451E-07  1.9839E-07  3.1198E-07  4.8476E-07  7.4476E-07
       1.1318E-06  1.7016E-06  2.5314E-06  3.7261E-06  5.4273E-06  7.8234E-06  1.1163E-05  1.5770E-05  2.2068E-05  3.0607E-05
       4.2107E-05  5.7513E-05  7.8084E-05  1.0551E-04  1.4210E-04  1.9099E-04  2.5650E-04  3.4455E-04  4.6316E-04  6.2317E-04
       8.3889E-04  1.1290E-03  1.5174E-03  2.0342E-03  2.7165E-03  3.6093E-03  4.7662E-03  6.2497E-03  8.1322E-03  1.0496E-02
       1.3433E-02  1.7044E-02  2.1439E-02  2.6737E-02  3.3063E-02  4.0549E-02  4.9330E-02  5.9543E-02  7.1326E-02  8.4818E-02
       0.1002      0.1174      0.1368      0.1584      0.1823      0.2085      0.2371      0.2681      0.3016      0.3376    
       0.3759      0.4165      0.4594      0.5042      0.5510      0.5995      0.6495      0.7006      0.7525      0.8051    
       0.8579      0.9107      0.9628       1.014       1.064       1.112       1.158       1.202       1.242       1.279    
        1.313       1.343       1.368       1.389       1.406       1.417       1.424       1.426       1.423       1.415    
        1.402       1.384       1.362       1.336       1.306       1.273       1.237       1.200       1.163       1.131    
        1.108    
  13   1.5342E-08  2.8190E-08  4.9321E-08  8.3562E-08  1.3835E-07  2.2501E-07  3.6056E-07  5.7033E-07  8.9143E-07  1.3776E-06
       2.1053E-06  3.1824E-06  4.7579E-06  7.0355E-06  1.0289E-05  1.4882E-05  2.1292E-05  3.0140E-05  4.2228E-05  5.8594E-05
       8.0582E-05  1.0996E-04  1.4906E-04  2.0102E-04  2.7015E-04  3.6235E-04  4.8575E-04  6.5155E-04  8.7499E-04  1.1765E-03
       1.5833E-03  2.1301E-03  2.8613E-03  3.8319E-03  5.1087E-03  6.7716E-03  8.9142E-03  1.1644E-02  1.5082E-02  1.9364E-02
       2.4640E-02  3.1070E-02  3.8828E-02  4.8092E-02  5.9054E-02  7.1906E-02  8.6845E-02  0.1041      0.1238      0.1461    
       0.1713      0.1995      0.2308      0.2653      0.3032      0.3445      0.3893      0.4376      0.4893      0.5443    
       0.6027      0.6641      0.7284      0.7954      0.8648      0.9362       1.009       1.084       1.159       1.235    
        1.310       1.385       1.459       1.531       1.600       1.666       1.729       1.789       1.844       1.893    
        1.937       1.975       2.007       2.033       2.052       2.064       2.069       2.066       2.057       2.041    
        2.019       1.989       1.954       1.913       1.867       1.816       1.762       1.706       1.652       1.603    
        1.570    
  14   2.7033E-08  4.9784E-08  8.7423E-08  1.4882E-07  2.4776E-07  4.0539E-07  6.5380E-07  1.0410E-06  1.6381E-06  2.5482E-06
       3.9197E-06  5.9618E-06  8.9653E-06  1.3328E-05  1.9585E-05  2.8444E-05  4.0833E-05  5.7948E-05  8.1324E-05  1.1293E-04
       1.5529E-04  2.1169E-04  2.8651E-04  3.8559E-04  5.1697E-04  6.9179E-04  9.2552E-04  1.2395E-03  1.6629E-03  2.2347E-03
       3.0061E-03  4.0427E-03  5.4262E-03  7.2567E-03  9.6534E-03  1.2756E-02  1.6726E-02  2.1743E-02  2.8007E-02  3.5738E-02
       4.5170E-02  5.6553E-02  7.0149E-02  8.6225E-02  0.1051      0.1269      0.1521      0.1808      0.2133      0.2499    
       0.2907      0.3360      0.3859      0.4404      0.4998      0.5641      0.6332      0.7070      0.7855      0.8686    
       0.9559       1.047       1.142       1.241       1.342       1.445       1.551       1.657       1.764       1.871    
        1.977       2.081       2.183       2.282       2.377       2.467       2.551       2.630       2.702       2.766    
        2.822       2.870       2.908       2.938       2.957       2.967       2.967       2.957       2.938       2.909    
        2.870       2.823       2.767       2.704       2.634       2.558       2.478       2.396       2.315       2.245    
        2.197    
  15   4.7315E-08  8.7359E-08  1.5405E-07  2.6366E-07  4.4168E-07  7.2763E-07  1.1820E-06  1.8961E-06  3.0061E-06  4.7116E-06
       7.3008E-06  1.1183E-05  1.6930E-05  2.5326E-05  3.7425E-05  5.4624E-05  7.8739E-05  1.1210E-04  1.5768E-04  2.1921E-04
       3.0149E-04  4.1067E-04  5.5487E-04  7.4505E-04  9.9634E-04  1.3299E-03  1.7752E-03  2.3736E-03  3.1811E-03  4.2727E-03
       5.7455E-03  7.7221E-03  1.0353E-02  1.3819E-02  1.8330E-02  2.4125E-02  3.1475E-02  4.0676E-02  5.2049E-02  6.5936E-02
       8.2693E-02  0.1027      0.1263      0.1539      0.1860      0.2227      0.2646      0.3119      0.3649      0.4240    
       0.4892      0.5610      0.6392      0.7242      0.8158      0.9141       1.019       1.130       1.247       1.371    
        1.499       1.633       1.771       1.912       2.057       2.204       2.353       2.502       2.652       2.800    
        2.946       3.088       3.226       3.359       3.486       3.606       3.716       3.818       3.909       3.990    
        4.059       4.116       4.160       4.190       4.208       4.212       4.202       4.178       4.141       4.091    
        4.029       3.955       3.869       3.774       3.670       3.558       3.440       3.321       3.205       3.103    
        3.034    
  16   8.2177E-08  1.5217E-07  2.6962E-07  4.6424E-07  7.8311E-07  1.3000E-06  2.1288E-06  3.4434E-06  5.5054E-06  8.7017E-06
       1.3596E-05  2.0994E-05  3.2028E-05  4.8256E-05  7.1782E-05  1.0539E-04  1.5268E-04  2.1826E-04  3.0789E-04  4.2882E-04
       5.9009E-04  8.0327E-04  1.0835E-03  1.4513E-03  1.9352E-03  2.5756E-03  3.4298E-03  4.5778E-03  6.1291E-03  8.2285E-03
       1.1061E-02  1.4855E-02  1.9885E-02  2.6470E-02  3.4973E-02  4.5796E-02  5.9378E-02  7.6187E-02  9.6720E-02  0.1215    
       0.1510      0.1858      0.2265      0.2734      0.3272      0.3882      0.4569      0.5337      0.6189      0.7128    
       0.8156      0.9274       1.048       1.178       1.317       1.465       1.621       1.786       1.958       2.137    
        2.323       2.514       2.711       2.911       3.115       3.320       3.526       3.732       3.935       4.136    
        4.333       4.524       4.707       4.881       5.046       5.200       5.343       5.470       5.583       5.681    
        5.762       5.826       5.872       5.900       5.909       5.899       5.872       5.825       5.761       5.680    
        5.582       5.469       5.340       5.199       5.046       4.884       4.715       4.544       4.380       4.235    
        4.137    
  17   1.4147E-07  2.6282E-07  4.6815E-07  8.1151E-07  1.3795E-06  2.3093E-06  3.8155E-06  6.2290E-06  1.0053E-05  1.6039E-05
       2.5293E-05  3.9412E-05  6.0654E-05  9.2149E-05  1.3814E-04  2.0423E-04  2.9769E-04  4.2771E-04  6.0571E-04  8.4573E-04
       1.1651E-03  1.5855E-03  2.1351E-03  2.8523E-03  3.7912E-03  5.0296E-03  6.6797E-03  8.8993E-03  1.1904E-02  1.5975E-02
       2.1465E-02  2.8796E-02  3.8458E-02  5.1002E-02  6.7035E-02  8.7208E-02  0.1122      0.1427      0.1795      0.2233    
       0.2748      0.3347      0.4036      0.4823      0.5713      0.6711      0.7822      0.9049       1.040       1.186    
        1.345       1.517       1.700       1.895       2.102       2.320       2.549       2.787       3.035       3.291    
        3.554       3.823       4.097       4.375       4.655       4.935       5.215       5.491       5.764       6.030    
        6.288       6.537       6.775       7.000       7.209       7.401       7.577       7.733       7.868       7.980    
        8.070       8.136       8.178       8.195       8.187       8.154       8.097       8.015       7.910       7.781    
        7.632       7.462       7.274       7.069       6.849       6.618       6.379       6.138       5.907       5.705    
        5.568    
  18   2.4108E-07  4.4952E-07  8.0544E-07  1.4066E-06  2.4115E-06  4.0745E-06  6.7982E-06  1.1211E-05  1.8281E-05  2.9472E-05
       4.6960E-05  7.3921E-05  1.1489E-04  1.7622E-04  2.6654E-04  3.9734E-04  5.8348E-04  8.4363E-04  1.2007E-03  1.6825E-03
       2.3221E-03  3.1605E-03  4.2500E-03  5.6619E-03  7.4988E-03  9.9124E-03  1.3125E-02  1.7454E-02  2.3329E-02  3.1298E-02
       4.2027E-02  5.6284E-02  7.4917E-02  9.8841E-02  0.1290      0.1664      0.2121      0.2671      0.3323      0.4087    
       0.4973      0.5989      0.7142      0.8440      0.9888       1.149       1.326       1.518       1.727       1.952    
        2.193       2.450       2.723       3.011       3.312       3.627       3.955       4.294       4.643       5.000    
        5.365       5.735       6.110       6.486       6.862       7.236       7.606       7.970       8.326       8.670    
        9.002       9.318       9.618       9.898       10.16       10.39       10.60       10.78       10.93       11.06    
        11.15       11.21       11.24       11.23       11.19       11.12       11.01       10.88       10.71       10.52    
        10.30       10.05       9.776       9.483       9.173       8.848       8.515       8.182       7.863       7.585    
        7.397    
  19   4.0609E-07  7.6028E-07  1.3712E-06  2.4141E-06  4.1775E-06  7.1301E-06  1.2024E-05  2.0051E-05  3.3067E-05  5.3919E-05
       8.6901E-05  1.3835E-04  2.1744E-04  3.3713E-04  5.1522E-04  7.7556E-04  1.1490E-03  1.6744E-03  2.3986E-03  3.3774E-03
       4.6753E-03  6.3692E-03  8.5555E-03  1.1366E-02  1.4994E-02  1.9740E-02  2.6052E-02  3.4578E-02  4.6189E-02  6.1956E-02
       8.3111E-02  0.1110      0.1470      0.1926      0.2491      0.3180      0.4006      0.4983      0.6123      0.7437    
       0.8935       1.063       1.252       1.462       1.693       1.946       2.220       2.516       2.833       3.171    
        3.530       3.908       4.304       4.718       5.149       5.594       6.052       6.523       7.003       7.491    
        7.985       8.482       8.981       9.478       9.972       10.46       10.94       11.40       11.86       12.29    
        12.70       13.10       13.46       13.80       14.11       14.38       14.62       14.82       14.98       15.11    
        15.19       15.23       15.22       15.17       15.08       14.95       14.78       14.56       14.31       14.02    
        13.70       13.34       12.96       12.55       12.12       11.67       11.22       10.76       10.33       9.950    
        9.697    
  20   6.7513E-07  1.2696E-06  2.3060E-06  4.0962E-06  7.1603E-06  1.2356E-05  2.1080E-05  3.5576E-05  5.9394E-05  9.8064E-05
       1.6004E-04  2.5800E-04  4.1056E-04  6.4434E-04  9.9644E-04  1.5170E-03  2.2714E-03  3.3419E-03  4.8274E-03  6.8422E-03
       9.5147E-03  1.2989E-02  1.7440E-02  2.3107E-02  3.0357E-02  3.9787E-02  5.2312E-02  6.9296E-02  9.2534E-02  0.1241    
       0.1662      0.2209      0.2904      0.3767      0.4815      0.6068      0.7540      0.9248       1.120       1.342    
        1.590       1.866       2.171       2.503       2.864       3.253       3.670       4.115       4.585       5.081    
        5.600       6.142       6.705       7.287       7.885       8.499       9.125       9.762       10.41       11.06    
        11.71       12.36       13.00       13.65       14.28       14.89       15.49       16.07       16.63       17.16    
        17.67       18.13       18.57       18.96       19.31       19.62       19.87       20.08       20.24       20.34    
        20.39       20.39       20.33       20.21       20.05       19.82       19.55       19.23       18.85       18.44    
        17.98       17.48       16.95       16.38       15.80       15.19       14.57       13.96       13.38       12.88    
        12.54    
  21   1.1058E-06  2.0895E-06  3.8247E-06  6.8594E-06  1.2122E-05  2.1166E-05  3.6562E-05  6.2506E-05  1.0575E-04  1.7697E-04
       2.9278E-04  4.7851E-04  7.7195E-04  1.2281E-03  1.9248E-03  2.9689E-03  4.5012E-03  6.7002E-03  9.7804E-03  1.3986E-02
       1.9579E-02  2.6833E-02  3.6056E-02  4.7665E-02  6.2356E-02  8.1342E-02  0.1065      0.1407      0.1880      0.2520    
       0.3362      0.4437      0.5769      0.7382      0.9297       1.153       1.410       1.702       2.030       2.395    
        2.797       3.236       3.713       4.226       4.775       5.359       5.977       6.627       7.306       8.014    
        8.747       9.504       10.28       11.08       11.89       12.71       13.54       14.38       15.22       16.06    
        16.90       17.72       18.54       19.34       20.12       20.88       21.61       22.31       22.98       23.61    
        24.19       24.73       25.22       25.66       26.04       26.36       26.61       26.81       26.93       26.99    
        26.98       26.91       26.76       26.54       26.26       25.91       25.50       25.02       24.49       23.90    
        23.26       22.58       21.86       21.10       20.31       19.50       18.68       17.87       17.11       16.45    
        16.00    
  22   1.7808E-06  3.3829E-06  6.2437E-06  1.1314E-05  2.0227E-05  3.5766E-05  6.2608E-05  1.0852E-04  1.8622E-04  3.1619E-04
       5.3088E-04  8.8067E-04  1.4422E-03  2.3291E-03  3.7055E-03  5.8006E-03  8.9227E-03  1.3468E-02  1.9918E-02  2.8815E-02
       4.0726E-02  5.6186E-02  7.5712E-02  0.1000      0.1303      0.1692      0.2201      0.2903      0.3881      0.5196    
       0.6886      0.8977       1.149       1.444       1.785       2.174       2.610       3.095       3.629       4.213    
        4.845       5.525       6.250       7.020       7.832       8.683       9.571       10.49       11.45       12.43    
        13.43       14.46       15.50       16.55       17.62       18.69       19.76       20.83       21.89       22.94    
        23.98       25.00       26.00       26.97       27.90       28.81       29.67       30.48       31.25       31.96    
        32.62       33.21       33.73       34.19       34.57       34.88       35.10       35.25       35.31       35.29    
        35.18       34.98       34.70       34.34       33.90       33.37       32.77       32.10       31.35       30.55    
        29.68       28.76       27.79       26.78       25.74       24.68       23.62       22.57       21.57       20.72    
        20.15    
  23   2.8139E-06  5.3756E-06  1.0010E-05  1.8338E-05  3.3193E-05  5.9480E-05  1.0560E-04  1.8573E-04  3.2356E-04  5.5796E-04
       9.5170E-04  1.6043E-03  2.6702E-03  4.3835E-03  7.0896E-03  1.1282E-02  1.7642E-02  2.7065E-02  4.0661E-02  5.9706E-02
       8.5508E-02  0.1192      0.1617      0.2137      0.2775      0.3599      0.4622      0.6097      0.8180       1.090    
        1.426       1.823       2.283       2.806       3.393       4.044       4.760       5.539       6.381       7.284    
        8.245       9.262       10.33       11.45       12.61       13.81       15.04       16.31       17.60       18.92    
        20.25       21.59       22.94       24.29       25.64       26.99       28.32       29.64       30.94       32.21    
        33.45       34.66       35.84       36.97       38.05       39.08       40.05       40.96       41.80       42.57    
        43.26       43.87       44.40       44.84       45.18       45.43       45.58       45.63       45.58       45.42    
        45.16       44.80       44.34       43.77       43.11       42.36       41.51       40.58       39.56       38.48    
        37.32       36.10       34.84       33.52       32.18       30.81       29.44       28.10       26.83       25.74    
        25.01    
  24   4.3522E-06  8.3643E-06  1.5723E-05  2.9137E-05  5.3428E-05  9.7092E-05  1.7494E-04  3.1249E-04  5.5314E-04  9.6962E-04
       1.6819E-03  2.8842E-03  4.8847E-03  8.1617E-03  1.3438E-02  2.1772E-02  3.4666E-02  5.4155E-02  8.2857E-02  0.1239    
       0.1805      0.2557      0.3509      0.4661      0.6037      0.7820      0.9802       1.313       1.771       2.327    
        2.967       3.688       4.489       5.372       6.337       7.383       8.510       9.713       10.99       12.34    
        13.74       15.21       16.72       18.28       19.88       21.51       23.17       24.84       26.53       28.22    
        29.92       31.61       33.29       34.96       36.61       38.23       39.83       41.39       42.91       44.39    
        45.82       47.20       48.52       49.78       50.97       52.09       53.13       54.09       54.96       55.74    
        56.42       57.00       57.48       57.84       58.09       58.23       58.24       58.14       57.91       57.56    
        57.09       56.49       55.78       54.95       54.01       52.95       51.80       50.54       49.19       47.76    
        46.25       44.68       43.04       41.36       39.65       37.91       36.18       34.49       32.91       31.54    
        30.63    
  25   6.5717E-06  1.2710E-05  2.4127E-05  4.5252E-05  8.4108E-05  1.5509E-04  2.8379E-04  5.1518E-04  9.2733E-04  1.6540E-03
       2.9204E-03  5.1001E-03  8.7996E-03  1.4983E-02  2.5142E-02  4.1526E-02  6.7407E-02  0.1074      0.1676      0.2556    
       0.3805      0.5504      0.7706       1.037       1.336       1.665       2.088       2.986       3.968       5.008    
        6.123       7.327       8.630       10.03       11.54       13.15       14.84       16.62       18.47       20.39    
        22.37       24.39       26.45       28.54       30.65       32.77       34.89       37.01       39.12       41.20    
        43.27       45.31       47.31       49.28       51.20       53.07       54.89       56.66       58.36       60.00    
        61.57       63.06       64.48       65.81       67.05       68.19       69.24       70.18       71.01       71.73    
        72.33       72.81       73.16       73.38       73.46       73.41       73.22       72.88       72.41       71.79    
        71.03       70.13       69.10       67.93       66.63       65.20       63.66       62.01       60.26       58.41    
        56.48       54.48       52.42       50.31       48.16       46.00       43.85       41.76       39.79       38.11    
        36.98    
  26   9.6600E-06  1.8805E-05  3.6061E-05  6.8478E-05  1.2906E-04  2.4158E-04  4.4916E-04  8.2918E-04  1.5189E-03  2.7588E-03
       4.9636E-03  8.8374E-03  1.5552E-02  2.7017E-02  4.6267E-02  7.7988E-02  0.1292      0.2099      0.3342      0.5201    
       0.7902       1.170       1.683       2.343       3.134       4.286       6.152       7.565       8.973       10.51    
        12.19       14.03       16.01       18.12       20.36       22.70       25.14       27.65       30.22       32.83    
        35.47       38.13       40.79       43.45       46.09       48.71       51.29       53.83       56.33       58.78    
        61.17       63.49       65.76       67.95       70.07       72.12       74.09       75.97       77.77       79.48    
        81.10       82.62       84.03       85.33       86.53       87.61       88.56       89.40       90.10       90.66    
        91.09       91.38       91.52       91.50       91.33       91.01       90.52       89.87       89.07       88.10    
        86.97       85.69       84.25       82.66       80.93       79.06       77.06       74.94       72.71       70.38    
        67.96       65.47       62.91       60.30       57.66       55.01       52.39       49.83       47.45       45.40    
        44.04    
  27   1.3780E-05  2.7004E-05  5.2319E-05  1.0061E-04  1.9229E-04  3.6549E-04  6.9071E-04  1.2973E-03  2.4198E-03  4.4793E-03
       8.2202E-03  1.4939E-02  2.6851E-02  4.7664E-02  8.3428E-02  0.1437      0.2432      0.4035      0.6547       1.037    
        1.598       2.393       3.469       4.850       6.615       9.597       13.48       15.96       17.93       20.18    
        22.70       25.44       28.37       31.45       34.64       37.91       41.24       44.60       47.97       51.33    
        54.66       57.95       61.19       64.37       67.48       70.52       73.47       76.33       79.11       81.79    
        84.38       86.87       89.26       91.56       93.74       95.83       97.81       99.69       101.4       103.1    
        104.6       106.0       107.3       108.5       109.5       110.4       111.1       111.7       112.2       112.5    
        112.7       112.6       112.5       112.1       111.6       110.9       110.0       109.0       107.8       106.4    
        104.8       103.0       101.1       99.01       96.77       94.38       91.85       89.20       86.42       83.54    
        80.56       77.51       74.39       71.23       68.04       64.85       61.69       58.63       55.78       53.33    
        51.71    
  28   1.9014E-05  3.7507E-05  7.3413E-05  1.4293E-04  2.7702E-04  5.3461E-04  1.0270E-03  1.9628E-03  3.7299E-03  7.0411E-03
       1.3192E-02  2.4500E-02  4.5047E-02  8.1862E-02  0.1468      0.2590      0.4490      0.7620       1.262       2.034    
        3.176       4.786       6.923       9.598       12.94       17.34       22.61       27.34       31.50       35.54    
        39.65       43.87       48.16       52.49       56.83       61.15       65.43       69.63       73.75       77.76    
        81.66       85.44       89.09       92.60       95.98       99.23       102.3       105.3       108.2       110.9    
        113.4       115.9       118.2       120.4       122.5       124.4       126.2       127.9       129.4       130.8    
        132.1       133.2       134.2       135.1       135.8       136.3       136.7       137.0       137.1       137.0    
        136.8       136.3       135.7       135.0       134.0       132.8       131.5       129.9       128.2       126.3    
        124.2       121.9       119.4       116.7       113.9       110.9       107.8       104.5       101.2       97.66    
        94.07       90.40       86.68       82.91       79.12       75.34       71.61       68.00       64.64       61.77    
        59.86    
  29   2.5292E-05  5.0207E-05  9.9232E-05  1.9550E-04  3.8405E-04  7.5216E-04  1.4682E-03  2.8550E-03  5.5269E-03  1.0644E-02
       2.0372E-02  3.8708E-02  7.2915E-02  0.1359      0.2503      0.4542      0.8095       1.412       2.401       3.957    
        6.288       9.572       13.88       19.10       25.09       32.01       39.66       47.17       54.14       60.72    
        67.00       73.06       78.90       84.55       89.99       95.20       100.2       105.0       109.5       113.9    
        118.0       121.9       125.6       129.1       132.4       135.5       138.4       141.1       143.7       146.1    
        148.4       150.5       152.5       154.3       156.0       157.5       158.9       160.1       161.2       162.2    
        163.0       163.7       164.3       164.6       164.9       165.0       164.9       164.7       164.2       163.7    
        162.9       162.0       160.8       159.5       158.0       156.3       154.4       152.3       149.9       147.4    
        144.7       141.8       138.7       135.4       131.9       128.3       124.5       120.6       116.6       112.4    
        108.2       103.9       99.49       95.08       90.66       86.26       81.92       77.74       73.85       70.53    
        68.32    
  30   3.2325E-05  6.4539E-05  1.2870E-04  2.5631E-04  5.0976E-04  1.0121E-03  2.0055E-03  3.9644E-03  7.8136E-03  1.5346E-02
       3.0007E-02  5.8364E-02  0.1128      0.2161      0.4100      0.7679       1.415       2.555       4.496       7.653    
        12.50       19.39       28.29       38.65       49.91       61.66       73.04       83.63       93.38       102.3    
        110.5       118.0       124.9       131.3       137.2       142.6       147.7       152.3       156.7       160.6    
        164.3       167.8       170.9       173.8       176.5       179.0       181.3       183.4       185.4       187.1    
        188.7       190.1       191.4       192.6       193.6       194.4       195.1       195.7       196.2       196.5    
        196.7       196.7       196.7       196.4       196.0       195.5       194.8       194.0       192.9       191.8    
        190.4       188.8       187.1       185.1       183.0       180.7       178.1       175.3       172.4       169.2    
        165.8       162.3       158.5       154.5       150.4       146.1       141.6       137.0       132.3       127.5    
        122.6       117.6       112.5       107.4       102.4       97.33       92.38       87.60       83.17       79.39    
        76.87    
  31   3.9581E-05  7.9410E-05  1.5954E-04  3.2068E-04  6.4455E-04  1.2950E-03  2.6001E-03  5.2154E-03  1.0448E-02  2.0897E-02
       4.1702E-02  8.2980E-02  0.1645      0.3244      0.6353       1.233       2.364       4.455       8.206       14.64    
        25.00       40.19       59.60       80.03       99.81       119.1       134.6       147.2       158.1       167.6    
        176.0       183.3       189.7       195.2       200.2       204.5       208.4       211.8       214.9       217.6    
        220.0       222.2       224.1       225.8       227.3       228.6       229.8       230.8       231.6       232.3    
        232.8       233.3       233.6       233.7       233.8       233.7       233.6       233.3       232.9       232.4    
        231.8       231.1       230.2       229.2       228.1       226.8       225.4       223.9       222.2       220.3    
        218.2       216.0       213.6       210.9       208.1       205.1       201.9       198.4       194.8       190.9    
        186.9       182.6       178.2       173.5       168.7       163.7       158.6       153.3       147.9       142.3    
        136.7       131.1       125.3       119.6       113.9       108.2       102.7       97.30       92.33       88.10    
        85.28    
  32   4.6339E-05  9.3302E-05  1.8849E-04  3.8149E-04  7.7290E-04  1.5670E-03  3.1786E-03  6.4504E-03  1.3094E-02  2.6588E-02
       5.3991E-02  0.1096      0.2224      0.4507      0.9113       1.836       3.677       7.294       14.25       27.18    
        49.87       85.86       133.0       172.1       202.8       233.6       244.3       250.6       256.5       261.7    
        266.2       269.9       272.9       275.3       277.2       278.8       279.9       280.8       281.5       282.0    
        282.2       282.4       282.4       282.2       282.0       281.6       281.2       280.6       280.0       279.3    
        278.5       277.7       276.8       275.8       274.7       273.6       272.4       271.1       269.8       268.3    
        266.8       265.2       263.5       261.7       259.7       257.7       255.5       253.2       250.7       248.1    
        245.3       242.4       239.2       235.9       232.4       228.7       224.8       220.7       216.3       211.8    
        207.1       202.1       197.0       191.7       186.2       180.5       174.7       168.7       162.7       156.5    
        150.2       143.9       137.6       131.2       124.9       118.6       112.4       106.5       101.0       96.37    
        93.27    
  33   5.1845E-05  1.0460E-04  2.1200E-04  4.3079E-04  8.7687E-04  1.7874E-03  3.6483E-03  7.4570E-03  1.5265E-02  3.1303E-02
       6.4313E-02  0.1324      0.2733      0.5656       1.174       2.445       5.105       10.68       22.36       46.56    
        95.34       187.0       328.3       377.2       399.5       442.9       410.0       393.1       384.1       378.4    
        374.2       370.6       367.4       364.4       361.5       358.7       356.0       353.3       350.7       348.2    
        345.7       343.3       340.9       338.6       336.3       334.0       331.8       329.6       327.3       325.1    
        322.9       320.7       318.5       316.2       314.0       311.7       309.4       307.1       304.7       302.3    
        299.9       297.3       294.7       292.1       289.3       286.5       283.5       280.4       277.2       273.9    
        270.4       266.8       263.0       259.0       254.8       250.4       245.9       241.1       236.1       231.0    
        225.6       220.0       214.3       208.3       202.2       195.9       189.5       182.9       176.2       169.4    
        162.6       155.7       148.7       141.8       134.9       128.0       121.4       114.9       109.0       103.9    
        100.6    
  34   5.5522E-05  1.1207E-04  2.2732E-04  4.6235E-04  9.4218E-04  1.9230E-03  3.9312E-03  8.0503E-03  1.6517E-02  3.3964E-02
       7.0026E-02  0.1448      0.3007      0.6274       1.317       2.786       5.954       12.91       28.52       64.75    
        152.7       378.7       1000.       762.1       706.3       1000.       616.0       540.2       511.6       493.1    
        479.0       467.4       457.3       448.4       440.3       432.9       426.2       420.0       414.2       408.8    
        403.7       398.9       394.3       390.0       385.7       381.7       377.7       373.9       370.2       366.5    
        362.9       359.4       355.9       352.5       349.1       345.8       342.4       339.1       335.8       332.5    
        329.1       325.7       322.3       318.9       315.4       311.8       308.1       304.3       300.5       296.5    
        292.3       288.1       283.6       279.0       274.3       269.3       264.2       258.9       253.3       247.6    
        241.7       235.5       229.2       222.7       216.1       209.2       202.3       195.2       187.9       180.6    
        173.3       165.8       158.4       150.9       143.6       136.3       129.1       122.3       115.9       110.5    
        106.9    
  35   5.7131E-05  1.1522E-04  2.3337E-04  4.7380E-04  9.6347E-04  1.9617E-03  3.9988E-03  8.1615E-03  1.6681E-02  3.4147E-02
       7.0028E-02  0.1439      0.2965      0.6125       1.269       2.640       5.508       11.53       24.14       50.36    
        103.5       204.2       359.4       432.8       499.6       584.2       587.2       589.0       579.9       566.2    
        551.3       536.9       523.5       511.2       500.1       490.0       480.8       472.3       464.5       457.2    
        450.3       443.8       437.6       431.7       426.0       420.6       415.3       410.2       405.2       400.4    
        395.7       391.1       386.6       382.2       377.8       373.5       369.3       365.2       361.0       356.9    
        352.8       348.8       344.7       340.5       336.4       332.2       327.9       323.6       319.1       314.6    
        310.0       305.2       300.2       295.1       289.9       284.5       278.9       273.1       267.1       260.9    
        254.5       248.0       241.2       234.3       227.2       219.9       212.5       205.0       197.4       189.6    
        181.9       174.0       166.2       158.3       150.6       142.9       135.4       128.2       121.5       115.8    
        112.1    
  36   5.6820E-05  1.1437E-04  2.3094E-04  4.6708E-04  9.4549E-04  1.9149E-03  3.8794E-03  7.8613E-03  1.5933E-02  3.2297E-02
       6.5468E-02  0.1327      0.2688      0.5442       1.100       2.218       4.452       8.873       17.48       33.77    
        63.24       112.4       183.8       267.7       382.7       563.0       629.1       638.3       626.2       608.3    
        590.2       573.6       558.9       545.9       534.4       524.0       514.4       505.5       497.2       489.3    
        481.8       474.5       467.6       460.9       454.3       448.0       441.9       435.9       430.1       424.5    
        419.0       413.6       408.4       403.2       398.2       393.3       388.4       383.6       378.9       374.2    
        369.6       365.0       360.4       355.8       351.2       346.5       341.9       337.1       332.3       327.3    
        322.3       317.2       311.9       306.5       300.9       295.1       289.2       283.1       276.8       270.3    
        263.6       256.7       249.7       242.5       235.1       227.5       219.8       212.0       204.1       196.1    
        188.0       179.9       171.8       163.6       155.6       147.7       139.9       132.4       125.6       119.7    
        115.8    
  37   5.5041E-05  1.1052E-04  2.2233E-04  4.4753E-04  9.0086E-04  1.8127E-03  3.6450E-03  7.3227E-03  1.4693E-02  2.9438E-02
       5.8866E-02  0.1174      0.2335      0.4623      0.9107       1.781       3.452       6.609       12.45       22.99    
        41.40       72.57       124.8       219.0       426.3       1000.       813.9       709.7       649.4       613.3    
        590.3       574.4       562.4       552.5       543.6       535.4       527.5       519.8       512.3       504.8    
        497.5       490.3       483.1       476.2       469.3       462.6       456.1       449.7       443.5       437.4    
        431.4       425.6       420.0       414.4       409.0       403.7       398.5       393.4       388.3       383.3    
        378.4       373.5       368.7       363.8       358.9       354.0       349.1       344.2       339.1       334.0    
        328.8       323.4       318.0       312.4       306.6       300.7       294.6       288.4       281.9       275.3    
        268.4       261.4       254.2       246.9       239.3       231.6       223.8       215.9       207.8       199.6    
        191.4       183.2       174.9       166.7       158.5       150.4       142.5       134.9       127.9       121.9    
        118.0    
  38   5.2368E-05  1.0492E-04  2.1034E-04  4.2160E-04  8.4445E-04  1.6896E-03  3.3756E-03  6.7324E-03  1.3398E-02  2.6591E-02
       5.2606E-02  0.1037      0.2033      0.3963      0.7668       1.470       2.788       5.216       9.599       17.33    
        30.61       52.90       89.75       150.7       251.3       399.4       470.1       506.1       524.6       534.8    
        540.1       542.3       542.0       539.7       536.0       531.2       525.6       519.4       512.8       505.9    
        498.9       491.9       484.9       477.9       471.0       464.2       457.6       451.1       444.8       438.6    
        432.5       426.6       420.9       415.2       409.7       404.3       399.1       393.9       388.8       383.8    
        378.8       373.9       369.0       364.1       359.2       354.3       349.4       344.4       339.4       334.2    
        329.0       323.7       318.2       312.7       306.9       301.0       294.9       288.7       282.3       275.7    
        268.9       261.9       254.7       247.3       239.8       232.1       224.3       216.4       208.3       200.2    
        192.0       183.7       175.5       167.2       159.0       151.0       143.1       135.5       128.5       122.5    
        118.5    
  39   4.9303E-05  9.8642E-05  1.9732E-04  3.9448E-04  7.8784E-04  1.5714E-03  3.1292E-03  6.2192E-03  1.2332E-02  2.4385E-02
       4.8059E-02  9.4350E-02  0.1844      0.3583      0.6915       1.324       2.511       4.706       8.695       15.79    
        28.06       48.54       81.06       129.4       196.6       284.1       359.2       420.0       465.6       495.9    
        514.3       524.2       528.3       528.3       525.6       521.1       515.5       509.1       502.3       495.3    
        488.1       481.0       473.9       466.9       460.1       453.4       446.9       440.5       434.3       428.3    
        422.4       416.7       411.1       405.7       400.4       395.3       390.2       385.2       380.3       375.5    
        370.8       366.1       361.4       356.7       352.0       347.3       342.6       337.8       333.0       328.1    
        323.1       317.9       312.7       307.3       301.7       296.0       290.2       284.1       277.9       271.4    
        264.8       258.0       251.0       243.8       236.5       229.0       221.4       213.6       205.7       197.7    
        189.7       181.6       173.5       165.4       157.3       149.4       141.6       134.1       127.2       121.3    
        117.4    
  40   4.6147E-05  9.2293E-05  1.8454E-04  3.6877E-04  7.3637E-04  1.4690E-03  2.9270E-03  5.8243E-03  1.1572E-02  2.2950E-02
       4.5424E-02  8.9698E-02  0.1767      0.3468      0.6785       1.322       2.561       4.930       9.411       17.76    
        32.96       59.70       104.0       169.9       255.8       391.5       452.1       495.3       520.9       533.6    
        537.2       535.3       530.2       523.2       515.3       506.9       498.3       489.9       481.6       473.5    
        465.7       458.2       451.0       444.0       437.3       430.9       424.7       418.7       412.9       407.3    
        401.9       396.7       391.6       386.7       381.9       377.2       372.6       368.1       363.6       359.3    
        355.0       350.7       346.4       342.2       337.9       333.6       329.3       324.9       320.5       315.9    
        311.3       306.5       301.6       296.6       291.4       286.0       280.5       274.8       268.9       262.8    
        256.5       250.1       243.4       236.6       229.6       222.4       215.1       207.6       200.0       192.3    
        184.6       176.8       169.0       161.1       153.3       145.6       138.1       130.9       124.2       118.5    
        114.7    
  41   4.2970E-05  8.5986E-05  1.7209E-04  3.4440E-04  6.8910E-04  1.3784E-03  2.7565E-03  5.5107E-03  1.1014E-02  2.2009E-02
       4.3975E-02  8.7861E-02  0.1756      0.3508      0.7013       1.402       2.805       5.606       11.19       22.26    
        43.97       85.67       162.8       295.3       486.0       1000.       728.4       661.8       623.6       592.9    
        567.1       544.8       525.5       508.6       493.8       480.5       468.7       458.0       448.3       439.4    
        431.2       423.6       416.6       410.0       403.7       397.9       392.3       387.0       381.9       377.1    
        372.4       367.9       363.6       359.4       355.3       351.3       347.4       343.6       339.8       336.1    
        332.4       328.7       325.1       321.4       317.7       314.0       310.2       306.4       302.5       298.4    
        294.3       290.1       285.7       281.1       276.4       271.6       266.5       261.3       255.9       250.3    
        244.5       238.5       232.3       225.9       219.3       212.6       205.7       198.7       191.6       184.3    
        177.0       169.6       162.2       154.7       147.3       140.0       132.8       125.9       119.5       114.1    
        110.5    
  42   3.9678E-05  7.9475E-05  1.5932E-04  3.1953E-04  6.4116E-04  1.2872E-03  2.5856E-03  5.1976E-03  1.0458E-02  2.1069E-02
       4.2512E-02  8.5940E-02  0.1741      0.3539      0.7216       1.477       3.039       6.282       13.06       27.26    
        57.00       118.5       241.2       461.9       612.2       789.6       763.3       695.7       633.6       583.5    
        543.8       512.2       486.7       465.7       448.3       433.6       421.1       410.2       400.7       392.3    
        384.8       378.0       371.9       366.2       361.0       356.1       351.6       347.3       343.3       339.4    
        335.8       332.2       328.8       325.6       322.4       319.3       316.2       313.2       310.3       307.4    
        304.4       301.5       298.6       295.6       292.7       289.6       286.5       283.3       280.0       276.6    
        273.1       269.5       265.7       261.8       257.7       253.4       248.9       244.3       239.4       234.4    
        229.2       223.7       218.1       212.3       206.3       200.1       193.8       187.3       180.7       174.0    
        167.2       160.3       153.4       146.4       139.5       132.7       125.9       119.5       113.4       108.3    
        104.9    
  43   3.6127E-05  7.2415E-05  1.4534E-04  2.9199E-04  5.8712E-04  1.1817E-03  2.3812E-03  4.8047E-03  9.7105E-03  1.9663E-02
       3.9911E-02  8.1234E-02  0.1659      0.3402      0.7009       1.453       3.034       6.397       13.66       29.67    
        66.10       152.9       374.3       1000.       839.3       1000.       768.5       633.6       551.4       497.5    
        459.7       431.6       409.8       392.5       378.4       366.6       356.7       348.3       341.0       334.6    
        329.0       324.0       319.5       315.5       311.8       308.3       305.2       302.2       299.5       296.8    
        294.3       291.9       289.6       287.4       285.2       283.1       281.0       278.9       276.9       274.8    
        272.7       270.6       268.5       266.3       264.1       261.8       259.4       256.9       254.3       251.6    
        248.8       245.8       242.7       239.4       236.0       232.4       228.6       224.6       220.4       216.0    
        211.4       206.6       201.6       196.4       191.0       185.5       179.8       173.9       167.9       161.8    
        155.6       149.3       143.0       136.6       130.2       123.9       117.7       111.7       106.2       101.4    
        98.28    
  44   3.2229E-05  6.4602E-05  1.2966E-04  2.6051E-04  5.2392E-04  1.0547E-03  2.1259E-03  4.2907E-03  8.6733E-03  1.7564E-02
       3.5640E-02  7.2487E-02  0.1478      0.3024      0.6205       1.278       2.644       5.490       11.44       23.92    
        49.89       102.8       203.2       349.6       409.6       456.5       431.7       400.7       374.0       352.9    
        336.1       322.8       311.9       302.9       295.5       289.2       283.8       279.2       275.3       271.8    
        268.8       266.1       263.7       261.6       259.7       257.9       256.3       254.8       253.3       252.0    
        250.7       249.5       248.3       247.2       246.0       244.9       243.7       242.6       241.4       240.2    
        239.0       237.7       236.3       234.9       233.5       231.9       230.2       228.5       226.6       224.6    
        222.5       220.2       217.8       215.2       212.4       209.4       206.3       203.0       199.4       195.7    
        191.8       187.7       183.3       178.8       174.1       169.3       164.2       159.0       153.7       148.2    
        142.7       137.0       131.3       125.6       119.8       114.1       108.5       103.1       97.99       93.67    
        90.80    
  45   2.8017E-05  5.6100E-05  1.1242E-04  2.2541E-04  4.5225E-04  9.0800E-04  1.8243E-03  3.6683E-03  7.3821E-03  1.4869E-02
       2.9974E-02  6.0474E-02  0.1221      0.2466      0.4981       1.005       2.025       4.063       8.093       15.91    
        30.60       56.55       97.34       147.8       188.1       216.6       227.2       229.1       227.8       225.5    
        223.0       220.7       218.7       216.9       215.3       214.0       212.9       211.9       211.1       210.5    
        209.9       209.5       209.1       208.8       208.5       208.3       208.2       208.0       207.8       207.7    
        207.6       207.4       207.2       207.1       206.9       206.6       206.4       206.1       205.7       205.3    
        204.8       204.3       203.7       203.0       202.2       201.4       200.4       199.3       198.1       196.8    
        195.3       193.7       191.9       190.0       187.9       185.6       183.1       180.4       177.6       174.5    
        171.3       167.8       164.2       160.3       156.3       152.1       147.8       143.3       138.6       133.8    
        128.9       124.0       118.9       113.8       108.7       103.6       98.59       93.72       89.19       85.32    
        82.74    
  46   2.3642E-05  4.7238E-05  9.4341E-05  1.8838E-04  3.7611E-04  7.5089E-04  1.4990E-03  2.9919E-03  5.9697E-03  1.1905E-02
       2.3723E-02  4.7214E-02  9.3794E-02  0.1858      0.3668      0.7202       1.403       2.704       5.131       9.517    
        17.08       29.21       46.57       67.52       87.88       105.0       117.1       125.4       131.2       135.5    
        139.0       141.8       144.3       146.4       148.3       150.1       151.7       153.2       154.6       156.0    
        157.2       158.4       159.6       160.7       161.7       162.7       163.7       164.6       165.4       166.3    
        167.0       167.8       168.4       169.1       169.6       170.1       170.6       171.0       171.3       171.6    
        171.8       171.9       171.9       171.9       171.7       171.5       171.1       170.6       170.0       169.3    
        168.4       167.4       166.2       164.9       163.4       161.7       159.8       157.8       155.5       153.1    
        150.5       147.7       144.7       141.5       138.2       134.7       131.0       127.1       123.2       119.1    
        114.8       110.5       106.1       101.7       97.23       92.76       88.34       84.06       80.07       76.65    
        74.37    
  47   1.9325E-05  3.8492E-05  7.6498E-05  1.5182E-04  3.0097E-04  5.9604E-04  1.1791E-03  2.3293E-03  4.5939E-03  9.0415E-03
       1.7748E-02  3.4721E-02  6.7633E-02  0.1310      0.2520      0.4802      0.9041       1.675       3.040       5.367    
        9.135       14.82       22.61       32.07       42.12       51.70       60.09       67.19       73.23       78.45    
        83.07       87.22       91.01       94.50       97.73       100.8       103.6       106.2       108.7       111.1    
        113.4       115.5       117.5       119.5       121.3       123.1       124.8       126.4       127.9       129.4    
        130.8       132.1       133.4       134.6       135.7       136.8       137.8       138.7       139.6       140.3    
        141.0       141.6       142.2       142.6       142.9       143.2       143.3       143.3       143.2       143.0    
        142.6       142.1       141.4       140.6       139.7       138.5       137.2       135.7       134.0       132.2    
        130.2       128.0       125.6       123.0       120.3       117.4       114.4       111.2       107.8       104.4    
        100.8       97.14       93.40       89.59       85.74       81.89       78.07       74.36       70.89       67.91    
        65.93    
  48   1.5295E-05  3.0345E-05  5.9934E-05  1.1804E-04  2.3194E-04  4.5479E-04  8.8976E-04  1.7362E-03  3.3777E-03  6.5473E-03
       1.2635E-02  2.4255E-02  4.6257E-02  8.7516E-02  0.1640      0.3034      0.5531      0.9893       1.728       2.932    
        4.796       7.505       11.15       15.62       20.63       25.82       30.88       35.68       40.15       44.34    
        48.29       52.02       55.57       58.96       62.20       65.30       68.28       71.13       73.88       76.52    
        79.05       81.49       83.84       86.11       88.28       90.38       92.41       94.35       96.23       98.04    
        99.77       101.4       103.0       104.6       106.0       107.4       108.8       110.0       111.2       112.3    
        113.4       114.3       115.2       116.0       116.7       117.3       117.8       118.2       118.5       118.6    
        118.7       118.6       118.3       117.9       117.4       116.7       115.9       114.9       113.7       112.4    
        110.9       109.2       107.3       105.3       103.2       100.9       98.39       95.79       93.05       90.19    
        87.23       84.16       81.02       77.81       74.56       71.29       68.04       64.87       61.91       59.36    
        57.66    
  49   1.1729E-05  2.3163E-05  4.5425E-05  8.8679E-05  1.7251E-04  3.3449E-04  6.4635E-04  1.2443E-03  2.3849E-03  4.5482E-03
       8.6224E-03  1.6232E-02  3.0303E-02  5.6014E-02  0.1023      0.1843      0.3262      0.5659      0.9578       1.574    
        2.500       3.815       5.567       7.746       10.28       13.05       15.94       18.87       21.80       24.69    
        27.54       30.35       33.12       35.84       38.52       41.15       43.74       46.27       48.76       51.19    
        53.56       55.88       58.14       60.35       62.51       64.60       66.65       68.63       70.57       72.45    
        74.27       76.04       77.75       79.41       81.01       82.55       84.03       85.46       86.82       88.11    
        89.34       90.50       91.58       92.58       93.50       94.34       95.08       95.73       96.27       96.71    
        97.03       97.24       97.32       97.27       97.09       96.77       96.30       95.69       94.93       94.02    
        92.95       91.73       90.36       88.84       87.17       85.36       83.42       81.34       79.14       76.82    
        74.40       71.89       69.30       66.64       63.94       61.21       58.49       55.83       53.33       51.19    
        49.75    
  50   8.7260E-06  1.7148E-05  3.3371E-05  6.4532E-05  1.2418E-04  2.3792E-04  4.5377E-04  8.6121E-04  1.6255E-03  3.0490E-03
       5.6779E-03  1.0485E-02  1.9175E-02  3.4670E-02  6.1866E-02  0.1087      0.1876      0.3170      0.5227      0.8380    
        1.301       1.950       2.812       3.896       5.189       6.659       8.268       9.980       11.77       13.61    
        15.50       17.43       19.38       21.36       23.36       25.36       27.38       29.39       31.40       33.41    
        35.40       37.37       39.33       41.27       43.18       45.07       46.92       48.75       50.55       52.31    
        54.04       55.73       57.38       59.00       60.57       62.10       63.59       65.02       66.41       67.75    
        69.04       70.26       71.42       72.52       73.55       74.51       75.39       76.18       76.89       77.50    
        78.02       78.43       78.74       78.93       79.00       78.95       78.78       78.48       78.04       77.47    
        76.76       75.92       74.94       73.82       72.58       71.20       69.70       68.08       66.35       64.51    
        62.57       60.55       58.45       56.29       54.08       51.83       49.59       47.39       45.33       43.55    
        42.35    
  51   6.3108E-06  1.2339E-05  2.3820E-05  4.5609E-05  8.6790E-05  1.6424E-04  3.0909E-04  5.7827E-04  1.0749E-03  1.9834E-03
       3.6297E-03  6.5801E-03  1.1801E-02  2.0907E-02  3.6520E-02  6.2776E-02  0.1059      0.1751      0.2826      0.4443    
       0.6782       1.003       1.434       1.982       2.648       3.427       4.309       5.283       6.336       7.461    
        8.649       9.894       11.19       12.54       13.93       15.35       16.81       18.30       19.82       21.35    
        22.90       24.46       26.03       27.61       29.18       30.76       32.32       33.88       35.43       36.97    
        38.49       40.00       41.48       42.94       44.38       45.79       47.18       48.53       49.84       51.12    
        52.36       53.55       54.70       55.80       56.84       57.82       58.74       59.60       60.38       61.08    
        61.70       62.24       62.68       63.03       63.27       63.42       63.45       63.37       63.18       62.87    
        62.45       61.90       61.23       60.45       59.55       58.53       57.41       56.17       54.84       53.41    
        51.89       50.29       48.62       46.89       45.11       43.30       41.48       39.69       38.01       36.55    
        35.58    
  52   4.4462E-06  8.6482E-06  1.6561E-05  3.1396E-05  5.9072E-05  1.1041E-04  2.0505E-04  3.7823E-04  6.9258E-04  1.2579E-03
       2.2641E-03  4.0338E-03  7.1049E-03  1.2354E-02  2.1171E-02  3.5695E-02  5.9095E-02  9.5861E-02  0.1520      0.2352    
       0.3543      0.5188      0.7375       1.017       1.363       1.777       2.257       2.802       3.408       4.073    
        4.795       5.570       6.396       7.271       8.193       9.159       10.17       11.21       12.29       13.41    
        14.55       15.72       16.91       18.12       19.34       20.58       21.84       23.10       24.36       25.63    
        26.89       28.16       29.42       30.67       31.91       33.14       34.36       35.56       36.73       37.89    
        39.01       40.11       41.17       42.20       43.18       44.13       45.02       45.86       46.64       47.37    
        48.02       48.61       49.12       49.55       49.90       50.16       50.33       50.41       50.39       50.28    
        50.06       49.74       49.31       48.79       48.16       47.44       46.62       45.70       44.70       43.61    
        42.44       41.20       39.90       38.53       37.13       35.69       34.23       32.80       31.45       30.27    
        29.49    
  53   3.0582E-06  5.9183E-06  1.1243E-05  2.1105E-05  3.9271E-05  7.2516E-05  1.3293E-04  2.4187E-04  4.3655E-04  7.8104E-04
       1.3840E-03  2.4261E-03  4.2029E-03  7.1855E-03  1.2106E-02  2.0068E-02  3.2678E-02  5.2180E-02  8.1561E-02  0.1246    
       0.1857      0.2698      0.3819      0.5264      0.7071      0.9268       1.187       1.489       1.833       2.219    
        2.647       3.116       3.627       4.178       4.770       5.401       6.070       6.776       7.517       8.292    
        9.099       9.936       10.80       11.69       12.61       13.54       14.50       15.47       16.45       17.45    
        18.46       19.48       20.50       21.52       22.55       23.57       24.59       25.61       26.61       27.60    
        28.58       29.54       30.48       31.39       32.28       33.13       33.95       34.73       35.47       36.16    
        36.80       37.38       37.91       38.37       38.76       39.09       39.34       39.51       39.61       39.62    
        39.55       39.39       39.15       38.82       38.41       37.91       37.33       36.67       35.93       35.12    
        34.24       33.29       32.29       31.24       30.15       29.02       27.88       26.75       25.68       24.75    
        24.12    
  54   2.0581E-06  3.9633E-06  7.4707E-06  1.3891E-05  2.5569E-05  4.6664E-05  8.4480E-05  1.5170E-04  2.7009E-04  4.7643E-04
       8.3197E-04  1.4369E-03  2.4518E-03  4.1284E-03  6.8511E-03  1.1190E-02  1.7963E-02  2.8303E-02  4.3707E-02  6.6071E-02
       9.7665E-02  0.1411      0.1990      0.2741      0.3691      0.4860      0.6269      0.7933      0.9864       1.207    
        1.457       1.735       2.044       2.384       2.754       3.154       3.586       4.049       4.541       5.064    
        5.615       6.195       6.801       7.434       8.091       8.771       9.473       10.19       10.94       11.69    
        12.47       13.25       14.05       14.86       15.67       16.49       17.32       18.15       18.97       19.79    
        20.61       21.41       22.21       22.99       23.75       24.49       25.21       25.90       26.56       27.19    
        27.78       28.32       28.82       29.27       29.67       30.02       30.30       30.53       30.69       30.78    
        30.81       30.76       30.65       30.46       30.21       29.88       29.48       29.02       28.49       27.90    
        27.25       26.55       25.79       24.99       24.15       23.29       22.40       21.53       20.69       19.96    
        19.47    
  55   1.3579E-06  2.6027E-06  4.8698E-06  8.9723E-06  1.6345E-05  2.9497E-05  5.2769E-05  9.3587E-05  1.6449E-04  2.8634E-04
       4.9332E-04  8.4044E-04  1.4145E-03  2.3494E-03  3.8469E-03  6.2022E-03  9.8348E-03  1.5320E-02  2.3420E-02  3.5100E-02
       5.1532E-02  7.4075E-02  0.1042      0.1436      0.1937      0.2561      0.3323      0.4236      0.5313      0.6565    
       0.8002      0.9634       1.147       1.352       1.579       1.828       2.100       2.396       2.716       3.059    
        3.426       3.816       4.229       4.666       5.124       5.604       6.105       6.625       7.165       7.722    
        8.296       8.885       9.488       10.10       10.73       11.37       12.01       12.66       13.32       13.98    
        14.63       15.29       15.94       16.58       17.22       17.84       18.45       19.04       19.60       20.15    
        20.66       21.15       21.60       22.02       22.39       22.73       23.02       23.26       23.45       23.58    
        23.67       23.69       23.66       23.58       23.43       23.23       22.97       22.66       22.29       21.87    
        21.40       20.88       20.33       19.73       19.10       18.44       17.77       17.10       16.46       15.90    
        15.52    
  56   8.8013E-07  1.6795E-06  3.1204E-06  5.6993E-06  1.0281E-05  1.8357E-05  3.2473E-05  5.6922E-05  9.8847E-05  1.6997E-04
       2.8922E-04  4.8661E-04  8.0887E-04  1.3272E-03  2.1474E-03  3.4229E-03  5.3702E-03  8.2846E-03  1.2556E-02  1.8684E-02
       2.7278E-02  3.9062E-02  5.4856E-02  7.5558E-02  0.1021      0.1355      0.1767      0.2268      0.2865      0.3570    
       0.4390      0.5335      0.6413      0.7633      0.9001       1.053       1.221       1.407       1.610       1.830    
        2.069       2.326       2.601       2.895       3.207       3.537       3.885       4.251       4.633       5.032    
        5.447       5.876       6.320       6.777       7.246       7.726       8.216       8.715       9.220       9.731    
        10.25       10.76       11.28       11.80       12.31       12.81       13.31       13.79       14.27       14.72    
        15.16       15.57       15.97       16.33       16.67       16.97       17.24       17.47       17.67       17.82    
        17.93       18.00       18.03       18.00       17.94       17.82       17.66       17.46       17.21       16.92    
        16.59       16.22       15.81       15.37       14.91       14.42       13.91       13.41       12.92       12.50    
        12.21    
  57   5.6138E-07  1.0668E-06  1.9690E-06  3.5670E-06  6.3753E-06  1.1270E-05  1.9727E-05  3.4203E-05  5.8734E-05  9.9855E-05
       1.6798E-04  2.7943E-04  4.5930E-04  7.4538E-04  1.1934E-03  1.8833E-03  2.9275E-03  4.4786E-03  6.7387E-03  9.9667E-03
       1.4484E-02  2.0677E-02  2.8993E-02  3.9939E-02  5.4070E-02  7.1980E-02  9.4294E-02  0.1217      0.1547      0.1942    
       0.2407      0.2950      0.3576      0.4294      0.5110      0.6029      0.7059      0.8204      0.9472       1.087    
        1.239       1.405       1.585       1.778       1.986       2.209       2.445       2.696       2.961       3.240    
        3.532       3.838       4.157       4.487       4.830       5.183       5.546       5.918       6.298       6.685    
        7.078       7.475       7.875       8.276       8.677       9.076       9.471       9.860       10.24       10.61    
        10.97       11.31       11.64       11.95       12.24       12.50       12.74       12.96       13.14       13.29    
        13.41       13.50       13.55       13.57       13.55       13.49       13.40       13.28       13.11       12.92    
        12.69       12.43       12.14       11.82       11.48       11.13       10.75       10.38       10.02       9.700    
        9.486    
  58   3.5294E-07  6.6810E-07  1.2256E-06  2.2034E-06  3.9041E-06  6.8372E-06  1.1851E-05  2.0339E-05  3.4567E-05  5.8155E-05
       9.6813E-05  1.5939E-04  2.5934E-04  4.1675E-04  6.6100E-04  1.0340E-03  1.5943E-03  2.4215E-03  3.6208E-03  5.3280E-03
       7.7128E-03  1.0982E-02  1.5381E-02  2.1192E-02  2.8734E-02  3.8358E-02  5.0446E-02  6.5406E-02  8.3667E-02  0.1057    
       0.1319      0.1629      0.1990      0.2409      0.2890      0.3438      0.4059      0.4757      0.5538      0.6405    
       0.7364      0.8418      0.9572       1.083       1.219       1.366       1.523       1.692       1.872       2.063    
        2.266       2.479       2.702       2.937       3.181       3.435       3.698       3.970       4.249       4.536    
        4.828       5.126       5.428       5.733       6.040       6.347       6.654       6.957       7.257       7.551    
        7.837       8.114       8.380       8.633       8.871       9.093       9.297       9.481       9.644       9.784    
        9.900       9.991       10.06       10.09       10.10       10.09       10.04       9.966       9.865       9.737    
        9.583       9.405       9.203       8.979       8.736       8.478       8.207       7.933       7.668       7.434    
        7.276    
  59   2.1904E-07  4.1316E-07  7.5361E-07  1.3453E-06  2.3646E-06  4.1051E-06  7.0505E-06  1.1987E-05  2.0178E-05  3.3623E-05
       5.5440E-05  9.0416E-05  1.4577E-04  2.3220E-04  3.6522E-04  5.6690E-04  8.6789E-04  1.3099E-03  1.9481E-03  2.8542E-03
       4.1182E-03  5.8514E-03  8.1875E-03  1.1284E-02  1.5320E-02  2.0503E-02  2.7057E-02  3.5234E-02  4.5303E-02  5.7554E-02
       7.2297E-02  8.9859E-02  0.1106      0.1348      0.1630      0.1953      0.2324      0.2745      0.3220      0.3753    
       0.4348      0.5009      0.5739      0.6540      0.7417      0.8372      0.9407       1.052       1.172       1.301    
        1.438       1.584       1.738       1.901       2.072       2.251       2.438       2.632       2.833       3.041    
        3.255       3.473       3.697       3.924       4.153       4.385       4.617       4.849       5.079       5.306    
        5.528       5.746       5.956       6.157       6.349       6.530       6.697       6.851       6.990       7.111    
        7.216       7.301       7.368       7.414       7.439       7.443       7.426       7.388       7.328       7.248    
        7.147       7.028       6.889       6.734       6.563       6.379       6.186       5.989       5.797       5.627    
        5.512    
  60   1.3437E-07  2.5263E-07  4.5838E-07  8.1291E-07  1.4182E-06  2.4424E-06  4.1595E-06  7.0105E-06  1.1697E-05  1.9320E-05
       3.1579E-05  5.1063E-05  8.1646E-05  1.2903E-04  2.0143E-04  3.1051E-04  4.7242E-04  7.0908E-04  1.0497E-03  1.5321E-03
       2.2044E-03  3.1266E-03  4.3715E-03  6.0263E-03  8.1928E-03  1.0989E-02  1.4547E-02  1.9016E-02  2.4563E-02  3.1367E-02
       3.9625E-02  4.9550E-02  6.1369E-02  7.5321E-02  9.1661E-02  0.1107      0.1326      0.1577      0.1864      0.2188    
       0.2553      0.2962      0.3418      0.3923      0.4480      0.5092      0.5761      0.6489      0.7278      0.8130    
       0.9045       1.003       1.107       1.218       1.336       1.460       1.590       1.726       1.869       2.016    
        2.169       2.327       2.489       2.654       2.823       2.994       3.166       3.339       3.512       3.684    
        3.853       4.020       4.182       4.338       4.489       4.631       4.766       4.890       5.003       5.105    
        5.194       5.270       5.332       5.378       5.410       5.425       5.425       5.409       5.376       5.328    
        5.265       5.186       5.094       4.988       4.870       4.741       4.605       4.465       4.328       4.207    
        4.124    
  61   8.1578E-08  1.5291E-07  2.7611E-07  4.8672E-07  8.4333E-07  1.4416E-06  2.4359E-06  4.0728E-06  6.7406E-06  1.1043E-05
       1.7907E-05  2.8732E-05  4.5597E-05  7.1546E-05  1.1095E-04  1.6999E-04  2.5719E-04  3.8417E-04  5.6637E-04  8.2396E-04
       1.1827E-03  1.6750E-03  2.3405E-03  3.2275E-03  4.3930E-03  5.9039E-03  7.8374E-03  1.0281E-02  1.3335E-02  1.7108E-02
       2.1723E-02  2.7314E-02  3.4026E-02  4.2017E-02  5.1455E-02  6.2519E-02  7.5398E-02  9.0290E-02  0.1074      0.1269    
       0.1491      0.1742      0.2024      0.2338      0.2688      0.3076      0.3503      0.3971      0.4482      0.5038    
       0.5640      0.6289      0.6987      0.7734      0.8529      0.9374       1.027       1.121       1.220       1.323    
        1.431       1.542       1.657       1.776       1.897       2.021       2.146       2.273       2.401       2.528    
        2.654       2.779       2.902       3.021       3.136       3.246       3.351       3.448       3.539       3.621    
        3.694       3.758       3.812       3.855       3.886       3.907       3.915       3.912       3.897       3.870    
        3.831       3.781       3.720       3.649       3.569       3.481       3.387       3.289       3.192       3.107    
        3.049    
  62   4.9064E-08  9.1714E-08  1.6488E-07  2.8904E-07  4.9766E-07  8.4489E-07  1.4174E-06  2.3525E-06  3.8645E-06  6.2846E-06
       1.0117E-05  1.6118E-05  2.5406E-05  3.9608E-05  6.1056E-05  9.3030E-05  1.4007E-04  2.0833E-04  3.0603E-04  4.4394E-04
       6.3592E-04  8.9944E-04  1.2562E-03  1.7329E-03  2.3612E-03  3.1791E-03  4.2309E-03  5.5677E-03  7.2481E-03  9.3382E-03
       1.1913E-02  1.5054E-02  1.8853E-02  2.3411E-02  2.8835E-02  3.5245E-02  4.2764E-02  5.1528E-02  6.1677E-02  7.3361E-02
       8.6733E-02  0.1020      0.1192      0.1386      0.1603      0.1846      0.2115      0.2412      0.2740      0.3098    
       0.3489      0.3913      0.4373      0.4867      0.5398      0.5965      0.6569      0.7208      0.7884      0.8595    
       0.9339       1.012       1.092       1.176       1.262       1.350       1.440       1.531       1.623       1.716    
        1.808       1.900       1.991       2.079       2.166       2.249       2.328       2.404       2.474       2.538    
        2.597       2.648       2.693       2.730       2.759       2.780       2.792       2.795       2.790       2.777    
        2.754       2.723       2.685       2.638       2.585       2.525       2.461       2.393       2.327       2.267    
        2.226    
  63   2.9262E-08  5.4561E-08  9.7695E-08  1.7039E-07  2.9168E-07  4.9210E-07  8.2014E-07  1.3520E-06  2.2058E-06  3.5630E-06
       5.6975E-06  9.0188E-06  1.4129E-05  2.1900E-05  3.3577E-05  5.0909E-05  7.6314E-05  1.1307E-04  1.6558E-04  2.3960E-04
       3.4259E-04  4.8403E-04  6.7579E-04  9.3249E-04  1.2719E-03  1.7154E-03  2.2881E-03  3.0196E-03  3.9442E-03  5.1011E-03
       6.5349E-03  8.2960E-03  1.0440E-02  1.3031E-02  1.6136E-02  1.9831E-02  2.4198E-02  2.9325E-02  3.5306E-02  4.2241E-02
       5.0237E-02  5.9404E-02  6.9857E-02  8.1714E-02  9.5098E-02  0.1101      0.1269      0.1456      0.1663      0.1892    
       0.2142      0.2417      0.2715      0.3038      0.3388      0.3763      0.4165      0.4594      0.5050      0.5532    
       0.6039      0.6571      0.7127      0.7706      0.8304      0.8921      0.9554       1.020       1.086       1.152    
        1.218       1.285       1.351       1.415       1.479       1.541       1.600       1.656       1.709       1.759    
        1.804       1.845       1.880       1.911       1.936       1.954       1.967       1.974       1.975       1.969    
        1.957       1.939       1.914       1.885       1.850       1.810       1.767       1.721       1.675       1.635    
        1.607    
  64   1.7320E-08  3.2221E-08  5.7481E-08  9.9794E-08  1.6993E-07  2.8503E-07  4.7218E-07  7.7355E-07  1.2542E-06  2.0134E-06
       3.2001E-06  5.0359E-06  7.8452E-06  1.2097E-05  1.8457E-05  2.7861E-05  4.1600E-05  6.1431E-05  8.9705E-05  1.2952E-04
       1.8490E-04  2.6099E-04  3.6428E-04  5.0282E-04  6.8649E-04  9.2725E-04  1.2394E-03  1.6399E-03  2.1486E-03  2.7886E-03
       3.5862E-03  4.5717E-03  5.7792E-03  7.2472E-03  9.0184E-03  1.1140E-02  1.3664E-02  1.6648E-02  2.0152E-02  2.4243E-02
       2.8992E-02  3.4474E-02  4.0768E-02  4.7955E-02  5.6122E-02  6.5356E-02  7.5746E-02  8.7383E-02  0.1004      0.1148    
       0.1307      0.1482      0.1673      0.1882      0.2109      0.2355      0.2619      0.2903      0.3206      0.3528    
       0.3870      0.4229      0.4607      0.5002      0.5413      0.5839      0.6277      0.6727      0.7186      0.7652    
       0.8123      0.8595      0.9065      0.9532      0.9990       1.044       1.087       1.129       1.168       1.205    
        1.239       1.270       1.298       1.322       1.342       1.359       1.371       1.378       1.381       1.380    
        1.374       1.364       1.349       1.331       1.308       1.282       1.253       1.223       1.192       1.165    
        1.146    
  65   1.0181E-08  1.8901E-08  3.3607E-08  5.8101E-08  9.8455E-08  1.6428E-07  2.7064E-07  4.4087E-07  7.1075E-07  1.1345E-06
       1.7932E-06  2.8069E-06  4.3506E-06  6.6764E-06  1.0142E-05  1.5249E-05  2.2689E-05  3.3404E-05  4.8656E-05  7.0115E-05
       9.9957E-05  1.4098E-04  1.9672E-04  2.7162E-04  3.7117E-04  5.0205E-04  6.7235E-04  8.9173E-04  1.1716E-03  1.5254E-03
       1.9687E-03  2.5193E-03  3.1979E-03  4.0276E-03  5.0347E-03  6.2486E-03  7.7016E-03  9.4299E-03  1.1473E-02  1.3873E-02
       1.6677E-02  1.9933E-02  2.3696E-02  2.8021E-02  3.2966E-02  3.8592E-02  4.4962E-02  5.2140E-02  6.0192E-02  6.9182E-02
       7.9173E-02  9.0230E-02  0.1024      0.1158      0.1304      0.1462      0.1634      0.1820      0.2019      0.2231    
       0.2458      0.2698      0.2951      0.3217      0.3495      0.3785      0.4085      0.4393      0.4710      0.5033    
       0.5361      0.5691      0.6022      0.6351      0.6677      0.6997      0.7308      0.7608      0.7895      0.8166    
       0.8419      0.8652      0.8862      0.9047      0.9206      0.9337      0.9439      0.9511      0.9552      0.9561    
       0.9538      0.9485      0.9400      0.9287      0.9145      0.8979      0.8791      0.8590      0.8387      0.8203    
       0.8076    
  66   5.9474E-09  1.1021E-08  1.9537E-08  3.3646E-08  5.6764E-08  9.4264E-08  1.5451E-07  2.5039E-07  4.0156E-07  6.3765E-07
       1.0028E-06  1.5621E-06  2.4101E-06  3.6825E-06  5.5719E-06  8.3476E-06  1.2381E-05  1.8179E-05  2.6420E-05  3.8006E-05
       5.4115E-05  7.6269E-05  1.0641E-04  1.4697E-04  2.0100E-04  2.7222E-04  3.6520E-04  4.8542E-04  6.3941E-04  8.3492E-04
       1.0810E-03  1.3883E-03  1.7689E-03  2.2368E-03  2.8079E-03  3.5001E-03  4.3335E-03  5.3305E-03  6.5158E-03  7.9168E-03
       9.5630E-03  1.1487E-02  1.3722E-02  1.6307E-02  1.9280E-02  2.2682E-02  2.6557E-02  3.0949E-02  3.5903E-02  4.1466E-02
       4.7684E-02  5.4603E-02  6.2268E-02  7.0721E-02  8.0004E-02  9.0153E-02  0.1012      0.1132      0.1261      0.1400    
       0.1548      0.1706      0.1874      0.2051      0.2237      0.2431      0.2633      0.2842      0.3057      0.3278    
       0.3503      0.3730      0.3960      0.4189      0.4417      0.4641      0.4861      0.5074      0.5280      0.5475    
       0.5658      0.5828      0.5984      0.6123      0.6244      0.6346      0.6429      0.6491      0.6531      0.6550    
       0.6547      0.6522      0.6475      0.6408      0.6321      0.6216      0.6096      0.5965      0.5832      0.5711    
       0.5628    
  67   3.4546E-09  6.3908E-09  1.1298E-08  1.9390E-08  3.2581E-08  5.3869E-08  8.7890E-08  1.4176E-07  2.2626E-07  3.5759E-07
       5.5980E-07  8.6815E-07  1.3338E-06  2.0300E-06  3.0605E-06  4.5703E-06  6.7594E-06  9.9003E-06  1.4360E-05  2.0625E-05
       2.9335E-05  4.1319E-05  5.7638E-05  7.9634E-05  1.0899E-04  1.4779E-04  1.9859E-04  2.6448E-04  3.4921E-04  4.5721E-04
       5.9375E-04  7.6500E-04  9.7813E-04  1.2414E-03  1.5645E-03  1.9580E-03  2.4344E-03  3.0074E-03  3.6923E-03  4.5062E-03
       5.4680E-03  6.5980E-03  7.9186E-03  9.4539E-03  1.1230E-02  1.3273E-02  1.5613E-02  1.8279E-02  2.1303E-02  2.4717E-02
       2.8553E-02  3.2844E-02  3.7622E-02  4.2919E-02  4.8764E-02  5.5187E-02  6.2213E-02  6.9864E-02  7.8160E-02  8.7114E-02
       9.6737E-02  0.1070      0.1180      0.1296      0.1419      0.1547      0.1682      0.1822      0.1966      0.2115    
       0.2267      0.2422      0.2578      0.2735      0.2892      0.3047      0.3200      0.3349      0.3494      0.3632    
       0.3762      0.3885      0.3997      0.4099      0.4189      0.4267      0.4331      0.4381      0.4417      0.4438    
       0.4444      0.4435      0.4410      0.4372      0.4320      0.4255      0.4179      0.4095      0.4010      0.3931    
       0.3877    
  68   1.9961E-09  3.6871E-09  6.5021E-09  1.1124E-08  1.8624E-08  3.0670E-08  4.9830E-08  8.0024E-08  1.2717E-07  2.0013E-07
       3.1197E-07  4.8187E-07  7.3750E-07  1.1185E-06  1.6808E-06  2.5025E-06  3.6916E-06  5.3951E-06  7.8112E-06  1.1204E-05
       1.5920E-05  2.2411E-05  3.1259E-05  4.3202E-05  5.9170E-05  8.0322E-05  1.0809E-04  1.4422E-04  1.9083E-04  2.5047E-04
       3.2616E-04  4.2149E-04  5.4065E-04  6.8855E-04  8.7083E-04  1.0940E-03  1.3654E-03  1.6936E-03  2.0878E-03  2.5587E-03
       3.1179E-03  3.7784E-03  4.5543E-03  5.4610E-03  6.5150E-03  7.7342E-03  9.1374E-03  1.0745E-02  1.2577E-02  1.4655E-02
       1.7003E-02  1.9641E-02  2.2594E-02  2.5883E-02  2.9529E-02  3.3555E-02  3.7979E-02  4.2819E-02  4.8090E-02  5.3804E-02
       5.9972E-02  6.6599E-02  7.3685E-02  8.1227E-02  8.9216E-02  9.7639E-02  0.1065      0.1157      0.1253      0.1352    
       0.1453      0.1557      0.1662      0.1768      0.1875      0.1981      0.2086      0.2188      0.2288      0.2384    
       0.2476      0.2562      0.2642      0.2715      0.2780      0.2838      0.2886      0.2925      0.2955      0.2974    
       0.2983      0.2982      0.2971      0.2950      0.2919      0.2880      0.2833      0.2780      0.2726      0.2676    
       0.2641    
  69   1.1478E-09  2.1173E-09  3.7254E-09  6.3553E-09  1.0605E-08  1.7402E-08  2.8165E-08  4.5053E-08  7.1314E-08  1.1178E-07
       1.7359E-07  2.6714E-07  4.0744E-07  6.1592E-07  9.2281E-07  1.3703E-06  2.0167E-06  2.9415E-06  4.2519E-06  6.0910E-06
       8.6475E-06  1.2168E-05  1.6970E-05  2.3460E-05  3.2153E-05  4.3692E-05  5.8876E-05  7.8689E-05  1.0433E-04  1.3724E-04
       1.7917E-04  2.3217E-04  2.9870E-04  3.8162E-04  4.8425E-04  6.1046E-04  7.6468E-04  9.5197E-04  1.1780E-03  1.4493E-03
       1.7731E-03  2.1573E-03  2.6109E-03  3.1434E-03  3.7655E-03  4.4885E-03  5.3246E-03  6.2869E-03  7.3890E-03  8.6453E-03
       1.0071E-02  1.1680E-02  1.3489E-02  1.5514E-02  1.7769E-02  2.0269E-02  2.3028E-02  2.6060E-02  2.9376E-02  3.2986E-02
       3.6898E-02  4.1119E-02  4.5650E-02  5.0492E-02  5.5641E-02  6.1091E-02  6.6829E-02  7.2841E-02  7.9108E-02  8.5604E-02
       9.2302E-02  9.9169E-02  0.1062      0.1133      0.1204      0.1275      0.1346      0.1416      0.1484      0.1549    
       0.1613      0.1672      0.1728      0.1780      0.1826      0.1867      0.1903      0.1932      0.1955      0.1972    
       0.1981      0.1984      0.1980      0.1969      0.1951      0.1928      0.1899      0.1867      0.1833      0.1801    
       0.1779    
  70   6.5705E-10  1.2105E-09  2.1256E-09  3.6167E-09  6.0174E-09  9.8412E-09  1.5873E-08  2.5300E-08  3.9903E-08  6.2323E-08
       9.6447E-08  1.4793E-07  2.2490E-07  3.3897E-07  5.0651E-07  7.5032E-07  1.1019E-06  1.6043E-06  2.3156E-06  3.3135E-06
       4.7006E-06  6.6114E-06  9.2199E-06  1.2750E-05  1.7485E-05  2.3782E-05  3.2087E-05  4.2951E-05  5.7050E-05  7.5206E-05
       9.8409E-05  1.2785E-04  1.6493E-04  2.1133E-04  2.6900E-04  3.4020E-04  4.2757E-04  5.3413E-04  6.6332E-04  8.1904E-04
       1.0057E-03  1.2282E-03  1.4920E-03  1.8032E-03  2.1683E-03  2.5945E-03  3.0897E-03  3.6621E-03  4.3206E-03  5.0745E-03
       5.9336E-03  6.9080E-03  8.0079E-03  9.2438E-03  1.0626E-02  1.2165E-02  1.3871E-02  1.5753E-02  1.7819E-02  2.0077E-02
       2.2534E-02  2.5195E-02  2.8062E-02  3.1137E-02  3.4420E-02  3.7907E-02  4.1592E-02  4.5467E-02  4.9520E-02  5.3737E-02
       5.8101E-02  6.2590E-02  6.7182E-02  7.1851E-02  7.6567E-02  8.1299E-02  8.6013E-02  9.0675E-02  9.5247E-02  9.9692E-02
       0.1040      0.1081      0.1119      0.1155      0.1187      0.1216      0.1242      0.1263      0.1280      0.1293    
       0.1302      0.1306      0.1305      0.1300      0.1290      0.1277      0.1260      0.1240      0.1219      0.1199    
       0.1185    
  71   3.7450E-10  6.8918E-10  1.2080E-09  2.0506E-09  3.4025E-09  5.5482E-09  8.9206E-09  1.4172E-08  2.2279E-08  3.4684E-08
       5.3504E-08  8.1812E-08  1.2403E-07  1.8643E-07  2.7789E-07  4.1076E-07  6.0208E-07  8.7515E-07  1.2615E-06  1.8033E-06
       2.5564E-06  3.5942E-06  5.0121E-06  6.9328E-06  9.5128E-06  1.2950E-05  1.7493E-05  2.3449E-05  3.1199E-05  4.1207E-05
       5.4036E-05  7.0366E-05  9.1007E-05  1.1692E-04  1.4925E-04  1.8932E-04  2.3868E-04  2.9912E-04  3.7269E-04  4.6174E-04
       5.6891E-04  6.9719E-04  8.4993E-04  1.0308E-03  1.2440E-03  1.4939E-03  1.7854E-03  2.1238E-03  2.5147E-03  2.9640E-03
       3.4782E-03  4.0637E-03  4.7273E-03  5.4759E-03  6.3165E-03  7.2560E-03  8.3012E-03  9.4587E-03  1.0734E-02  1.2134E-02
       1.3662E-02  1.5323E-02  1.7119E-02  1.9052E-02  2.1123E-02  2.3331E-02  2.5671E-02  2.8141E-02  3.0733E-02  3.3439E-02
       3.6249E-02  3.9150E-02  4.2127E-02  4.5164E-02  4.8243E-02  5.1343E-02  5.4444E-02  5.7522E-02  6.0554E-02  6.3514E-02
       6.6378E-02  6.9121E-02  7.1717E-02  7.4143E-02  7.6375E-02  7.8392E-02  8.0173E-02  8.1702E-02  8.2961E-02  8.3940E-02
       8.4628E-02  8.5019E-02  8.5112E-02  8.4907E-02  8.4415E-02  8.3653E-02  8.2651E-02  8.1464E-02  8.0185E-02  7.8978E-02
       7.8128E-02
  72   2.1259E-10  3.9082E-10  6.8389E-10  1.1585E-09  1.9176E-09  3.1185E-09  4.9996E-09  7.9197E-09  1.2413E-08  1.9267E-08
       2.9635E-08  4.5189E-08  6.8326E-08  1.0246E-07  1.5238E-07  2.2478E-07  3.2890E-07  4.7737E-07  6.8728E-07  9.8155E-07
       1.3906E-06  1.9545E-06  2.7255E-06  3.7708E-06  5.1769E-06  7.0532E-06  9.5375E-06  1.2802E-05  1.7059E-05  2.2571E-05
       2.9657E-05  3.8703E-05  5.0173E-05  6.4622E-05  8.2707E-05  1.0520E-04  1.3301E-04  1.6718E-04  2.0894E-04  2.5967E-04
       3.2096E-04  3.9461E-04  4.8263E-04  5.8730E-04  7.1110E-04  8.5681E-04  1.0274E-03  1.2263E-03  1.4568E-03  1.7229E-03
       2.0285E-03  2.3778E-03  2.7752E-03  3.2252E-03  3.7323E-03  4.3012E-03  4.9363E-03  5.6422E-03  6.4228E-03  7.2823E-03
       8.2239E-03  9.2507E-03  1.0365E-02  1.1568E-02  1.2862E-02  1.4245E-02  1.5716E-02  1.7273E-02  1.8913E-02  2.0630E-02
       2.2419E-02  2.4272E-02  2.6179E-02  2.8132E-02  3.0118E-02  3.2125E-02  3.4139E-02  3.6145E-02  3.8129E-02  4.0074E-02
       4.1964E-02  4.3783E-02  4.5514E-02  4.7140E-02  4.8648E-02  5.0021E-02  5.1247E-02  5.2312E-02  5.3207E-02  5.3923E-02
       5.4451E-02  5.4788E-02  5.4932E-02  5.4882E-02  5.4644E-02  5.4229E-02  5.3654E-02  5.2955E-02  5.2189E-02  5.1460E-02
       5.0943E-02
  73   1.2020E-10  2.2077E-10  3.8575E-10  6.5224E-10  1.0772E-09  1.7475E-09  2.7945E-09  4.4147E-09  6.9005E-09  1.0682E-08
       1.6388E-08  2.4926E-08  3.7598E-08  5.6253E-08  8.3493E-08  1.2294E-07  1.7960E-07  2.6033E-07  3.7439E-07  5.3425E-07
       7.5647E-07  1.0629E-06  1.4821E-06  2.0511E-06  2.8172E-06  3.8411E-06  5.1992E-06  6.9871E-06  9.3239E-06  1.2357E-05
       1.6265E-05  2.1269E-05  2.7632E-05  3.5671E-05  4.5765E-05  5.8360E-05  7.3983E-05  9.3247E-05  1.1687E-04  1.4566E-04
       1.8057E-04  2.2267E-04  2.7318E-04  3.3344E-04  4.0498E-04  4.8949E-04  5.8880E-04  7.0495E-04  8.4012E-04  9.9666E-04
       1.1771E-03  1.3840E-03  1.6203E-03  1.8888E-03  2.1924E-03  2.5341E-03  2.9169E-03  3.3437E-03  3.8174E-03  4.3405E-03
       4.9155E-03  5.5445E-03  6.2293E-03  6.9711E-03  7.7708E-03  8.6286E-03  9.5439E-03  1.0516E-02  1.1542E-02  1.2620E-02
       1.3747E-02  1.4917E-02  1.6126E-02  1.7366E-02  1.8633E-02  1.9916E-02  2.1209E-02  2.2501E-02  2.3783E-02  2.5044E-02
       2.6275E-02  2.7465E-02  2.8603E-02  2.9678E-02  3.0680E-02  3.1600E-02  3.2429E-02  3.3157E-02  3.3779E-02  3.4287E-02
       3.4677E-02  3.4944E-02  3.5088E-02  3.5107E-02  3.5005E-02  3.4788E-02  3.4466E-02  3.4062E-02  3.3611E-02  3.3176E-02
       3.2866E-02
  74   6.7694E-11  1.2424E-10  2.1679E-10  3.6593E-10  6.0316E-10  9.7635E-10  1.5576E-09  2.4548E-09  3.8276E-09  5.9107E-09
       9.0461E-09  1.3727E-08  2.0662E-08  3.0851E-08  4.5705E-08  6.7189E-08  9.8014E-08  1.4189E-07  2.0386E-07  2.9069E-07
       4.1139E-07  5.7789E-07  8.0578E-07  1.1153E-06  1.5327E-06  2.0911E-06  2.8330E-06  3.8114E-06  5.0928E-06  6.7595E-06
       8.9125E-06  1.1675E-05  1.5198E-05  1.9662E-05  2.5282E-05  3.2316E-05  4.1067E-05  5.1892E-05  6.5206E-05  8.1490E-05
       1.0130E-04  1.2526E-04  1.5411E-04  1.8864E-04  2.2978E-04  2.7853E-04  3.3601E-04  4.0346E-04  4.8222E-04  5.7374E-04
       6.7957E-04  8.0136E-04  9.4085E-04  1.0999E-03  1.2803E-03  1.4839E-03  1.7128E-03  1.9688E-03  2.2538E-03  2.5695E-03
       2.9175E-03  3.2994E-03  3.7164E-03  4.1694E-03  4.6592E-03  5.1860E-03  5.7499E-03  6.3502E-03  6.9861E-03  7.6559E-03
       8.3578E-03  9.0889E-03  9.8463E-03  1.0626E-02  1.1424E-02  1.2236E-02  1.3056E-02  1.3878E-02  1.4696E-02  1.5505E-02
       1.6296E-02  1.7064E-02  1.7802E-02  1.8503E-02  1.9160E-02  1.9767E-02  2.0318E-02  2.0807E-02  2.1230E-02  2.1583E-02
       2.1861E-02  2.2062E-02  2.2184E-02  2.2228E-02  2.2194E-02  2.2086E-02  2.1911E-02  2.1682E-02  2.1420E-02  2.1165E-02
       2.0982E-02
  75   3.7978E-11  6.9650E-11  1.2139E-10  2.0459E-10  3.3662E-10  5.4382E-10  8.6576E-10  1.3614E-09  2.1180E-09  3.2635E-09
       4.9839E-09  7.5473E-09  1.1337E-08  1.6897E-08  2.4991E-08  3.6682E-08  5.3442E-08  7.7280E-08  1.1093E-07  1.5807E-07
       2.2360E-07  3.1402E-07  4.3784E-07  6.0617E-07  8.3333E-07  1.1377E-06  1.5426E-06  2.0774E-06  2.7792E-06  3.6937E-06
       4.8777E-06  6.4006E-06  8.3471E-06  1.0819E-05  1.3941E-05  1.7858E-05  2.2745E-05  2.8808E-05  3.6287E-05  4.5461E-05
       5.6655E-05  7.0239E-05  8.6638E-05  1.0633E-04  1.2987E-04  1.5784E-04  1.9093E-04  2.2988E-04  2.7550E-04  3.2867E-04
       3.9034E-04  4.6153E-04  5.4331E-04  6.3682E-04  7.4321E-04  8.6370E-04  9.9950E-04  1.1518E-03  1.3219E-03  1.5108E-03
       1.7196E-03  1.9494E-03  2.2011E-03  2.4752E-03  2.7724E-03  3.0929E-03  3.4369E-03  3.8041E-03  4.1941E-03  4.6061E-03
       5.0388E-03  5.4909E-03  5.9605E-03  6.4454E-03  6.9429E-03  7.4503E-03  7.9643E-03  8.4814E-03  8.9978E-03  9.5096E-03
       1.0012E-02  1.0502E-02  1.0975E-02  1.1425E-02  1.1850E-02  1.2245E-02  1.2606E-02  1.2929E-02  1.3212E-02  1.3451E-02
       1.3644E-02  1.3789E-02  1.3885E-02  1.3931E-02  1.3929E-02  1.3880E-02  1.3788E-02  1.3660E-02  1.3511E-02  1.3364E-02
       1.3257E-02
  76   2.1224E-11  3.8899E-11  6.7725E-11  1.1398E-10  1.8724E-10  3.0195E-10  4.7979E-10  7.5298E-10  1.1691E-09  1.7978E-09
       2.7400E-09  4.1415E-09  6.2100E-09  9.2401E-09  1.3645E-08  2.0002E-08  2.9105E-08  4.2045E-08  6.0303E-08  8.5874E-08
       1.2142E-07  1.7049E-07  2.3771E-07  3.2916E-07  4.5268E-07  6.1836E-07  8.3906E-07  1.1310E-06  1.5148E-06  2.0158E-06
       2.6656E-06  3.5033E-06  4.5763E-06  5.9424E-06  7.6712E-06  9.8464E-06  1.2567E-05  1.5951E-05  2.0137E-05  2.5286E-05
       3.1585E-05  3.9252E-05  4.8533E-05  5.9711E-05  7.3106E-05  8.9074E-05  1.0802E-04  1.3038E-04  1.5664E-04  1.8734E-04
       2.2305E-04  2.6439E-04  3.1201E-04  3.6661E-04  4.2891E-04  4.9965E-04  5.7960E-04  6.6952E-04  7.7017E-04  8.8229E-04
       1.0066E-03  1.1437E-03  1.2942E-03  1.4586E-03  1.6372E-03  1.8305E-03  2.0383E-03  2.2608E-03  2.4977E-03  2.7485E-03
       3.0127E-03  3.2894E-03  3.5775E-03  3.8757E-03  4.1826E-03  4.4964E-03  4.8152E-03  5.1368E-03  5.4589E-03  5.7791E-03
       6.0948E-03  6.4034E-03  6.7022E-03  6.9884E-03  7.2594E-03  7.5126E-03  7.7456E-03  7.9559E-03  8.1415E-03  8.3005E-03
       8.4314E-03  8.5327E-03  8.6038E-03  8.6441E-03  8.6540E-03  8.6345E-03  8.5879E-03  8.5190E-03  8.4356E-03  8.3517E-03
       8.2905E-03
  77   1.1815E-11  2.1641E-11  3.7642E-11  6.3274E-11  1.0379E-10  1.6711E-10  2.6507E-10  4.1526E-10  6.4357E-10  9.8784E-10
       1.5029E-09  2.2677E-09  3.3949E-09  5.0436E-09  7.4378E-09  1.0889E-08  1.5828E-08  2.2844E-08  3.2739E-08  4.6595E-08
       6.5859E-08  9.2453E-08  1.2891E-07  1.7853E-07  2.4560E-07  3.3567E-07  4.5578E-07  6.1491E-07  8.2436E-07  1.0983E-06
       1.4542E-06  1.9139E-06  2.5039E-06  3.2567E-06  4.2115E-06  5.4155E-06  6.9251E-06  8.8073E-06  1.1141E-05  1.4019E-05
       1.7549E-05  2.1857E-05  2.7085E-05  3.3399E-05  4.0984E-05  5.0051E-05  6.0836E-05  7.3599E-05  8.8630E-05  1.0625E-04
       1.2679E-04  1.5064E-04  1.7818E-04  2.0984E-04  2.4605E-04  2.8728E-04  3.3399E-04  3.8667E-04  4.4577E-04  5.1177E-04
       5.8511E-04  6.6622E-04  7.5547E-04  8.5319E-04  9.5965E-04  1.0751E-03  1.1995E-03  1.3330E-03  1.4755E-03  1.6268E-03
       1.7865E-03  1.9541E-03  2.1291E-03  2.3107E-03  2.4980E-03  2.6900E-03  2.8856E-03  3.0834E-03  3.2821E-03  3.4802E-03
       3.6761E-03  3.8682E-03  4.0549E-03  4.2344E-03  4.4051E-03  4.5654E-03  4.7138E-03  4.8486E-03  4.9686E-03  5.0726E-03
       5.1595E-03  5.2285E-03  5.2789E-03  5.3105E-03  5.3233E-03  5.3180E-03  5.2958E-03  5.2595E-03  5.2137E-03  5.1668E-03
       5.1322E-03
  78   6.5502E-12  1.1992E-11  2.0840E-11  3.4993E-11  5.7325E-11  9.2163E-11  1.4597E-10  2.2830E-10  3.5324E-10  5.4132E-10
       8.2225E-10  1.2388E-09  1.8517E-09  2.7472E-09  4.0462E-09  5.9170E-09  8.5921E-09  1.2390E-08  1.7745E-08  2.5243E-08
       3.5667E-08  5.0059E-08  6.9796E-08  9.6677E-08  1.3304E-07  1.8192E-07  2.4717E-07  3.3372E-07  4.4780E-07  5.9721E-07
       7.9169E-07  1.0433E-06  1.3668E-06  1.7804E-06  2.3061E-06  2.9703E-06  3.8050E-06  4.8479E-06  6.1441E-06  7.7463E-06
       9.7161E-06  1.2125E-05  1.5057E-05  1.8605E-05  2.2878E-05  2.7999E-05  3.4104E-05  4.1347E-05  4.9899E-05  5.9945E-05
       7.1690E-05  8.5354E-05  1.0117E-04  1.1940E-04  1.4031E-04  1.6416E-04  1.9125E-04  2.2187E-04  2.5630E-04  2.9484E-04
       3.3777E-04  3.8535E-04  4.3783E-04  4.9541E-04  5.5830E-04  6.2661E-04  7.0044E-04  7.7983E-04  8.6475E-04  9.5509E-04
       1.0507E-03  1.1512E-03  1.2565E-03  1.3659E-03  1.4791E-03  1.5954E-03  1.7141E-03  1.8345E-03  1.9557E-03  2.0769E-03
       2.1972E-03  2.3154E-03  2.4307E-03  2.5420E-03  2.6482E-03  2.7484E-03  2.8416E-03  2.9268E-03  3.0033E-03  3.0702E-03
       3.1269E-03  3.1727E-03  3.2074E-03  3.2306E-03  3.2424E-03  3.2431E-03  3.2334E-03  3.2149E-03  3.1903E-03  3.1645E-03
       3.1453E-03
  79   3.6165E-12  6.6178E-12  1.1492E-11  1.9277E-11  3.1543E-11  5.0647E-11  8.0102E-11  1.2510E-10  1.9328E-10  2.9575E-10
       4.4859E-10  6.7486E-10  1.0074E-09  1.4928E-09  2.1961E-09  3.2082E-09  4.6545E-09  6.7069E-09  9.5997E-09  1.3649E-08
       1.9279E-08  2.7054E-08  3.7720E-08  5.2255E-08  7.1932E-08  9.8399E-08  1.3377E-07  1.8074E-07  2.4272E-07  3.2402E-07
       4.2999E-07  5.6731E-07  7.4419E-07  9.7071E-07  1.2591E-06  1.6243E-06  2.0841E-06  2.6597E-06  3.3767E-06  4.2647E-06
       5.3589E-06  6.7001E-06  8.3355E-06  1.0320E-05  1.2714E-05  1.5590E-05  1.9027E-05  2.3114E-05  2.7950E-05  3.3643E-05
       4.0314E-05  4.8093E-05  5.7120E-05  6.7544E-05  7.9523E-05  9.3223E-05  1.0882E-04  1.2648E-04  1.4638E-04  1.6871E-04
       1.9364E-04  2.2132E-04  2.5192E-04  2.8556E-04  3.2238E-04  3.6246E-04  4.0588E-04  4.5265E-04  5.0279E-04  5.5624E-04
       6.1292E-04  6.7268E-04  7.3534E-04  8.0066E-04  8.6835E-04  9.3805E-04  1.0094E-03  1.0819E-03  1.1551E-03  1.2285E-03
       1.3014E-03  1.3734E-03  1.4438E-03  1.5120E-03  1.5773E-03  1.6392E-03  1.6970E-03  1.7502E-03  1.7982E-03  1.8406E-03
       1.8769E-03  1.9068E-03  1.9300E-03  1.9463E-03  1.9558E-03  1.9585E-03  1.9548E-03  1.9458E-03  1.9330E-03  1.9191E-03
       1.9086E-03
  80   1.9882E-12  3.6366E-12  6.3109E-12  1.0577E-11  1.7288E-11  2.7727E-11  4.3797E-11  6.8313E-11  1.0540E-10  1.6106E-10
       2.4398E-10  3.6657E-10  5.4657E-10  8.0897E-10  1.1889E-09  1.7351E-09  2.5153E-09  3.6219E-09  5.1812E-09  7.3636E-09
       1.0398E-08  1.4589E-08  2.0340E-08  2.8181E-08  3.8803E-08  5.3101E-08  7.2226E-08  9.7648E-08  1.3124E-07  1.7534E-07
       2.3292E-07  3.0763E-07  4.0401E-07  5.2764E-07  6.8533E-07  8.8532E-07  1.1376E-06  1.4540E-06  1.8489E-06  2.3389E-06
       2.9439E-06  3.6869E-06  4.5948E-06  5.6985E-06  7.0333E-06  8.6398E-06  1.0563E-05  1.2856E-05  1.5573E-05  1.8780E-05
       2.2545E-05  2.6944E-05  3.2060E-05  3.7979E-05  4.4795E-05  5.2607E-05  6.1516E-05  7.1627E-05  8.3046E-05  9.5881E-05
       1.1024E-04  1.2621E-04  1.4390E-04  1.6340E-04  1.8477E-04  2.0808E-04  2.3339E-04  2.6070E-04  2.9004E-04  3.2137E-04
       3.5466E-04  3.8984E-04  4.2680E-04  4.6540E-04  5.0549E-04  5.4686E-04  5.8928E-04  6.3251E-04  6.7625E-04  7.2020E-04
       7.6402E-04  8.0736E-04  8.4987E-04  8.9116E-04  9.3087E-04  9.6862E-04  1.0041E-03  1.0368E-03  1.0666E-03  1.0931E-03
       1.1160E-03  1.1351E-03  1.1503E-03  1.1614E-03  1.1683E-03  1.1713E-03  1.1704E-03  1.1663E-03  1.1598E-03  1.1524E-03
       1.1468E-03
  81   1.0881E-12  1.9896E-12  3.4506E-12  5.7784E-12  9.4364E-12  1.5118E-11  2.3854E-11  3.7162E-11  5.7269E-11  8.7408E-11
       1.3225E-10  1.9847E-10  2.9560E-10  4.3707E-10  6.4172E-10  9.3579E-10  1.3555E-09  1.9507E-09  2.7890E-09  3.9622E-09
       5.5935E-09  7.8469E-09  1.0940E-08  1.5159E-08  2.0877E-08  2.8580E-08  3.8891E-08  5.2611E-08  7.0756E-08  9.4610E-08
       1.2579E-07  1.6630E-07  2.1863E-07  2.8586E-07  3.7174E-07  4.8083E-07  6.1866E-07  7.9186E-07  1.0083E-06  1.2775E-06
       1.6104E-06  2.0200E-06  2.5214E-06  3.1320E-06  3.8720E-06  4.7643E-06  5.8347E-06  7.1126E-06  8.6307E-06  1.0425E-05
       1.2537E-05  1.5008E-05  1.7887E-05  2.1225E-05  2.5077E-05  2.9499E-05  3.4551E-05  4.0296E-05  4.6797E-05  5.4117E-05
       6.2318E-05  7.1463E-05  8.1609E-05  9.2810E-05  1.0511E-04  1.1856E-04  1.3317E-04  1.4898E-04  1.6599E-04  1.8420E-04
       2.0358E-04  2.2409E-04  2.4568E-04  2.6828E-04  2.9179E-04  3.1610E-04  3.4109E-04  3.6660E-04  3.9248E-04  4.1853E-04
       4.4457E-04  4.7039E-04  4.9578E-04  5.2052E-04  5.4439E-04  5.6716E-04  5.8862E-04  6.0856E-04  6.2678E-04  6.4309E-04
       6.5734E-04  6.6938E-04  6.7909E-04  6.8641E-04  6.9131E-04  6.9381E-04  6.9405E-04  6.9232E-04  6.8912E-04  6.8533E-04
       6.8238E-04
  82   5.9278E-13  1.0835E-12  1.8781E-12  3.1429E-12  5.1282E-12  8.2082E-12  1.2938E-11  2.0135E-11  3.0996E-11  4.7257E-11
       7.1423E-11  1.0708E-10  1.5932E-10  2.3535E-10  3.4526E-10  5.0309E-10  7.2825E-10  1.0474E-09  1.4968E-09  2.1257E-09
       3.0001E-09  4.2082E-09  5.8669E-09  8.1302E-09  1.1199E-08  1.5336E-08  2.0878E-08  2.8258E-08  3.8027E-08  5.0884E-08
       6.7706E-08  8.9590E-08  1.1790E-07  1.5431E-07  2.0089E-07  2.6015E-07  3.3513E-07  4.2949E-07  5.4763E-07  6.9475E-07
       8.7700E-07  1.1016E-06  1.3771E-06  1.7131E-06  2.1210E-06  2.6137E-06  3.2059E-06  3.9140E-06  4.7568E-06  5.7547E-06
       6.9308E-06  8.3100E-06  9.9196E-06  1.1789E-05  1.3950E-05  1.6435E-05  1.9279E-05  2.2519E-05  2.6191E-05  3.0333E-05
       3.4983E-05  4.0176E-05  4.5947E-05  5.2329E-05  5.9351E-05  6.7038E-05  7.5410E-05  8.4481E-05  9.4258E-05  1.0474E-04
       1.1592E-04  1.2777E-04  1.4027E-04  1.5337E-04  1.6703E-04  1.8118E-04  1.9576E-04  2.1066E-04  2.2582E-04  2.4111E-04
       2.5642E-04  2.7165E-04  2.8666E-04  3.0132E-04  3.1551E-04  3.2910E-04  3.4195E-04  3.5393E-04  3.6495E-04  3.7487E-04
       3.8360E-04  3.9106E-04  3.9717E-04  4.0189E-04  4.0519E-04  4.0709E-04  4.0766E-04  4.0706E-04  4.0556E-04  4.0366E-04
       4.0214E-04
  83   3.2137E-13  5.8723E-13  1.0174E-12  1.7015E-12  2.7742E-12  4.4367E-12  6.9869E-12  1.0863E-11  1.6707E-11  2.5447E-11
       3.8422E-11  5.7549E-11  8.5551E-11  1.2627E-10  1.8509E-10  2.6952E-10  3.8990E-10  5.6048E-10  8.0064E-10  1.1367E-09
       1.6039E-09  2.2494E-09  3.1360E-09  4.3461E-09  5.9879E-09  8.2020E-09  1.1170E-08  1.5126E-08  2.0366E-08  2.7269E-08
       3.6311E-08  4.8086E-08  6.3335E-08  8.2974E-08  1.0813E-07  1.4017E-07  1.8077E-07  2.3194E-07  2.9610E-07  3.7611E-07
       4.7538E-07  5.9792E-07  7.4841E-07  9.3231E-07  1.1559E-06  1.4264E-06  1.7519E-06  2.1419E-06  2.6068E-06  3.1582E-06
       3.8091E-06  4.5736E-06  5.4673E-06  6.5069E-06  7.7103E-06  9.0968E-06  1.0686E-05  1.2500E-05  1.4558E-05  1.6884E-05
       1.9499E-05  2.2425E-05  2.5681E-05  2.9288E-05  3.3263E-05  3.7621E-05  4.2375E-05  4.7535E-05  5.3105E-05  5.9087E-05
       6.5475E-05  7.2262E-05  7.9430E-05  8.6959E-05  9.4821E-05  1.0298E-04  1.1140E-04  1.2003E-04  1.2881E-04  1.3770E-04
       1.4662E-04  1.5550E-04  1.6428E-04  1.7289E-04  1.8123E-04  1.8925E-04  1.9686E-04  2.0398E-04  2.1056E-04  2.1652E-04
       2.2180E-04  2.2636E-04  2.3014E-04  2.3312E-04  2.3528E-04  2.3663E-04  2.3720E-04  2.3708E-04  2.3643E-04  2.3551E-04
       2.3474E-04
  84   1.7335E-13  3.1668E-13  5.4842E-13  9.1664E-13  1.4936E-12  2.3868E-12  3.7558E-12  5.8346E-12  8.9652E-12  1.3643E-11
       2.0582E-11  3.0802E-11  4.5752E-11  6.7478E-11  9.8844E-11  1.4384E-10  2.0797E-10  2.9881E-10  4.2669E-10  6.0558E-10
       8.5431E-10  1.1980E-09  1.6702E-09  2.3149E-09  3.1899E-09  4.3704E-09  5.9540E-09  8.0658E-09  1.0866E-08  1.4558E-08
       1.9397E-08  2.5706E-08  3.3885E-08  4.4430E-08  5.7952E-08  7.5198E-08  9.7078E-08  1.2469E-07  1.5935E-07  2.0264E-07
       2.5642E-07  3.2290E-07  4.0467E-07  5.0472E-07  6.2654E-07  7.7414E-07  9.5206E-07  1.1655E-06  1.4203E-06  1.7230E-06
       2.0808E-06  2.5017E-06  2.9945E-06  3.5686E-06  4.2341E-06  5.0021E-06  5.8837E-06  6.8912E-06  8.0366E-06  9.3326E-06
       1.0792E-05  1.2427E-05  1.4249E-05  1.6271E-05  1.8503E-05  2.0953E-05  2.3630E-05  2.6540E-05  2.9686E-05  3.3070E-05
       3.6690E-05  4.0541E-05  4.4615E-05  4.8902E-05  5.3385E-05  5.8046E-05  6.2863E-05  6.7810E-05  7.2855E-05  7.7968E-05
       8.3111E-05  8.8245E-05  9.3330E-05  9.8324E-05  1.0318E-04  1.0786E-04  1.1232E-04  1.1651E-04  1.2039E-04  1.2393E-04
       1.2708E-04  1.2983E-04  1.3213E-04  1.3398E-04  1.3535E-04  1.3627E-04  1.3673E-04  1.3679E-04  1.3654E-04  1.3611E-04
       1.3574E-04
  85   9.3022E-14  1.6989E-13  2.9410E-13  4.9132E-13  8.0008E-13  1.2777E-12  2.0091E-12  3.1188E-12  4.7884E-12  7.2812E-12
       1.0976E-11  1.6413E-11  2.4363E-11  3.5907E-11  5.2564E-11  7.6448E-11  1.1048E-10  1.5867E-10  2.2649E-10  3.2136E-10
       4.5326E-10  6.3557E-10  8.8603E-10  1.2281E-09  1.6925E-09  2.3195E-09  3.1609E-09  4.2837E-09  5.7735E-09  7.7390E-09
       1.0318E-08  1.3683E-08  1.8049E-08  2.3685E-08  3.0919E-08  4.0155E-08  5.1886E-08  6.6708E-08  8.5337E-08  1.0863E-07
       1.3761E-07  1.7348E-07  2.1764E-07  2.7176E-07  3.3775E-07  4.1779E-07  5.1442E-07  6.3050E-07  7.6925E-07  9.3431E-07
       1.1297E-06  1.3599E-06  1.6297E-06  1.9445E-06  2.3100E-06  2.7322E-06  3.2177E-06  3.7731E-06  4.4056E-06  5.1222E-06
       5.9302E-06  6.8366E-06  7.8486E-06  8.9728E-06  1.0215E-05  1.1582E-05  1.3077E-05  1.4704E-05  1.6465E-05  1.8363E-05
       2.0396E-05  2.2562E-05  2.4857E-05  2.7276E-05  2.9809E-05  3.2448E-05  3.5178E-05  3.7987E-05  4.0858E-05  4.3771E-05
       4.6708E-05  4.9646E-05  5.2562E-05  5.5432E-05  5.8231E-05  6.0934E-05  6.3516E-05  6.5952E-05  6.8219E-05  7.0294E-05
       7.2156E-05  7.3787E-05  7.5171E-05  7.6296E-05  7.7156E-05  7.7751E-05  7.8089E-05  7.8196E-05  7.8118E-05  7.7932E-05
       7.7759E-05
  86   4.9646E-14  9.0654E-14  1.5688E-13  2.6196E-13  4.2635E-13  6.8048E-13  1.0693E-12  1.6588E-12  2.5450E-12  3.8672E-12
       5.8253E-12  8.7053E-12  1.2913E-11  1.9020E-11  2.7828E-11  4.0451E-11  5.8431E-11  8.3885E-11  1.1970E-10  1.6980E-10
       2.3946E-10  3.3573E-10  4.6803E-10  6.4876E-10  8.9423E-10  1.2257E-09  1.6708E-09  2.2651E-09  3.0541E-09  4.0958E-09
       5.4637E-09  7.2498E-09  9.5696E-09  1.2566E-08  1.6417E-08  2.1338E-08  2.7595E-08  3.5509E-08  4.5467E-08  5.7932E-08
       7.3457E-08  9.2694E-08  1.1641E-07  1.4551E-07  1.8103E-07  2.2417E-07  2.7632E-07  3.3904E-07  4.1411E-07  5.0352E-07
       6.0949E-07  7.3449E-07  8.8121E-07  1.0526E-06  1.2518E-06  1.4823E-06  1.7477E-06  2.0517E-06  2.3982E-06  2.7914E-06
       3.2353E-06  3.7340E-06  4.2914E-06  4.9114E-06  5.5976E-06  6.3532E-06  7.1810E-06  8.0833E-06  9.0615E-06  1.0117E-05
       1.1249E-05  1.2456E-05  1.3738E-05  1.5090E-05  1.6509E-05  1.7989E-05  1.9523E-05  2.1103E-05  2.2721E-05  2.4366E-05
       2.6027E-05  2.7691E-05  2.9347E-05  3.0980E-05  3.2577E-05  3.4123E-05  3.5603E-05  3.7005E-05  3.8314E-05  3.9517E-05
       4.0603E-05  4.1561E-05  4.2381E-05  4.3056E-05  4.3582E-05  4.3959E-05  4.4191E-05  4.4291E-05  4.4284E-05  4.4211E-05
       4.4134E-05
  87   2.6348E-14  4.8102E-14  8.3216E-14  1.3890E-13  2.2596E-13  3.6045E-13  5.6609E-13  8.7762E-13  1.3457E-12  2.0434E-12
       3.0762E-12  4.5943E-12  6.8109E-12  1.0026E-11  1.4662E-11  2.1303E-11  3.0759E-11  4.4144E-11  6.2974E-11  8.9310E-11
       1.2593E-10  1.7654E-10  2.4610E-10  3.4115E-10  4.7029E-10  6.4474E-10  8.7909E-10  1.1921E-09  1.6080E-09  2.1574E-09
       2.8793E-09  3.8227E-09  5.0489E-09  6.6342E-09  8.6729E-09  1.1281E-08  1.4600E-08  1.8802E-08  2.4095E-08  3.0727E-08
       3.8996E-08  4.9254E-08  6.1914E-08  7.7463E-08  9.6464E-08  1.1957E-07  1.4753E-07  1.8120E-07  2.2154E-07  2.6965E-07
       3.2673E-07  3.9415E-07  4.7337E-07  5.6602E-07  6.7385E-07  7.9875E-07  9.4270E-07  1.1078E-06  1.2963E-06  1.5104E-06
       1.7524E-06  2.0245E-06  2.3292E-06  2.6684E-06  3.0443E-06  3.4588E-06  3.9134E-06  4.4095E-06  4.9481E-06  5.5298E-06
       6.1546E-06  6.8222E-06  7.5316E-06  8.2811E-06  9.0686E-06  9.8910E-06  1.0745E-05  1.1626E-05  1.2529E-05  1.3449E-05
       1.4380E-05  1.5314E-05  1.6246E-05  1.7166E-05  1.8068E-05  1.8943E-05  1.9783E-05  2.0581E-05  2.1329E-05  2.2020E-05
       2.2646E-05  2.3201E-05  2.3681E-05  2.4080E-05  2.4397E-05  2.4630E-05  2.4782E-05  2.4860E-05  2.4876E-05  2.4852E-05
       2.4820E-05
  88   1.3902E-14  2.5377E-14  4.3889E-14  7.3232E-14  1.1908E-13  1.8987E-13  2.9803E-13  4.6180E-13  7.0768E-13  1.0740E-12
       1.6160E-12  2.4121E-12  3.5739E-12  5.2586E-12  7.6863E-12  1.1163E-11  1.6112E-11  2.3116E-11  3.2968E-11  4.6746E-11
       6.5902E-11  9.2384E-11  1.2878E-10  1.7853E-10  2.4613E-10  3.3749E-10  4.6027E-10  6.2435E-10  8.4244E-10  1.1307E-09
       1.5097E-09  2.0054E-09  2.6501E-09  3.4842E-09  4.5578E-09  5.9323E-09  7.6830E-09  9.9015E-09  1.2698E-08  1.6206E-08
       2.0584E-08  2.6020E-08  3.2737E-08  4.0994E-08  5.1094E-08  6.3390E-08  7.8284E-08  9.6237E-08  1.1777E-07  1.4348E-07
       1.7402E-07  2.1012E-07  2.5260E-07  3.0233E-07  3.6027E-07  4.2745E-07  5.0497E-07  5.9399E-07  6.9571E-07  8.1138E-07
       9.4228E-07  1.0897E-06  1.2548E-06  1.4390E-06  1.6432E-06  1.8687E-06  2.1163E-06  2.3869E-06  2.6810E-06  2.9989E-06
       3.3409E-06  3.7068E-06  4.0960E-06  4.5079E-06  4.9411E-06  5.3942E-06  5.8653E-06  6.3521E-06  6.8520E-06  7.3619E-06
       7.8784E-06  8.3980E-06  8.9167E-06  9.4304E-06  9.9347E-06  1.0425E-05  1.0898E-05  1.1348E-05  1.1770E-05  1.2162E-05
       1.2519E-05  1.2838E-05  1.3115E-05  1.3348E-05  1.3535E-05  1.3677E-05  1.3773E-05  1.3828E-05  1.3848E-05  1.3844E-05
       1.3832E-05
  89   7.2918E-15  1.3308E-14  2.3011E-14  3.8383E-14  6.2391E-14  9.9437E-14  1.5601E-13  2.4162E-13  3.7008E-13  5.6138E-13
       8.4421E-13  1.2595E-12  1.8653E-12  2.7433E-12  4.0081E-12  5.8190E-12  8.3961E-12  1.2042E-11  1.7171E-11  2.4342E-11
       3.4313E-11  4.8097E-11  6.7047E-11  9.2949E-11  1.2816E-10  1.7576E-10  2.3974E-10  3.2529E-10  4.3906E-10  5.8952E-10
       7.8744E-10  1.0464E-09  1.3835E-09  1.8199E-09  2.3821E-09  3.1023E-09  4.0204E-09  5.1848E-09  6.6539E-09  8.4982E-09
       1.0802E-08  1.3665E-08  1.7205E-08  2.1562E-08  2.6897E-08  3.3397E-08  4.1278E-08  5.0788E-08  6.2207E-08  7.5850E-08
       9.2075E-08  1.1127E-07  1.3388E-07  1.6038E-07  1.9129E-07  2.2716E-07  2.6860E-07  3.1623E-07  3.7071E-07  4.3274E-07
       5.0299E-07  5.8219E-07  6.7103E-07  7.7018E-07  8.8030E-07  1.0020E-06  1.1358E-06  1.2821E-06  1.4413E-06  1.6137E-06
       1.7993E-06  1.9981E-06  2.2099E-06  2.4342E-06  2.6705E-06  2.9179E-06  3.1755E-06  3.4421E-06  3.7162E-06  3.9962E-06
       4.2804E-06  4.5666E-06  4.8529E-06  5.1369E-06  5.4163E-06  5.6887E-06  5.9516E-06  6.2026E-06  6.4393E-06  6.6594E-06
       6.8608E-06  7.0414E-06  7.1995E-06  7.3337E-06  7.4430E-06  7.5271E-06  7.5865E-06  7.6229E-06  7.6397E-06  7.6426E-06
       7.6397E-06
  90   3.8011E-15  6.9365E-15  1.1991E-14  1.9996E-14  3.2492E-14  5.1766E-14  8.1185E-14  1.2568E-13  1.9241E-13  2.9174E-13
       4.3852E-13  6.5395E-13  9.6807E-13  1.4232E-12  2.0786E-12  3.0167E-12  4.3514E-12  6.2394E-12  8.8947E-12  1.2608E-11
       1.7770E-11  2.4907E-11  3.4719E-11  4.8134E-11  6.6374E-11  9.1037E-11  1.2420E-10  1.6857E-10  2.2758E-10  3.0567E-10
       4.0845E-10  5.4301E-10  7.1825E-10  9.4529E-10  1.2379E-09  1.6131E-09  2.0917E-09  2.6991E-09  3.4661E-09  4.4297E-09
       5.6343E-09  7.1327E-09  8.9872E-09  1.1271E-08  1.4070E-08  1.7484E-08  2.1626E-08  2.6629E-08  3.2642E-08  3.9833E-08
       4.8392E-08  5.8530E-08  7.0481E-08  8.4499E-08  1.0087E-07  1.1988E-07  1.4186E-07  1.6716E-07  1.9612E-07  2.2912E-07
       2.6654E-07  3.0877E-07  3.5618E-07  4.0915E-07  4.6804E-07  5.3318E-07  6.0487E-07  6.8336E-07  7.6888E-07  8.6155E-07
       9.6144E-07  1.0686E-06  1.1828E-06  1.3039E-06  1.4317E-06  1.5656E-06  1.7053E-06  1.8500E-06  1.9990E-06  2.1514E-06
       2.3062E-06  2.4625E-06  2.6190E-06  2.7746E-06  2.9280E-06  3.0778E-06  3.2227E-06  3.3614E-06  3.4926E-06  3.6150E-06
       3.7273E-06  3.8286E-06  3.9178E-06  3.9942E-06  4.0571E-06  4.1063E-06  4.1421E-06  4.1652E-06  4.1775E-06  4.1817E-06
       4.1819E-06
  91   1.9690E-15  3.5928E-15  6.2097E-15  1.0353E-14  1.6817E-14  2.6784E-14  4.1989E-14  6.4977E-14  9.9439E-14  1.5071E-13
       2.2644E-13  3.3755E-13  4.9950E-13  7.3408E-13  1.0718E-12  1.5550E-12  2.2424E-12  3.2146E-12  4.5818E-12  6.4934E-12
       9.1512E-12  1.2826E-11  1.7879E-11  2.4788E-11  3.4184E-11  4.6892E-11  6.3987E-11  8.6860E-11  1.1730E-10  1.5760E-10
       2.1066E-10  2.8016E-10  3.7073E-10  4.8813E-10  6.3954E-10  8.3379E-10  1.0818E-09  1.3967E-09  1.7946E-09  2.2949E-09
       2.9208E-09  3.6999E-09  4.6650E-09  5.8544E-09  7.3134E-09  9.0940E-09  1.1257E-08  1.3871E-08  1.7015E-08  2.0779E-08
       2.5262E-08  3.0577E-08  3.6848E-08  4.4211E-08  5.2814E-08  6.2817E-08  7.4394E-08  8.7726E-08  1.0301E-07  1.2043E-07
       1.4021E-07  1.6255E-07  1.8765E-07  2.1573E-07  2.4697E-07  2.8156E-07  3.1967E-07  3.6144E-07  4.0698E-07  4.5639E-07
       5.0971E-07  5.6694E-07  6.2804E-07  6.9291E-07  7.6140E-07  8.3331E-07  9.0835E-07  9.8619E-07  1.0665E-06  1.1487E-06
       1.2323E-06  1.3169E-06  1.4017E-06  1.4862E-06  1.5695E-06  1.6512E-06  1.7303E-06  1.8062E-06  1.8782E-06  1.9456E-06
       2.0076E-06  2.0638E-06  2.1136E-06  2.1565E-06  2.1923E-06  2.2206E-06  2.2417E-06  2.2560E-06  2.2642E-06  2.2680E-06
       2.2690E-06
  92   1.0134E-15  1.8490E-15  3.1952E-15  5.3257E-15  8.6490E-15  1.3771E-14  2.1582E-14  3.3385E-14  5.1073E-14  7.7379E-14
       1.1622E-13  1.7319E-13  2.5619E-13  3.7638E-13  5.4936E-13  7.9683E-13  1.1488E-12  1.6465E-12  2.3464E-12  3.3250E-12
       4.6855E-12  6.5667E-12  9.1536E-12  1.2691E-11  1.7503E-11  2.4013E-11  3.2773E-11  4.4497E-11  6.0106E-11  8.0776E-11
       1.0801E-10  1.4369E-10  1.9021E-10  2.5055E-10  3.2841E-10  4.2837E-10  5.5603E-10  7.1827E-10  9.2341E-10  1.1815E-09
       1.5046E-09  1.9071E-09  2.4059E-09  3.0213E-09  3.7766E-09  4.6991E-09  5.8205E-09  7.1769E-09  8.8096E-09  1.0766E-08
       1.3098E-08  1.5864E-08  1.9131E-08  2.2970E-08  2.7459E-08  3.2683E-08  3.8734E-08  4.5708E-08  5.3708E-08  6.2840E-08
       7.3213E-08  8.4938E-08  9.8128E-08  1.1289E-07  1.2934E-07  1.4756E-07  1.6765E-07  1.8970E-07  2.1376E-07  2.3989E-07
       2.6811E-07  2.9844E-07  3.3085E-07  3.6530E-07  4.0170E-07  4.3997E-07  4.7995E-07  5.2147E-07  5.6434E-07  6.0830E-07
       6.5310E-07  6.9844E-07  7.4400E-07  7.8942E-07  8.3435E-07  8.7841E-07  9.2121E-07  9.6236E-07  1.0015E-06  1.0382E-06
       1.0722E-06  1.1030E-06  1.1305E-06  1.1544E-06  1.1744E-06  1.1905E-06  1.2027E-06  1.2113E-06  1.2166E-06  1.2193E-06
       1.2204E-06
  93   5.1819E-16  9.4533E-16  1.6334E-15  2.7219E-15  4.4194E-15  7.0346E-15  1.1022E-14  1.7044E-14  2.6066E-14  3.9479E-14
       5.9278E-14  8.8304E-14  1.3059E-13  1.9180E-13  2.7987E-13  4.0584E-13  5.8499E-13  8.3829E-13  1.1944E-12  1.6924E-12
       2.3847E-12  3.3420E-12  4.6586E-12  6.4593E-12  8.9091E-12  1.2224E-11  1.6685E-11  2.2659E-11  3.0614E-11  4.1152E-11
       5.5041E-11  7.3250E-11  9.7000E-11  1.2782E-10  1.6760E-10  2.1871E-10  2.8402E-10  3.6706E-10  4.7213E-10  6.0440E-10
       7.7009E-10  9.7661E-10  1.2328E-09  1.5490E-09  1.9373E-09  2.4120E-09  2.9894E-09  3.6883E-09  4.5303E-09  5.5396E-09
       6.7439E-09  8.1737E-09  9.8632E-09  1.1850E-08  1.4175E-08  1.6883E-08  2.0023E-08  2.3643E-08  2.7800E-08  3.2549E-08
       3.7947E-08  4.4055E-08  5.0931E-08  5.8634E-08  6.7221E-08  7.6745E-08  8.7257E-08  9.8799E-08  1.1141E-07  1.2511E-07
       1.3993E-07  1.5587E-07  1.7292E-07  1.9106E-07  2.1025E-07  2.3044E-07  2.5156E-07  2.7352E-07  2.9622E-07  3.1953E-07
       3.4331E-07  3.6741E-07  3.9165E-07  4.1587E-07  4.3986E-07  4.6343E-07  4.8637E-07  5.0848E-07  5.2954E-07  5.4937E-07
       5.6776E-07  5.8455E-07  5.9956E-07  6.1267E-07  6.2377E-07  6.3280E-07  6.3978E-07  6.4479E-07  6.4804E-07  6.4988E-07
       6.5070E-07
  94   2.6320E-16  4.8011E-16  8.2943E-16  1.3820E-15  2.2433E-15  3.5700E-15  5.5919E-15  8.6452E-15  1.3218E-14  2.0013E-14
       3.0041E-14  4.4739E-14  6.6143E-14  9.7121E-14  1.4169E-13  2.0542E-13  2.9604E-13  4.2416E-13  6.0428E-13  8.5610E-13
       1.2062E-12  1.6904E-12  2.3564E-12  3.2673E-12  4.5068E-12  6.1844E-12  8.4428E-12  1.1467E-11  1.5496E-11  2.0836E-11
       2.7875E-11  3.7108E-11  4.9156E-11  6.4796E-11  8.4997E-11  1.1096E-10  1.4415E-10  1.8638E-10  2.3984E-10  3.0718E-10
       3.9158E-10  4.9685E-10  6.2750E-10  7.8886E-10  9.8718E-10  1.2297E-09  1.5250E-09  1.8826E-09  2.3137E-09  2.8308E-09
       3.4483E-09  4.1819E-09  5.0493E-09  6.0701E-09  7.2657E-09  8.6592E-09  1.0276E-08  1.2141E-08  1.4285E-08  1.6736E-08
       1.9524E-08  2.2681E-08  2.6237E-08  3.0225E-08  3.4674E-08  3.9613E-08  4.5068E-08  5.1063E-08  5.7618E-08  6.4749E-08
       7.2466E-08  8.0774E-08  8.9669E-08  9.9141E-08  1.0917E-07  1.1974E-07  1.3080E-07  1.4232E-07  1.5423E-07  1.6649E-07
       1.7900E-07  1.9170E-07  2.0450E-07  2.1729E-07  2.2999E-07  2.4248E-07  2.5467E-07  2.6643E-07  2.7767E-07  2.8827E-07
       2.9814E-07  3.0718E-07  3.1530E-07  3.2242E-07  3.2850E-07  3.3351E-07  3.3742E-07  3.4031E-07  3.4225E-07  3.4341E-07
       3.4398E-07
  95   1.3278E-16  2.4219E-16  4.1836E-16  6.9696E-16  1.1312E-15  1.7997E-15  2.8184E-15  4.3562E-15  6.6586E-15  1.0079E-14
       1.5126E-14  2.2521E-14  3.3287E-14  4.8866E-14  7.1274E-14  1.0331E-13  1.4887E-13  2.1326E-13  3.0379E-13  4.3036E-13
       6.0634E-13  8.4971E-13  1.1845E-12  1.6424E-12  2.2657E-12  3.1093E-12  4.2454E-12  5.7671E-12  7.7949E-12  1.0483E-11
       1.4028E-11  1.8680E-11  2.4752E-11  3.2638E-11  4.2829E-11  5.5930E-11  7.2691E-11  9.4024E-11  1.2104E-10  1.5510E-10
       1.9780E-10  2.5110E-10  3.1728E-10  3.9906E-10  4.9964E-10  6.2273E-10  7.7264E-10  9.5433E-10  1.1735E-09  1.4366E-09
       1.7509E-09  2.1246E-09  2.5667E-09  3.0874E-09  3.6976E-09  4.4093E-09  5.2354E-09  6.1898E-09  7.2869E-09  8.5420E-09
       9.9712E-09  1.1590E-08  1.3416E-08  1.5465E-08  1.7752E-08  2.0293E-08  2.3101E-08  2.6191E-08  2.9572E-08  3.3252E-08
       3.7239E-08  4.1534E-08  4.6137E-08  5.1044E-08  5.6246E-08  6.1729E-08  6.7477E-08  7.3466E-08  7.9669E-08  8.6054E-08
       9.2585E-08  9.9219E-08  1.0591E-07  1.1262E-07  1.1928E-07  1.2584E-07  1.3226E-07  1.3846E-07  1.4440E-07  1.5002E-07
       1.5527E-07  1.6009E-07  1.6443E-07  1.6827E-07  1.7156E-07  1.7430E-07  1.7647E-07  1.7810E-07  1.7923E-07  1.7994E-07
       1.8030E-07
  96   6.6541E-17  1.2136E-16  2.0962E-16  3.4916E-16  5.6659E-16  9.0130E-16  1.4112E-15  2.1807E-15  3.3325E-15  5.0434E-15
       7.5669E-15  1.1264E-14  1.6645E-14  2.4430E-14  3.5626E-14  5.1633E-14  7.4387E-14  1.0655E-13  1.5177E-13  2.1499E-13
       3.0288E-13  4.2445E-13  5.9167E-13  8.2048E-13  1.1319E-12  1.5535E-12  2.1214E-12  2.8823E-12  3.8965E-12  5.2413E-12
       7.0155E-12  9.3442E-12  1.2385E-11  1.6336E-11  2.1443E-11  2.8013E-11  3.6420E-11  4.7127E-11  6.0694E-11  7.7801E-11
       9.9266E-11  1.2607E-10  1.5936E-10  2.0054E-10  2.5120E-10  3.1323E-10  3.8883E-10  4.8051E-10  5.9115E-10  7.2406E-10
       8.8293E-10  1.0719E-09  1.2957E-09  1.5594E-09  1.8686E-09  2.2295E-09  2.6486E-09  3.1332E-09  3.6906E-09  4.3287E-09
       5.0558E-09  5.8801E-09  6.8103E-09  7.8546E-09  9.0215E-09  1.0319E-08  1.1754E-08  1.3334E-08  1.5064E-08  1.6949E-08
       1.8992E-08  2.1196E-08  2.3559E-08  2.6081E-08  2.8756E-08  3.1580E-08  3.4541E-08  3.7631E-08  4.0834E-08  4.4135E-08
       4.7515E-08  5.0952E-08  5.4425E-08  5.7908E-08  6.1374E-08  6.4795E-08  6.8143E-08  7.1387E-08  7.4500E-08  7.7451E-08
       8.0213E-08  8.2758E-08  8.5064E-08  8.7109E-08  8.8876E-08  9.0355E-08  9.1543E-08  9.2450E-08  9.3096E-08  9.3514E-08
       9.3736E-08
  97   3.3141E-17  6.0441E-17  1.0438E-16  1.7385E-16  2.8207E-16  4.4863E-16  7.0230E-16  1.0851E-15  1.6579E-15  2.5085E-15
       3.7629E-15  5.6001E-15  8.2741E-15  1.2142E-14  1.7703E-14  2.5654E-14  3.6955E-14  5.2929E-14  7.5384E-14  1.0678E-13
       1.5043E-13  2.1080E-13  2.9386E-13  4.0752E-13  5.6224E-13  7.7175E-13  1.0540E-12  1.4322E-12  1.9365E-12  2.6054E-12
       3.4881E-12  4.6471E-12  6.1611E-12  8.1289E-12  1.0674E-11  1.3948E-11  1.8141E-11  2.3482E-11  3.0253E-11  3.8795E-11
       4.9518E-11  6.2913E-11  7.9565E-11  1.0016E-10  1.2552E-10  1.5659E-10  1.9448E-10  2.4044E-10  2.9595E-10  3.6266E-10
       4.4245E-10  5.3743E-10  6.4995E-10  7.8261E-10  9.3828E-10  1.1201E-09  1.3313E-09  1.5757E-09  1.8570E-09  2.1793E-09
       2.5467E-09  2.9635E-09  3.4342E-09  3.9630E-09  4.5543E-09  5.2121E-09  5.9403E-09  6.7425E-09  7.6217E-09  8.5804E-09
       9.6204E-09  1.0743E-08  1.1948E-08  1.3234E-08  1.4601E-08  1.6044E-08  1.7559E-08  1.9141E-08  2.0783E-08  2.2477E-08
       2.4213E-08  2.5981E-08  2.7769E-08  2.9565E-08  3.1354E-08  3.3124E-08  3.4857E-08  3.6541E-08  3.8159E-08  3.9697E-08
       4.1140E-08  4.2474E-08  4.3686E-08  4.4766E-08  4.5706E-08  4.6498E-08  4.7141E-08  4.7639E-08  4.8001E-08  4.8242E-08
       4.8374E-08
  98   1.6447E-17  2.9994E-17  5.1796E-17  8.6257E-17  1.3993E-16  2.2253E-16  3.4830E-16  5.3804E-16  8.2193E-16  1.2434E-15
       1.8649E-15  2.7749E-15  4.0992E-15  6.0146E-15  8.7682E-15  1.2704E-14  1.8299E-14  2.6206E-14  3.7322E-14  5.2862E-14
       7.4471E-14  1.0436E-13  1.4548E-13  2.0176E-13  2.7838E-13  3.8216E-13  5.2198E-13  7.0941E-13  9.5936E-13  1.2910E-12
       1.7287E-12  2.3037E-12  3.0550E-12  4.0318E-12  5.2955E-12  6.9222E-12  9.0059E-12  1.1662E-11  1.5030E-11  1.9281E-11
       2.4619E-11  3.1291E-11  3.9589E-11  4.9859E-11  6.2509E-11  7.8015E-11  9.6931E-11  1.1990E-10  1.4764E-10  1.8101E-10
       2.2093E-10  2.6849E-10  3.2485E-10  3.9135E-10  4.6942E-10  5.6065E-10  6.6674E-10  7.8952E-10  9.3094E-10  1.0931E-09
       1.2780E-09  1.4879E-09  1.7252E-09  1.9919E-09  2.2903E-09  2.6225E-09  2.9905E-09  3.3962E-09  3.8412E-09  4.3268E-09
       4.8540E-09  5.4233E-09  6.0350E-09  6.6887E-09  7.3836E-09  8.1180E-09  8.8900E-09  9.6967E-09  1.0535E-08  1.1400E-08
       1.2288E-08  1.3194E-08  1.4111E-08  1.5033E-08  1.5952E-08  1.6863E-08  1.7757E-08  1.8627E-08  1.9464E-08  2.0262E-08
       2.1012E-08  2.1708E-08  2.2342E-08  2.2910E-08  2.3407E-08  2.3828E-08  2.4174E-08  2.4445E-08  2.4646E-08  2.4783E-08
       2.4859E-08
  99   8.2254E-18  1.5000E-17  2.5902E-17  4.3130E-17  6.9962E-17  1.1124E-16  1.7409E-16  2.6888E-16  4.1069E-16  6.2120E-16
       9.3151E-16  1.3859E-15  2.0470E-15  3.0030E-15  4.3773E-15  6.3416E-15  9.1333E-15  1.3079E-14  1.8625E-14  2.6380E-14
       3.7163E-14  5.2079E-14  7.2602E-14  1.0069E-13  1.3895E-13  1.9076E-13  2.6059E-13  3.5422E-13  4.7911E-13  6.4485E-13
       8.6369E-13  1.1512E-12  1.5270E-12  2.0159E-12  2.6485E-12  3.4631E-12  4.5070E-12  5.8380E-12  7.5268E-12  9.6592E-12
       1.2338E-11  1.5688E-11  1.9856E-11  2.5018E-11  3.1378E-11  3.9179E-11  4.8699E-11  6.0264E-11  7.4244E-11  9.1063E-11
       1.1120E-10  1.3520E-10  1.6366E-10  1.9726E-10  2.3672E-10  2.8287E-10  3.3656E-10  3.9874E-10  4.7040E-10  5.5260E-10
       6.4642E-10  7.5302E-10  8.7352E-10  1.0091E-09  1.1609E-09  1.3300E-09  1.5175E-09  1.7243E-09  1.9513E-09  2.1992E-09
       2.4685E-09  2.7597E-09  3.0727E-09  3.4075E-09  3.7637E-09  4.1405E-09  4.5369E-09  4.9516E-09  5.3829E-09  5.8287E-09
       6.2866E-09  6.7540E-09  7.2279E-09  7.7049E-09  8.1817E-09  8.6543E-09  9.1191E-09  9.5720E-09  1.0009E-08  1.0426E-08
       1.0819E-08  1.1185E-08  1.1520E-08  1.1821E-08  1.2085E-08  1.2311E-08  1.2499E-08  1.2647E-08  1.2759E-08  1.2837E-08
       1.2881E-08
 100   4.3390E-18  7.9123E-18  1.3662E-17  2.2747E-17  3.6894E-17  5.8656E-17  9.1781E-17  1.4174E-16  2.1646E-16  3.2736E-16
       4.9081E-16  7.3011E-16  1.0782E-15  1.5816E-15  2.3051E-15  3.3392E-15  4.8088E-15  6.8859E-15  9.8055E-15  1.3888E-14
       1.9564E-14  2.7417E-14  3.8224E-14  5.3017E-14  7.3164E-14  1.0046E-13  1.3725E-13  1.8659E-13  2.5243E-13  3.3982E-13
       4.5525E-13  6.0695E-13  8.0531E-13  1.0634E-12  1.3975E-12  1.8280E-12  2.3798E-12  3.0836E-12  3.9771E-12  5.1057E-12
       6.5244E-12  8.2991E-12  1.0508E-11  1.3245E-11  1.6620E-11  2.0761E-11  2.5817E-11  3.1963E-11  3.9395E-11  4.8342E-11
       5.9061E-11  7.1842E-11  8.7009E-11  1.0492E-10  1.2598E-10  1.5061E-10  1.7929E-10  2.1252E-10  2.5084E-10  2.9483E-10
       3.4507E-10  4.0219E-10  4.6680E-10  5.3955E-10  6.2105E-10  7.1192E-10  8.1273E-10  9.2401E-10  1.0463E-09  1.1799E-09
       1.3251E-09  1.4823E-09  1.6514E-09  1.8324E-09  2.0252E-09  2.2293E-09  2.4443E-09  2.6694E-09  2.9037E-09  3.1462E-09
       3.3956E-09  3.6504E-09  3.9091E-09  4.1699E-09  4.4308E-09  4.6900E-09  4.9452E-09  5.1944E-09  5.4353E-09  5.6658E-09
       5.8836E-09  6.0869E-09  6.2736E-09  6.4421E-09  6.5910E-09  6.7192E-09  6.8263E-09  6.9124E-09  6.9782E-09  7.0247E-09
       7.0516E-09
 101   2.7963E-18  5.0989E-18  8.8035E-18  1.4657E-17  2.3771E-17  3.7788E-17  5.9122E-17  9.1293E-17  1.3940E-16  2.1080E-16
       3.1602E-16  4.7004E-16  6.9409E-16  1.0180E-15  1.4836E-15  2.1490E-15  3.0946E-15  4.4310E-15  6.3096E-15  8.9361E-15
       1.2589E-14  1.7642E-14  2.4597E-14  3.4119E-14  4.7088E-14  6.4663E-14  8.8356E-14  1.2014E-13  1.6255E-13  2.1886E-13
       2.9326E-13  3.9106E-13  5.1898E-13  6.8547E-13  9.0108E-13  1.1789E-12  1.5352E-12  1.9899E-12  2.5672E-12  3.2968E-12
       4.2142E-12  5.3623E-12  6.7921E-12  8.5642E-12  1.0750E-11  1.3433E-11  1.6711E-11  2.0697E-11  2.5519E-11  3.1327E-11
       3.8289E-11  4.6593E-11  5.6453E-11  6.8103E-11  8.1803E-11  9.7839E-11  1.1652E-10  1.3818E-10  1.6316E-10  1.9186E-10
       2.2466E-10  2.6196E-10  3.0418E-10  3.5175E-10  4.0507E-10  4.6455E-10  5.3058E-10  6.0352E-10  6.8369E-10  7.7137E-10
       8.6676E-10  9.7004E-10  1.0813E-09  1.2004E-09  1.3273E-09  1.4619E-09  1.6037E-09  1.7523E-09  1.9071E-09  2.0675E-09
       2.2326E-09  2.4014E-09  2.5730E-09  2.7462E-09  2.9197E-09  3.0922E-09  3.2624E-09  3.4287E-09  3.5898E-09  3.7442E-09
       3.8905E-09  4.0273E-09  4.1534E-09  4.2675E-09  4.3688E-09  4.4565E-09  4.5302E-09  4.5900E-09  4.6363E-09  4.6694E-09
       4.6888E-09

 CONCENTRATION WILL BE SAVED ON UNIT 1029 AT END OF TIME STEP  250, STRESS PERIOD    2


  MASS BUDGET FOR ENTIRE MODEL AT END OF TIME STEP  250, STRESS PERIOD   2
  ---------------------------------------------------------------------------------------------------

     CUMULATIVE MASS      M       RATES FOR THIS TIME STEP      M/T          PACKAGE NAME    
     ------------------                 ------------------------                     ----------------

           IN:                                      IN:
           ---                                      ---
     STORAGE-AQUEOUS =        1481.3644       STORAGE-AQUEOUS =           0.1751     MST                              
                 WEL =           0.0000                   WEL =           0.0000     SSM_WEL-1                        
                 CHD =           0.0000                   CHD =           0.0000     SSM_CHD-1                        
                 CNC =     4440561.6610                   CNC =        1462.4076     CNC                              

            TOTAL IN =     4442043.0254              TOTAL IN =        1462.5827

          OUT:                                     OUT:
          ----                                     ----
     STORAGE-AQUEOUS =     2733269.6852       STORAGE-AQUEOUS =         558.2580     MST                              
                 WEL =        7247.7995                   WEL =           2.8286     SSM_WEL-1                        
                 CHD =      150616.8773                   CHD =         369.4969     SSM_CHD-1                        
                 CNC =     1550908.6633                   CNC =         531.9992     CNC                              

           TOTAL OUT =     4442043.0253             TOTAL OUT =        1462.5827

            IN - OUT =       4.6006E-05              IN - OUT =      -7.3733E-08

 PERCENT DISCREPANCY =           0.00     PERCENT DISCREPANCY =          -0.00




         TIME SUMMARY AT END OF TIME STEP  250 IN STRESS PERIOD    2
                    SECONDS     MINUTES      HOURS       DAYS        YEARS
                    -----------------------------------------------------------
   TIME STEP LENGTH 1.03680E+06  17280.      288.00      12.000     3.28542E-02
 STRESS PERIOD TIME 2.59200E+08 4.32000E+06  72000.      3000.0      8.2136    
         TOTAL TIME 2.59286E+08 4.32144E+06  72024.      3001.0      8.2163    


end timestep

