                                   MODFLOW 6
                U.S. GEOLOGICAL SURVEY MODULAR HYDROLOGIC MODEL
                            VERSION 6.6.2 05/12/2025

   MODFLOW 6 compiled May 12 2025 12:42:18 with Intel(R) Fortran Intel(R) 64
   Compiler Classic for applications running on Intel(R) 64, Version 2021.7.0
                             Build 20220726_000000

This software has been approved for release by the U.S. Geological 
Survey (USGS). Although the software has been subjected to rigorous 
review, the USGS reserves the right to update the software as needed 
pursuant to further analysis and review. No warranty, expressed or 
implied, is made by the USGS or the U.S. Government as to the 
functionality of the software and related material nor shall the 
fact of release constitute any such warranty. Furthermore, the 
software is released on condition that neither the USGS nor the U.S. 
Government shall be held liable for any damages resulting from its 
authorized or unauthorized use. Also refer to the USGS Water 
Resources Software User Rights Notice for complete use, copyright, 
and distribution information.


As a work of the United States Government, this USGS product is 
in the public domain within the United States. You can copy, 
modify, distribute, and perform the work, even for commercial 
purposes, all without asking permission. Additionally, USGS 
waives copyright and related rights in the work worldwide 
through CC0 1.0 Universal Public Domain Dedication 
(https://creativecommons.org/publicdomain/zero/1.0/).

The following GNU Lesser General Public License (LGPL) libraries
are used in this USGS product:

    SPARSKIT version 2.0
      ilut, luson, and qsplit 
      (https://www-users.cse.umn.edu/~saad/software/SPARSKIT/)

    RCM - Reverse Cuthill McKee Ordering
      (https://people.math.sc.edu/Burkardt/f_src/rcm/rcm.html)

    BLAS - Basic Linear Algebra Subprograms Level 1
      (https://people.math.sc.edu/Burkardt/f_src/blas1_d/blas1_d.html)

    SPARSEKIT - Sparse Matrix Utility Package
      amux, dperm, dvperm, rperm, and cperm
      (https://people.sc.fsu.edu/~jburkardt/f77_src/sparsekit/sparsekit.html)

The following BSD-3 License libraries are used in this USGS product:

    Modern Fortran DAG Library
      Copyright (c) 2018, Jacob Williams
      All rights reserved.
      (https://github.com/jacobwilliams/daglib)

MODFLOW 6 compiler options: /Isrc\libmf6core.a.p /Isrc /I..\src
/Isrc\libmf6_external.a.p /MT /nologo /warn:general /warn:truncated_source
/stand:f18 /O2 /fpe:0 /heap-arrays:0 /traceback /fpp /Qdiag-disable:7416
/Qdiag-disable:7025 /Qdiag-disable:5268 /Qdiag-disable:10448
/Fdsrc\libmf6core.a.p\Utilities_compilerversion.F90.pdb
/module:src\libmf6core.a.p
/Fosrc/libmf6core.a.p/Utilities_compilerversion.F90.obj /c

System command used to initiate simulation:
C:\Users\lucialabarca\mf6.6.2_win64\bin\mf6.exe

MODFLOW was compiled using uniform precision.

Real Variables
  KIND: 8
  TINY (smallest non-zero value):    2.225074-308
  HUGE (largest value):    1.797693+308
  PRECISION: 15
  SIZE IN BITS: 64

Integer Variables
  KIND: 4
  HUGE (largest value): 2147483647
  SIZE IN BITS: 32

Long Integer Variables
  KIND: 8
  HUGE (largest value): 9223372036854775807
  SIZE IN BITS: 64

Logical Variables
  KIND: 4
  SIZE IN BITS: 32
 

 OPENED mfsim.nam
 FILE TYPE:NAM6               UNIT 1001   STATUS:OLD                 
 FORMAT:FORMATTED              ACCESS:SEQUENTIAL          
 ACTION:READ                

 # File generated by Flopy version 3.9.3 on 10/08/2025 at 11:35:49.

 OPENED gwf_pumptreat.tdis
 FILE TYPE:TDIS6              UNIT 1002   STATUS:OLD                 
 FORMAT:FORMATTED              ACCESS:SEQUENTIAL          
 ACTION:READ                

 # File generated by Flopy version 3.9.3 on 10/08/2025 at 11:35:49.

 OPENED gwf_pumptreat.nam
 FILE TYPE:GWF6               UNIT 1003   STATUS:OLD                 
 FORMAT:FORMATTED              ACCESS:SEQUENTIAL          
 ACTION:READ                

 # File generated by Flopy version 3.9.3 on 10/08/2025 at 11:35:49.

 OPENED gwf_pumptreat.dis
 FILE TYPE:DIS6               UNIT 1004   STATUS:OLD                 
 FORMAT:FORMATTED              ACCESS:SEQUENTIAL          
 ACTION:READ                

 # File generated by Flopy version 3.9.3 on 10/08/2025 at 11:35:49.

 OPENED gwf_pumptreat.npf
 FILE TYPE:NPF6               UNIT 1005   STATUS:OLD                 
 FORMAT:FORMATTED              ACCESS:SEQUENTIAL          
 ACTION:READ                

 # File generated by Flopy version 3.9.3 on 10/08/2025 at 11:35:49.

 OPENED gwf_pumptreat.sto
 FILE TYPE:STO6               UNIT 1006   STATUS:OLD                 
 FORMAT:FORMATTED              ACCESS:SEQUENTIAL          
 ACTION:READ                

 # File generated by Flopy version 3.9.3 on 10/08/2025 at 11:35:49.

 OPENED gwf_pumptreat.ic
 FILE TYPE:IC6                UNIT 1007   STATUS:OLD                 
 FORMAT:FORMATTED              ACCESS:SEQUENTIAL          
 ACTION:READ                

 # File generated by Flopy version 3.9.3 on 10/08/2025 at 11:35:49.

 OPENED gwf_pumptreat.oc
 FILE TYPE:OC6       UNIT 1008   STATUS:OLD                 
 FORMAT:FORMATTED              ACCESS:SEQUENTIAL          
 ACTION:READ                


 OPENED gwf_pumptreat.wel
 FILE TYPE:WEL6               UNIT 1009   STATUS:OLD                 
 FORMAT:FORMATTED              ACCESS:SEQUENTIAL          
 ACTION:READ                

 # File generated by Flopy version 3.9.3 on 10/08/2025 at 11:35:49.
    AUXILIARY  VARIABLE: CONCENTRATION   

 OPENED gwf_pumptreat.chd
 FILE TYPE:CHD6               UNIT 1010   STATUS:OLD                 
 FORMAT:FORMATTED              ACCESS:SEQUENTIAL          
 ACTION:READ                

 # File generated by Flopy version 3.9.3 on 10/08/2025 at 11:35:49.
    AUXILIARY  VARIABLE: CONCENTRATION   

 OPENED gwt_pumptreat.nam
 FILE TYPE:GWT6               UNIT 1011   STATUS:OLD                 
 FORMAT:FORMATTED              ACCESS:SEQUENTIAL          
 ACTION:READ                

 # File generated by Flopy version 3.9.3 on 10/08/2025 at 11:35:49.

 OPENED gwt_pumptreat.dis
 FILE TYPE:DIS6               UNIT 1012   STATUS:OLD                 
 FORMAT:FORMATTED              ACCESS:SEQUENTIAL          
 ACTION:READ                

 # File generated by Flopy version 3.9.3 on 10/08/2025 at 11:35:49.

 OPENED gwt_pumptreat.ic
 FILE TYPE:IC6                UNIT 1013   STATUS:OLD                 
 FORMAT:FORMATTED              ACCESS:SEQUENTIAL          
 ACTION:READ                

 # File generated by Flopy version 3.9.3 on 10/08/2025 at 11:35:49.

 OPENED gwt_pumptreat.mst
 FILE TYPE:MST6      UNIT 1014   STATUS:OLD                 
 FORMAT:FORMATTED              ACCESS:SEQUENTIAL          
 ACTION:READ                


 OPENED gwt_pumptreat.adv
 FILE TYPE:ADV6      UNIT 1015   STATUS:OLD                 
 FORMAT:FORMATTED              ACCESS:SEQUENTIAL          
 ACTION:READ                


 OPENED gwt_pumptreat.dsp
 FILE TYPE:DSP6               UNIT 1016   STATUS:OLD                 
 FORMAT:FORMATTED              ACCESS:SEQUENTIAL          
 ACTION:READ                

 # File generated by Flopy version 3.9.3 on 10/08/2025 at 11:35:49.

 OPENED gwt_pumptreat.ssm
 FILE TYPE:SSM6      UNIT 1017   STATUS:OLD                 
 FORMAT:FORMATTED              ACCESS:SEQUENTIAL          
 ACTION:READ                


 OPENED gwt_pumptreat.oc
 FILE TYPE:OC6       UNIT 1018   STATUS:OLD                 
 FORMAT:FORMATTED              ACCESS:SEQUENTIAL          
 ACTION:READ                


 OPENED gwt_pumptreat.cnc
 FILE TYPE:CNC6               UNIT 1019   STATUS:OLD                 
 FORMAT:FORMATTED              ACCESS:SEQUENTIAL          
 ACTION:READ                

 # File generated by Flopy version 3.9.3 on 10/08/2025 at 11:35:49.

 OPENED pumptreat.gwfgwt
 FILE TYPE:GWF6-GWT6          UNIT 1020   STATUS:OLD                 
 FORMAT:FORMATTED              ACCESS:SEQUENTIAL          
 ACTION:READ                

 # File generated by Flopy version 3.9.3 on 10/08/2025 at 11:35:49.

 READING SIMULATION OPTIONS
    MAXIMUM NUMBER OF ERRORS THAT WILL BE STORED IS 1000
 END OF SIMULATION OPTIONS

 READING SIMULATION TIMING

 TDIS -- TEMPORAL DISCRETIZATION PACKAGE,
 VERSION 1 : 11/13/2014 - INPUT READ FROM MEMPATH: __INPUT__/SIM/TDIS                                
 PROCESSING TDIS OPTIONS
    SIMULATION TIME UNIT IS DAYS
 END OF TDIS OPTIONS
 PROCESSING TDIS DIMENSIONS
    2 STRESS PERIOD(S) IN SIMULATION
 END OF TDIS DIMENSIONS
 PROCESSING TDIS PERIODDATA


 STRESS PERIOD     LENGTH       TIME STEPS     MULTIPLIER FOR DELT
 ----------------------------------------------------------------------------
        1         1.000000          1                    1.000
        2         3000.000        250                    1.000
 END OF TDIS PERIODDATA
 END OF SIMULATION TIMING

 READING SIMULATION MODELS
    GWF6 model 1 will be created
    GWT6 model 2 will be created
 END OF SIMULATION MODELS

 READING SIMULATION EXCHANGES
    GWF6-GWT6 exchange 1 will be created to connect model 1 with model 2
 END OF SIMULATION EXCHANGES

 READING SOLUTIONGROUP

 Creating solution: SLN_1           

 OPENED gwf_pumptreat.ims
 FILE TYPE:IMS   UNIT 1023   STATUS:OLD                 
 FORMAT:FORMATTED              ACCESS:SEQUENTIAL          
 ACTION:READ                


 Creating solution: SLN_2           

 OPENED gwt_pumptreat.ims
 FILE TYPE:IMS   UNIT 1024   STATUS:OLD                 
 FORMAT:FORMATTED              ACCESS:SEQUENTIAL          
 ACTION:READ                

 END OF SOLUTIONGROUP

PROCESSING MODEL CONNECTIONS
END OF MODEL CONNECTIONS

 IMS -- ITERATIVE MODEL SOLUTION PACKAGE, VERSION 6, 4/28/2017
         INPUT READ FROM UNIT 1023
 # File generated by Flopy version 3.9.3 on 10/08/2025 at 11:35:49.

 PROCESSING IMS OPTIONS
 SIMPLE OPTION:
 DEFAULT SOLVER INPUT VALUES FOR FAST SOLUTIONS
 END OF IMS OPTIONS
 ***UNDER-RELAXATION WILL NOT BE USED***
 
 ***IMS LINEAR SOLVER WILL BE USED***

 IMSLINEAR -- UNSTRUCTURED LINEAR SOLUTION PACKAGE, VERSION 8, 04/28/2017
 A symmetric matrix will be solved

 OUTER ITERATION CONVERGENCE CRITERION    (DVCLOSE) =    0.100000E-02
 MAXIMUM NUMBER OF OUTER ITERATIONS        (MXITER) = 25
 SOLVER PRINTOUT INDEX                     (IPRIMS) = 1
 NONLINEAR ITERATION METHOD            (NONLINMETH) = 0
 LINEAR SOLUTION METHOD                   (LINMETH) = 1

       SOLUTION BY THE        CONJUGATE-GRADIENT       METHOD
 ------------------------------------------------------------------
 MAXIMUM OF 25 CALLS OF SOLUTION ROUTINE
 MAXIMUM OF 50 INTERNAL ITERATIONS PER CALL TO SOLUTION ROUTINE
 LINEAR ACCELERATION METHOD            = CG        
 MATRIX PRECONDITIONING TYPE           = INCOMPLETE LU       
 MATRIX SCALING APPROACH               = NO SCALING          
 MATRIX REORDERING APPROACH            = ORIGINAL ORDERING        
 NUMBER OF ORTHOGONALIZATIONS          = 0
 HEAD CHANGE CRITERION FOR CLOSURE     =    0.10000E-02
 RESIDUAL CHANGE CRITERION FOR CLOSURE =    0.10000E+00
 RESIDUAL CONVERGENCE OPTION           = 0
 RESIDUAL CONVERGENCE NORM             = INFINITY NORM   
 RELAXATION FACTOR                     =    0.00000E+00




 IMS -- ITERATIVE MODEL SOLUTION PACKAGE, VERSION 6, 4/28/2017
         INPUT READ FROM UNIT 1024
 # File generated by Flopy version 3.9.3 on 10/08/2025 at 11:35:49.

 PROCESSING IMS OPTIONS
 END OF IMS OPTIONS

 PROCESSING IMS NONLINEAR
 END OF IMS NONLINEAR DATA
 ***UNDER-RELAXATION WILL NOT BE USED***
 

 PROCESSING LINEAR DATA
 END OF LINEAR DATA
 ***IMS LINEAR SOLVER WILL BE USED***

 IMSLINEAR -- UNSTRUCTURED LINEAR SOLUTION PACKAGE, VERSION 8, 04/28/2017
 An asymmetric matrix will be solved

 OUTER ITERATION CONVERGENCE CRITERION    (DVCLOSE) =    0.100000E-02
 MAXIMUM NUMBER OF OUTER ITERATIONS        (MXITER) = 25
 SOLVER PRINTOUT INDEX                     (IPRIMS) = 1
 NONLINEAR ITERATION METHOD            (NONLINMETH) = 0
 LINEAR SOLUTION METHOD                   (LINMETH) = 1

       SOLUTION BY THE BICONJUGATE-GRADIENT STABILIZED METHOD
 ------------------------------------------------------------------
 MAXIMUM OF 25 CALLS OF SOLUTION ROUTINE
 MAXIMUM OF 50 INTERNAL ITERATIONS PER CALL TO SOLUTION ROUTINE
 LINEAR ACCELERATION METHOD            = BCGS      
 MATRIX PRECONDITIONING TYPE           = INCOMPLETE LU       
 MATRIX SCALING APPROACH               = NO SCALING          
 MATRIX REORDERING APPROACH            = ORIGINAL ORDERING        
 NUMBER OF ORTHOGONALIZATIONS          = 0
 HEAD CHANGE CRITERION FOR CLOSURE     =    0.10000E-02
 RESIDUAL CHANGE CRITERION FOR CLOSURE =    0.10000E+00
 RESIDUAL CONVERGENCE OPTION           = 0
 RESIDUAL CONVERGENCE NORM             = INFINITY NORM   
 RELAXATION FACTOR                     =    0.00000E+00



 
    Solving:  Stress period:     1    Time step:     1
 
1
 STRESS PERIOD NO. 1, LENGTH =   1.000000    
 ------------------------------------------
 NUMBER OF TIME STEPS = 1
 MULTIPLIER FOR DELT =     1.000
 INITIAL TIME STEP SIZE =   1.000000    

 SLN_1 OUTER ITERATION SUMMARY
 ----------------------------------------------------------------------------------------------------------
                                OUTER      INNER                    STEP   MAXIMUM CHANGE MODEL-(CELLID) OR
 OUTER ITERATION STEP       ITERATION  ITERATION  MAXIMUM CHANGE SUCCESS             MODEL-PACKAGE-(NUMBER)
 ----------------------------------------------------------------------------------------------------------
 Model                              1         45     -0.49507281                          1_GWF-(1,101,100)
 Model                              2          1  2.98305048E-04       *                     1_GWF-(1,2,88)
 ----------------------------------------------------------------------------------------------------------


 2 CALLS TO NUMERICAL SOLUTION IN TIME STEP 1 STRESS PERIOD 1
 46 TOTAL ITERATIONS

 SLN_2 OUTER ITERATION SUMMARY
 ----------------------------------------------------------------------------------------------------------
                                OUTER      INNER                    STEP   MAXIMUM CHANGE MODEL-(CELLID) OR
 OUTER ITERATION STEP       ITERATION  ITERATION  MAXIMUM CHANGE SUCCESS             MODEL-PACKAGE-(NUMBER)
 ----------------------------------------------------------------------------------------------------------
 Model                              1          2       68.659043                            2_GWT-(1,43,25)
 Model                              2          1  2.83247818E-18       *                    2_GWT-(1,40,31)
 ----------------------------------------------------------------------------------------------------------


 2 CALLS TO NUMERICAL SOLUTION IN TIME STEP 1 STRESS PERIOD 1
 3 TOTAL ITERATIONS
 
    Solving:  Stress period:     2    Time step:     1
 
1
 STRESS PERIOD NO. 2, LENGTH =   3000.000    
 ------------------------------------------
 NUMBER OF TIME STEPS = 250
 MULTIPLIER FOR DELT =     1.000
 INITIAL TIME STEP SIZE =   12.00000    

 SLN_1 OUTER ITERATION SUMMARY
 ----------------------------------------------------------------------------------------------------------
                                OUTER      INNER                    STEP   MAXIMUM CHANGE MODEL-(CELLID) OR
 OUTER ITERATION STEP       ITERATION  ITERATION  MAXIMUM CHANGE SUCCESS             MODEL-PACKAGE-(NUMBER)
 ----------------------------------------------------------------------------------------------------------
 Model                              1         19 -3.08870125E-02                            1_GWF-(1,34,26)
 Model                              2          1  2.42818139E-04       *                    1_GWF-(1,40,20)
 ----------------------------------------------------------------------------------------------------------


 2 CALLS TO NUMERICAL SOLUTION IN TIME STEP 1 STRESS PERIOD 2
 20 TOTAL ITERATIONS

 SLN_2 OUTER ITERATION SUMMARY
 ----------------------------------------------------------------------------------------------------------
                                OUTER      INNER                    STEP   MAXIMUM CHANGE MODEL-(CELLID) OR
 OUTER ITERATION STEP       ITERATION  ITERATION  MAXIMUM CHANGE SUCCESS             MODEL-PACKAGE-(NUMBER)
 ----------------------------------------------------------------------------------------------------------
 Model                              1          3       390.95827                            2_GWT-(1,43,25)
 Model                              2          1  1.42620138E-10       *                    2_GWT-(1,40,26)
 ----------------------------------------------------------------------------------------------------------


 2 CALLS TO NUMERICAL SOLUTION IN TIME STEP 1 STRESS PERIOD 2
 4 TOTAL ITERATIONS
 
    Solving:  Stress period:     2    Time step:     2
 

 SLN_1 OUTER ITERATION SUMMARY
 ----------------------------------------------------------------------------------------------------------
                                OUTER      INNER                    STEP   MAXIMUM CHANGE MODEL-(CELLID) OR
 OUTER ITERATION STEP       ITERATION  ITERATION  MAXIMUM CHANGE SUCCESS             MODEL-PACKAGE-(NUMBER)
 ----------------------------------------------------------------------------------------------------------
 Model                              1          1  1.73581206E-04       *                    1_GWF-(1,41,19)
 ----------------------------------------------------------------------------------------------------------


 1 CALLS TO NUMERICAL SOLUTION IN TIME STEP 2 STRESS PERIOD 2
 1 TOTAL ITERATIONS

 SLN_2 OUTER ITERATION SUMMARY
 ----------------------------------------------------------------------------------------------------------
                                OUTER      INNER                    STEP   MAXIMUM CHANGE MODEL-(CELLID) OR
 OUTER ITERATION STEP       ITERATION  ITERATION  MAXIMUM CHANGE SUCCESS             MODEL-PACKAGE-(NUMBER)
 ----------------------------------------------------------------------------------------------------------
 Model                              1          3       173.67778                            2_GWT-(1,43,25)
 Model                              2          1 -5.22398125E-10       *                    2_GWT-(1,32,28)
 ----------------------------------------------------------------------------------------------------------


 2 CALLS TO NUMERICAL SOLUTION IN TIME STEP 2 STRESS PERIOD 2
 4 TOTAL ITERATIONS
 
    Solving:  Stress period:     2    Time step:     3
 

 SLN_1 OUTER ITERATION SUMMARY
 ----------------------------------------------------------------------------------------------------------
                                OUTER      INNER                    STEP   MAXIMUM CHANGE MODEL-(CELLID) OR
 OUTER ITERATION STEP       ITERATION  ITERATION  MAXIMUM CHANGE SUCCESS             MODEL-PACKAGE-(NUMBER)
 ----------------------------------------------------------------------------------------------------------
 Model                              1          1  1.68401946E-04       *                     1_GWF-(1,2,88)
 ----------------------------------------------------------------------------------------------------------


 1 CALLS TO NUMERICAL SOLUTION IN TIME STEP 3 STRESS PERIOD 2
 1 TOTAL ITERATIONS

 SLN_2 OUTER ITERATION SUMMARY
 ----------------------------------------------------------------------------------------------------------
                                OUTER      INNER                    STEP   MAXIMUM CHANGE MODEL-(CELLID) OR
 OUTER ITERATION STEP       ITERATION  ITERATION  MAXIMUM CHANGE SUCCESS             MODEL-PACKAGE-(NUMBER)
 ----------------------------------------------------------------------------------------------------------
 Model                              1          3       102.93148                            2_GWT-(1,42,27)
 Model                              2          1 -6.84170387E-10       *                    2_GWT-(1,39,36)
 ----------------------------------------------------------------------------------------------------------


 2 CALLS TO NUMERICAL SOLUTION IN TIME STEP 3 STRESS PERIOD 2
 4 TOTAL ITERATIONS
 
    Solving:  Stress period:     2    Time step:     4
 

 SLN_1 OUTER ITERATION SUMMARY
 ----------------------------------------------------------------------------------------------------------
                                OUTER      INNER                    STEP   MAXIMUM CHANGE MODEL-(CELLID) OR
 OUTER ITERATION STEP       ITERATION  ITERATION  MAXIMUM CHANGE SUCCESS             MODEL-PACKAGE-(NUMBER)
 ----------------------------------------------------------------------------------------------------------
 Model                              1          1 -1.67808882E-04       *                     1_GWF-(1,2,88)
 ----------------------------------------------------------------------------------------------------------


 1 CALLS TO NUMERICAL SOLUTION IN TIME STEP 4 STRESS PERIOD 2
 1 TOTAL ITERATIONS

 SLN_2 OUTER ITERATION SUMMARY
 ----------------------------------------------------------------------------------------------------------
                                OUTER      INNER                    STEP   MAXIMUM CHANGE MODEL-(CELLID) OR
 OUTER ITERATION STEP       ITERATION  ITERATION  MAXIMUM CHANGE SUCCESS             MODEL-PACKAGE-(NUMBER)
 ----------------------------------------------------------------------------------------------------------
 Model                              1          3       79.180468                            2_GWT-(1,42,27)
 Model                              2          1 -6.67698785E-10       *                    2_GWT-(1,39,36)
 ----------------------------------------------------------------------------------------------------------


 2 CALLS TO NUMERICAL SOLUTION IN TIME STEP 4 STRESS PERIOD 2
 4 TOTAL ITERATIONS
 
    Solving:  Stress period:     2    Time step:     5
 

 SLN_1 OUTER ITERATION SUMMARY
 ----------------------------------------------------------------------------------------------------------
                                OUTER      INNER                    STEP   MAXIMUM CHANGE MODEL-(CELLID) OR
 OUTER ITERATION STEP       ITERATION  ITERATION  MAXIMUM CHANGE SUCCESS             MODEL-PACKAGE-(NUMBER)
 ----------------------------------------------------------------------------------------------------------
 Model                              1          1  1.66508811E-04       *                     1_GWF-(1,2,88)
 ----------------------------------------------------------------------------------------------------------


 1 CALLS TO NUMERICAL SOLUTION IN TIME STEP 5 STRESS PERIOD 2
 1 TOTAL ITERATIONS

 SLN_2 OUTER ITERATION SUMMARY
 ----------------------------------------------------------------------------------------------------------
                                OUTER      INNER                    STEP   MAXIMUM CHANGE MODEL-(CELLID) OR
 OUTER ITERATION STEP       ITERATION  ITERATION  MAXIMUM CHANGE SUCCESS             MODEL-PACKAGE-(NUMBER)
 ----------------------------------------------------------------------------------------------------------
 Model                              1          3       62.778070                            2_GWT-(1,42,27)
 Model                              2          1 -6.22129515E-10       *                    2_GWT-(1,38,36)
 ----------------------------------------------------------------------------------------------------------


 2 CALLS TO NUMERICAL SOLUTION IN TIME STEP 5 STRESS PERIOD 2
 4 TOTAL ITERATIONS
 
    Solving:  Stress period:     2    Time step:     6
 

 SLN_1 OUTER ITERATION SUMMARY
 ----------------------------------------------------------------------------------------------------------
                                OUTER      INNER                    STEP   MAXIMUM CHANGE MODEL-(CELLID) OR
 OUTER ITERATION STEP       ITERATION  ITERATION  MAXIMUM CHANGE SUCCESS             MODEL-PACKAGE-(NUMBER)
 ----------------------------------------------------------------------------------------------------------
 Model                              1          1 -1.65818542E-04       *                     1_GWF-(1,2,88)
 ----------------------------------------------------------------------------------------------------------


 1 CALLS TO NUMERICAL SOLUTION IN TIME STEP 6 STRESS PERIOD 2
 1 TOTAL ITERATIONS

 SLN_2 OUTER ITERATION SUMMARY
 ----------------------------------------------------------------------------------------------------------
                                OUTER      INNER                    STEP   MAXIMUM CHANGE MODEL-(CELLID) OR
 OUTER ITERATION STEP       ITERATION  ITERATION  MAXIMUM CHANGE SUCCESS             MODEL-PACKAGE-(NUMBER)
 ----------------------------------------------------------------------------------------------------------
 Model                              1          3       50.050914                            2_GWT-(1,42,28)
 Model                              2          1 -4.92219043E-10       *                    2_GWT-(1,38,36)
 ----------------------------------------------------------------------------------------------------------


 2 CALLS TO NUMERICAL SOLUTION IN TIME STEP 6 STRESS PERIOD 2
 4 TOTAL ITERATIONS
 
    Solving:  Stress period:     2    Time step:     7
 

 SLN_1 OUTER ITERATION SUMMARY
 ----------------------------------------------------------------------------------------------------------
                                OUTER      INNER                    STEP   MAXIMUM CHANGE MODEL-(CELLID) OR
 OUTER ITERATION STEP       ITERATION  ITERATION  MAXIMUM CHANGE SUCCESS             MODEL-PACKAGE-(NUMBER)
 ----------------------------------------------------------------------------------------------------------
 Model                              1          1  1.64285976E-04       *                     1_GWF-(1,2,88)
 ----------------------------------------------------------------------------------------------------------


 1 CALLS TO NUMERICAL SOLUTION IN TIME STEP 7 STRESS PERIOD 2
 1 TOTAL ITERATIONS

 SLN_2 OUTER ITERATION SUMMARY
 ----------------------------------------------------------------------------------------------------------
                                OUTER      INNER                    STEP   MAXIMUM CHANGE MODEL-(CELLID) OR
 OUTER ITERATION STEP       ITERATION  ITERATION  MAXIMUM CHANGE SUCCESS             MODEL-PACKAGE-(NUMBER)
 ----------------------------------------------------------------------------------------------------------
 Model                              1          3       43.074153                            2_GWT-(1,42,28)
 Model                              2          1 -4.13780676E-10       *                    2_GWT-(1,38,37)
 ----------------------------------------------------------------------------------------------------------


 2 CALLS TO NUMERICAL SOLUTION IN TIME STEP 7 STRESS PERIOD 2
 4 TOTAL ITERATIONS
 
    Solving:  Stress period:     2    Time step:     8
 

 SLN_1 OUTER ITERATION SUMMARY
 ----------------------------------------------------------------------------------------------------------
                                OUTER      INNER                    STEP   MAXIMUM CHANGE MODEL-(CELLID) OR
 OUTER ITERATION STEP       ITERATION  ITERATION  MAXIMUM CHANGE SUCCESS             MODEL-PACKAGE-(NUMBER)
 ----------------------------------------------------------------------------------------------------------
 Model                              1          1 -1.63774128E-04       *                     1_GWF-(1,2,88)
 ----------------------------------------------------------------------------------------------------------


 1 CALLS TO NUMERICAL SOLUTION IN TIME STEP 8 STRESS PERIOD 2
 1 TOTAL ITERATIONS

 SLN_2 OUTER ITERATION SUMMARY
 ----------------------------------------------------------------------------------------------------------
                                OUTER      INNER                    STEP   MAXIMUM CHANGE MODEL-(CELLID) OR
 OUTER ITERATION STEP       ITERATION  ITERATION  MAXIMUM CHANGE SUCCESS             MODEL-PACKAGE-(NUMBER)
 ----------------------------------------------------------------------------------------------------------
 Model                              1          3       37.487087                            2_GWT-(1,41,28)
 Model                              2          1 -3.22222804E-10       *                    2_GWT-(1,38,37)
 ----------------------------------------------------------------------------------------------------------


 2 CALLS TO NUMERICAL SOLUTION IN TIME STEP 8 STRESS PERIOD 2
 4 TOTAL ITERATIONS
 
    Solving:  Stress period:     2    Time step:     9
 

 SLN_1 OUTER ITERATION SUMMARY
 ----------------------------------------------------------------------------------------------------------
                                OUTER      INNER                    STEP   MAXIMUM CHANGE MODEL-(CELLID) OR
 OUTER ITERATION STEP       ITERATION  ITERATION  MAXIMUM CHANGE SUCCESS             MODEL-PACKAGE-(NUMBER)
 ----------------------------------------------------------------------------------------------------------
 Model                              1          1  1.61835293E-04       *                     1_GWF-(1,2,88)
 ----------------------------------------------------------------------------------------------------------


 1 CALLS TO NUMERICAL SOLUTION IN TIME STEP 9 STRESS PERIOD 2
 1 TOTAL ITERATIONS

 SLN_2 OUTER ITERATION SUMMARY
 ----------------------------------------------------------------------------------------------------------
                                OUTER      INNER                    STEP   MAXIMUM CHANGE MODEL-(CELLID) OR
 OUTER ITERATION STEP       ITERATION  ITERATION  MAXIMUM CHANGE SUCCESS             MODEL-PACKAGE-(NUMBER)
 ----------------------------------------------------------------------------------------------------------
 Model                              1          3       32.764893                            2_GWT-(1,41,28)
 Model                              2          1 -2.33181030E-10       *                    2_GWT-(1,38,37)
 ----------------------------------------------------------------------------------------------------------


 2 CALLS TO NUMERICAL SOLUTION IN TIME STEP 9 STRESS PERIOD 2
 4 TOTAL ITERATIONS
 
    Solving:  Stress period:     2    Time step:    10
 

 SLN_1 OUTER ITERATION SUMMARY
 ----------------------------------------------------------------------------------------------------------
                                OUTER      INNER                    STEP   MAXIMUM CHANGE MODEL-(CELLID) OR
 OUTER ITERATION STEP       ITERATION  ITERATION  MAXIMUM CHANGE SUCCESS             MODEL-PACKAGE-(NUMBER)
 ----------------------------------------------------------------------------------------------------------
 Model                              1          1 -1.61790599E-04       *                     1_GWF-(1,2,88)
 ----------------------------------------------------------------------------------------------------------


 1 CALLS TO NUMERICAL SOLUTION IN TIME STEP 10 STRESS PERIOD 2
 1 TOTAL ITERATIONS

 SLN_2 OUTER ITERATION SUMMARY
 ----------------------------------------------------------------------------------------------------------
                                OUTER      INNER                    STEP   MAXIMUM CHANGE MODEL-(CELLID) OR
 OUTER ITERATION STEP       ITERATION  ITERATION  MAXIMUM CHANGE SUCCESS             MODEL-PACKAGE-(NUMBER)
 ----------------------------------------------------------------------------------------------------------
 Model                              1          3       31.381812                            2_GWT-(1,41,28)
 Model                              2          1 -1.75290893E-10       *                    2_GWT-(1,38,38)
 ----------------------------------------------------------------------------------------------------------


 2 CALLS TO NUMERICAL SOLUTION IN TIME STEP 10 STRESS PERIOD 2
 4 TOTAL ITERATIONS
 
    Solving:  Stress period:     2    Time step:    11
 

 SLN_1 OUTER ITERATION SUMMARY
 ----------------------------------------------------------------------------------------------------------
                                OUTER      INNER                    STEP   MAXIMUM CHANGE MODEL-(CELLID) OR
 OUTER ITERATION STEP       ITERATION  ITERATION  MAXIMUM CHANGE SUCCESS             MODEL-PACKAGE-(NUMBER)
 ----------------------------------------------------------------------------------------------------------
 Model                              1          1  1.59205420E-04       *                     1_GWF-(1,2,88)
 ----------------------------------------------------------------------------------------------------------


 1 CALLS TO NUMERICAL SOLUTION IN TIME STEP 11 STRESS PERIOD 2
 1 TOTAL ITERATIONS

 SLN_2 OUTER ITERATION SUMMARY
 ----------------------------------------------------------------------------------------------------------
                                OUTER      INNER                    STEP   MAXIMUM CHANGE MODEL-(CELLID) OR
 OUTER ITERATION STEP       ITERATION  ITERATION  MAXIMUM CHANGE SUCCESS             MODEL-PACKAGE-(NUMBER)
 ----------------------------------------------------------------------------------------------------------
 Model                              1          3       27.808660                            2_GWT-(1,41,29)
 Model                              2          1 -1.34306344E-10       *                    2_GWT-(1,38,38)
 ----------------------------------------------------------------------------------------------------------


 2 CALLS TO NUMERICAL SOLUTION IN TIME STEP 11 STRESS PERIOD 2
 4 TOTAL ITERATIONS
 
    Solving:  Stress period:     2    Time step:    12
 

 SLN_1 OUTER ITERATION SUMMARY
 ----------------------------------------------------------------------------------------------------------
                                OUTER      INNER                    STEP   MAXIMUM CHANGE MODEL-(CELLID) OR
 OUTER ITERATION STEP       ITERATION  ITERATION  MAXIMUM CHANGE SUCCESS             MODEL-PACKAGE-(NUMBER)
 ----------------------------------------------------------------------------------------------------------
 Model                              1          1 -1.59937849E-04       *                     1_GWF-(1,2,88)
 ----------------------------------------------------------------------------------------------------------


 1 CALLS TO NUMERICAL SOLUTION IN TIME STEP 12 STRESS PERIOD 2
 1 TOTAL ITERATIONS

 SLN_2 OUTER ITERATION SUMMARY
 ----------------------------------------------------------------------------------------------------------
                                OUTER      INNER                    STEP   MAXIMUM CHANGE MODEL-(CELLID) OR
 OUTER ITERATION STEP       ITERATION  ITERATION  MAXIMUM CHANGE SUCCESS             MODEL-PACKAGE-(NUMBER)
 ----------------------------------------------------------------------------------------------------------
 Model                              1          3       26.221850                            2_GWT-(1,41,29)
 Model                              2          1 -1.07512221E-10       *                    2_GWT-(1,37,38)
 ----------------------------------------------------------------------------------------------------------


 2 CALLS TO NUMERICAL SOLUTION IN TIME STEP 12 STRESS PERIOD 2
 4 TOTAL ITERATIONS
 
    Solving:  Stress period:     2    Time step:    13
 

 SLN_1 OUTER ITERATION SUMMARY
 ----------------------------------------------------------------------------------------------------------
                                OUTER      INNER                    STEP   MAXIMUM CHANGE MODEL-(CELLID) OR
 OUTER ITERATION STEP       ITERATION  ITERATION  MAXIMUM CHANGE SUCCESS             MODEL-PACKAGE-(NUMBER)
 ----------------------------------------------------------------------------------------------------------
 Model                              1          1  1.56477592E-04       *                     1_GWF-(1,2,88)
 ----------------------------------------------------------------------------------------------------------


 1 CALLS TO NUMERICAL SOLUTION IN TIME STEP 13 STRESS PERIOD 2
 1 TOTAL ITERATIONS

 SLN_2 OUTER ITERATION SUMMARY
 ----------------------------------------------------------------------------------------------------------
                                OUTER      INNER                    STEP   MAXIMUM CHANGE MODEL-(CELLID) OR
 OUTER ITERATION STEP       ITERATION  ITERATION  MAXIMUM CHANGE SUCCESS             MODEL-PACKAGE-(NUMBER)
 ----------------------------------------------------------------------------------------------------------
 Model                              1          3       24.204760                            2_GWT-(1,41,29)
 Model                              2          1 -1.05250919E-10       *                    2_GWT-(1,37,38)
 ----------------------------------------------------------------------------------------------------------


 2 CALLS TO NUMERICAL SOLUTION IN TIME STEP 13 STRESS PERIOD 2
 4 TOTAL ITERATIONS
 
    Solving:  Stress period:     2    Time step:    14
 

 SLN_1 OUTER ITERATION SUMMARY
 ----------------------------------------------------------------------------------------------------------
                                OUTER      INNER                    STEP   MAXIMUM CHANGE MODEL-(CELLID) OR
 OUTER ITERATION STEP       ITERATION  ITERATION  MAXIMUM CHANGE SUCCESS             MODEL-PACKAGE-(NUMBER)
 ----------------------------------------------------------------------------------------------------------
 Model                              1          1 -1.58238350E-04       *                     1_GWF-(1,2,88)
 ----------------------------------------------------------------------------------------------------------


 1 CALLS TO NUMERICAL SOLUTION IN TIME STEP 14 STRESS PERIOD 2
 1 TOTAL ITERATIONS

 SLN_2 OUTER ITERATION SUMMARY
 ----------------------------------------------------------------------------------------------------------
                                OUTER      INNER                    STEP   MAXIMUM CHANGE MODEL-(CELLID) OR
 OUTER ITERATION STEP       ITERATION  ITERATION  MAXIMUM CHANGE SUCCESS             MODEL-PACKAGE-(NUMBER)
 ----------------------------------------------------------------------------------------------------------
 Model                              1          3       22.598502                            2_GWT-(1,41,29)
 Model                              2          1 -7.37805372E-11       *                    2_GWT-(1,37,39)
 ----------------------------------------------------------------------------------------------------------


 2 CALLS TO NUMERICAL SOLUTION IN TIME STEP 14 STRESS PERIOD 2
 4 TOTAL ITERATIONS
 
    Solving:  Stress period:     2    Time step:    15
 

 SLN_1 OUTER ITERATION SUMMARY
 ----------------------------------------------------------------------------------------------------------
                                OUTER      INNER                    STEP   MAXIMUM CHANGE MODEL-(CELLID) OR
 OUTER ITERATION STEP       ITERATION  ITERATION  MAXIMUM CHANGE SUCCESS             MODEL-PACKAGE-(NUMBER)
 ----------------------------------------------------------------------------------------------------------
 Model                              1          1  1.53730608E-04       *                     1_GWF-(1,2,88)
 ----------------------------------------------------------------------------------------------------------


 1 CALLS TO NUMERICAL SOLUTION IN TIME STEP 15 STRESS PERIOD 2
 1 TOTAL ITERATIONS

 SLN_2 OUTER ITERATION SUMMARY
 ----------------------------------------------------------------------------------------------------------
                                OUTER      INNER                    STEP   MAXIMUM CHANGE MODEL-(CELLID) OR
 OUTER ITERATION STEP       ITERATION  ITERATION  MAXIMUM CHANGE SUCCESS             MODEL-PACKAGE-(NUMBER)
 ----------------------------------------------------------------------------------------------------------
 Model                              1          3       21.372142                            2_GWT-(1,41,30)
 Model                              2          1 -1.35894851E-10       *                    2_GWT-(1,38,38)
 ----------------------------------------------------------------------------------------------------------


 2 CALLS TO NUMERICAL SOLUTION IN TIME STEP 15 STRESS PERIOD 2
 4 TOTAL ITERATIONS
 
    Solving:  Stress period:     2    Time step:    16
 

 SLN_1 OUTER ITERATION SUMMARY
 ----------------------------------------------------------------------------------------------------------
                                OUTER      INNER                    STEP   MAXIMUM CHANGE MODEL-(CELLID) OR
 OUTER ITERATION STEP       ITERATION  ITERATION  MAXIMUM CHANGE SUCCESS             MODEL-PACKAGE-(NUMBER)
 ----------------------------------------------------------------------------------------------------------
 Model                              1          1 -1.56682512E-04       *                     1_GWF-(1,2,88)
 ----------------------------------------------------------------------------------------------------------


 1 CALLS TO NUMERICAL SOLUTION IN TIME STEP 16 STRESS PERIOD 2
 1 TOTAL ITERATIONS

 SLN_2 OUTER ITERATION SUMMARY
 ----------------------------------------------------------------------------------------------------------
                                OUTER      INNER                    STEP   MAXIMUM CHANGE MODEL-(CELLID) OR
 OUTER ITERATION STEP       ITERATION  ITERATION  MAXIMUM CHANGE SUCCESS             MODEL-PACKAGE-(NUMBER)
 ----------------------------------------------------------------------------------------------------------
 Model                              1          2       20.216295                            2_GWT-(1,41,30)
 Model                              2          1 -1.01869198E-07       *                    2_GWT-(1,38,37)
 ----------------------------------------------------------------------------------------------------------


 2 CALLS TO NUMERICAL SOLUTION IN TIME STEP 16 STRESS PERIOD 2
 3 TOTAL ITERATIONS
 
    Solving:  Stress period:     2    Time step:    17
 

 SLN_1 OUTER ITERATION SUMMARY
 ----------------------------------------------------------------------------------------------------------
                                OUTER      INNER                    STEP   MAXIMUM CHANGE MODEL-(CELLID) OR
 OUTER ITERATION STEP       ITERATION  ITERATION  MAXIMUM CHANGE SUCCESS             MODEL-PACKAGE-(NUMBER)
 ----------------------------------------------------------------------------------------------------------
 Model                              1          1  1.51024246E-04       *                     1_GWF-(1,2,88)
 ----------------------------------------------------------------------------------------------------------


 1 CALLS TO NUMERICAL SOLUTION IN TIME STEP 17 STRESS PERIOD 2
 1 TOTAL ITERATIONS

 SLN_2 OUTER ITERATION SUMMARY
 ----------------------------------------------------------------------------------------------------------
                                OUTER      INNER                    STEP   MAXIMUM CHANGE MODEL-(CELLID) OR
 OUTER ITERATION STEP       ITERATION  ITERATION  MAXIMUM CHANGE SUCCESS             MODEL-PACKAGE-(NUMBER)
 ----------------------------------------------------------------------------------------------------------
 Model                              1          3       19.054630                            2_GWT-(1,41,30)
 Model                              2          1 -4.18738821E-10       *                    2_GWT-(1,38,38)
 ----------------------------------------------------------------------------------------------------------


 2 CALLS TO NUMERICAL SOLUTION IN TIME STEP 17 STRESS PERIOD 2
 4 TOTAL ITERATIONS
 
    Solving:  Stress period:     2    Time step:    18
 

 SLN_1 OUTER ITERATION SUMMARY
 ----------------------------------------------------------------------------------------------------------
                                OUTER      INNER                    STEP   MAXIMUM CHANGE MODEL-(CELLID) OR
 OUTER ITERATION STEP       ITERATION  ITERATION  MAXIMUM CHANGE SUCCESS             MODEL-PACKAGE-(NUMBER)
 ----------------------------------------------------------------------------------------------------------
 Model                              1          1 -1.55247362E-04       *                     1_GWF-(1,2,88)
 ----------------------------------------------------------------------------------------------------------


 1 CALLS TO NUMERICAL SOLUTION IN TIME STEP 18 STRESS PERIOD 2
 1 TOTAL ITERATIONS

 SLN_2 OUTER ITERATION SUMMARY
 ----------------------------------------------------------------------------------------------------------
                                OUTER      INNER                    STEP   MAXIMUM CHANGE MODEL-(CELLID) OR
 OUTER ITERATION STEP       ITERATION  ITERATION  MAXIMUM CHANGE SUCCESS             MODEL-PACKAGE-(NUMBER)
 ----------------------------------------------------------------------------------------------------------
 Model                              1          2       18.426949                            2_GWT-(1,41,31)
 Model                              2          1  9.18971068E-08       *                    2_GWT-(1,39,33)
 ----------------------------------------------------------------------------------------------------------


 2 CALLS TO NUMERICAL SOLUTION IN TIME STEP 18 STRESS PERIOD 2
 3 TOTAL ITERATIONS
 
    Solving:  Stress period:     2    Time step:    19
 

 SLN_1 OUTER ITERATION SUMMARY
 ----------------------------------------------------------------------------------------------------------
                                OUTER      INNER                    STEP   MAXIMUM CHANGE MODEL-(CELLID) OR
 OUTER ITERATION STEP       ITERATION  ITERATION  MAXIMUM CHANGE SUCCESS             MODEL-PACKAGE-(NUMBER)
 ----------------------------------------------------------------------------------------------------------
 Model                              1          1  1.48397531E-04       *                     1_GWF-(1,2,88)
 ----------------------------------------------------------------------------------------------------------


 1 CALLS TO NUMERICAL SOLUTION IN TIME STEP 19 STRESS PERIOD 2
 1 TOTAL ITERATIONS

 SLN_2 OUTER ITERATION SUMMARY
 ----------------------------------------------------------------------------------------------------------
                                OUTER      INNER                    STEP   MAXIMUM CHANGE MODEL-(CELLID) OR
 OUTER ITERATION STEP       ITERATION  ITERATION  MAXIMUM CHANGE SUCCESS             MODEL-PACKAGE-(NUMBER)
 ----------------------------------------------------------------------------------------------------------
 Model                              1          2       17.501810                            2_GWT-(1,36,31)
 Model                              2          1 -7.90954573E-08       *                    2_GWT-(1,34,30)
 ----------------------------------------------------------------------------------------------------------


 2 CALLS TO NUMERICAL SOLUTION IN TIME STEP 19 STRESS PERIOD 2
 3 TOTAL ITERATIONS
 
    Solving:  Stress period:     2    Time step:    20
 

 SLN_1 OUTER ITERATION SUMMARY
 ----------------------------------------------------------------------------------------------------------
                                OUTER      INNER                    STEP   MAXIMUM CHANGE MODEL-(CELLID) OR
 OUTER ITERATION STEP       ITERATION  ITERATION  MAXIMUM CHANGE SUCCESS             MODEL-PACKAGE-(NUMBER)
 ----------------------------------------------------------------------------------------------------------
 Model                              1          1 -1.53907627E-04       *                     1_GWF-(1,2,88)
 ----------------------------------------------------------------------------------------------------------


 1 CALLS TO NUMERICAL SOLUTION IN TIME STEP 20 STRESS PERIOD 2
 1 TOTAL ITERATIONS

 SLN_2 OUTER ITERATION SUMMARY
 ----------------------------------------------------------------------------------------------------------
                                OUTER      INNER                    STEP   MAXIMUM CHANGE MODEL-(CELLID) OR
 OUTER ITERATION STEP       ITERATION  ITERATION  MAXIMUM CHANGE SUCCESS             MODEL-PACKAGE-(NUMBER)
 ----------------------------------------------------------------------------------------------------------
 Model                              1          2       16.878280                            2_GWT-(1,41,31)
 Model                              2          1  8.87575311E-08       *                    2_GWT-(1,39,33)
 ----------------------------------------------------------------------------------------------------------


 2 CALLS TO NUMERICAL SOLUTION IN TIME STEP 20 STRESS PERIOD 2
 3 TOTAL ITERATIONS
 
    Solving:  Stress period:     2    Time step:    21
 

 SLN_1 OUTER ITERATION SUMMARY
 ----------------------------------------------------------------------------------------------------------
                                OUTER      INNER                    STEP   MAXIMUM CHANGE MODEL-(CELLID) OR
 OUTER ITERATION STEP       ITERATION  ITERATION  MAXIMUM CHANGE SUCCESS             MODEL-PACKAGE-(NUMBER)
 ----------------------------------------------------------------------------------------------------------
 Model                              1          1 -1.46317159E-04       *                     1_GWF-(1,2,85)
 ----------------------------------------------------------------------------------------------------------


 1 CALLS TO NUMERICAL SOLUTION IN TIME STEP 21 STRESS PERIOD 2
 1 TOTAL ITERATIONS

 SLN_2 OUTER ITERATION SUMMARY
 ----------------------------------------------------------------------------------------------------------
                                OUTER      INNER                    STEP   MAXIMUM CHANGE MODEL-(CELLID) OR
 OUTER ITERATION STEP       ITERATION  ITERATION  MAXIMUM CHANGE SUCCESS             MODEL-PACKAGE-(NUMBER)
 ----------------------------------------------------------------------------------------------------------
 Model                              1          2       16.027269                            2_GWT-(1,36,31)
 Model                              2          1 -8.77271873E-08       *                    2_GWT-(1,34,30)
 ----------------------------------------------------------------------------------------------------------


 2 CALLS TO NUMERICAL SOLUTION IN TIME STEP 21 STRESS PERIOD 2
 3 TOTAL ITERATIONS
 
    Solving:  Stress period:     2    Time step:    22
 

 SLN_1 OUTER ITERATION SUMMARY
 ----------------------------------------------------------------------------------------------------------
                                OUTER      INNER                    STEP   MAXIMUM CHANGE MODEL-(CELLID) OR
 OUTER ITERATION STEP       ITERATION  ITERATION  MAXIMUM CHANGE SUCCESS             MODEL-PACKAGE-(NUMBER)
 ----------------------------------------------------------------------------------------------------------
 Model                              1          1 -1.52640565E-04       *                     1_GWF-(1,2,88)
 ----------------------------------------------------------------------------------------------------------


 1 CALLS TO NUMERICAL SOLUTION IN TIME STEP 22 STRESS PERIOD 2
 1 TOTAL ITERATIONS

 SLN_2 OUTER ITERATION SUMMARY
 ----------------------------------------------------------------------------------------------------------
                                OUTER      INNER                    STEP   MAXIMUM CHANGE MODEL-(CELLID) OR
 OUTER ITERATION STEP       ITERATION  ITERATION  MAXIMUM CHANGE SUCCESS             MODEL-PACKAGE-(NUMBER)
 ----------------------------------------------------------------------------------------------------------
 Model                              1          2       15.419059                            2_GWT-(1,36,32)
 Model                              2          1  8.34446325E-08       *                    2_GWT-(1,39,33)
 ----------------------------------------------------------------------------------------------------------


 2 CALLS TO NUMERICAL SOLUTION IN TIME STEP 22 STRESS PERIOD 2
 3 TOTAL ITERATIONS
 
    Solving:  Stress period:     2    Time step:    23
 

 SLN_1 OUTER ITERATION SUMMARY
 ----------------------------------------------------------------------------------------------------------
                                OUTER      INNER                    STEP   MAXIMUM CHANGE MODEL-(CELLID) OR
 OUTER ITERATION STEP       ITERATION  ITERATION  MAXIMUM CHANGE SUCCESS             MODEL-PACKAGE-(NUMBER)
 ----------------------------------------------------------------------------------------------------------
 Model                              1          1 -1.45383863E-04       *                     1_GWF-(1,2,85)
 ----------------------------------------------------------------------------------------------------------


 1 CALLS TO NUMERICAL SOLUTION IN TIME STEP 23 STRESS PERIOD 2
 1 TOTAL ITERATIONS

 SLN_2 OUTER ITERATION SUMMARY
 ----------------------------------------------------------------------------------------------------------
                                OUTER      INNER                    STEP   MAXIMUM CHANGE MODEL-(CELLID) OR
 OUTER ITERATION STEP       ITERATION  ITERATION  MAXIMUM CHANGE SUCCESS             MODEL-PACKAGE-(NUMBER)
 ----------------------------------------------------------------------------------------------------------
 Model                              1          2       15.147611                            2_GWT-(1,40,32)
 Model                              2          1 -9.84158532E-08       *                    2_GWT-(1,34,30)
 ----------------------------------------------------------------------------------------------------------


 2 CALLS TO NUMERICAL SOLUTION IN TIME STEP 23 STRESS PERIOD 2
 3 TOTAL ITERATIONS
 
    Solving:  Stress period:     2    Time step:    24
 

 SLN_1 OUTER ITERATION SUMMARY
 ----------------------------------------------------------------------------------------------------------
                                OUTER      INNER                    STEP   MAXIMUM CHANGE MODEL-(CELLID) OR
 OUTER ITERATION STEP       ITERATION  ITERATION  MAXIMUM CHANGE SUCCESS             MODEL-PACKAGE-(NUMBER)
 ----------------------------------------------------------------------------------------------------------
 Model                              1          1 -1.51427427E-04       *                     1_GWF-(1,2,88)
 ----------------------------------------------------------------------------------------------------------


 1 CALLS TO NUMERICAL SOLUTION IN TIME STEP 24 STRESS PERIOD 2
 1 TOTAL ITERATIONS

 SLN_2 OUTER ITERATION SUMMARY
 ----------------------------------------------------------------------------------------------------------
                                OUTER      INNER                    STEP   MAXIMUM CHANGE MODEL-(CELLID) OR
 OUTER ITERATION STEP       ITERATION  ITERATION  MAXIMUM CHANGE SUCCESS             MODEL-PACKAGE-(NUMBER)
 ----------------------------------------------------------------------------------------------------------
 Model                              1          2       14.438604                            2_GWT-(1,36,32)
 Model                              2          1  1.01150761E-07       *                    2_GWT-(1,32,28)
 ----------------------------------------------------------------------------------------------------------


 2 CALLS TO NUMERICAL SOLUTION IN TIME STEP 24 STRESS PERIOD 2
 3 TOTAL ITERATIONS
 
    Solving:  Stress period:     2    Time step:    25
 

 SLN_1 OUTER ITERATION SUMMARY
 ----------------------------------------------------------------------------------------------------------
                                OUTER      INNER                    STEP   MAXIMUM CHANGE MODEL-(CELLID) OR
 OUTER ITERATION STEP       ITERATION  ITERATION  MAXIMUM CHANGE SUCCESS             MODEL-PACKAGE-(NUMBER)
 ----------------------------------------------------------------------------------------------------------
 Model                              1          1 -1.44456070E-04       *                     1_GWF-(1,2,85)
 ----------------------------------------------------------------------------------------------------------


 1 CALLS TO NUMERICAL SOLUTION IN TIME STEP 25 STRESS PERIOD 2
 1 TOTAL ITERATIONS

 SLN_2 OUTER ITERATION SUMMARY
 ----------------------------------------------------------------------------------------------------------
                                OUTER      INNER                    STEP   MAXIMUM CHANGE MODEL-(CELLID) OR
 OUTER ITERATION STEP       ITERATION  ITERATION  MAXIMUM CHANGE SUCCESS             MODEL-PACKAGE-(NUMBER)
 ----------------------------------------------------------------------------------------------------------
 Model                              1          2       14.194954                            2_GWT-(1,40,33)
 Model                              2          1  1.27122405E-07       *                    2_GWT-(1,35,28)
 ----------------------------------------------------------------------------------------------------------


 2 CALLS TO NUMERICAL SOLUTION IN TIME STEP 25 STRESS PERIOD 2
 3 TOTAL ITERATIONS
 
    Solving:  Stress period:     2    Time step:    26
 

 SLN_1 OUTER ITERATION SUMMARY
 ----------------------------------------------------------------------------------------------------------
                                OUTER      INNER                    STEP   MAXIMUM CHANGE MODEL-(CELLID) OR
 OUTER ITERATION STEP       ITERATION  ITERATION  MAXIMUM CHANGE SUCCESS             MODEL-PACKAGE-(NUMBER)
 ----------------------------------------------------------------------------------------------------------
 Model                              1          1 -1.50253452E-04       *                     1_GWF-(1,2,88)
 ----------------------------------------------------------------------------------------------------------


 1 CALLS TO NUMERICAL SOLUTION IN TIME STEP 26 STRESS PERIOD 2
 1 TOTAL ITERATIONS

 SLN_2 OUTER ITERATION SUMMARY
 ----------------------------------------------------------------------------------------------------------
                                OUTER      INNER                    STEP   MAXIMUM CHANGE MODEL-(CELLID) OR
 OUTER ITERATION STEP       ITERATION  ITERATION  MAXIMUM CHANGE SUCCESS             MODEL-PACKAGE-(NUMBER)
 ----------------------------------------------------------------------------------------------------------
 Model                              1          2       13.718301                            2_GWT-(1,39,33)
 Model                              2          1  1.44098692E-07       *                    2_GWT-(1,32,28)
 ----------------------------------------------------------------------------------------------------------


 2 CALLS TO NUMERICAL SOLUTION IN TIME STEP 26 STRESS PERIOD 2
 3 TOTAL ITERATIONS
 
    Solving:  Stress period:     2    Time step:    27
 

 SLN_1 OUTER ITERATION SUMMARY
 ----------------------------------------------------------------------------------------------------------
                                OUTER      INNER                    STEP   MAXIMUM CHANGE MODEL-(CELLID) OR
 OUTER ITERATION STEP       ITERATION  ITERATION  MAXIMUM CHANGE SUCCESS             MODEL-PACKAGE-(NUMBER)
 ----------------------------------------------------------------------------------------------------------
 Model                              1          1 -1.43529300E-04       *                     1_GWF-(1,2,85)
 ----------------------------------------------------------------------------------------------------------


 1 CALLS TO NUMERICAL SOLUTION IN TIME STEP 27 STRESS PERIOD 2
 1 TOTAL ITERATIONS

 SLN_2 OUTER ITERATION SUMMARY
 ----------------------------------------------------------------------------------------------------------
                                OUTER      INNER                    STEP   MAXIMUM CHANGE MODEL-(CELLID) OR
 OUTER ITERATION STEP       ITERATION  ITERATION  MAXIMUM CHANGE SUCCESS             MODEL-PACKAGE-(NUMBER)
 ----------------------------------------------------------------------------------------------------------
 Model                              1          2       13.515817                            2_GWT-(1,40,33)
 Model                              2          1  2.18453124E-07       *                    2_GWT-(1,35,28)
 ----------------------------------------------------------------------------------------------------------


 2 CALLS TO NUMERICAL SOLUTION IN TIME STEP 27 STRESS PERIOD 2
 3 TOTAL ITERATIONS
 
    Solving:  Stress period:     2    Time step:    28
 

 SLN_1 OUTER ITERATION SUMMARY
 ----------------------------------------------------------------------------------------------------------
                                OUTER      INNER                    STEP   MAXIMUM CHANGE MODEL-(CELLID) OR
 OUTER ITERATION STEP       ITERATION  ITERATION  MAXIMUM CHANGE SUCCESS             MODEL-PACKAGE-(NUMBER)
 ----------------------------------------------------------------------------------------------------------
 Model                              1          1 -1.49107342E-04       *                     1_GWF-(1,2,88)
 ----------------------------------------------------------------------------------------------------------


 1 CALLS TO NUMERICAL SOLUTION IN TIME STEP 28 STRESS PERIOD 2
 1 TOTAL ITERATIONS

 SLN_2 OUTER ITERATION SUMMARY
 ----------------------------------------------------------------------------------------------------------
                                OUTER      INNER                    STEP   MAXIMUM CHANGE MODEL-(CELLID) OR
 OUTER ITERATION STEP       ITERATION  ITERATION  MAXIMUM CHANGE SUCCESS             MODEL-PACKAGE-(NUMBER)
 ----------------------------------------------------------------------------------------------------------
 Model                              1          2       13.134190                            2_GWT-(1,39,34)
 Model                              2          1  3.06197393E-07       *                    2_GWT-(1,32,28)
 ----------------------------------------------------------------------------------------------------------


 2 CALLS TO NUMERICAL SOLUTION IN TIME STEP 28 STRESS PERIOD 2
 3 TOTAL ITERATIONS
 
    Solving:  Stress period:     2    Time step:    29
 

 SLN_1 OUTER ITERATION SUMMARY
 ----------------------------------------------------------------------------------------------------------
                                OUTER      INNER                    STEP   MAXIMUM CHANGE MODEL-(CELLID) OR
 OUTER ITERATION STEP       ITERATION  ITERATION  MAXIMUM CHANGE SUCCESS             MODEL-PACKAGE-(NUMBER)
 ----------------------------------------------------------------------------------------------------------
 Model                              1          1 -1.42600814E-04       *                     1_GWF-(1,2,85)
 ----------------------------------------------------------------------------------------------------------


 1 CALLS TO NUMERICAL SOLUTION IN TIME STEP 29 STRESS PERIOD 2
 1 TOTAL ITERATIONS

 SLN_2 OUTER ITERATION SUMMARY
 ----------------------------------------------------------------------------------------------------------
                                OUTER      INNER                    STEP   MAXIMUM CHANGE MODEL-(CELLID) OR
 OUTER ITERATION STEP       ITERATION  ITERATION  MAXIMUM CHANGE SUCCESS             MODEL-PACKAGE-(NUMBER)
 ----------------------------------------------------------------------------------------------------------
 Model                              1          2       12.718060                            2_GWT-(1,40,33)
 Model                              2          1  1.64827475E-06       *                    2_GWT-(1,35,28)
 ----------------------------------------------------------------------------------------------------------


 2 CALLS TO NUMERICAL SOLUTION IN TIME STEP 29 STRESS PERIOD 2
 3 TOTAL ITERATIONS
 
    Solving:  Stress period:     2    Time step:    30
 

 SLN_1 OUTER ITERATION SUMMARY
 ----------------------------------------------------------------------------------------------------------
                                OUTER      INNER                    STEP   MAXIMUM CHANGE MODEL-(CELLID) OR
 OUTER ITERATION STEP       ITERATION  ITERATION  MAXIMUM CHANGE SUCCESS             MODEL-PACKAGE-(NUMBER)
 ----------------------------------------------------------------------------------------------------------
 Model                              1          1 -1.47980629E-04       *                     1_GWF-(1,2,88)
 ----------------------------------------------------------------------------------------------------------


 1 CALLS TO NUMERICAL SOLUTION IN TIME STEP 30 STRESS PERIOD 2
 1 TOTAL ITERATIONS

 SLN_2 OUTER ITERATION SUMMARY
 ----------------------------------------------------------------------------------------------------------
                                OUTER      INNER                    STEP   MAXIMUM CHANGE MODEL-(CELLID) OR
 OUTER ITERATION STEP       ITERATION  ITERATION  MAXIMUM CHANGE SUCCESS             MODEL-PACKAGE-(NUMBER)
 ----------------------------------------------------------------------------------------------------------
 Model                              1          2       12.700629                            2_GWT-(1,39,34)
 Model                              2          1  4.86990984E-07       *                    2_GWT-(1,33,26)
 ----------------------------------------------------------------------------------------------------------


 2 CALLS TO NUMERICAL SOLUTION IN TIME STEP 30 STRESS PERIOD 2
 3 TOTAL ITERATIONS
 
    Solving:  Stress period:     2    Time step:    31
 

 SLN_1 OUTER ITERATION SUMMARY
 ----------------------------------------------------------------------------------------------------------
                                OUTER      INNER                    STEP   MAXIMUM CHANGE MODEL-(CELLID) OR
 OUTER ITERATION STEP       ITERATION  ITERATION  MAXIMUM CHANGE SUCCESS             MODEL-PACKAGE-(NUMBER)
 ----------------------------------------------------------------------------------------------------------
 Model                              1          1 -1.41669037E-04       *                     1_GWF-(1,2,85)
 ----------------------------------------------------------------------------------------------------------


 1 CALLS TO NUMERICAL SOLUTION IN TIME STEP 31 STRESS PERIOD 2
 1 TOTAL ITERATIONS

 SLN_2 OUTER ITERATION SUMMARY
 ----------------------------------------------------------------------------------------------------------
                                OUTER      INNER                    STEP   MAXIMUM CHANGE MODEL-(CELLID) OR
 OUTER ITERATION STEP       ITERATION  ITERATION  MAXIMUM CHANGE SUCCESS             MODEL-PACKAGE-(NUMBER)
 ----------------------------------------------------------------------------------------------------------
 Model                              1          2       12.255705                            2_GWT-(1,38,35)
 Model                              2          1 -1.86121042E-07       *                    2_GWT-(1,35,28)
 ----------------------------------------------------------------------------------------------------------


 2 CALLS TO NUMERICAL SOLUTION IN TIME STEP 31 STRESS PERIOD 2
 3 TOTAL ITERATIONS
 
    Solving:  Stress period:     2    Time step:    32
 

 SLN_1 OUTER ITERATION SUMMARY
 ----------------------------------------------------------------------------------------------------------
                                OUTER      INNER                    STEP   MAXIMUM CHANGE MODEL-(CELLID) OR
 OUTER ITERATION STEP       ITERATION  ITERATION  MAXIMUM CHANGE SUCCESS             MODEL-PACKAGE-(NUMBER)
 ----------------------------------------------------------------------------------------------------------
 Model                              1          1 -1.46867100E-04       *                     1_GWF-(1,2,88)
 ----------------------------------------------------------------------------------------------------------


 1 CALLS TO NUMERICAL SOLUTION IN TIME STEP 32 STRESS PERIOD 2
 1 TOTAL ITERATIONS

 SLN_2 OUTER ITERATION SUMMARY
 ----------------------------------------------------------------------------------------------------------
                                OUTER      INNER                    STEP   MAXIMUM CHANGE MODEL-(CELLID) OR
 OUTER ITERATION STEP       ITERATION  ITERATION  MAXIMUM CHANGE SUCCESS             MODEL-PACKAGE-(NUMBER)
 ----------------------------------------------------------------------------------------------------------
 Model                              1          2       12.140109                            2_GWT-(1,39,34)
 Model                              2          1  7.31821501E-08       *                    2_GWT-(1,33,26)
 ----------------------------------------------------------------------------------------------------------


 2 CALLS TO NUMERICAL SOLUTION IN TIME STEP 32 STRESS PERIOD 2
 3 TOTAL ITERATIONS
 
    Solving:  Stress period:     2    Time step:    33
 

 SLN_1 OUTER ITERATION SUMMARY
 ----------------------------------------------------------------------------------------------------------
                                OUTER      INNER                    STEP   MAXIMUM CHANGE MODEL-(CELLID) OR
 OUTER ITERATION STEP       ITERATION  ITERATION  MAXIMUM CHANGE SUCCESS             MODEL-PACKAGE-(NUMBER)
 ----------------------------------------------------------------------------------------------------------
 Model                              1          1 -1.40733175E-04       *                     1_GWF-(1,2,85)
 ----------------------------------------------------------------------------------------------------------


 1 CALLS TO NUMERICAL SOLUTION IN TIME STEP 33 STRESS PERIOD 2
 1 TOTAL ITERATIONS

 SLN_2 OUTER ITERATION SUMMARY
 ----------------------------------------------------------------------------------------------------------
                                OUTER      INNER                    STEP   MAXIMUM CHANGE MODEL-(CELLID) OR
 OUTER ITERATION STEP       ITERATION  ITERATION  MAXIMUM CHANGE SUCCESS             MODEL-PACKAGE-(NUMBER)
 ----------------------------------------------------------------------------------------------------------
 Model                              1          2       11.939799                            2_GWT-(1,38,35)
 Model                              2          1  3.02097192E-08       *                    2_GWT-(1,33,34)
 ----------------------------------------------------------------------------------------------------------


 2 CALLS TO NUMERICAL SOLUTION IN TIME STEP 33 STRESS PERIOD 2
 3 TOTAL ITERATIONS
 
    Solving:  Stress period:     2    Time step:    34
 

 SLN_1 OUTER ITERATION SUMMARY
 ----------------------------------------------------------------------------------------------------------
                                OUTER      INNER                    STEP   MAXIMUM CHANGE MODEL-(CELLID) OR
 OUTER ITERATION STEP       ITERATION  ITERATION  MAXIMUM CHANGE SUCCESS             MODEL-PACKAGE-(NUMBER)
 ----------------------------------------------------------------------------------------------------------
 Model                              1          1 -1.45762303E-04       *                     1_GWF-(1,2,88)
 ----------------------------------------------------------------------------------------------------------


 1 CALLS TO NUMERICAL SOLUTION IN TIME STEP 34 STRESS PERIOD 2
 1 TOTAL ITERATIONS

 SLN_2 OUTER ITERATION SUMMARY
 ----------------------------------------------------------------------------------------------------------
                                OUTER      INNER                    STEP   MAXIMUM CHANGE MODEL-(CELLID) OR
 OUTER ITERATION STEP       ITERATION  ITERATION  MAXIMUM CHANGE SUCCESS             MODEL-PACKAGE-(NUMBER)
 ----------------------------------------------------------------------------------------------------------
 Model                              1          2       11.543051                            2_GWT-(1,39,35)
 Model                              2          1  1.99950421E-08       *                    2_GWT-(1,32,35)
 ----------------------------------------------------------------------------------------------------------


 2 CALLS TO NUMERICAL SOLUTION IN TIME STEP 34 STRESS PERIOD 2
 3 TOTAL ITERATIONS
 
    Solving:  Stress period:     2    Time step:    35
 

 SLN_1 OUTER ITERATION SUMMARY
 ----------------------------------------------------------------------------------------------------------
                                OUTER      INNER                    STEP   MAXIMUM CHANGE MODEL-(CELLID) OR
 OUTER ITERATION STEP       ITERATION  ITERATION  MAXIMUM CHANGE SUCCESS             MODEL-PACKAGE-(NUMBER)
 ----------------------------------------------------------------------------------------------------------
 Model                              1          1 -1.39792976E-04       *                     1_GWF-(1,2,85)
 ----------------------------------------------------------------------------------------------------------


 1 CALLS TO NUMERICAL SOLUTION IN TIME STEP 35 STRESS PERIOD 2
 1 TOTAL ITERATIONS

 SLN_2 OUTER ITERATION SUMMARY
 ----------------------------------------------------------------------------------------------------------
                                OUTER      INNER                    STEP   MAXIMUM CHANGE MODEL-(CELLID) OR
 OUTER ITERATION STEP       ITERATION  ITERATION  MAXIMUM CHANGE SUCCESS             MODEL-PACKAGE-(NUMBER)
 ----------------------------------------------------------------------------------------------------------
 Model                              1          2       11.511512                            2_GWT-(1,38,35)
 Model                              2          1  3.09487405E-08       *                    2_GWT-(1,35,28)
 ----------------------------------------------------------------------------------------------------------


 2 CALLS TO NUMERICAL SOLUTION IN TIME STEP 35 STRESS PERIOD 2
 3 TOTAL ITERATIONS
 
    Solving:  Stress period:     2    Time step:    36
 

 SLN_1 OUTER ITERATION SUMMARY
 ----------------------------------------------------------------------------------------------------------
                                OUTER      INNER                    STEP   MAXIMUM CHANGE MODEL-(CELLID) OR
 OUTER ITERATION STEP       ITERATION  ITERATION  MAXIMUM CHANGE SUCCESS             MODEL-PACKAGE-(NUMBER)
 ----------------------------------------------------------------------------------------------------------
 Model                              1          1 -1.44663148E-04       *                     1_GWF-(1,2,88)
 ----------------------------------------------------------------------------------------------------------


 1 CALLS TO NUMERICAL SOLUTION IN TIME STEP 36 STRESS PERIOD 2
 1 TOTAL ITERATIONS

 SLN_2 OUTER ITERATION SUMMARY
 ----------------------------------------------------------------------------------------------------------
                                OUTER      INNER                    STEP   MAXIMUM CHANGE MODEL-(CELLID) OR
 OUTER ITERATION STEP       ITERATION  ITERATION  MAXIMUM CHANGE SUCCESS             MODEL-PACKAGE-(NUMBER)
 ----------------------------------------------------------------------------------------------------------
 Model                              1          2       11.125340                            2_GWT-(1,37,36)
 Model                              2          1  4.17161914E-08       *                    2_GWT-(1,32,28)
 ----------------------------------------------------------------------------------------------------------


 2 CALLS TO NUMERICAL SOLUTION IN TIME STEP 36 STRESS PERIOD 2
 3 TOTAL ITERATIONS
 
    Solving:  Stress period:     2    Time step:    37
 

 SLN_1 OUTER ITERATION SUMMARY
 ----------------------------------------------------------------------------------------------------------
                                OUTER      INNER                    STEP   MAXIMUM CHANGE MODEL-(CELLID) OR
 OUTER ITERATION STEP       ITERATION  ITERATION  MAXIMUM CHANGE SUCCESS             MODEL-PACKAGE-(NUMBER)
 ----------------------------------------------------------------------------------------------------------
 Model                              1          1 -1.38848560E-04       *                     1_GWF-(1,2,85)
 ----------------------------------------------------------------------------------------------------------


 1 CALLS TO NUMERICAL SOLUTION IN TIME STEP 37 STRESS PERIOD 2
 1 TOTAL ITERATIONS

 SLN_2 OUTER ITERATION SUMMARY
 ----------------------------------------------------------------------------------------------------------
                                OUTER      INNER                    STEP   MAXIMUM CHANGE MODEL-(CELLID) OR
 OUTER ITERATION STEP       ITERATION  ITERATION  MAXIMUM CHANGE SUCCESS             MODEL-PACKAGE-(NUMBER)
 ----------------------------------------------------------------------------------------------------------
 Model                              1          2       11.053807                            2_GWT-(1,38,36)
 Model                              2          1  4.09378345E-08       *                    2_GWT-(1,35,28)
 ----------------------------------------------------------------------------------------------------------


 2 CALLS TO NUMERICAL SOLUTION IN TIME STEP 37 STRESS PERIOD 2
 3 TOTAL ITERATIONS
 
    Solving:  Stress period:     2    Time step:    38
 

 SLN_1 OUTER ITERATION SUMMARY
 ----------------------------------------------------------------------------------------------------------
                                OUTER      INNER                    STEP   MAXIMUM CHANGE MODEL-(CELLID) OR
 OUTER ITERATION STEP       ITERATION  ITERATION  MAXIMUM CHANGE SUCCESS             MODEL-PACKAGE-(NUMBER)
 ----------------------------------------------------------------------------------------------------------
 Model                              1          1 -1.43567591E-04       *                     1_GWF-(1,2,88)
 ----------------------------------------------------------------------------------------------------------


 1 CALLS TO NUMERICAL SOLUTION IN TIME STEP 38 STRESS PERIOD 2
 1 TOTAL ITERATIONS

 SLN_2 OUTER ITERATION SUMMARY
 ----------------------------------------------------------------------------------------------------------
                                OUTER      INNER                    STEP   MAXIMUM CHANGE MODEL-(CELLID) OR
 OUTER ITERATION STEP       ITERATION  ITERATION  MAXIMUM CHANGE SUCCESS             MODEL-PACKAGE-(NUMBER)
 ----------------------------------------------------------------------------------------------------------
 Model                              1          2       10.786051                            2_GWT-(1,37,36)
 Model                              2          1  3.77291656E-08       *                    2_GWT-(1,32,28)
 ----------------------------------------------------------------------------------------------------------


 2 CALLS TO NUMERICAL SOLUTION IN TIME STEP 38 STRESS PERIOD 2
 3 TOTAL ITERATIONS
 
    Solving:  Stress period:     2    Time step:    39
 

 SLN_1 OUTER ITERATION SUMMARY
 ----------------------------------------------------------------------------------------------------------
                                OUTER      INNER                    STEP   MAXIMUM CHANGE MODEL-(CELLID) OR
 OUTER ITERATION STEP       ITERATION  ITERATION  MAXIMUM CHANGE SUCCESS             MODEL-PACKAGE-(NUMBER)
 ----------------------------------------------------------------------------------------------------------
 Model                              1          1 -1.37900305E-04       *                     1_GWF-(1,2,85)
 ----------------------------------------------------------------------------------------------------------


 1 CALLS TO NUMERICAL SOLUTION IN TIME STEP 39 STRESS PERIOD 2
 1 TOTAL ITERATIONS

 SLN_2 OUTER ITERATION SUMMARY
 ----------------------------------------------------------------------------------------------------------
                                OUTER      INNER                    STEP   MAXIMUM CHANGE MODEL-(CELLID) OR
 OUTER ITERATION STEP       ITERATION  ITERATION  MAXIMUM CHANGE SUCCESS             MODEL-PACKAGE-(NUMBER)
 ----------------------------------------------------------------------------------------------------------
 Model                              1          2       10.668433                            2_GWT-(1,38,36)
 Model                              2          1  3.18609636E-08       *                    2_GWT-(1,35,28)
 ----------------------------------------------------------------------------------------------------------


 2 CALLS TO NUMERICAL SOLUTION IN TIME STEP 39 STRESS PERIOD 2
 3 TOTAL ITERATIONS
 
    Solving:  Stress period:     2    Time step:    40
 

 SLN_1 OUTER ITERATION SUMMARY
 ----------------------------------------------------------------------------------------------------------
                                OUTER      INNER                    STEP   MAXIMUM CHANGE MODEL-(CELLID) OR
 OUTER ITERATION STEP       ITERATION  ITERATION  MAXIMUM CHANGE SUCCESS             MODEL-PACKAGE-(NUMBER)
 ----------------------------------------------------------------------------------------------------------
 Model                              1          1 -1.42474381E-04       *                     1_GWF-(1,2,88)
 ----------------------------------------------------------------------------------------------------------


 1 CALLS TO NUMERICAL SOLUTION IN TIME STEP 40 STRESS PERIOD 2
 1 TOTAL ITERATIONS

 SLN_2 OUTER ITERATION SUMMARY
 ----------------------------------------------------------------------------------------------------------
                                OUTER      INNER                    STEP   MAXIMUM CHANGE MODEL-(CELLID) OR
 OUTER ITERATION STEP       ITERATION  ITERATION  MAXIMUM CHANGE SUCCESS             MODEL-PACKAGE-(NUMBER)
 ----------------------------------------------------------------------------------------------------------
 Model                              1          2       10.475584                            2_GWT-(1,38,37)
 Model                              2          1  2.93292430E-08       *                    2_GWT-(1,32,28)
 ----------------------------------------------------------------------------------------------------------


 2 CALLS TO NUMERICAL SOLUTION IN TIME STEP 40 STRESS PERIOD 2
 3 TOTAL ITERATIONS
 
    Solving:  Stress period:     2    Time step:    41
 

 SLN_1 OUTER ITERATION SUMMARY
 ----------------------------------------------------------------------------------------------------------
                                OUTER      INNER                    STEP   MAXIMUM CHANGE MODEL-(CELLID) OR
 OUTER ITERATION STEP       ITERATION  ITERATION  MAXIMUM CHANGE SUCCESS             MODEL-PACKAGE-(NUMBER)
 ----------------------------------------------------------------------------------------------------------
 Model                              1          1 -1.36948765E-04       *                     1_GWF-(1,2,85)
 ----------------------------------------------------------------------------------------------------------


 1 CALLS TO NUMERICAL SOLUTION IN TIME STEP 41 STRESS PERIOD 2
 1 TOTAL ITERATIONS

 SLN_2 OUTER ITERATION SUMMARY
 ----------------------------------------------------------------------------------------------------------
                                OUTER      INNER                    STEP   MAXIMUM CHANGE MODEL-(CELLID) OR
 OUTER ITERATION STEP       ITERATION  ITERATION  MAXIMUM CHANGE SUCCESS             MODEL-PACKAGE-(NUMBER)
 ----------------------------------------------------------------------------------------------------------
 Model                              1          2       10.241855                            2_GWT-(1,39,37)
 Model                              2          1  2.22206609E-08       *                    2_GWT-(1,35,28)
 ----------------------------------------------------------------------------------------------------------


 2 CALLS TO NUMERICAL SOLUTION IN TIME STEP 41 STRESS PERIOD 2
 3 TOTAL ITERATIONS
 
    Solving:  Stress period:     2    Time step:    42
 

 SLN_1 OUTER ITERATION SUMMARY
 ----------------------------------------------------------------------------------------------------------
                                OUTER      INNER                    STEP   MAXIMUM CHANGE MODEL-(CELLID) OR
 OUTER ITERATION STEP       ITERATION  ITERATION  MAXIMUM CHANGE SUCCESS             MODEL-PACKAGE-(NUMBER)
 ----------------------------------------------------------------------------------------------------------
 Model                              1          1 -1.41382860E-04       *                     1_GWF-(1,2,88)
 ----------------------------------------------------------------------------------------------------------


 1 CALLS TO NUMERICAL SOLUTION IN TIME STEP 42 STRESS PERIOD 2
 1 TOTAL ITERATIONS

 SLN_2 OUTER ITERATION SUMMARY
 ----------------------------------------------------------------------------------------------------------
                                OUTER      INNER                    STEP   MAXIMUM CHANGE MODEL-(CELLID) OR
 OUTER ITERATION STEP       ITERATION  ITERATION  MAXIMUM CHANGE SUCCESS             MODEL-PACKAGE-(NUMBER)
 ----------------------------------------------------------------------------------------------------------
 Model                              1          2       10.159684                            2_GWT-(1,38,37)
 Model                              2          1  2.32595028E-08       *                    2_GWT-(1,32,28)
 ----------------------------------------------------------------------------------------------------------


 2 CALLS TO NUMERICAL SOLUTION IN TIME STEP 42 STRESS PERIOD 2
 3 TOTAL ITERATIONS
 
    Solving:  Stress period:     2    Time step:    43
 

 SLN_1 OUTER ITERATION SUMMARY
 ----------------------------------------------------------------------------------------------------------
                                OUTER      INNER                    STEP   MAXIMUM CHANGE MODEL-(CELLID) OR
 OUTER ITERATION STEP       ITERATION  ITERATION  MAXIMUM CHANGE SUCCESS             MODEL-PACKAGE-(NUMBER)
 ----------------------------------------------------------------------------------------------------------
 Model                              1          1 -1.35994610E-04       *                     1_GWF-(1,2,85)
 ----------------------------------------------------------------------------------------------------------


 1 CALLS TO NUMERICAL SOLUTION IN TIME STEP 43 STRESS PERIOD 2
 1 TOTAL ITERATIONS

 SLN_2 OUTER ITERATION SUMMARY
 ----------------------------------------------------------------------------------------------------------
                                OUTER      INNER                    STEP   MAXIMUM CHANGE MODEL-(CELLID) OR
 OUTER ITERATION STEP       ITERATION  ITERATION  MAXIMUM CHANGE SUCCESS             MODEL-PACKAGE-(NUMBER)
 ----------------------------------------------------------------------------------------------------------
 Model                              1          2       9.8701875                            2_GWT-(1,39,37)
 Model                              2          1 -1.57369016E-08       *                    2_GWT-(1,32,28)
 ----------------------------------------------------------------------------------------------------------


 2 CALLS TO NUMERICAL SOLUTION IN TIME STEP 43 STRESS PERIOD 2
 3 TOTAL ITERATIONS
 
    Solving:  Stress period:     2    Time step:    44
 

 SLN_1 OUTER ITERATION SUMMARY
 ----------------------------------------------------------------------------------------------------------
                                OUTER      INNER                    STEP   MAXIMUM CHANGE MODEL-(CELLID) OR
 OUTER ITERATION STEP       ITERATION  ITERATION  MAXIMUM CHANGE SUCCESS             MODEL-PACKAGE-(NUMBER)
 ----------------------------------------------------------------------------------------------------------
 Model                              1          1 -1.40292806E-04       *                     1_GWF-(1,2,88)
 ----------------------------------------------------------------------------------------------------------


 1 CALLS TO NUMERICAL SOLUTION IN TIME STEP 44 STRESS PERIOD 2
 1 TOTAL ITERATIONS

 SLN_2 OUTER ITERATION SUMMARY
 ----------------------------------------------------------------------------------------------------------
                                OUTER      INNER                    STEP   MAXIMUM CHANGE MODEL-(CELLID) OR
 OUTER ITERATION STEP       ITERATION  ITERATION  MAXIMUM CHANGE SUCCESS             MODEL-PACKAGE-(NUMBER)
 ----------------------------------------------------------------------------------------------------------
 Model                              1          2       9.8649736                            2_GWT-(1,38,38)
 Model                              2          1  1.94468441E-08       *                    2_GWT-(1,32,28)
 ----------------------------------------------------------------------------------------------------------


 2 CALLS TO NUMERICAL SOLUTION IN TIME STEP 44 STRESS PERIOD 2
 3 TOTAL ITERATIONS
 
    Solving:  Stress period:     2    Time step:    45
 

 SLN_1 OUTER ITERATION SUMMARY
 ----------------------------------------------------------------------------------------------------------
                                OUTER      INNER                    STEP   MAXIMUM CHANGE MODEL-(CELLID) OR
 OUTER ITERATION STEP       ITERATION  ITERATION  MAXIMUM CHANGE SUCCESS             MODEL-PACKAGE-(NUMBER)
 ----------------------------------------------------------------------------------------------------------
 Model                              1          1 -1.35038581E-04       *                     1_GWF-(1,2,85)
 ----------------------------------------------------------------------------------------------------------


 1 CALLS TO NUMERICAL SOLUTION IN TIME STEP 45 STRESS PERIOD 2
 1 TOTAL ITERATIONS

 SLN_2 OUTER ITERATION SUMMARY
 ----------------------------------------------------------------------------------------------------------
                                OUTER      INNER                    STEP   MAXIMUM CHANGE MODEL-(CELLID) OR
 OUTER ITERATION STEP       ITERATION  ITERATION  MAXIMUM CHANGE SUCCESS             MODEL-PACKAGE-(NUMBER)
 ----------------------------------------------------------------------------------------------------------
 Model                              1          2       9.5206120                            2_GWT-(1,38,38)
 Model                              2          1 -1.42745762E-08       *                    2_GWT-(1,32,28)
 ----------------------------------------------------------------------------------------------------------


 2 CALLS TO NUMERICAL SOLUTION IN TIME STEP 45 STRESS PERIOD 2
 3 TOTAL ITERATIONS
 
    Solving:  Stress period:     2    Time step:    46
 

 SLN_1 OUTER ITERATION SUMMARY
 ----------------------------------------------------------------------------------------------------------
                                OUTER      INNER                    STEP   MAXIMUM CHANGE MODEL-(CELLID) OR
 OUTER ITERATION STEP       ITERATION  ITERATION  MAXIMUM CHANGE SUCCESS             MODEL-PACKAGE-(NUMBER)
 ----------------------------------------------------------------------------------------------------------
 Model                              1          1 -1.39204313E-04       *                     1_GWF-(1,2,88)
 ----------------------------------------------------------------------------------------------------------


 1 CALLS TO NUMERICAL SOLUTION IN TIME STEP 46 STRESS PERIOD 2
 1 TOTAL ITERATIONS

 SLN_2 OUTER ITERATION SUMMARY
 ----------------------------------------------------------------------------------------------------------
                                OUTER      INNER                    STEP   MAXIMUM CHANGE MODEL-(CELLID) OR
 OUTER ITERATION STEP       ITERATION  ITERATION  MAXIMUM CHANGE SUCCESS             MODEL-PACKAGE-(NUMBER)
 ----------------------------------------------------------------------------------------------------------
 Model                              1          2       9.5750313                            2_GWT-(1,38,38)
 Model                              2          1  1.70338410E-08       *                    2_GWT-(1,32,28)
 ----------------------------------------------------------------------------------------------------------


 2 CALLS TO NUMERICAL SOLUTION IN TIME STEP 46 STRESS PERIOD 2
 3 TOTAL ITERATIONS
 
    Solving:  Stress period:     2    Time step:    47
 

 SLN_1 OUTER ITERATION SUMMARY
 ----------------------------------------------------------------------------------------------------------
                                OUTER      INNER                    STEP   MAXIMUM CHANGE MODEL-(CELLID) OR
 OUTER ITERATION STEP       ITERATION  ITERATION  MAXIMUM CHANGE SUCCESS             MODEL-PACKAGE-(NUMBER)
 ----------------------------------------------------------------------------------------------------------
 Model                              1          1 -1.34081451E-04       *                     1_GWF-(1,2,85)
 ----------------------------------------------------------------------------------------------------------


 1 CALLS TO NUMERICAL SOLUTION IN TIME STEP 47 STRESS PERIOD 2
 1 TOTAL ITERATIONS

 SLN_2 OUTER ITERATION SUMMARY
 ----------------------------------------------------------------------------------------------------------
                                OUTER      INNER                    STEP   MAXIMUM CHANGE MODEL-(CELLID) OR
 OUTER ITERATION STEP       ITERATION  ITERATION  MAXIMUM CHANGE SUCCESS             MODEL-PACKAGE-(NUMBER)
 ----------------------------------------------------------------------------------------------------------
 Model                              1          2       9.2840586                            2_GWT-(1,38,39)
 Model                              2          1 -1.33544802E-08       *                    2_GWT-(1,32,28)
 ----------------------------------------------------------------------------------------------------------


 2 CALLS TO NUMERICAL SOLUTION IN TIME STEP 47 STRESS PERIOD 2
 3 TOTAL ITERATIONS
 
    Solving:  Stress period:     2    Time step:    48
 

 SLN_1 OUTER ITERATION SUMMARY
 ----------------------------------------------------------------------------------------------------------
                                OUTER      INNER                    STEP   MAXIMUM CHANGE MODEL-(CELLID) OR
 OUTER ITERATION STEP       ITERATION  ITERATION  MAXIMUM CHANGE SUCCESS             MODEL-PACKAGE-(NUMBER)
 ----------------------------------------------------------------------------------------------------------
 Model                              1          1 -1.38117693E-04       *                     1_GWF-(1,2,88)
 ----------------------------------------------------------------------------------------------------------


 1 CALLS TO NUMERICAL SOLUTION IN TIME STEP 48 STRESS PERIOD 2
 1 TOTAL ITERATIONS

 SLN_2 OUTER ITERATION SUMMARY
 ----------------------------------------------------------------------------------------------------------
                                OUTER      INNER                    STEP   MAXIMUM CHANGE MODEL-(CELLID) OR
 OUTER ITERATION STEP       ITERATION  ITERATION  MAXIMUM CHANGE SUCCESS             MODEL-PACKAGE-(NUMBER)
 ----------------------------------------------------------------------------------------------------------
 Model                              1          2       9.2299997                            2_GWT-(1,38,38)
 Model                              2          1  1.54340398E-08       *                    2_GWT-(1,32,28)
 ----------------------------------------------------------------------------------------------------------


 2 CALLS TO NUMERICAL SOLUTION IN TIME STEP 48 STRESS PERIOD 2
 3 TOTAL ITERATIONS
 
    Solving:  Stress period:     2    Time step:    49
 

 SLN_1 OUTER ITERATION SUMMARY
 ----------------------------------------------------------------------------------------------------------
                                OUTER      INNER                    STEP   MAXIMUM CHANGE MODEL-(CELLID) OR
 OUTER ITERATION STEP       ITERATION  ITERATION  MAXIMUM CHANGE SUCCESS             MODEL-PACKAGE-(NUMBER)
 ----------------------------------------------------------------------------------------------------------
 Model                              1          1 -1.33124004E-04       *                     1_GWF-(1,2,85)
 ----------------------------------------------------------------------------------------------------------


 1 CALLS TO NUMERICAL SOLUTION IN TIME STEP 49 STRESS PERIOD 2
 1 TOTAL ITERATIONS

 SLN_2 OUTER ITERATION SUMMARY
 ----------------------------------------------------------------------------------------------------------
                                OUTER      INNER                    STEP   MAXIMUM CHANGE MODEL-(CELLID) OR
 OUTER ITERATION STEP       ITERATION  ITERATION  MAXIMUM CHANGE SUCCESS             MODEL-PACKAGE-(NUMBER)
 ----------------------------------------------------------------------------------------------------------
 Model                              1          2       9.0538850                            2_GWT-(1,37,39)
 Model                              2          1 -1.27219550E-08       *                    2_GWT-(1,32,28)
 ----------------------------------------------------------------------------------------------------------


 2 CALLS TO NUMERICAL SOLUTION IN TIME STEP 49 STRESS PERIOD 2
 3 TOTAL ITERATIONS
 
    Solving:  Stress period:     2    Time step:    50
 

 SLN_1 OUTER ITERATION SUMMARY
 ----------------------------------------------------------------------------------------------------------
                                OUTER      INNER                    STEP   MAXIMUM CHANGE MODEL-(CELLID) OR
 OUTER ITERATION STEP       ITERATION  ITERATION  MAXIMUM CHANGE SUCCESS             MODEL-PACKAGE-(NUMBER)
 ----------------------------------------------------------------------------------------------------------
 Model                              1          1 -1.37033402E-04       *                     1_GWF-(1,2,88)
 ----------------------------------------------------------------------------------------------------------


 1 CALLS TO NUMERICAL SOLUTION IN TIME STEP 50 STRESS PERIOD 2
 1 TOTAL ITERATIONS

 SLN_2 OUTER ITERATION SUMMARY
 ----------------------------------------------------------------------------------------------------------
                                OUTER      INNER                    STEP   MAXIMUM CHANGE MODEL-(CELLID) OR
 OUTER ITERATION STEP       ITERATION  ITERATION  MAXIMUM CHANGE SUCCESS             MODEL-PACKAGE-(NUMBER)
 ----------------------------------------------------------------------------------------------------------
 Model                              1          2       8.9393016                            2_GWT-(1,38,39)
 Model                              2          1  1.43089949E-08       *                    2_GWT-(1,32,28)
 ----------------------------------------------------------------------------------------------------------


 2 CALLS TO NUMERICAL SOLUTION IN TIME STEP 50 STRESS PERIOD 2
 3 TOTAL ITERATIONS
 
    Solving:  Stress period:     2    Time step:    51
 

 SLN_1 OUTER ITERATION SUMMARY
 ----------------------------------------------------------------------------------------------------------
                                OUTER      INNER                    STEP   MAXIMUM CHANGE MODEL-(CELLID) OR
 OUTER ITERATION STEP       ITERATION  ITERATION  MAXIMUM CHANGE SUCCESS             MODEL-PACKAGE-(NUMBER)
 ----------------------------------------------------------------------------------------------------------
 Model                              1          1 -1.32167009E-04       *                     1_GWF-(1,2,85)
 ----------------------------------------------------------------------------------------------------------


 1 CALLS TO NUMERICAL SOLUTION IN TIME STEP 51 STRESS PERIOD 2
 1 TOTAL ITERATIONS

 SLN_2 OUTER ITERATION SUMMARY
 ----------------------------------------------------------------------------------------------------------
                                OUTER      INNER                    STEP   MAXIMUM CHANGE MODEL-(CELLID) OR
 OUTER ITERATION STEP       ITERATION  ITERATION  MAXIMUM CHANGE SUCCESS             MODEL-PACKAGE-(NUMBER)
 ----------------------------------------------------------------------------------------------------------
 Model                              1          2       8.8171878                            2_GWT-(1,38,40)
 Model                              2          1 -1.22445272E-08       *                    2_GWT-(1,32,28)
 ----------------------------------------------------------------------------------------------------------


 2 CALLS TO NUMERICAL SOLUTION IN TIME STEP 51 STRESS PERIOD 2
 3 TOTAL ITERATIONS
 
    Solving:  Stress period:     2    Time step:    52
 

 SLN_1 OUTER ITERATION SUMMARY
 ----------------------------------------------------------------------------------------------------------
                                OUTER      INNER                    STEP   MAXIMUM CHANGE MODEL-(CELLID) OR
 OUTER ITERATION STEP       ITERATION  ITERATION  MAXIMUM CHANGE SUCCESS             MODEL-PACKAGE-(NUMBER)
 ----------------------------------------------------------------------------------------------------------
 Model                              1          1 -1.35951986E-04       *                     1_GWF-(1,2,88)
 ----------------------------------------------------------------------------------------------------------


 1 CALLS TO NUMERICAL SOLUTION IN TIME STEP 52 STRESS PERIOD 2
 1 TOTAL ITERATIONS

 SLN_2 OUTER ITERATION SUMMARY
 ----------------------------------------------------------------------------------------------------------
                                OUTER      INNER                    STEP   MAXIMUM CHANGE MODEL-(CELLID) OR
 OUTER ITERATION STEP       ITERATION  ITERATION  MAXIMUM CHANGE SUCCESS             MODEL-PACKAGE-(NUMBER)
 ----------------------------------------------------------------------------------------------------------
 Model                              1          2       8.6368819                            2_GWT-(1,38,40)
 Model                              2          1  1.34693323E-08       *                    2_GWT-(1,32,28)
 ----------------------------------------------------------------------------------------------------------


 2 CALLS TO NUMERICAL SOLUTION IN TIME STEP 52 STRESS PERIOD 2
 3 TOTAL ITERATIONS
 
    Solving:  Stress period:     2    Time step:    53
 

 SLN_1 OUTER ITERATION SUMMARY
 ----------------------------------------------------------------------------------------------------------
                                OUTER      INNER                    STEP   MAXIMUM CHANGE MODEL-(CELLID) OR
 OUTER ITERATION STEP       ITERATION  ITERATION  MAXIMUM CHANGE SUCCESS             MODEL-PACKAGE-(NUMBER)
 ----------------------------------------------------------------------------------------------------------
 Model                              1          1 -1.31211210E-04       *                     1_GWF-(1,2,85)
 ----------------------------------------------------------------------------------------------------------


 1 CALLS TO NUMERICAL SOLUTION IN TIME STEP 53 STRESS PERIOD 2
 1 TOTAL ITERATIONS

 SLN_2 OUTER ITERATION SUMMARY
 ----------------------------------------------------------------------------------------------------------
                                OUTER      INNER                    STEP   MAXIMUM CHANGE MODEL-(CELLID) OR
 OUTER ITERATION STEP       ITERATION  ITERATION  MAXIMUM CHANGE SUCCESS             MODEL-PACKAGE-(NUMBER)
 ----------------------------------------------------------------------------------------------------------
 Model                              1          2       8.5897623                            2_GWT-(1,38,40)
 Model                              2          1 -1.18526771E-08       *                    2_GWT-(1,32,28)
 ----------------------------------------------------------------------------------------------------------


 2 CALLS TO NUMERICAL SOLUTION IN TIME STEP 53 STRESS PERIOD 2
 3 TOTAL ITERATIONS
 
    Solving:  Stress period:     2    Time step:    54
 

 SLN_1 OUTER ITERATION SUMMARY
 ----------------------------------------------------------------------------------------------------------
                                OUTER      INNER                    STEP   MAXIMUM CHANGE MODEL-(CELLID) OR
 OUTER ITERATION STEP       ITERATION  ITERATION  MAXIMUM CHANGE SUCCESS             MODEL-PACKAGE-(NUMBER)
 ----------------------------------------------------------------------------------------------------------
 Model                              1          1 -1.34874035E-04       *                     1_GWF-(1,2,88)
 ----------------------------------------------------------------------------------------------------------


 1 CALLS TO NUMERICAL SOLUTION IN TIME STEP 54 STRESS PERIOD 2
 1 TOTAL ITERATIONS

 SLN_2 OUTER ITERATION SUMMARY
 ----------------------------------------------------------------------------------------------------------
                                OUTER      INNER                    STEP   MAXIMUM CHANGE MODEL-(CELLID) OR
 OUTER ITERATION STEP       ITERATION  ITERATION  MAXIMUM CHANGE SUCCESS             MODEL-PACKAGE-(NUMBER)
 ----------------------------------------------------------------------------------------------------------
 Model                              1          2       8.3820040                            2_GWT-(1,38,40)
 Model                              2          1  1.28065665E-08       *                    2_GWT-(1,32,28)
 ----------------------------------------------------------------------------------------------------------


 2 CALLS TO NUMERICAL SOLUTION IN TIME STEP 54 STRESS PERIOD 2
 3 TOTAL ITERATIONS
 
    Solving:  Stress period:     2    Time step:    55
 

 SLN_1 OUTER ITERATION SUMMARY
 ----------------------------------------------------------------------------------------------------------
                                OUTER      INNER                    STEP   MAXIMUM CHANGE MODEL-(CELLID) OR
 OUTER ITERATION STEP       ITERATION  ITERATION  MAXIMUM CHANGE SUCCESS             MODEL-PACKAGE-(NUMBER)
 ----------------------------------------------------------------------------------------------------------
 Model                              1          1 -1.30257311E-04       *                     1_GWF-(1,2,85)
 ----------------------------------------------------------------------------------------------------------


 1 CALLS TO NUMERICAL SOLUTION IN TIME STEP 55 STRESS PERIOD 2
 1 TOTAL ITERATIONS

 SLN_2 OUTER ITERATION SUMMARY
 ----------------------------------------------------------------------------------------------------------
                                OUTER      INNER                    STEP   MAXIMUM CHANGE MODEL-(CELLID) OR
 OUTER ITERATION STEP       ITERATION  ITERATION  MAXIMUM CHANGE SUCCESS             MODEL-PACKAGE-(NUMBER)
 ----------------------------------------------------------------------------------------------------------
 Model                              1          2       8.3366224                            2_GWT-(1,38,41)
 Model                              2          1 -1.15099681E-08       *                    2_GWT-(1,32,28)
 ----------------------------------------------------------------------------------------------------------


 2 CALLS TO NUMERICAL SOLUTION IN TIME STEP 55 STRESS PERIOD 2
 3 TOTAL ITERATIONS
 
    Solving:  Stress period:     2    Time step:    56
 

 SLN_1 OUTER ITERATION SUMMARY
 ----------------------------------------------------------------------------------------------------------
                                OUTER      INNER                    STEP   MAXIMUM CHANGE MODEL-(CELLID) OR
 OUTER ITERATION STEP       ITERATION  ITERATION  MAXIMUM CHANGE SUCCESS             MODEL-PACKAGE-(NUMBER)
 ----------------------------------------------------------------------------------------------------------
 Model                              1          1 -1.33800156E-04       *                     1_GWF-(1,2,88)
 ----------------------------------------------------------------------------------------------------------


 1 CALLS TO NUMERICAL SOLUTION IN TIME STEP 56 STRESS PERIOD 2
 1 TOTAL ITERATIONS

 SLN_2 OUTER ITERATION SUMMARY
 ----------------------------------------------------------------------------------------------------------
                                OUTER      INNER                    STEP   MAXIMUM CHANGE MODEL-(CELLID) OR
 OUTER ITERATION STEP       ITERATION  ITERATION  MAXIMUM CHANGE SUCCESS             MODEL-PACKAGE-(NUMBER)
 ----------------------------------------------------------------------------------------------------------
 Model                              1          2       8.1764670                            2_GWT-(1,38,41)
 Model                              2          1  1.22577433E-08       *                    2_GWT-(1,32,28)
 ----------------------------------------------------------------------------------------------------------


 2 CALLS TO NUMERICAL SOLUTION IN TIME STEP 56 STRESS PERIOD 2
 3 TOTAL ITERATIONS
 
    Solving:  Stress period:     2    Time step:    57
 

 SLN_1 OUTER ITERATION SUMMARY
 ----------------------------------------------------------------------------------------------------------
                                OUTER      INNER                    STEP   MAXIMUM CHANGE MODEL-(CELLID) OR
 OUTER ITERATION STEP       ITERATION  ITERATION  MAXIMUM CHANGE SUCCESS             MODEL-PACKAGE-(NUMBER)
 ----------------------------------------------------------------------------------------------------------
 Model                              1          1 -1.29305972E-04       *                     1_GWF-(1,2,85)
 ----------------------------------------------------------------------------------------------------------


 1 CALLS TO NUMERICAL SOLUTION IN TIME STEP 57 STRESS PERIOD 2
 1 TOTAL ITERATIONS

 SLN_2 OUTER ITERATION SUMMARY
 ----------------------------------------------------------------------------------------------------------
                                OUTER      INNER                    STEP   MAXIMUM CHANGE MODEL-(CELLID) OR
 OUTER ITERATION STEP       ITERATION  ITERATION  MAXIMUM CHANGE SUCCESS             MODEL-PACKAGE-(NUMBER)
 ----------------------------------------------------------------------------------------------------------
 Model                              1          2       8.1218805                            2_GWT-(1,38,41)
 Model                              2          1 -1.11962777E-08       *                    2_GWT-(1,32,28)
 ----------------------------------------------------------------------------------------------------------


 2 CALLS TO NUMERICAL SOLUTION IN TIME STEP 57 STRESS PERIOD 2
 3 TOTAL ITERATIONS
 
    Solving:  Stress period:     2    Time step:    58
 

 SLN_1 OUTER ITERATION SUMMARY
 ----------------------------------------------------------------------------------------------------------
                                OUTER      INNER                    STEP   MAXIMUM CHANGE MODEL-(CELLID) OR
 OUTER ITERATION STEP       ITERATION  ITERATION  MAXIMUM CHANGE SUCCESS             MODEL-PACKAGE-(NUMBER)
 ----------------------------------------------------------------------------------------------------------
 Model                              1          1 -1.32730948E-04       *                     1_GWF-(1,2,88)
 ----------------------------------------------------------------------------------------------------------


 1 CALLS TO NUMERICAL SOLUTION IN TIME STEP 58 STRESS PERIOD 2
 1 TOTAL ITERATIONS

 SLN_2 OUTER ITERATION SUMMARY
 ----------------------------------------------------------------------------------------------------------
                                OUTER      INNER                    STEP   MAXIMUM CHANGE MODEL-(CELLID) OR
 OUTER ITERATION STEP       ITERATION  ITERATION  MAXIMUM CHANGE SUCCESS             MODEL-PACKAGE-(NUMBER)
 ----------------------------------------------------------------------------------------------------------
 Model                              1          2       7.9644813                            2_GWT-(1,38,42)
 Model                              2          1  1.17844934E-08       *                    2_GWT-(1,32,28)
 ----------------------------------------------------------------------------------------------------------


 2 CALLS TO NUMERICAL SOLUTION IN TIME STEP 58 STRESS PERIOD 2
 3 TOTAL ITERATIONS
 
    Solving:  Stress period:     2    Time step:    59
 

 SLN_1 OUTER ITERATION SUMMARY
 ----------------------------------------------------------------------------------------------------------
                                OUTER      INNER                    STEP   MAXIMUM CHANGE MODEL-(CELLID) OR
 OUTER ITERATION STEP       ITERATION  ITERATION  MAXIMUM CHANGE SUCCESS             MODEL-PACKAGE-(NUMBER)
 ----------------------------------------------------------------------------------------------------------
 Model                              1          1 -1.28357805E-04       *                     1_GWF-(1,2,85)
 ----------------------------------------------------------------------------------------------------------


 1 CALLS TO NUMERICAL SOLUTION IN TIME STEP 59 STRESS PERIOD 2
 1 TOTAL ITERATIONS

 SLN_2 OUTER ITERATION SUMMARY
 ----------------------------------------------------------------------------------------------------------
                                OUTER      INNER                    STEP   MAXIMUM CHANGE MODEL-(CELLID) OR
 OUTER ITERATION STEP       ITERATION  ITERATION  MAXIMUM CHANGE SUCCESS             MODEL-PACKAGE-(NUMBER)
 ----------------------------------------------------------------------------------------------------------
 Model                              1          2       7.8777021                            2_GWT-(1,38,42)
 Model                              2          1 -1.08998677E-08       *                    2_GWT-(1,32,28)
 ----------------------------------------------------------------------------------------------------------


 2 CALLS TO NUMERICAL SOLUTION IN TIME STEP 59 STRESS PERIOD 2
 3 TOTAL ITERATIONS
 
    Solving:  Stress period:     2    Time step:    60
 

 SLN_1 OUTER ITERATION SUMMARY
 ----------------------------------------------------------------------------------------------------------
                                OUTER      INNER                    STEP   MAXIMUM CHANGE MODEL-(CELLID) OR
 OUTER ITERATION STEP       ITERATION  ITERATION  MAXIMUM CHANGE SUCCESS             MODEL-PACKAGE-(NUMBER)
 ----------------------------------------------------------------------------------------------------------
 Model                              1          1 -1.31666984E-04       *                     1_GWF-(1,2,88)
 ----------------------------------------------------------------------------------------------------------


 1 CALLS TO NUMERICAL SOLUTION IN TIME STEP 60 STRESS PERIOD 2
 1 TOTAL ITERATIONS

 SLN_2 OUTER ITERATION SUMMARY
 ----------------------------------------------------------------------------------------------------------
                                OUTER      INNER                    STEP   MAXIMUM CHANGE MODEL-(CELLID) OR
 OUTER ITERATION STEP       ITERATION  ITERATION  MAXIMUM CHANGE SUCCESS             MODEL-PACKAGE-(NUMBER)
 ----------------------------------------------------------------------------------------------------------
 Model                              1          2       7.7805678                            2_GWT-(1,38,42)
 Model                              2          1  1.13629710E-08       *                    2_GWT-(1,32,28)
 ----------------------------------------------------------------------------------------------------------


 2 CALLS TO NUMERICAL SOLUTION IN TIME STEP 60 STRESS PERIOD 2
 3 TOTAL ITERATIONS
 
    Solving:  Stress period:     2    Time step:    61
 

 SLN_1 OUTER ITERATION SUMMARY
 ----------------------------------------------------------------------------------------------------------
                                OUTER      INNER                    STEP   MAXIMUM CHANGE MODEL-(CELLID) OR
 OUTER ITERATION STEP       ITERATION  ITERATION  MAXIMUM CHANGE SUCCESS             MODEL-PACKAGE-(NUMBER)
 ----------------------------------------------------------------------------------------------------------
 Model                              1          1 -1.27413368E-04       *                     1_GWF-(1,2,85)
 ----------------------------------------------------------------------------------------------------------


 1 CALLS TO NUMERICAL SOLUTION IN TIME STEP 61 STRESS PERIOD 2
 1 TOTAL ITERATIONS

 SLN_2 OUTER ITERATION SUMMARY
 ----------------------------------------------------------------------------------------------------------
                                OUTER      INNER                    STEP   MAXIMUM CHANGE MODEL-(CELLID) OR
 OUTER ITERATION STEP       ITERATION  ITERATION  MAXIMUM CHANGE SUCCESS             MODEL-PACKAGE-(NUMBER)
 ----------------------------------------------------------------------------------------------------------
 Model                              1          2       7.6737327                            2_GWT-(1,38,42)
 Model                              2          1 -1.06144569E-08       *                    2_GWT-(1,32,28)
 ----------------------------------------------------------------------------------------------------------


 2 CALLS TO NUMERICAL SOLUTION IN TIME STEP 61 STRESS PERIOD 2
 3 TOTAL ITERATIONS
 
    Solving:  Stress period:     2    Time step:    62
 

 SLN_1 OUTER ITERATION SUMMARY
 ----------------------------------------------------------------------------------------------------------
                                OUTER      INNER                    STEP   MAXIMUM CHANGE MODEL-(CELLID) OR
 OUTER ITERATION STEP       ITERATION  ITERATION  MAXIMUM CHANGE SUCCESS             MODEL-PACKAGE-(NUMBER)
 ----------------------------------------------------------------------------------------------------------
 Model                              1          1 -1.30608803E-04       *                     1_GWF-(1,2,88)
 ----------------------------------------------------------------------------------------------------------


 1 CALLS TO NUMERICAL SOLUTION IN TIME STEP 62 STRESS PERIOD 2
 1 TOTAL ITERATIONS

 SLN_2 OUTER ITERATION SUMMARY
 ----------------------------------------------------------------------------------------------------------
                                OUTER      INNER                    STEP   MAXIMUM CHANGE MODEL-(CELLID) OR
 OUTER ITERATION STEP       ITERATION  ITERATION  MAXIMUM CHANGE SUCCESS             MODEL-PACKAGE-(NUMBER)
 ----------------------------------------------------------------------------------------------------------
 Model                              1          2       7.5794910                            2_GWT-(1,38,43)
 Model                              2          1  1.09778284E-08       *                    2_GWT-(1,32,28)
 ----------------------------------------------------------------------------------------------------------


 2 CALLS TO NUMERICAL SOLUTION IN TIME STEP 62 STRESS PERIOD 2
 3 TOTAL ITERATIONS
 
    Solving:  Stress period:     2    Time step:    63
 

 SLN_1 OUTER ITERATION SUMMARY
 ----------------------------------------------------------------------------------------------------------
                                OUTER      INNER                    STEP   MAXIMUM CHANGE MODEL-(CELLID) OR
 OUTER ITERATION STEP       ITERATION  ITERATION  MAXIMUM CHANGE SUCCESS             MODEL-PACKAGE-(NUMBER)
 ----------------------------------------------------------------------------------------------------------
 Model                              1          1 -1.26473167E-04       *                     1_GWF-(1,2,85)
 ----------------------------------------------------------------------------------------------------------


 1 CALLS TO NUMERICAL SOLUTION IN TIME STEP 63 STRESS PERIOD 2
 1 TOTAL ITERATIONS

 SLN_2 OUTER ITERATION SUMMARY
 ----------------------------------------------------------------------------------------------------------
                                OUTER      INNER                    STEP   MAXIMUM CHANGE MODEL-(CELLID) OR
 OUTER ITERATION STEP       ITERATION  ITERATION  MAXIMUM CHANGE SUCCESS             MODEL-PACKAGE-(NUMBER)
 ----------------------------------------------------------------------------------------------------------
 Model                              1          2       7.4733017                            2_GWT-(1,38,43)
 Model                              2          1 -1.03364926E-08       *                    2_GWT-(1,32,28)
 ----------------------------------------------------------------------------------------------------------


 2 CALLS TO NUMERICAL SOLUTION IN TIME STEP 63 STRESS PERIOD 2
 3 TOTAL ITERATIONS
 
    Solving:  Stress period:     2    Time step:    64
 

 SLN_1 OUTER ITERATION SUMMARY
 ----------------------------------------------------------------------------------------------------------
                                OUTER      INNER                    STEP   MAXIMUM CHANGE MODEL-(CELLID) OR
 OUTER ITERATION STEP       ITERATION  ITERATION  MAXIMUM CHANGE SUCCESS             MODEL-PACKAGE-(NUMBER)
 ----------------------------------------------------------------------------------------------------------
 Model                              1          1 -1.29556904E-04       *                     1_GWF-(1,2,88)
 ----------------------------------------------------------------------------------------------------------


 1 CALLS TO NUMERICAL SOLUTION IN TIME STEP 64 STRESS PERIOD 2
 1 TOTAL ITERATIONS

 SLN_2 OUTER ITERATION SUMMARY
 ----------------------------------------------------------------------------------------------------------
                                OUTER      INNER                    STEP   MAXIMUM CHANGE MODEL-(CELLID) OR
 OUTER ITERATION STEP       ITERATION  ITERATION  MAXIMUM CHANGE SUCCESS             MODEL-PACKAGE-(NUMBER)
 ----------------------------------------------------------------------------------------------------------
 Model                              1          2       7.4046449                            2_GWT-(1,38,43)
 Model                              2          1  1.06198002E-08       *                    2_GWT-(1,32,28)
 ----------------------------------------------------------------------------------------------------------


 2 CALLS TO NUMERICAL SOLUTION IN TIME STEP 64 STRESS PERIOD 2
 3 TOTAL ITERATIONS
 
    Solving:  Stress period:     2    Time step:    65
 

 SLN_1 OUTER ITERATION SUMMARY
 ----------------------------------------------------------------------------------------------------------
                                OUTER      INNER                    STEP   MAXIMUM CHANGE MODEL-(CELLID) OR
 OUTER ITERATION STEP       ITERATION  ITERATION  MAXIMUM CHANGE SUCCESS             MODEL-PACKAGE-(NUMBER)
 ----------------------------------------------------------------------------------------------------------
 Model                              1          1 -1.25537658E-04       *                     1_GWF-(1,2,85)
 ----------------------------------------------------------------------------------------------------------


 1 CALLS TO NUMERICAL SOLUTION IN TIME STEP 65 STRESS PERIOD 2
 1 TOTAL ITERATIONS

 SLN_2 OUTER ITERATION SUMMARY
 ----------------------------------------------------------------------------------------------------------
                                OUTER      INNER                    STEP   MAXIMUM CHANGE MODEL-(CELLID) OR
 OUTER ITERATION STEP       ITERATION  ITERATION  MAXIMUM CHANGE SUCCESS             MODEL-PACKAGE-(NUMBER)
 ----------------------------------------------------------------------------------------------------------
 Model                              1          2       7.2801473                            2_GWT-(1,38,43)
 Model                              2          1 -1.00640989E-08       *                    2_GWT-(1,32,28)
 ----------------------------------------------------------------------------------------------------------


 2 CALLS TO NUMERICAL SOLUTION IN TIME STEP 65 STRESS PERIOD 2
 3 TOTAL ITERATIONS
 
    Solving:  Stress period:     2    Time step:    66
 

 SLN_1 OUTER ITERATION SUMMARY
 ----------------------------------------------------------------------------------------------------------
                                OUTER      INNER                    STEP   MAXIMUM CHANGE MODEL-(CELLID) OR
 OUTER ITERATION STEP       ITERATION  ITERATION  MAXIMUM CHANGE SUCCESS             MODEL-PACKAGE-(NUMBER)
 ----------------------------------------------------------------------------------------------------------
 Model                              1          1 -1.28511738E-04       *                     1_GWF-(1,2,88)
 ----------------------------------------------------------------------------------------------------------


 1 CALLS TO NUMERICAL SOLUTION IN TIME STEP 66 STRESS PERIOD 2
 1 TOTAL ITERATIONS

 SLN_2 OUTER ITERATION SUMMARY
 ----------------------------------------------------------------------------------------------------------
                                OUTER      INNER                    STEP   MAXIMUM CHANGE MODEL-(CELLID) OR
 OUTER ITERATION STEP       ITERATION  ITERATION  MAXIMUM CHANGE SUCCESS             MODEL-PACKAGE-(NUMBER)
 ----------------------------------------------------------------------------------------------------------
 Model                              1          2       7.2109457                            2_GWT-(1,38,44)
 Model                              2          1  1.02821218E-08       *                    2_GWT-(1,32,28)
 ----------------------------------------------------------------------------------------------------------


 2 CALLS TO NUMERICAL SOLUTION IN TIME STEP 66 STRESS PERIOD 2
 3 TOTAL ITERATIONS
 
    Solving:  Stress period:     2    Time step:    67
 

 SLN_1 OUTER ITERATION SUMMARY
 ----------------------------------------------------------------------------------------------------------
                                OUTER      INNER                    STEP   MAXIMUM CHANGE MODEL-(CELLID) OR
 OUTER ITERATION STEP       ITERATION  ITERATION  MAXIMUM CHANGE SUCCESS             MODEL-PACKAGE-(NUMBER)
 ----------------------------------------------------------------------------------------------------------
 Model                              1          1 -1.24607246E-04       *                     1_GWF-(1,2,85)
 ----------------------------------------------------------------------------------------------------------


 1 CALLS TO NUMERICAL SOLUTION IN TIME STEP 67 STRESS PERIOD 2
 1 TOTAL ITERATIONS

 SLN_2 OUTER ITERATION SUMMARY
 ----------------------------------------------------------------------------------------------------------
                                OUTER      INNER                    STEP   MAXIMUM CHANGE MODEL-(CELLID) OR
 OUTER ITERATION STEP       ITERATION  ITERATION  MAXIMUM CHANGE SUCCESS             MODEL-PACKAGE-(NUMBER)
 ----------------------------------------------------------------------------------------------------------
 Model                              1          2       7.1195091                            2_GWT-(1,38,44)
 Model                              2          1 -9.79639481E-09       *                    2_GWT-(1,32,28)
 ----------------------------------------------------------------------------------------------------------


 2 CALLS TO NUMERICAL SOLUTION IN TIME STEP 67 STRESS PERIOD 2
 3 TOTAL ITERATIONS
 
    Solving:  Stress period:     2    Time step:    68
 

 SLN_1 OUTER ITERATION SUMMARY
 ----------------------------------------------------------------------------------------------------------
                                OUTER      INNER                    STEP   MAXIMUM CHANGE MODEL-(CELLID) OR
 OUTER ITERATION STEP       ITERATION  ITERATION  MAXIMUM CHANGE SUCCESS             MODEL-PACKAGE-(NUMBER)
 ----------------------------------------------------------------------------------------------------------
 Model                              1          1 -1.27473710E-04       *                     1_GWF-(1,2,88)
 ----------------------------------------------------------------------------------------------------------


 1 CALLS TO NUMERICAL SOLUTION IN TIME STEP 68 STRESS PERIOD 2
 1 TOTAL ITERATIONS

 SLN_2 OUTER ITERATION SUMMARY
 ----------------------------------------------------------------------------------------------------------
                                OUTER      INNER                    STEP   MAXIMUM CHANGE MODEL-(CELLID) OR
 OUTER ITERATION STEP       ITERATION  ITERATION  MAXIMUM CHANGE SUCCESS             MODEL-PACKAGE-(NUMBER)
 ----------------------------------------------------------------------------------------------------------
 Model                              1          2       7.0437060                            2_GWT-(1,38,44)
 Model                              2          1  9.95993332E-09       *                    2_GWT-(1,32,28)
 ----------------------------------------------------------------------------------------------------------


 2 CALLS TO NUMERICAL SOLUTION IN TIME STEP 68 STRESS PERIOD 2
 3 TOTAL ITERATIONS
 
    Solving:  Stress period:     2    Time step:    69
 

 SLN_1 OUTER ITERATION SUMMARY
 ----------------------------------------------------------------------------------------------------------
                                OUTER      INNER                    STEP   MAXIMUM CHANGE MODEL-(CELLID) OR
 OUTER ITERATION STEP       ITERATION  ITERATION  MAXIMUM CHANGE SUCCESS             MODEL-PACKAGE-(NUMBER)
 ----------------------------------------------------------------------------------------------------------
 Model                              1          1 -1.23682288E-04       *                     1_GWF-(1,2,85)
 ----------------------------------------------------------------------------------------------------------


 1 CALLS TO NUMERICAL SOLUTION IN TIME STEP 69 STRESS PERIOD 2
 1 TOTAL ITERATIONS

 SLN_2 OUTER ITERATION SUMMARY
 ----------------------------------------------------------------------------------------------------------
                                OUTER      INNER                    STEP   MAXIMUM CHANGE MODEL-(CELLID) OR
 OUTER ITERATION STEP       ITERATION  ITERATION  MAXIMUM CHANGE SUCCESS             MODEL-PACKAGE-(NUMBER)
 ----------------------------------------------------------------------------------------------------------
 Model                              1          2       6.9422873                            2_GWT-(1,38,45)
 Model                              2          1 -9.53269819E-09       *                    2_GWT-(1,32,28)
 ----------------------------------------------------------------------------------------------------------


 2 CALLS TO NUMERICAL SOLUTION IN TIME STEP 69 STRESS PERIOD 2
 3 TOTAL ITERATIONS
 
    Solving:  Stress period:     2    Time step:    70
 

 SLN_1 OUTER ITERATION SUMMARY
 ----------------------------------------------------------------------------------------------------------
                                OUTER      INNER                    STEP   MAXIMUM CHANGE MODEL-(CELLID) OR
 OUTER ITERATION STEP       ITERATION  ITERATION  MAXIMUM CHANGE SUCCESS             MODEL-PACKAGE-(NUMBER)
 ----------------------------------------------------------------------------------------------------------
 Model                              1          1 -1.26443178E-04       *                     1_GWF-(1,2,88)
 ----------------------------------------------------------------------------------------------------------


 1 CALLS TO NUMERICAL SOLUTION IN TIME STEP 70 STRESS PERIOD 2
 1 TOTAL ITERATIONS

 SLN_2 OUTER ITERATION SUMMARY
 ----------------------------------------------------------------------------------------------------------
                                OUTER      INNER                    STEP   MAXIMUM CHANGE MODEL-(CELLID) OR
 OUTER ITERATION STEP       ITERATION  ITERATION  MAXIMUM CHANGE SUCCESS             MODEL-PACKAGE-(NUMBER)
 ----------------------------------------------------------------------------------------------------------
 Model                              1          2       6.8701753                            2_GWT-(1,38,45)
 Model                              2          1  9.65093250E-09       *                    2_GWT-(1,32,28)
 ----------------------------------------------------------------------------------------------------------


 2 CALLS TO NUMERICAL SOLUTION IN TIME STEP 70 STRESS PERIOD 2
 3 TOTAL ITERATIONS
 
    Solving:  Stress period:     2    Time step:    71
 

 SLN_1 OUTER ITERATION SUMMARY
 ----------------------------------------------------------------------------------------------------------
                                OUTER      INNER                    STEP   MAXIMUM CHANGE MODEL-(CELLID) OR
 OUTER ITERATION STEP       ITERATION  ITERATION  MAXIMUM CHANGE SUCCESS             MODEL-PACKAGE-(NUMBER)
 ----------------------------------------------------------------------------------------------------------
 Model                              1          1 -1.22763097E-04       *                     1_GWF-(1,2,85)
 ----------------------------------------------------------------------------------------------------------


 1 CALLS TO NUMERICAL SOLUTION IN TIME STEP 71 STRESS PERIOD 2
 1 TOTAL ITERATIONS

 SLN_2 OUTER ITERATION SUMMARY
 ----------------------------------------------------------------------------------------------------------
                                OUTER      INNER                    STEP   MAXIMUM CHANGE MODEL-(CELLID) OR
 OUTER ITERATION STEP       ITERATION  ITERATION  MAXIMUM CHANGE SUCCESS             MODEL-PACKAGE-(NUMBER)
 ----------------------------------------------------------------------------------------------------------
 Model                              1          2       6.7967875                            2_GWT-(1,38,45)
 Model                              2          1 -9.27263955E-09       *                    2_GWT-(1,32,28)
 ----------------------------------------------------------------------------------------------------------


 2 CALLS TO NUMERICAL SOLUTION IN TIME STEP 71 STRESS PERIOD 2
 3 TOTAL ITERATIONS
 
    Solving:  Stress period:     2    Time step:    72
 

 SLN_1 OUTER ITERATION SUMMARY
 ----------------------------------------------------------------------------------------------------------
                                OUTER      INNER                    STEP   MAXIMUM CHANGE MODEL-(CELLID) OR
 OUTER ITERATION STEP       ITERATION  ITERATION  MAXIMUM CHANGE SUCCESS             MODEL-PACKAGE-(NUMBER)
 ----------------------------------------------------------------------------------------------------------
 Model                              1          1 -1.25420455E-04       *                     1_GWF-(1,2,88)
 ----------------------------------------------------------------------------------------------------------


 1 CALLS TO NUMERICAL SOLUTION IN TIME STEP 72 STRESS PERIOD 2
 1 TOTAL ITERATIONS

 SLN_2 OUTER ITERATION SUMMARY
 ----------------------------------------------------------------------------------------------------------
                                OUTER      INNER                    STEP   MAXIMUM CHANGE MODEL-(CELLID) OR
 OUTER ITERATION STEP       ITERATION  ITERATION  MAXIMUM CHANGE SUCCESS             MODEL-PACKAGE-(NUMBER)
 ----------------------------------------------------------------------------------------------------------
 Model                              1          2       6.7100766                            2_GWT-(1,38,45)
 Model                              2          1  9.35349931E-09       *                    2_GWT-(1,32,28)
 ----------------------------------------------------------------------------------------------------------


 2 CALLS TO NUMERICAL SOLUTION IN TIME STEP 72 STRESS PERIOD 2
 3 TOTAL ITERATIONS
 
    Solving:  Stress period:     2    Time step:    73
 

 SLN_1 OUTER ITERATION SUMMARY
 ----------------------------------------------------------------------------------------------------------
                                OUTER      INNER                    STEP   MAXIMUM CHANGE MODEL-(CELLID) OR
 OUTER ITERATION STEP       ITERATION  ITERATION  MAXIMUM CHANGE SUCCESS             MODEL-PACKAGE-(NUMBER)
 ----------------------------------------------------------------------------------------------------------
 Model                              1          1 -1.21849943E-04       *                     1_GWF-(1,2,85)
 ----------------------------------------------------------------------------------------------------------


 1 CALLS TO NUMERICAL SOLUTION IN TIME STEP 73 STRESS PERIOD 2
 1 TOTAL ITERATIONS

 SLN_2 OUTER ITERATION SUMMARY
 ----------------------------------------------------------------------------------------------------------
                                OUTER      INNER                    STEP   MAXIMUM CHANGE MODEL-(CELLID) OR
 OUTER ITERATION STEP       ITERATION  ITERATION  MAXIMUM CHANGE SUCCESS             MODEL-PACKAGE-(NUMBER)
 ----------------------------------------------------------------------------------------------------------
 Model                              1          2       6.6340645                            2_GWT-(1,38,46)
 Model                              2          1 -9.01667363E-09       *                    2_GWT-(1,32,28)
 ----------------------------------------------------------------------------------------------------------


 2 CALLS TO NUMERICAL SOLUTION IN TIME STEP 73 STRESS PERIOD 2
 3 TOTAL ITERATIONS
 
    Solving:  Stress period:     2    Time step:    74
 

 SLN_1 OUTER ITERATION SUMMARY
 ----------------------------------------------------------------------------------------------------------
                                OUTER      INNER                    STEP   MAXIMUM CHANGE MODEL-(CELLID) OR
 OUTER ITERATION STEP       ITERATION  ITERATION  MAXIMUM CHANGE SUCCESS             MODEL-PACKAGE-(NUMBER)
 ----------------------------------------------------------------------------------------------------------
 Model                              1          1 -1.24405809E-04       *                     1_GWF-(1,2,88)
 ----------------------------------------------------------------------------------------------------------


 1 CALLS TO NUMERICAL SOLUTION IN TIME STEP 74 STRESS PERIOD 2
 1 TOTAL ITERATIONS

 SLN_2 OUTER ITERATION SUMMARY
 ----------------------------------------------------------------------------------------------------------
                                OUTER      INNER                    STEP   MAXIMUM CHANGE MODEL-(CELLID) OR
 OUTER ITERATION STEP       ITERATION  ITERATION  MAXIMUM CHANGE SUCCESS             MODEL-PACKAGE-(NUMBER)
 ----------------------------------------------------------------------------------------------------------
 Model                              1          2       6.5615472                            2_GWT-(1,38,46)
 Model                              2          1  9.06618425E-09       *                    2_GWT-(1,32,28)
 ----------------------------------------------------------------------------------------------------------


 2 CALLS TO NUMERICAL SOLUTION IN TIME STEP 74 STRESS PERIOD 2
 3 TOTAL ITERATIONS
 
    Solving:  Stress period:     2    Time step:    75
 

 SLN_1 OUTER ITERATION SUMMARY
 ----------------------------------------------------------------------------------------------------------
                                OUTER      INNER                    STEP   MAXIMUM CHANGE MODEL-(CELLID) OR
 OUTER ITERATION STEP       ITERATION  ITERATION  MAXIMUM CHANGE SUCCESS             MODEL-PACKAGE-(NUMBER)
 ----------------------------------------------------------------------------------------------------------
 Model                              1          1 -1.20943058E-04       *                     1_GWF-(1,2,85)
 ----------------------------------------------------------------------------------------------------------


 1 CALLS TO NUMERICAL SOLUTION IN TIME STEP 75 STRESS PERIOD 2
 1 TOTAL ITERATIONS

 SLN_2 OUTER ITERATION SUMMARY
 ----------------------------------------------------------------------------------------------------------
                                OUTER      INNER                    STEP   MAXIMUM CHANGE MODEL-(CELLID) OR
 OUTER ITERATION STEP       ITERATION  ITERATION  MAXIMUM CHANGE SUCCESS             MODEL-PACKAGE-(NUMBER)
 ----------------------------------------------------------------------------------------------------------
 Model                              1          2       6.4939781                            2_GWT-(1,38,46)
 Model                              2          1 -8.76443096E-09       *                    2_GWT-(1,32,28)
 ----------------------------------------------------------------------------------------------------------


 2 CALLS TO NUMERICAL SOLUTION IN TIME STEP 75 STRESS PERIOD 2
 3 TOTAL ITERATIONS
 
    Solving:  Stress period:     2    Time step:    76
 

 SLN_1 OUTER ITERATION SUMMARY
 ----------------------------------------------------------------------------------------------------------
                                OUTER      INNER                    STEP   MAXIMUM CHANGE MODEL-(CELLID) OR
 OUTER ITERATION STEP       ITERATION  ITERATION  MAXIMUM CHANGE SUCCESS             MODEL-PACKAGE-(NUMBER)
 ----------------------------------------------------------------------------------------------------------
 Model                              1          1 -1.23399469E-04       *                     1_GWF-(1,2,88)
 ----------------------------------------------------------------------------------------------------------


 1 CALLS TO NUMERICAL SOLUTION IN TIME STEP 76 STRESS PERIOD 2
 1 TOTAL ITERATIONS

 SLN_2 OUTER ITERATION SUMMARY
 ----------------------------------------------------------------------------------------------------------
                                OUTER      INNER                    STEP   MAXIMUM CHANGE MODEL-(CELLID) OR
 OUTER ITERATION STEP       ITERATION  ITERATION  MAXIMUM CHANGE SUCCESS             MODEL-PACKAGE-(NUMBER)
 ----------------------------------------------------------------------------------------------------------
 Model                              1          2       6.4084709                            2_GWT-(1,38,46)
 Model                              2          1  8.78759465E-09       *                    2_GWT-(1,32,28)
 ----------------------------------------------------------------------------------------------------------


 2 CALLS TO NUMERICAL SOLUTION IN TIME STEP 76 STRESS PERIOD 2
 3 TOTAL ITERATIONS
 
    Solving:  Stress period:     2    Time step:    77
 

 SLN_1 OUTER ITERATION SUMMARY
 ----------------------------------------------------------------------------------------------------------
                                OUTER      INNER                    STEP   MAXIMUM CHANGE MODEL-(CELLID) OR
 OUTER ITERATION STEP       ITERATION  ITERATION  MAXIMUM CHANGE SUCCESS             MODEL-PACKAGE-(NUMBER)
 ----------------------------------------------------------------------------------------------------------
 Model                              1          1 -1.20042639E-04       *                     1_GWF-(1,2,85)
 ----------------------------------------------------------------------------------------------------------


 1 CALLS TO NUMERICAL SOLUTION IN TIME STEP 77 STRESS PERIOD 2
 1 TOTAL ITERATIONS

 SLN_2 OUTER ITERATION SUMMARY
 ----------------------------------------------------------------------------------------------------------
                                OUTER      INNER                    STEP   MAXIMUM CHANGE MODEL-(CELLID) OR
 OUTER ITERATION STEP       ITERATION  ITERATION  MAXIMUM CHANGE SUCCESS             MODEL-PACKAGE-(NUMBER)
 ----------------------------------------------------------------------------------------------------------
 Model                              1          2       6.3459110                            2_GWT-(1,38,47)
 Model                              2          1 -8.51605364E-09       *                    2_GWT-(1,32,28)
 ----------------------------------------------------------------------------------------------------------


 2 CALLS TO NUMERICAL SOLUTION IN TIME STEP 77 STRESS PERIOD 2
 3 TOTAL ITERATIONS
 
    Solving:  Stress period:     2    Time step:    78
 

 SLN_1 OUTER ITERATION SUMMARY
 ----------------------------------------------------------------------------------------------------------
                                OUTER      INNER                    STEP   MAXIMUM CHANGE MODEL-(CELLID) OR
 OUTER ITERATION STEP       ITERATION  ITERATION  MAXIMUM CHANGE SUCCESS             MODEL-PACKAGE-(NUMBER)
 ----------------------------------------------------------------------------------------------------------
 Model                              1          1 -1.22401624E-04       *                     1_GWF-(1,2,88)
 ----------------------------------------------------------------------------------------------------------


 1 CALLS TO NUMERICAL SOLUTION IN TIME STEP 78 STRESS PERIOD 2
 1 TOTAL ITERATIONS

 SLN_2 OUTER ITERATION SUMMARY
 ----------------------------------------------------------------------------------------------------------
                                OUTER      INNER                    STEP   MAXIMUM CHANGE MODEL-(CELLID) OR
 OUTER ITERATION STEP       ITERATION  ITERATION  MAXIMUM CHANGE SUCCESS             MODEL-PACKAGE-(NUMBER)
 ----------------------------------------------------------------------------------------------------------
 Model                              1          2       6.2797142                            2_GWT-(1,38,47)
 Model                              2          1  8.51721893E-09       *                    2_GWT-(1,32,28)
 ----------------------------------------------------------------------------------------------------------


 2 CALLS TO NUMERICAL SOLUTION IN TIME STEP 78 STRESS PERIOD 2
 3 TOTAL ITERATIONS
 
    Solving:  Stress period:     2    Time step:    79
 

 SLN_1 OUTER ITERATION SUMMARY
 ----------------------------------------------------------------------------------------------------------
                                OUTER      INNER                    STEP   MAXIMUM CHANGE MODEL-(CELLID) OR
 OUTER ITERATION STEP       ITERATION  ITERATION  MAXIMUM CHANGE SUCCESS             MODEL-PACKAGE-(NUMBER)
 ----------------------------------------------------------------------------------------------------------
 Model                              1          1 -1.19148850E-04       *                     1_GWF-(1,2,85)
 ----------------------------------------------------------------------------------------------------------


 1 CALLS TO NUMERICAL SOLUTION IN TIME STEP 79 STRESS PERIOD 2
 1 TOTAL ITERATIONS

 SLN_2 OUTER ITERATION SUMMARY
 ----------------------------------------------------------------------------------------------------------
                                OUTER      INNER                    STEP   MAXIMUM CHANGE MODEL-(CELLID) OR
 OUTER ITERATION STEP       ITERATION  ITERATION  MAXIMUM CHANGE SUCCESS             MODEL-PACKAGE-(NUMBER)
 ----------------------------------------------------------------------------------------------------------
 Model                              1          2       6.2108254                            2_GWT-(1,38,47)
 Model                              2          1 -8.27191116E-09       *                    2_GWT-(1,32,28)
 ----------------------------------------------------------------------------------------------------------


 2 CALLS TO NUMERICAL SOLUTION IN TIME STEP 79 STRESS PERIOD 2
 3 TOTAL ITERATIONS
 
    Solving:  Stress period:     2    Time step:    80
 

 SLN_1 OUTER ITERATION SUMMARY
 ----------------------------------------------------------------------------------------------------------
                                OUTER      INNER                    STEP   MAXIMUM CHANGE MODEL-(CELLID) OR
 OUTER ITERATION STEP       ITERATION  ITERATION  MAXIMUM CHANGE SUCCESS             MODEL-PACKAGE-(NUMBER)
 ----------------------------------------------------------------------------------------------------------
 Model                              1          1 -1.21412430E-04       *                     1_GWF-(1,2,88)
 ----------------------------------------------------------------------------------------------------------


 1 CALLS TO NUMERICAL SOLUTION IN TIME STEP 80 STRESS PERIOD 2
 1 TOTAL ITERATIONS

 SLN_2 OUTER ITERATION SUMMARY
 ----------------------------------------------------------------------------------------------------------
                                OUTER      INNER                    STEP   MAXIMUM CHANGE MODEL-(CELLID) OR
 OUTER ITERATION STEP       ITERATION  ITERATION  MAXIMUM CHANGE SUCCESS             MODEL-PACKAGE-(NUMBER)
 ----------------------------------------------------------------------------------------------------------
 Model                              1          2       6.1373208                            2_GWT-(1,38,48)
 Model                              2          1  8.25491497E-09       *                    2_GWT-(1,32,28)
 ----------------------------------------------------------------------------------------------------------


 2 CALLS TO NUMERICAL SOLUTION IN TIME STEP 80 STRESS PERIOD 2
 3 TOTAL ITERATIONS
 
    Solving:  Stress period:     2    Time step:    81
 

 SLN_1 OUTER ITERATION SUMMARY
 ----------------------------------------------------------------------------------------------------------
                                OUTER      INNER                    STEP   MAXIMUM CHANGE MODEL-(CELLID) OR
 OUTER ITERATION STEP       ITERATION  ITERATION  MAXIMUM CHANGE SUCCESS             MODEL-PACKAGE-(NUMBER)
 ----------------------------------------------------------------------------------------------------------
 Model                              1          1 -1.18261826E-04       *                     1_GWF-(1,2,85)
 ----------------------------------------------------------------------------------------------------------


 1 CALLS TO NUMERICAL SOLUTION IN TIME STEP 81 STRESS PERIOD 2
 1 TOTAL ITERATIONS

 SLN_2 OUTER ITERATION SUMMARY
 ----------------------------------------------------------------------------------------------------------
                                OUTER      INNER                    STEP   MAXIMUM CHANGE MODEL-(CELLID) OR
 OUTER ITERATION STEP       ITERATION  ITERATION  MAXIMUM CHANGE SUCCESS             MODEL-PACKAGE-(NUMBER)
 ----------------------------------------------------------------------------------------------------------
 Model                              1          2       6.0794165                            2_GWT-(1,38,48)
 Model                              2          1 -8.03217404E-09       *                    2_GWT-(1,32,28)
 ----------------------------------------------------------------------------------------------------------


 2 CALLS TO NUMERICAL SOLUTION IN TIME STEP 81 STRESS PERIOD 2
 3 TOTAL ITERATIONS
 
    Solving:  Stress period:     2    Time step:    82
 

 SLN_1 OUTER ITERATION SUMMARY
 ----------------------------------------------------------------------------------------------------------
                                OUTER      INNER                    STEP   MAXIMUM CHANGE MODEL-(CELLID) OR
 OUTER ITERATION STEP       ITERATION  ITERATION  MAXIMUM CHANGE SUCCESS             MODEL-PACKAGE-(NUMBER)
 ----------------------------------------------------------------------------------------------------------
 Model                              1          1 -1.20432009E-04       *                     1_GWF-(1,2,88)
 ----------------------------------------------------------------------------------------------------------


 1 CALLS TO NUMERICAL SOLUTION IN TIME STEP 82 STRESS PERIOD 2
 1 TOTAL ITERATIONS

 SLN_2 OUTER ITERATION SUMMARY
 ----------------------------------------------------------------------------------------------------------
                                OUTER      INNER                    STEP   MAXIMUM CHANGE MODEL-(CELLID) OR
 OUTER ITERATION STEP       ITERATION  ITERATION  MAXIMUM CHANGE SUCCESS             MODEL-PACKAGE-(NUMBER)
 ----------------------------------------------------------------------------------------------------------
 Model                              1          2       6.0180058                            2_GWT-(1,38,48)
 Model                              2          1  8.00002908E-09       *                    2_GWT-(1,32,28)
 ----------------------------------------------------------------------------------------------------------


 2 CALLS TO NUMERICAL SOLUTION IN TIME STEP 82 STRESS PERIOD 2
 3 TOTAL ITERATIONS
 
    Solving:  Stress period:     2    Time step:    83
 

 SLN_1 OUTER ITERATION SUMMARY
 ----------------------------------------------------------------------------------------------------------
                                OUTER      INNER                    STEP   MAXIMUM CHANGE MODEL-(CELLID) OR
 OUTER ITERATION STEP       ITERATION  ITERATION  MAXIMUM CHANGE SUCCESS             MODEL-PACKAGE-(NUMBER)
 ----------------------------------------------------------------------------------------------------------
 Model                              1          1 -1.17381676E-04       *                     1_GWF-(1,2,85)
 ----------------------------------------------------------------------------------------------------------


 1 CALLS TO NUMERICAL SOLUTION IN TIME STEP 83 STRESS PERIOD 2
 1 TOTAL ITERATIONS

 SLN_2 OUTER ITERATION SUMMARY
 ----------------------------------------------------------------------------------------------------------
                                OUTER      INNER                    STEP   MAXIMUM CHANGE MODEL-(CELLID) OR
 OUTER ITERATION STEP       ITERATION  ITERATION  MAXIMUM CHANGE SUCCESS             MODEL-PACKAGE-(NUMBER)
 ----------------------------------------------------------------------------------------------------------
 Model                              1          2       5.9491560                            2_GWT-(1,38,48)
 Model                              2          1 -7.79689913E-09       *                    2_GWT-(1,32,28)
 ----------------------------------------------------------------------------------------------------------


 2 CALLS TO NUMERICAL SOLUTION IN TIME STEP 83 STRESS PERIOD 2
 3 TOTAL ITERATIONS
 
    Solving:  Stress period:     2    Time step:    84
 

 SLN_1 OUTER ITERATION SUMMARY
 ----------------------------------------------------------------------------------------------------------
                                OUTER      INNER                    STEP   MAXIMUM CHANGE MODEL-(CELLID) OR
 OUTER ITERATION STEP       ITERATION  ITERATION  MAXIMUM CHANGE SUCCESS             MODEL-PACKAGE-(NUMBER)
 ----------------------------------------------------------------------------------------------------------
 Model                              1          1 -1.19460456E-04       *                     1_GWF-(1,2,88)
 ----------------------------------------------------------------------------------------------------------


 1 CALLS TO NUMERICAL SOLUTION IN TIME STEP 84 STRESS PERIOD 2
 1 TOTAL ITERATIONS

 SLN_2 OUTER ITERATION SUMMARY
 ----------------------------------------------------------------------------------------------------------
                                OUTER      INNER                    STEP   MAXIMUM CHANGE MODEL-(CELLID) OR
 OUTER ITERATION STEP       ITERATION  ITERATION  MAXIMUM CHANGE SUCCESS             MODEL-PACKAGE-(NUMBER)
 ----------------------------------------------------------------------------------------------------------
 Model                              1          2       5.8893731                            2_GWT-(1,38,49)
 Model                              2          1  7.75193598E-09       *                    2_GWT-(1,32,28)
 ----------------------------------------------------------------------------------------------------------


 2 CALLS TO NUMERICAL SOLUTION IN TIME STEP 84 STRESS PERIOD 2
 3 TOTAL ITERATIONS
 
    Solving:  Stress period:     2    Time step:    85
 

 SLN_1 OUTER ITERATION SUMMARY
 ----------------------------------------------------------------------------------------------------------
                                OUTER      INNER                    STEP   MAXIMUM CHANGE MODEL-(CELLID) OR
 OUTER ITERATION STEP       ITERATION  ITERATION  MAXIMUM CHANGE SUCCESS             MODEL-PACKAGE-(NUMBER)
 ----------------------------------------------------------------------------------------------------------
 Model                              1          1 -1.16508486E-04       *                     1_GWF-(1,2,85)
 ----------------------------------------------------------------------------------------------------------


 1 CALLS TO NUMERICAL SOLUTION IN TIME STEP 85 STRESS PERIOD 2
 1 TOTAL ITERATIONS

 SLN_2 OUTER ITERATION SUMMARY
 ----------------------------------------------------------------------------------------------------------
                                OUTER      INNER                    STEP   MAXIMUM CHANGE MODEL-(CELLID) OR
 OUTER ITERATION STEP       ITERATION  ITERATION  MAXIMUM CHANGE SUCCESS             MODEL-PACKAGE-(NUMBER)
 ----------------------------------------------------------------------------------------------------------
 Model                              1          2       5.8331184                            2_GWT-(1,38,49)
 Model                              2          1 -7.56631380E-09       *                    2_GWT-(1,32,28)
 ----------------------------------------------------------------------------------------------------------


 2 CALLS TO NUMERICAL SOLUTION IN TIME STEP 85 STRESS PERIOD 2
 3 TOTAL ITERATIONS
 
    Solving:  Stress period:     2    Time step:    86
 

 SLN_1 OUTER ITERATION SUMMARY
 ----------------------------------------------------------------------------------------------------------
                                OUTER      INNER                    STEP   MAXIMUM CHANGE MODEL-(CELLID) OR
 OUTER ITERATION STEP       ITERATION  ITERATION  MAXIMUM CHANGE SUCCESS             MODEL-PACKAGE-(NUMBER)
 ----------------------------------------------------------------------------------------------------------
 Model                              1          1 -1.18497840E-04       *                     1_GWF-(1,2,88)
 ----------------------------------------------------------------------------------------------------------


 1 CALLS TO NUMERICAL SOLUTION IN TIME STEP 86 STRESS PERIOD 2
 1 TOTAL ITERATIONS

 SLN_2 OUTER ITERATION SUMMARY
 ----------------------------------------------------------------------------------------------------------
                                OUTER      INNER                    STEP   MAXIMUM CHANGE MODEL-(CELLID) OR
 OUTER ITERATION STEP       ITERATION  ITERATION  MAXIMUM CHANGE SUCCESS             MODEL-PACKAGE-(NUMBER)
 ----------------------------------------------------------------------------------------------------------
 Model                              1          2       5.7735820                            2_GWT-(1,38,49)
 Model                              2          1  7.51089146E-09       *                    2_GWT-(1,32,28)
 ----------------------------------------------------------------------------------------------------------


 2 CALLS TO NUMERICAL SOLUTION IN TIME STEP 86 STRESS PERIOD 2
 3 TOTAL ITERATIONS
 
    Solving:  Stress period:     2    Time step:    87
 

 SLN_1 OUTER ITERATION SUMMARY
 ----------------------------------------------------------------------------------------------------------
                                OUTER      INNER                    STEP   MAXIMUM CHANGE MODEL-(CELLID) OR
 OUTER ITERATION STEP       ITERATION  ITERATION  MAXIMUM CHANGE SUCCESS             MODEL-PACKAGE-(NUMBER)
 ----------------------------------------------------------------------------------------------------------
 Model                              1          1 -1.15642319E-04       *                     1_GWF-(1,2,85)
 ----------------------------------------------------------------------------------------------------------


 1 CALLS TO NUMERICAL SOLUTION IN TIME STEP 87 STRESS PERIOD 2
 1 TOTAL ITERATIONS

 SLN_2 OUTER ITERATION SUMMARY
 ----------------------------------------------------------------------------------------------------------
                                OUTER      INNER                    STEP   MAXIMUM CHANGE MODEL-(CELLID) OR
 OUTER ITERATION STEP       ITERATION  ITERATION  MAXIMUM CHANGE SUCCESS             MODEL-PACKAGE-(NUMBER)
 ----------------------------------------------------------------------------------------------------------
 Model                              1          2       5.7075036                            2_GWT-(1,38,49)
 Model                              2          1 -7.34050332E-09       *                    2_GWT-(1,32,28)
 ----------------------------------------------------------------------------------------------------------


 2 CALLS TO NUMERICAL SOLUTION IN TIME STEP 87 STRESS PERIOD 2
 3 TOTAL ITERATIONS
 
    Solving:  Stress period:     2    Time step:    88
 

 SLN_1 OUTER ITERATION SUMMARY
 ----------------------------------------------------------------------------------------------------------
                                OUTER      INNER                    STEP   MAXIMUM CHANGE MODEL-(CELLID) OR
 OUTER ITERATION STEP       ITERATION  ITERATION  MAXIMUM CHANGE SUCCESS             MODEL-PACKAGE-(NUMBER)
 ----------------------------------------------------------------------------------------------------------
 Model                              1          1 -1.17544207E-04       *                     1_GWF-(1,2,88)
 ----------------------------------------------------------------------------------------------------------


 1 CALLS TO NUMERICAL SOLUTION IN TIME STEP 88 STRESS PERIOD 2
 1 TOTAL ITERATIONS

 SLN_2 OUTER ITERATION SUMMARY
 ----------------------------------------------------------------------------------------------------------
                                OUTER      INNER                    STEP   MAXIMUM CHANGE MODEL-(CELLID) OR
 OUTER ITERATION STEP       ITERATION  ITERATION  MAXIMUM CHANGE SUCCESS             MODEL-PACKAGE-(NUMBER)
 ----------------------------------------------------------------------------------------------------------
 Model                              1          2       5.6583279                            2_GWT-(1,38,50)
 Model                              2          1  7.27638394E-09       *                    2_GWT-(1,32,28)
 ----------------------------------------------------------------------------------------------------------


 2 CALLS TO NUMERICAL SOLUTION IN TIME STEP 88 STRESS PERIOD 2
 3 TOTAL ITERATIONS
 
    Solving:  Stress period:     2    Time step:    89
 

 SLN_1 OUTER ITERATION SUMMARY
 ----------------------------------------------------------------------------------------------------------
                                OUTER      INNER                    STEP   MAXIMUM CHANGE MODEL-(CELLID) OR
 OUTER ITERATION STEP       ITERATION  ITERATION  MAXIMUM CHANGE SUCCESS             MODEL-PACKAGE-(NUMBER)
 ----------------------------------------------------------------------------------------------------------
 Model                              1          1 -1.14783222E-04       *                     1_GWF-(1,2,85)
 ----------------------------------------------------------------------------------------------------------


 1 CALLS TO NUMERICAL SOLUTION IN TIME STEP 89 STRESS PERIOD 2
 1 TOTAL ITERATIONS

 SLN_2 OUTER ITERATION SUMMARY
 ----------------------------------------------------------------------------------------------------------
                                OUTER      INNER                    STEP   MAXIMUM CHANGE MODEL-(CELLID) OR
 OUTER ITERATION STEP       ITERATION  ITERATION  MAXIMUM CHANGE SUCCESS             MODEL-PACKAGE-(NUMBER)
 ----------------------------------------------------------------------------------------------------------
 Model                              1          2       5.6037935                            2_GWT-(1,38,50)
 Model                              2          1 -7.11941084E-09       *                    2_GWT-(1,32,28)
 ----------------------------------------------------------------------------------------------------------


 2 CALLS TO NUMERICAL SOLUTION IN TIME STEP 89 STRESS PERIOD 2
 3 TOTAL ITERATIONS
 
    Solving:  Stress period:     2    Time step:    90
 

 SLN_1 OUTER ITERATION SUMMARY
 ----------------------------------------------------------------------------------------------------------
                                OUTER      INNER                    STEP   MAXIMUM CHANGE MODEL-(CELLID) OR
 OUTER ITERATION STEP       ITERATION  ITERATION  MAXIMUM CHANGE SUCCESS             MODEL-PACKAGE-(NUMBER)
 ----------------------------------------------------------------------------------------------------------
 Model                              1          1 -1.16599580E-04       *                     1_GWF-(1,2,88)
 ----------------------------------------------------------------------------------------------------------


 1 CALLS TO NUMERICAL SOLUTION IN TIME STEP 90 STRESS PERIOD 2
 1 TOTAL ITERATIONS

 SLN_2 OUTER ITERATION SUMMARY
 ----------------------------------------------------------------------------------------------------------
                                OUTER      INNER                    STEP   MAXIMUM CHANGE MODEL-(CELLID) OR
 OUTER ITERATION STEP       ITERATION  ITERATION  MAXIMUM CHANGE SUCCESS             MODEL-PACKAGE-(NUMBER)
 ----------------------------------------------------------------------------------------------------------
 Model                              1          2       5.5459583                            2_GWT-(1,38,50)
 Model                              2          1  7.04790182E-09       *                    2_GWT-(1,32,28)
 ----------------------------------------------------------------------------------------------------------


 2 CALLS TO NUMERICAL SOLUTION IN TIME STEP 90 STRESS PERIOD 2
 3 TOTAL ITERATIONS
 
    Solving:  Stress period:     2    Time step:    91
 

 SLN_1 OUTER ITERATION SUMMARY
 ----------------------------------------------------------------------------------------------------------
                                OUTER      INNER                    STEP   MAXIMUM CHANGE MODEL-(CELLID) OR
 OUTER ITERATION STEP       ITERATION  ITERATION  MAXIMUM CHANGE SUCCESS             MODEL-PACKAGE-(NUMBER)
 ----------------------------------------------------------------------------------------------------------
 Model                              1          1 -1.13931225E-04       *                     1_GWF-(1,2,85)
 ----------------------------------------------------------------------------------------------------------


 1 CALLS TO NUMERICAL SOLUTION IN TIME STEP 91 STRESS PERIOD 2
 1 TOTAL ITERATIONS

 SLN_2 OUTER ITERATION SUMMARY
 ----------------------------------------------------------------------------------------------------------
                                OUTER      INNER                    STEP   MAXIMUM CHANGE MODEL-(CELLID) OR
 OUTER ITERATION STEP       ITERATION  ITERATION  MAXIMUM CHANGE SUCCESS             MODEL-PACKAGE-(NUMBER)
 ----------------------------------------------------------------------------------------------------------
 Model                              1          2       5.4900935                            2_GWT-(1,38,51)
 Model                              2          1 -6.90315005E-09       *                    2_GWT-(1,32,28)
 ----------------------------------------------------------------------------------------------------------


 2 CALLS TO NUMERICAL SOLUTION IN TIME STEP 91 STRESS PERIOD 2
 3 TOTAL ITERATIONS
 
    Solving:  Stress period:     2    Time step:    92
 

 SLN_1 OUTER ITERATION SUMMARY
 ----------------------------------------------------------------------------------------------------------
                                OUTER      INNER                    STEP   MAXIMUM CHANGE MODEL-(CELLID) OR
 OUTER ITERATION STEP       ITERATION  ITERATION  MAXIMUM CHANGE SUCCESS             MODEL-PACKAGE-(NUMBER)
 ----------------------------------------------------------------------------------------------------------
 Model                              1          1 -1.15663966E-04       *                     1_GWF-(1,2,88)
 ----------------------------------------------------------------------------------------------------------


 1 CALLS TO NUMERICAL SOLUTION IN TIME STEP 92 STRESS PERIOD 2
 1 TOTAL ITERATIONS

 SLN_2 OUTER ITERATION SUMMARY
 ----------------------------------------------------------------------------------------------------------
                                OUTER      INNER                    STEP   MAXIMUM CHANGE MODEL-(CELLID) OR
 OUTER ITERATION STEP       ITERATION  ITERATION  MAXIMUM CHANGE SUCCESS             MODEL-PACKAGE-(NUMBER)
 ----------------------------------------------------------------------------------------------------------
 Model                              1          2       5.4428307                            2_GWT-(1,38,51)
 Model                              2          1  6.82553036E-09       *                    2_GWT-(1,32,28)
 ----------------------------------------------------------------------------------------------------------


 2 CALLS TO NUMERICAL SOLUTION IN TIME STEP 92 STRESS PERIOD 2
 3 TOTAL ITERATIONS
 
    Solving:  Stress period:     2    Time step:    93
 

 SLN_1 OUTER ITERATION SUMMARY
 ----------------------------------------------------------------------------------------------------------
                                OUTER      INNER                    STEP   MAXIMUM CHANGE MODEL-(CELLID) OR
 OUTER ITERATION STEP       ITERATION  ITERATION  MAXIMUM CHANGE SUCCESS             MODEL-PACKAGE-(NUMBER)
 ----------------------------------------------------------------------------------------------------------
 Model                              1          1 -1.13086341E-04       *                     1_GWF-(1,2,85)
 ----------------------------------------------------------------------------------------------------------


 1 CALLS TO NUMERICAL SOLUTION IN TIME STEP 93 STRESS PERIOD 2
 1 TOTAL ITERATIONS

 SLN_2 OUTER ITERATION SUMMARY
 ----------------------------------------------------------------------------------------------------------
                                OUTER      INNER                    STEP   MAXIMUM CHANGE MODEL-(CELLID) OR
 OUTER ITERATION STEP       ITERATION  ITERATION  MAXIMUM CHANGE SUCCESS             MODEL-PACKAGE-(NUMBER)
 ----------------------------------------------------------------------------------------------------------
 Model                              1          2       5.3895276                            2_GWT-(1,38,51)
 Model                              2          1 -6.69137989E-09       *                    2_GWT-(1,32,28)
 ----------------------------------------------------------------------------------------------------------


 2 CALLS TO NUMERICAL SOLUTION IN TIME STEP 93 STRESS PERIOD 2
 3 TOTAL ITERATIONS
 
    Solving:  Stress period:     2    Time step:    94
 

 SLN_1 OUTER ITERATION SUMMARY
 ----------------------------------------------------------------------------------------------------------
                                OUTER      INNER                    STEP   MAXIMUM CHANGE MODEL-(CELLID) OR
 OUTER ITERATION STEP       ITERATION  ITERATION  MAXIMUM CHANGE SUCCESS             MODEL-PACKAGE-(NUMBER)
 ----------------------------------------------------------------------------------------------------------
 Model                              1          1 -1.14737358E-04       *                     1_GWF-(1,2,88)
 ----------------------------------------------------------------------------------------------------------


 1 CALLS TO NUMERICAL SOLUTION IN TIME STEP 94 STRESS PERIOD 2
 1 TOTAL ITERATIONS

 SLN_2 OUTER ITERATION SUMMARY
 ----------------------------------------------------------------------------------------------------------
                                OUTER      INNER                    STEP   MAXIMUM CHANGE MODEL-(CELLID) OR
 OUTER ITERATION STEP       ITERATION  ITERATION  MAXIMUM CHANGE SUCCESS             MODEL-PACKAGE-(NUMBER)
 ----------------------------------------------------------------------------------------------------------
 Model                              1          2       5.3337666                            2_GWT-(1,38,51)
 Model                              2          1  6.60898536E-09       *                    2_GWT-(1,32,28)
 ----------------------------------------------------------------------------------------------------------


 2 CALLS TO NUMERICAL SOLUTION IN TIME STEP 94 STRESS PERIOD 2
 3 TOTAL ITERATIONS
 
    Solving:  Stress period:     2    Time step:    95
 

 SLN_1 OUTER ITERATION SUMMARY
 ----------------------------------------------------------------------------------------------------------
                                OUTER      INNER                    STEP   MAXIMUM CHANGE MODEL-(CELLID) OR
 OUTER ITERATION STEP       ITERATION  ITERATION  MAXIMUM CHANGE SUCCESS             MODEL-PACKAGE-(NUMBER)
 ----------------------------------------------------------------------------------------------------------
 Model                              1          1 -1.12248574E-04       *                     1_GWF-(1,2,85)
 ----------------------------------------------------------------------------------------------------------


 1 CALLS TO NUMERICAL SOLUTION IN TIME STEP 95 STRESS PERIOD 2
 1 TOTAL ITERATIONS

 SLN_2 OUTER ITERATION SUMMARY
 ----------------------------------------------------------------------------------------------------------
                                OUTER      INNER                    STEP   MAXIMUM CHANGE MODEL-(CELLID) OR
 OUTER ITERATION STEP       ITERATION  ITERATION  MAXIMUM CHANGE SUCCESS             MODEL-PACKAGE-(NUMBER)
 ----------------------------------------------------------------------------------------------------------
 Model                              1          2       5.2879170                            2_GWT-(1,38,52)
 Model                              2          1 -6.48441301E-09       *                    2_GWT-(1,32,28)
 ----------------------------------------------------------------------------------------------------------


 2 CALLS TO NUMERICAL SOLUTION IN TIME STEP 95 STRESS PERIOD 2
 3 TOTAL ITERATIONS
 
    Solving:  Stress period:     2    Time step:    96
 

 SLN_1 OUTER ITERATION SUMMARY
 ----------------------------------------------------------------------------------------------------------
                                OUTER      INNER                    STEP   MAXIMUM CHANGE MODEL-(CELLID) OR
 OUTER ITERATION STEP       ITERATION  ITERATION  MAXIMUM CHANGE SUCCESS             MODEL-PACKAGE-(NUMBER)
 ----------------------------------------------------------------------------------------------------------
 Model                              1          1 -1.13819732E-04       *                     1_GWF-(1,2,88)
 ----------------------------------------------------------------------------------------------------------


 1 CALLS TO NUMERICAL SOLUTION IN TIME STEP 96 STRESS PERIOD 2
 1 TOTAL ITERATIONS

 SLN_2 OUTER ITERATION SUMMARY
 ----------------------------------------------------------------------------------------------------------
                                OUTER      INNER                    STEP   MAXIMUM CHANGE MODEL-(CELLID) OR
 OUTER ITERATION STEP       ITERATION  ITERATION  MAXIMUM CHANGE SUCCESS             MODEL-PACKAGE-(NUMBER)
 ----------------------------------------------------------------------------------------------------------
 Model                              1          2       5.2405561                            2_GWT-(1,38,52)
 Model                              2          1  6.39795417E-09       *                    2_GWT-(1,32,28)
 ----------------------------------------------------------------------------------------------------------


 2 CALLS TO NUMERICAL SOLUTION IN TIME STEP 96 STRESS PERIOD 2
 3 TOTAL ITERATIONS
 
    Solving:  Stress period:     2    Time step:    97
 

 SLN_1 OUTER ITERATION SUMMARY
 ----------------------------------------------------------------------------------------------------------
                                OUTER      INNER                    STEP   MAXIMUM CHANGE MODEL-(CELLID) OR
 OUTER ITERATION STEP       ITERATION  ITERATION  MAXIMUM CHANGE SUCCESS             MODEL-PACKAGE-(NUMBER)
 ----------------------------------------------------------------------------------------------------------
 Model                              1          1 -1.11417915E-04       *                     1_GWF-(1,2,85)
 ----------------------------------------------------------------------------------------------------------


 1 CALLS TO NUMERICAL SOLUTION IN TIME STEP 97 STRESS PERIOD 2
 1 TOTAL ITERATIONS

 SLN_2 OUTER ITERATION SUMMARY
 ----------------------------------------------------------------------------------------------------------
                                OUTER      INNER                    STEP   MAXIMUM CHANGE MODEL-(CELLID) OR
 OUTER ITERATION STEP       ITERATION  ITERATION  MAXIMUM CHANGE SUCCESS             MODEL-PACKAGE-(NUMBER)
 ----------------------------------------------------------------------------------------------------------
 Model                              1          2       5.1897889                            2_GWT-(1,38,52)
 Model                              2          1 -6.28205044E-09       *                    2_GWT-(1,32,28)
 ----------------------------------------------------------------------------------------------------------


 2 CALLS TO NUMERICAL SOLUTION IN TIME STEP 97 STRESS PERIOD 2
 3 TOTAL ITERATIONS
 
    Solving:  Stress period:     2    Time step:    98
 

 SLN_1 OUTER ITERATION SUMMARY
 ----------------------------------------------------------------------------------------------------------
                                OUTER      INNER                    STEP   MAXIMUM CHANGE MODEL-(CELLID) OR
 OUTER ITERATION STEP       ITERATION  ITERATION  MAXIMUM CHANGE SUCCESS             MODEL-PACKAGE-(NUMBER)
 ----------------------------------------------------------------------------------------------------------
 Model                              1          1 -1.12911052E-04       *                     1_GWF-(1,2,88)
 ----------------------------------------------------------------------------------------------------------


 1 CALLS TO NUMERICAL SOLUTION IN TIME STEP 98 STRESS PERIOD 2
 1 TOTAL ITERATIONS

 SLN_2 OUTER ITERATION SUMMARY
 ----------------------------------------------------------------------------------------------------------
                                OUTER      INNER                    STEP   MAXIMUM CHANGE MODEL-(CELLID) OR
 OUTER ITERATION STEP       ITERATION  ITERATION  MAXIMUM CHANGE SUCCESS             MODEL-PACKAGE-(NUMBER)
 ----------------------------------------------------------------------------------------------------------
 Model                              1          2       5.1388383                            2_GWT-(1,38,53)
 Model                              2          1  6.19260732E-09       *                    2_GWT-(1,32,28)
 ----------------------------------------------------------------------------------------------------------


 2 CALLS TO NUMERICAL SOLUTION IN TIME STEP 98 STRESS PERIOD 2
 3 TOTAL ITERATIONS
 
    Solving:  Stress period:     2    Time step:    99
 

 SLN_1 OUTER ITERATION SUMMARY
 ----------------------------------------------------------------------------------------------------------
                                OUTER      INNER                    STEP   MAXIMUM CHANGE MODEL-(CELLID) OR
 OUTER ITERATION STEP       ITERATION  ITERATION  MAXIMUM CHANGE SUCCESS             MODEL-PACKAGE-(NUMBER)
 ----------------------------------------------------------------------------------------------------------
 Model                              1          1 -1.10594346E-04       *                     1_GWF-(1,2,85)
 ----------------------------------------------------------------------------------------------------------


 1 CALLS TO NUMERICAL SOLUTION IN TIME STEP 99 STRESS PERIOD 2
 1 TOTAL ITERATIONS

 SLN_2 OUTER ITERATION SUMMARY
 ----------------------------------------------------------------------------------------------------------
                                OUTER      INNER                    STEP   MAXIMUM CHANGE MODEL-(CELLID) OR
 OUTER ITERATION STEP       ITERATION  ITERATION  MAXIMUM CHANGE SUCCESS             MODEL-PACKAGE-(NUMBER)
 ----------------------------------------------------------------------------------------------------------
 Model                              1          2       5.0987404                            2_GWT-(1,38,53)
 Model                              2          1 -6.08454798E-09       *                    2_GWT-(1,32,28)
 ----------------------------------------------------------------------------------------------------------


 2 CALLS TO NUMERICAL SOLUTION IN TIME STEP 99 STRESS PERIOD 2
 3 TOTAL ITERATIONS
 
    Solving:  Stress period:     2    Time step:   100
 

 SLN_1 OUTER ITERATION SUMMARY
 ----------------------------------------------------------------------------------------------------------
                                OUTER      INNER                    STEP   MAXIMUM CHANGE MODEL-(CELLID) OR
 OUTER ITERATION STEP       ITERATION  ITERATION  MAXIMUM CHANGE SUCCESS             MODEL-PACKAGE-(NUMBER)
 ----------------------------------------------------------------------------------------------------------
 Model                              1          1 -1.12011274E-04       *                     1_GWF-(1,2,88)
 ----------------------------------------------------------------------------------------------------------


 1 CALLS TO NUMERICAL SOLUTION IN TIME STEP 100 STRESS PERIOD 2
 1 TOTAL ITERATIONS

 SLN_2 OUTER ITERATION SUMMARY
 ----------------------------------------------------------------------------------------------------------
                                OUTER      INNER                    STEP   MAXIMUM CHANGE MODEL-(CELLID) OR
 OUTER ITERATION STEP       ITERATION  ITERATION  MAXIMUM CHANGE SUCCESS             MODEL-PACKAGE-(NUMBER)
 ----------------------------------------------------------------------------------------------------------
 Model                              1          2       5.0505196                            2_GWT-(1,38,53)
 Model                              2          1  5.99260375E-09       *                    2_GWT-(1,32,28)
 ----------------------------------------------------------------------------------------------------------


 2 CALLS TO NUMERICAL SOLUTION IN TIME STEP 100 STRESS PERIOD 2
 3 TOTAL ITERATIONS
 
    Solving:  Stress period:     2    Time step:   101
 

 SLN_1 OUTER ITERATION SUMMARY
 ----------------------------------------------------------------------------------------------------------
                                OUTER      INNER                    STEP   MAXIMUM CHANGE MODEL-(CELLID) OR
 OUTER ITERATION STEP       ITERATION  ITERATION  MAXIMUM CHANGE SUCCESS             MODEL-PACKAGE-(NUMBER)
 ----------------------------------------------------------------------------------------------------------
 Model                              1          1 -1.09777840E-04       *                     1_GWF-(1,2,85)
 ----------------------------------------------------------------------------------------------------------


 1 CALLS TO NUMERICAL SOLUTION IN TIME STEP 101 STRESS PERIOD 2
 1 TOTAL ITERATIONS

 SLN_2 OUTER ITERATION SUMMARY
 ----------------------------------------------------------------------------------------------------------
                                OUTER      INNER                    STEP   MAXIMUM CHANGE MODEL-(CELLID) OR
 OUTER ITERATION STEP       ITERATION  ITERATION  MAXIMUM CHANGE SUCCESS             MODEL-PACKAGE-(NUMBER)
 ----------------------------------------------------------------------------------------------------------
 Model                              1          2       5.0030095                            2_GWT-(1,38,53)
 Model                              2          1 -5.89167826E-09       *                    2_GWT-(1,32,28)
 ----------------------------------------------------------------------------------------------------------


 2 CALLS TO NUMERICAL SOLUTION IN TIME STEP 101 STRESS PERIOD 2
 3 TOTAL ITERATIONS
 
    Solving:  Stress period:     2    Time step:   102
 

 SLN_1 OUTER ITERATION SUMMARY
 ----------------------------------------------------------------------------------------------------------
                                OUTER      INNER                    STEP   MAXIMUM CHANGE MODEL-(CELLID) OR
 OUTER ITERATION STEP       ITERATION  ITERATION  MAXIMUM CHANGE SUCCESS             MODEL-PACKAGE-(NUMBER)
 ----------------------------------------------------------------------------------------------------------
 Model                              1          1 -1.11120342E-04       *                     1_GWF-(1,2,88)
 ----------------------------------------------------------------------------------------------------------


 1 CALLS TO NUMERICAL SOLUTION IN TIME STEP 102 STRESS PERIOD 2
 1 TOTAL ITERATIONS

 SLN_2 OUTER ITERATION SUMMARY
 ----------------------------------------------------------------------------------------------------------
                                OUTER      INNER                    STEP   MAXIMUM CHANGE MODEL-(CELLID) OR
 OUTER ITERATION STEP       ITERATION  ITERATION  MAXIMUM CHANGE SUCCESS             MODEL-PACKAGE-(NUMBER)
 ----------------------------------------------------------------------------------------------------------
 Model                              1          2       4.9599599                            2_GWT-(1,38,54)
 Model                              2          1  5.79800030E-09       *                    2_GWT-(1,32,28)
 ----------------------------------------------------------------------------------------------------------


 2 CALLS TO NUMERICAL SOLUTION IN TIME STEP 102 STRESS PERIOD 2
 3 TOTAL ITERATIONS
 
    Solving:  Stress period:     2    Time step:   103
 

 SLN_1 OUTER ITERATION SUMMARY
 ----------------------------------------------------------------------------------------------------------
                                OUTER      INNER                    STEP   MAXIMUM CHANGE MODEL-(CELLID) OR
 OUTER ITERATION STEP       ITERATION  ITERATION  MAXIMUM CHANGE SUCCESS             MODEL-PACKAGE-(NUMBER)
 ----------------------------------------------------------------------------------------------------------
 Model                              1          1 -1.08968364E-04       *                     1_GWF-(1,2,85)
 ----------------------------------------------------------------------------------------------------------


 1 CALLS TO NUMERICAL SOLUTION IN TIME STEP 103 STRESS PERIOD 2
 1 TOTAL ITERATIONS

 SLN_2 OUTER ITERATION SUMMARY
 ----------------------------------------------------------------------------------------------------------
                                OUTER      INNER                    STEP   MAXIMUM CHANGE MODEL-(CELLID) OR
 OUTER ITERATION STEP       ITERATION  ITERATION  MAXIMUM CHANGE SUCCESS             MODEL-PACKAGE-(NUMBER)
 ----------------------------------------------------------------------------------------------------------
 Model                              1          2       4.9197422                            2_GWT-(1,38,54)
 Model                              2          1 -5.70346970E-09       *                    2_GWT-(1,32,28)
 ----------------------------------------------------------------------------------------------------------


 2 CALLS TO NUMERICAL SOLUTION IN TIME STEP 103 STRESS PERIOD 2
 3 TOTAL ITERATIONS
 
    Solving:  Stress period:     2    Time step:   104
 

 SLN_1 OUTER ITERATION SUMMARY
 ----------------------------------------------------------------------------------------------------------
                                OUTER      INNER                    STEP   MAXIMUM CHANGE MODEL-(CELLID) OR
 OUTER ITERATION STEP       ITERATION  ITERATION  MAXIMUM CHANGE SUCCESS             MODEL-PACKAGE-(NUMBER)
 ----------------------------------------------------------------------------------------------------------
 Model                              1          1 -1.10238196E-04       *                     1_GWF-(1,2,88)
 ----------------------------------------------------------------------------------------------------------


 1 CALLS TO NUMERICAL SOLUTION IN TIME STEP 104 STRESS PERIOD 2
 1 TOTAL ITERATIONS

 SLN_2 OUTER ITERATION SUMMARY
 ----------------------------------------------------------------------------------------------------------
                                OUTER      INNER                    STEP   MAXIMUM CHANGE MODEL-(CELLID) OR
 OUTER ITERATION STEP       ITERATION  ITERATION  MAXIMUM CHANGE SUCCESS             MODEL-PACKAGE-(NUMBER)
 ----------------------------------------------------------------------------------------------------------
 Model                              1          2       4.8733483                            2_GWT-(1,38,54)
 Model                              2          1  5.60859803E-09       *                    2_GWT-(1,32,28)
 ----------------------------------------------------------------------------------------------------------


 2 CALLS TO NUMERICAL SOLUTION IN TIME STEP 104 STRESS PERIOD 2
 3 TOTAL ITERATIONS
 
    Solving:  Stress period:     2    Time step:   105
 

 SLN_1 OUTER ITERATION SUMMARY
 ----------------------------------------------------------------------------------------------------------
                                OUTER      INNER                    STEP   MAXIMUM CHANGE MODEL-(CELLID) OR
 OUTER ITERATION STEP       ITERATION  ITERATION  MAXIMUM CHANGE SUCCESS             MODEL-PACKAGE-(NUMBER)
 ----------------------------------------------------------------------------------------------------------
 Model                              1          1 -1.08165880E-04       *                     1_GWF-(1,2,85)
 ----------------------------------------------------------------------------------------------------------


 1 CALLS TO NUMERICAL SOLUTION IN TIME STEP 105 STRESS PERIOD 2
 1 TOTAL ITERATIONS

 SLN_2 OUTER ITERATION SUMMARY
 ----------------------------------------------------------------------------------------------------------
                                OUTER      INNER                    STEP   MAXIMUM CHANGE MODEL-(CELLID) OR
 OUTER ITERATION STEP       ITERATION  ITERATION  MAXIMUM CHANGE SUCCESS             MODEL-PACKAGE-(NUMBER)
 ----------------------------------------------------------------------------------------------------------
 Model                              1          2       4.8281375                            2_GWT-(1,38,55)
 Model                              2          1 -5.51980861E-09       *                    2_GWT-(1,32,28)
 ----------------------------------------------------------------------------------------------------------


 2 CALLS TO NUMERICAL SOLUTION IN TIME STEP 105 STRESS PERIOD 2
 3 TOTAL ITERATIONS
 
    Solving:  Stress period:     2    Time step:   106
 

 SLN_1 OUTER ITERATION SUMMARY
 ----------------------------------------------------------------------------------------------------------
                                OUTER      INNER                    STEP   MAXIMUM CHANGE MODEL-(CELLID) OR
 OUTER ITERATION STEP       ITERATION  ITERATION  MAXIMUM CHANGE SUCCESS             MODEL-PACKAGE-(NUMBER)
 ----------------------------------------------------------------------------------------------------------
 Model                              1          1 -1.09364766E-04       *                     1_GWF-(1,2,88)
 ----------------------------------------------------------------------------------------------------------


 1 CALLS TO NUMERICAL SOLUTION IN TIME STEP 106 STRESS PERIOD 2
 1 TOTAL ITERATIONS

 SLN_2 OUTER ITERATION SUMMARY
 ----------------------------------------------------------------------------------------------------------
                                OUTER      INNER                    STEP   MAXIMUM CHANGE MODEL-(CELLID) OR
 OUTER ITERATION STEP       ITERATION  ITERATION  MAXIMUM CHANGE SUCCESS             MODEL-PACKAGE-(NUMBER)
 ----------------------------------------------------------------------------------------------------------
 Model                              1          2       4.7930008                            2_GWT-(1,38,55)
 Model                              2          1  5.42425482E-09       *                    2_GWT-(1,32,28)
 ----------------------------------------------------------------------------------------------------------


 2 CALLS TO NUMERICAL SOLUTION IN TIME STEP 106 STRESS PERIOD 2
 3 TOTAL ITERATIONS
 
    Solving:  Stress period:     2    Time step:   107
 

 SLN_1 OUTER ITERATION SUMMARY
 ----------------------------------------------------------------------------------------------------------
                                OUTER      INNER                    STEP   MAXIMUM CHANGE MODEL-(CELLID) OR
 OUTER ITERATION STEP       ITERATION  ITERATION  MAXIMUM CHANGE SUCCESS             MODEL-PACKAGE-(NUMBER)
 ----------------------------------------------------------------------------------------------------------
 Model                              1          1 -1.07370341E-04       *                     1_GWF-(1,2,85)
 ----------------------------------------------------------------------------------------------------------


 1 CALLS TO NUMERICAL SOLUTION IN TIME STEP 107 STRESS PERIOD 2
 1 TOTAL ITERATIONS

 SLN_2 OUTER ITERATION SUMMARY
 ----------------------------------------------------------------------------------------------------------
                                OUTER      INNER                    STEP   MAXIMUM CHANGE MODEL-(CELLID) OR
 OUTER ITERATION STEP       ITERATION  ITERATION  MAXIMUM CHANGE SUCCESS             MODEL-PACKAGE-(NUMBER)
 ----------------------------------------------------------------------------------------------------------
 Model                              1          2       4.7498223                            2_GWT-(1,38,55)
 Model                              2          1 -5.34075184E-09       *                    2_GWT-(1,32,28)
 ----------------------------------------------------------------------------------------------------------


 2 CALLS TO NUMERICAL SOLUTION IN TIME STEP 107 STRESS PERIOD 2
 3 TOTAL ITERATIONS
 
    Solving:  Stress period:     2    Time step:   108
 

 SLN_1 OUTER ITERATION SUMMARY
 ----------------------------------------------------------------------------------------------------------
                                OUTER      INNER                    STEP   MAXIMUM CHANGE MODEL-(CELLID) OR
 OUTER ITERATION STEP       ITERATION  ITERATION  MAXIMUM CHANGE SUCCESS             MODEL-PACKAGE-(NUMBER)
 ----------------------------------------------------------------------------------------------------------
 Model                              1          1 -1.08499979E-04       *                     1_GWF-(1,2,88)
 ----------------------------------------------------------------------------------------------------------


 1 CALLS TO NUMERICAL SOLUTION IN TIME STEP 108 STRESS PERIOD 2
 1 TOTAL ITERATIONS

 SLN_2 OUTER ITERATION SUMMARY
 ----------------------------------------------------------------------------------------------------------
                                OUTER      INNER                    STEP   MAXIMUM CHANGE MODEL-(CELLID) OR
 OUTER ITERATION STEP       ITERATION  ITERATION  MAXIMUM CHANGE SUCCESS             MODEL-PACKAGE-(NUMBER)
 ----------------------------------------------------------------------------------------------------------
 Model                              1          2       4.7081404                            2_GWT-(1,38,55)
 Model                              2          1  5.24502752E-09       *                    2_GWT-(1,32,28)
 ----------------------------------------------------------------------------------------------------------


 2 CALLS TO NUMERICAL SOLUTION IN TIME STEP 108 STRESS PERIOD 2
 3 TOTAL ITERATIONS
 
    Solving:  Stress period:     2    Time step:   109
 

 SLN_1 OUTER ITERATION SUMMARY
 ----------------------------------------------------------------------------------------------------------
                                OUTER      INNER                    STEP   MAXIMUM CHANGE MODEL-(CELLID) OR
 OUTER ITERATION STEP       ITERATION  ITERATION  MAXIMUM CHANGE SUCCESS             MODEL-PACKAGE-(NUMBER)
 ----------------------------------------------------------------------------------------------------------
 Model                              1          1 -1.06581701E-04       *                     1_GWF-(1,2,85)
 ----------------------------------------------------------------------------------------------------------


 1 CALLS TO NUMERICAL SOLUTION IN TIME STEP 109 STRESS PERIOD 2
 1 TOTAL ITERATIONS

 SLN_2 OUTER ITERATION SUMMARY
 ----------------------------------------------------------------------------------------------------------
                                OUTER      INNER                    STEP   MAXIMUM CHANGE MODEL-(CELLID) OR
 OUTER ITERATION STEP       ITERATION  ITERATION  MAXIMUM CHANGE SUCCESS             MODEL-PACKAGE-(NUMBER)
 ----------------------------------------------------------------------------------------------------------
 Model                              1          2       4.6680049                            2_GWT-(1,38,56)
 Model                              2          1 -5.16632781E-09       *                    2_GWT-(1,32,28)
 ----------------------------------------------------------------------------------------------------------


 2 CALLS TO NUMERICAL SOLUTION IN TIME STEP 109 STRESS PERIOD 2
 3 TOTAL ITERATIONS
 
    Solving:  Stress period:     2    Time step:   110
 

 SLN_1 OUTER ITERATION SUMMARY
 ----------------------------------------------------------------------------------------------------------
                                OUTER      INNER                    STEP   MAXIMUM CHANGE MODEL-(CELLID) OR
 OUTER ITERATION STEP       ITERATION  ITERATION  MAXIMUM CHANGE SUCCESS             MODEL-PACKAGE-(NUMBER)
 ----------------------------------------------------------------------------------------------------------
 Model                              1          1 -1.07643755E-04       *                     1_GWF-(1,2,88)
 ----------------------------------------------------------------------------------------------------------


 1 CALLS TO NUMERICAL SOLUTION IN TIME STEP 110 STRESS PERIOD 2
 1 TOTAL ITERATIONS

 SLN_2 OUTER ITERATION SUMMARY
 ----------------------------------------------------------------------------------------------------------
                                OUTER      INNER                    STEP   MAXIMUM CHANGE MODEL-(CELLID) OR
 OUTER ITERATION STEP       ITERATION  ITERATION  MAXIMUM CHANGE SUCCESS             MODEL-PACKAGE-(NUMBER)
 ----------------------------------------------------------------------------------------------------------
 Model                              1          2       4.6344014                            2_GWT-(1,38,56)
 Model                              2          1  5.07063191E-09       *                    2_GWT-(1,32,28)
 ----------------------------------------------------------------------------------------------------------


 2 CALLS TO NUMERICAL SOLUTION IN TIME STEP 110 STRESS PERIOD 2
 3 TOTAL ITERATIONS
 
    Solving:  Stress period:     2    Time step:   111
 

 SLN_1 OUTER ITERATION SUMMARY
 ----------------------------------------------------------------------------------------------------------
                                OUTER      INNER                    STEP   MAXIMUM CHANGE MODEL-(CELLID) OR
 OUTER ITERATION STEP       ITERATION  ITERATION  MAXIMUM CHANGE SUCCESS             MODEL-PACKAGE-(NUMBER)
 ----------------------------------------------------------------------------------------------------------
 Model                              1          1 -1.05799905E-04       *                     1_GWF-(1,2,85)
 ----------------------------------------------------------------------------------------------------------


 1 CALLS TO NUMERICAL SOLUTION IN TIME STEP 111 STRESS PERIOD 2
 1 TOTAL ITERATIONS

 SLN_2 OUTER ITERATION SUMMARY
 ----------------------------------------------------------------------------------------------------------
                                OUTER      INNER                    STEP   MAXIMUM CHANGE MODEL-(CELLID) OR
 OUTER ITERATION STEP       ITERATION  ITERATION  MAXIMUM CHANGE SUCCESS             MODEL-PACKAGE-(NUMBER)
 ----------------------------------------------------------------------------------------------------------
 Model                              1          2       4.5908426                            2_GWT-(1,38,56)
 Model                              2          1 -4.99628072E-09       *                    2_GWT-(1,32,28)
 ----------------------------------------------------------------------------------------------------------


 2 CALLS TO NUMERICAL SOLUTION IN TIME STEP 111 STRESS PERIOD 2
 3 TOTAL ITERATIONS
 
    Solving:  Stress period:     2    Time step:   112
 

 SLN_1 OUTER ITERATION SUMMARY
 ----------------------------------------------------------------------------------------------------------
                                OUTER      INNER                    STEP   MAXIMUM CHANGE MODEL-(CELLID) OR
 OUTER ITERATION STEP       ITERATION  ITERATION  MAXIMUM CHANGE SUCCESS             MODEL-PACKAGE-(NUMBER)
 ----------------------------------------------------------------------------------------------------------
 Model                              1          1 -1.06796014E-04       *                     1_GWF-(1,2,88)
 ----------------------------------------------------------------------------------------------------------


 1 CALLS TO NUMERICAL SOLUTION IN TIME STEP 112 STRESS PERIOD 2
 1 TOTAL ITERATIONS

 SLN_2 OUTER ITERATION SUMMARY
 ----------------------------------------------------------------------------------------------------------
                                OUTER      INNER                    STEP   MAXIMUM CHANGE MODEL-(CELLID) OR
 OUTER ITERATION STEP       ITERATION  ITERATION  MAXIMUM CHANGE SUCCESS             MODEL-PACKAGE-(NUMBER)
 ----------------------------------------------------------------------------------------------------------
 Model                              1          2       4.5519373                            2_GWT-(1,38,57)
 Model                              2          1  4.90112484E-09       *                    2_GWT-(1,32,28)
 ----------------------------------------------------------------------------------------------------------


 2 CALLS TO NUMERICAL SOLUTION IN TIME STEP 112 STRESS PERIOD 2
 3 TOTAL ITERATIONS
 
    Solving:  Stress period:     2    Time step:   113
 

 SLN_1 OUTER ITERATION SUMMARY
 ----------------------------------------------------------------------------------------------------------
                                OUTER      INNER                    STEP   MAXIMUM CHANGE MODEL-(CELLID) OR
 OUTER ITERATION STEP       ITERATION  ITERATION  MAXIMUM CHANGE SUCCESS             MODEL-PACKAGE-(NUMBER)
 ----------------------------------------------------------------------------------------------------------
 Model                              1          1 -1.05024900E-04       *                     1_GWF-(1,2,85)
 ----------------------------------------------------------------------------------------------------------


 1 CALLS TO NUMERICAL SOLUTION IN TIME STEP 113 STRESS PERIOD 2
 1 TOTAL ITERATIONS

 SLN_2 OUTER ITERATION SUMMARY
 ----------------------------------------------------------------------------------------------------------
                                OUTER      INNER                    STEP   MAXIMUM CHANGE MODEL-(CELLID) OR
 OUTER ITERATION STEP       ITERATION  ITERATION  MAXIMUM CHANGE SUCCESS             MODEL-PACKAGE-(NUMBER)
 ----------------------------------------------------------------------------------------------------------
 Model                              1          2       4.5193922                            2_GWT-(1,38,57)
 Model                              2          1 -4.83026952E-09       *                    2_GWT-(1,32,28)
 ----------------------------------------------------------------------------------------------------------


 2 CALLS TO NUMERICAL SOLUTION IN TIME STEP 113 STRESS PERIOD 2
 3 TOTAL ITERATIONS
 
    Solving:  Stress period:     2    Time step:   114
 

 SLN_1 OUTER ITERATION SUMMARY
 ----------------------------------------------------------------------------------------------------------
                                OUTER      INNER                    STEP   MAXIMUM CHANGE MODEL-(CELLID) OR
 OUTER ITERATION STEP       ITERATION  ITERATION  MAXIMUM CHANGE SUCCESS             MODEL-PACKAGE-(NUMBER)
 ----------------------------------------------------------------------------------------------------------
 Model                              1          1 -1.05956668E-04       *                     1_GWF-(1,2,88)
 ----------------------------------------------------------------------------------------------------------


 1 CALLS TO NUMERICAL SOLUTION IN TIME STEP 114 STRESS PERIOD 2
 1 TOTAL ITERATIONS

 SLN_2 OUTER ITERATION SUMMARY
 ----------------------------------------------------------------------------------------------------------
                                OUTER      INNER                    STEP   MAXIMUM CHANGE MODEL-(CELLID) OR
 OUTER ITERATION STEP       ITERATION  ITERATION  MAXIMUM CHANGE SUCCESS             MODEL-PACKAGE-(NUMBER)
 ----------------------------------------------------------------------------------------------------------
 Model                              1          2       4.4818974                            2_GWT-(1,38,57)
 Model                              2          1  4.73619366E-09       *                    2_GWT-(1,32,28)
 ----------------------------------------------------------------------------------------------------------


 2 CALLS TO NUMERICAL SOLUTION IN TIME STEP 114 STRESS PERIOD 2
 3 TOTAL ITERATIONS
 
    Solving:  Stress period:     2    Time step:   115
 

 SLN_1 OUTER ITERATION SUMMARY
 ----------------------------------------------------------------------------------------------------------
                                OUTER      INNER                    STEP   MAXIMUM CHANGE MODEL-(CELLID) OR
 OUTER ITERATION STEP       ITERATION  ITERATION  MAXIMUM CHANGE SUCCESS             MODEL-PACKAGE-(NUMBER)
 ----------------------------------------------------------------------------------------------------------
 Model                              1          1 -1.04256627E-04       *                     1_GWF-(1,2,85)
 ----------------------------------------------------------------------------------------------------------


 1 CALLS TO NUMERICAL SOLUTION IN TIME STEP 115 STRESS PERIOD 2
 1 TOTAL ITERATIONS

 SLN_2 OUTER ITERATION SUMMARY
 ----------------------------------------------------------------------------------------------------------
                                OUTER      INNER                    STEP   MAXIMUM CHANGE MODEL-(CELLID) OR
 OUTER ITERATION STEP       ITERATION  ITERATION  MAXIMUM CHANGE SUCCESS             MODEL-PACKAGE-(NUMBER)
 ----------------------------------------------------------------------------------------------------------
 Model                              1          2       4.4434991                            2_GWT-(1,38,57)
 Model                              2          1 -4.66872052E-09       *                    2_GWT-(1,32,28)
 ----------------------------------------------------------------------------------------------------------


 2 CALLS TO NUMERICAL SOLUTION IN TIME STEP 115 STRESS PERIOD 2
 3 TOTAL ITERATIONS
 
    Solving:  Stress period:     2    Time step:   116
 

 SLN_1 OUTER ITERATION SUMMARY
 ----------------------------------------------------------------------------------------------------------
                                OUTER      INNER                    STEP   MAXIMUM CHANGE MODEL-(CELLID) OR
 OUTER ITERATION STEP       ITERATION  ITERATION  MAXIMUM CHANGE SUCCESS             MODEL-PACKAGE-(NUMBER)
 ----------------------------------------------------------------------------------------------------------
 Model                              1          1 -1.05125632E-04       *                     1_GWF-(1,2,88)
 ----------------------------------------------------------------------------------------------------------


 1 CALLS TO NUMERICAL SOLUTION IN TIME STEP 116 STRESS PERIOD 2
 1 TOTAL ITERATIONS

 SLN_2 OUTER ITERATION SUMMARY
 ----------------------------------------------------------------------------------------------------------
                                OUTER      INNER                    STEP   MAXIMUM CHANGE MODEL-(CELLID) OR
 OUTER ITERATION STEP       ITERATION  ITERATION  MAXIMUM CHANGE SUCCESS             MODEL-PACKAGE-(NUMBER)
 ----------------------------------------------------------------------------------------------------------
 Model                              1          2       4.4071389                            2_GWT-(1,38,58)
 Model                              2          1  4.57561100E-09       *                    2_GWT-(1,32,28)
 ----------------------------------------------------------------------------------------------------------


 2 CALLS TO NUMERICAL SOLUTION IN TIME STEP 116 STRESS PERIOD 2
 3 TOTAL ITERATIONS
 
    Solving:  Stress period:     2    Time step:   117
 

 SLN_1 OUTER ITERATION SUMMARY
 ----------------------------------------------------------------------------------------------------------
                                OUTER      INNER                    STEP   MAXIMUM CHANGE MODEL-(CELLID) OR
 OUTER ITERATION STEP       ITERATION  ITERATION  MAXIMUM CHANGE SUCCESS             MODEL-PACKAGE-(NUMBER)
 ----------------------------------------------------------------------------------------------------------
 Model                              1          1 -1.03495026E-04       *                     1_GWF-(1,2,85)
 ----------------------------------------------------------------------------------------------------------


 1 CALLS TO NUMERICAL SOLUTION IN TIME STEP 117 STRESS PERIOD 2
 1 TOTAL ITERATIONS

 SLN_2 OUTER ITERATION SUMMARY
 ----------------------------------------------------------------------------------------------------------
                                OUTER      INNER                    STEP   MAXIMUM CHANGE MODEL-(CELLID) OR
 OUTER ITERATION STEP       ITERATION  ITERATION  MAXIMUM CHANGE SUCCESS             MODEL-PACKAGE-(NUMBER)
 ----------------------------------------------------------------------------------------------------------
 Model                              1          2       4.3786395                            2_GWT-(1,38,58)
 Model                              2          1 -4.51126425E-09       *                    2_GWT-(1,32,28)
 ----------------------------------------------------------------------------------------------------------


 2 CALLS TO NUMERICAL SOLUTION IN TIME STEP 117 STRESS PERIOD 2
 3 TOTAL ITERATIONS
 
    Solving:  Stress period:     2    Time step:   118
 

 SLN_1 OUTER ITERATION SUMMARY
 ----------------------------------------------------------------------------------------------------------
                                OUTER      INNER                    STEP   MAXIMUM CHANGE MODEL-(CELLID) OR
 OUTER ITERATION STEP       ITERATION  ITERATION  MAXIMUM CHANGE SUCCESS             MODEL-PACKAGE-(NUMBER)
 ----------------------------------------------------------------------------------------------------------
 Model                              1          1 -1.04302815E-04       *                     1_GWF-(1,2,88)
 ----------------------------------------------------------------------------------------------------------


 1 CALLS TO NUMERICAL SOLUTION IN TIME STEP 118 STRESS PERIOD 2
 1 TOTAL ITERATIONS

 SLN_2 OUTER ITERATION SUMMARY
 ----------------------------------------------------------------------------------------------------------
                                OUTER      INNER                    STEP   MAXIMUM CHANGE MODEL-(CELLID) OR
 OUTER ITERATION STEP       ITERATION  ITERATION  MAXIMUM CHANGE SUCCESS             MODEL-PACKAGE-(NUMBER)
 ----------------------------------------------------------------------------------------------------------
 Model                              1          2       4.3378326                            2_GWT-(1,38,58)
 Model                              2          1  4.41949055E-09       *                    2_GWT-(1,32,28)
 ----------------------------------------------------------------------------------------------------------


 2 CALLS TO NUMERICAL SOLUTION IN TIME STEP 118 STRESS PERIOD 2
 3 TOTAL ITERATIONS
 
    Solving:  Stress period:     2    Time step:   119
 

 SLN_1 OUTER ITERATION SUMMARY
 ----------------------------------------------------------------------------------------------------------
                                OUTER      INNER                    STEP   MAXIMUM CHANGE MODEL-(CELLID) OR
 OUTER ITERATION STEP       ITERATION  ITERATION  MAXIMUM CHANGE SUCCESS             MODEL-PACKAGE-(NUMBER)
 ----------------------------------------------------------------------------------------------------------
 Model                              1          1 -1.02740037E-04       *                     1_GWF-(1,2,85)
 ----------------------------------------------------------------------------------------------------------


 1 CALLS TO NUMERICAL SOLUTION IN TIME STEP 119 STRESS PERIOD 2
 1 TOTAL ITERATIONS

 SLN_2 OUTER ITERATION SUMMARY
 ----------------------------------------------------------------------------------------------------------
                                OUTER      INNER                    STEP   MAXIMUM CHANGE MODEL-(CELLID) OR
 OUTER ITERATION STEP       ITERATION  ITERATION  MAXIMUM CHANGE SUCCESS             MODEL-PACKAGE-(NUMBER)
 ----------------------------------------------------------------------------------------------------------
 Model                              1          2       4.3049433                            2_GWT-(1,38,59)
 Model                              2          1 -4.35809966E-09       *                    2_GWT-(1,32,28)
 ----------------------------------------------------------------------------------------------------------


 2 CALLS TO NUMERICAL SOLUTION IN TIME STEP 119 STRESS PERIOD 2
 3 TOTAL ITERATIONS
 
    Solving:  Stress period:     2    Time step:   120
 

 SLN_1 OUTER ITERATION SUMMARY
 ----------------------------------------------------------------------------------------------------------
                                OUTER      INNER                    STEP   MAXIMUM CHANGE MODEL-(CELLID) OR
 OUTER ITERATION STEP       ITERATION  ITERATION  MAXIMUM CHANGE SUCCESS             MODEL-PACKAGE-(NUMBER)
 ----------------------------------------------------------------------------------------------------------
 Model                              1          1 -1.03488127E-04       *                     1_GWF-(1,2,88)
 ----------------------------------------------------------------------------------------------------------


 1 CALLS TO NUMERICAL SOLUTION IN TIME STEP 120 STRESS PERIOD 2
 1 TOTAL ITERATIONS

 SLN_2 OUTER ITERATION SUMMARY
 ----------------------------------------------------------------------------------------------------------
                                OUTER      INNER                    STEP   MAXIMUM CHANGE MODEL-(CELLID) OR
 OUTER ITERATION STEP       ITERATION  ITERATION  MAXIMUM CHANGE SUCCESS             MODEL-PACKAGE-(NUMBER)
 ----------------------------------------------------------------------------------------------------------
 Model                              1          2       4.2733168                            2_GWT-(1,38,59)
 Model                              2          1  4.26769020E-09       *                    2_GWT-(1,32,28)
 ----------------------------------------------------------------------------------------------------------


 2 CALLS TO NUMERICAL SOLUTION IN TIME STEP 120 STRESS PERIOD 2
 3 TOTAL ITERATIONS
 
    Solving:  Stress period:     2    Time step:   121
 

 SLN_1 OUTER ITERATION SUMMARY
 ----------------------------------------------------------------------------------------------------------
                                OUTER      INNER                    STEP   MAXIMUM CHANGE MODEL-(CELLID) OR
 OUTER ITERATION STEP       ITERATION  ITERATION  MAXIMUM CHANGE SUCCESS             MODEL-PACKAGE-(NUMBER)
 ----------------------------------------------------------------------------------------------------------
 Model                              1          1 -1.01991598E-04       *                     1_GWF-(1,2,85)
 ----------------------------------------------------------------------------------------------------------


 1 CALLS TO NUMERICAL SOLUTION IN TIME STEP 121 STRESS PERIOD 2
 1 TOTAL ITERATIONS

 SLN_2 OUTER ITERATION SUMMARY
 ----------------------------------------------------------------------------------------------------------
                                OUTER      INNER                    STEP   MAXIMUM CHANGE MODEL-(CELLID) OR
 OUTER ITERATION STEP       ITERATION  ITERATION  MAXIMUM CHANGE SUCCESS             MODEL-PACKAGE-(NUMBER)
 ----------------------------------------------------------------------------------------------------------
 Model                              1          2       4.2418231                            2_GWT-(1,38,59)
 Model                              2          1 -4.20902779E-09       *                    2_GWT-(1,32,28)
 ----------------------------------------------------------------------------------------------------------


 2 CALLS TO NUMERICAL SOLUTION IN TIME STEP 121 STRESS PERIOD 2
 3 TOTAL ITERATIONS
 
    Solving:  Stress period:     2    Time step:   122
 

 SLN_1 OUTER ITERATION SUMMARY
 ----------------------------------------------------------------------------------------------------------
                                OUTER      INNER                    STEP   MAXIMUM CHANGE MODEL-(CELLID) OR
 OUTER ITERATION STEP       ITERATION  ITERATION  MAXIMUM CHANGE SUCCESS             MODEL-PACKAGE-(NUMBER)
 ----------------------------------------------------------------------------------------------------------
 Model                              1          1 -1.02681476E-04       *                     1_GWF-(1,2,88)
 ----------------------------------------------------------------------------------------------------------


 1 CALLS TO NUMERICAL SOLUTION IN TIME STEP 122 STRESS PERIOD 2
 1 TOTAL ITERATIONS

 SLN_2 OUTER ITERATION SUMMARY
 ----------------------------------------------------------------------------------------------------------
                                OUTER      INNER                    STEP   MAXIMUM CHANGE MODEL-(CELLID) OR
 OUTER ITERATION STEP       ITERATION  ITERATION  MAXIMUM CHANGE SUCCESS             MODEL-PACKAGE-(NUMBER)
 ----------------------------------------------------------------------------------------------------------
 Model                              1          2       4.2072205                            2_GWT-(1,37,59)
 Model                              2          1  4.12009626E-09       *                    2_GWT-(1,32,28)
 ----------------------------------------------------------------------------------------------------------


 2 CALLS TO NUMERICAL SOLUTION IN TIME STEP 122 STRESS PERIOD 2
 3 TOTAL ITERATIONS
 
    Solving:  Stress period:     2    Time step:   123
 

 SLN_1 OUTER ITERATION SUMMARY
 ----------------------------------------------------------------------------------------------------------
                                OUTER      INNER                    STEP   MAXIMUM CHANGE MODEL-(CELLID) OR
 OUTER ITERATION STEP       ITERATION  ITERATION  MAXIMUM CHANGE SUCCESS             MODEL-PACKAGE-(NUMBER)
 ----------------------------------------------------------------------------------------------------------
 Model                              1          1 -1.01249644E-04       *                     1_GWF-(1,2,85)
 ----------------------------------------------------------------------------------------------------------


 1 CALLS TO NUMERICAL SOLUTION IN TIME STEP 123 STRESS PERIOD 2
 1 TOTAL ITERATIONS

 SLN_2 OUTER ITERATION SUMMARY
 ----------------------------------------------------------------------------------------------------------
                                OUTER      INNER                    STEP   MAXIMUM CHANGE MODEL-(CELLID) OR
 OUTER ITERATION STEP       ITERATION  ITERATION  MAXIMUM CHANGE SUCCESS             MODEL-PACKAGE-(NUMBER)
 ----------------------------------------------------------------------------------------------------------
 Model                              1          2       4.1732910                            2_GWT-(1,38,60)
 Model                              2          1 -4.06396339E-09       *                    2_GWT-(1,32,28)
 ----------------------------------------------------------------------------------------------------------


 2 CALLS TO NUMERICAL SOLUTION IN TIME STEP 123 STRESS PERIOD 2
 3 TOTAL ITERATIONS
 
    Solving:  Stress period:     2    Time step:   124
 

 SLN_1 OUTER ITERATION SUMMARY
 ----------------------------------------------------------------------------------------------------------
                                OUTER      INNER                    STEP   MAXIMUM CHANGE MODEL-(CELLID) OR
 OUTER ITERATION STEP       ITERATION  ITERATION  MAXIMUM CHANGE SUCCESS             MODEL-PACKAGE-(NUMBER)
 ----------------------------------------------------------------------------------------------------------
 Model                              1          1 -1.01882769E-04       *                     1_GWF-(1,2,88)
 ----------------------------------------------------------------------------------------------------------


 1 CALLS TO NUMERICAL SOLUTION IN TIME STEP 124 STRESS PERIOD 2
 1 TOTAL ITERATIONS

 SLN_2 OUTER ITERATION SUMMARY
 ----------------------------------------------------------------------------------------------------------
                                OUTER      INNER                    STEP   MAXIMUM CHANGE MODEL-(CELLID) OR
 OUTER ITERATION STEP       ITERATION  ITERATION  MAXIMUM CHANGE SUCCESS             MODEL-PACKAGE-(NUMBER)
 ----------------------------------------------------------------------------------------------------------
 Model                              1          2       4.1477669                            2_GWT-(1,38,60)
 Model                              2          1  3.97659505E-09       *                    2_GWT-(1,32,28)
 ----------------------------------------------------------------------------------------------------------


 2 CALLS TO NUMERICAL SOLUTION IN TIME STEP 124 STRESS PERIOD 2
 3 TOTAL ITERATIONS
 
    Solving:  Stress period:     2    Time step:   125
 

 SLN_1 OUTER ITERATION SUMMARY
 ----------------------------------------------------------------------------------------------------------
                                OUTER      INNER                    STEP   MAXIMUM CHANGE MODEL-(CELLID) OR
 OUTER ITERATION STEP       ITERATION  ITERATION  MAXIMUM CHANGE SUCCESS             MODEL-PACKAGE-(NUMBER)
 ----------------------------------------------------------------------------------------------------------
 Model                              1          1 -1.00514113E-04       *                     1_GWF-(1,2,85)
 ----------------------------------------------------------------------------------------------------------


 1 CALLS TO NUMERICAL SOLUTION IN TIME STEP 125 STRESS PERIOD 2
 1 TOTAL ITERATIONS

 SLN_2 OUTER ITERATION SUMMARY
 ----------------------------------------------------------------------------------------------------------
                                OUTER      INNER                    STEP   MAXIMUM CHANGE MODEL-(CELLID) OR
 OUTER ITERATION STEP       ITERATION  ITERATION  MAXIMUM CHANGE SUCCESS             MODEL-PACKAGE-(NUMBER)
 ----------------------------------------------------------------------------------------------------------
 Model                              1          2       4.1105938                            2_GWT-(1,38,60)
 Model                              2          1 -3.92276434E-09       *                    2_GWT-(1,32,28)
 ----------------------------------------------------------------------------------------------------------


 2 CALLS TO NUMERICAL SOLUTION IN TIME STEP 125 STRESS PERIOD 2
 3 TOTAL ITERATIONS
 
    Solving:  Stress period:     2    Time step:   126
 

 SLN_1 OUTER ITERATION SUMMARY
 ----------------------------------------------------------------------------------------------------------
                                OUTER      INNER                    STEP   MAXIMUM CHANGE MODEL-(CELLID) OR
 OUTER ITERATION STEP       ITERATION  ITERATION  MAXIMUM CHANGE SUCCESS             MODEL-PACKAGE-(NUMBER)
 ----------------------------------------------------------------------------------------------------------
 Model                              1          1 -1.01091913E-04       *                     1_GWF-(1,2,88)
 ----------------------------------------------------------------------------------------------------------


 1 CALLS TO NUMERICAL SOLUTION IN TIME STEP 126 STRESS PERIOD 2
 1 TOTAL ITERATIONS

 SLN_2 OUTER ITERATION SUMMARY
 ----------------------------------------------------------------------------------------------------------
                                OUTER      INNER                    STEP   MAXIMUM CHANGE MODEL-(CELLID) OR
 OUTER ITERATION STEP       ITERATION  ITERATION  MAXIMUM CHANGE SUCCESS             MODEL-PACKAGE-(NUMBER)
 ----------------------------------------------------------------------------------------------------------
 Model                              1          2       4.0825289                            2_GWT-(1,38,61)
 Model                              2          1  3.83710130E-09       *                    2_GWT-(1,32,28)
 ----------------------------------------------------------------------------------------------------------


 2 CALLS TO NUMERICAL SOLUTION IN TIME STEP 126 STRESS PERIOD 2
 3 TOTAL ITERATIONS
 
    Solving:  Stress period:     2    Time step:   127
 

 SLN_1 OUTER ITERATION SUMMARY
 ----------------------------------------------------------------------------------------------------------
                                OUTER      INNER                    STEP   MAXIMUM CHANGE MODEL-(CELLID) OR
 OUTER ITERATION STEP       ITERATION  ITERATION  MAXIMUM CHANGE SUCCESS             MODEL-PACKAGE-(NUMBER)
 ----------------------------------------------------------------------------------------------------------
 Model                              1          1 -9.97849400E-05       *                     1_GWF-(1,2,85)
 ----------------------------------------------------------------------------------------------------------


 1 CALLS TO NUMERICAL SOLUTION IN TIME STEP 127 STRESS PERIOD 2
 1 TOTAL ITERATIONS

 SLN_2 OUTER ITERATION SUMMARY
 ----------------------------------------------------------------------------------------------------------
                                OUTER      INNER                    STEP   MAXIMUM CHANGE MODEL-(CELLID) OR
 OUTER ITERATION STEP       ITERATION  ITERATION  MAXIMUM CHANGE SUCCESS             MODEL-PACKAGE-(NUMBER)
 ----------------------------------------------------------------------------------------------------------
 Model                              1          2       4.0524874                            2_GWT-(1,37,61)
 Model                              2          1 -3.78537379E-09       *                    2_GWT-(1,32,28)
 ----------------------------------------------------------------------------------------------------------


 2 CALLS TO NUMERICAL SOLUTION IN TIME STEP 127 STRESS PERIOD 2
 3 TOTAL ITERATIONS
 
    Solving:  Stress period:     2    Time step:   128
 

 SLN_1 OUTER ITERATION SUMMARY
 ----------------------------------------------------------------------------------------------------------
                                OUTER      INNER                    STEP   MAXIMUM CHANGE MODEL-(CELLID) OR
 OUTER ITERATION STEP       ITERATION  ITERATION  MAXIMUM CHANGE SUCCESS             MODEL-PACKAGE-(NUMBER)
 ----------------------------------------------------------------------------------------------------------
 Model                              1          1 -1.00308816E-04       *                     1_GWF-(1,2,88)
 ----------------------------------------------------------------------------------------------------------


 1 CALLS TO NUMERICAL SOLUTION IN TIME STEP 128 STRESS PERIOD 2
 1 TOTAL ITERATIONS

 SLN_2 OUTER ITERATION SUMMARY
 ----------------------------------------------------------------------------------------------------------
                                OUTER      INNER                    STEP   MAXIMUM CHANGE MODEL-(CELLID) OR
 OUTER ITERATION STEP       ITERATION  ITERATION  MAXIMUM CHANGE SUCCESS             MODEL-PACKAGE-(NUMBER)
 ----------------------------------------------------------------------------------------------------------
 Model                              1          2       4.0252455                            2_GWT-(1,38,61)
 Model                              2          1  3.70138764E-09       *                    2_GWT-(1,32,28)
 ----------------------------------------------------------------------------------------------------------


 2 CALLS TO NUMERICAL SOLUTION IN TIME STEP 128 STRESS PERIOD 2
 3 TOTAL ITERATIONS
 
    Solving:  Stress period:     2    Time step:   129
 

 SLN_1 OUTER ITERATION SUMMARY
 ----------------------------------------------------------------------------------------------------------
                                OUTER      INNER                    STEP   MAXIMUM CHANGE MODEL-(CELLID) OR
 OUTER ITERATION STEP       ITERATION  ITERATION  MAXIMUM CHANGE SUCCESS             MODEL-PACKAGE-(NUMBER)
 ----------------------------------------------------------------------------------------------------------
 Model                              1          1 -9.90620611E-05       *                     1_GWF-(1,2,85)
 ----------------------------------------------------------------------------------------------------------


 1 CALLS TO NUMERICAL SOLUTION IN TIME STEP 129 STRESS PERIOD 2
 1 TOTAL ITERATIONS

 SLN_2 OUTER ITERATION SUMMARY
 ----------------------------------------------------------------------------------------------------------
                                OUTER      INNER                    STEP   MAXIMUM CHANGE MODEL-(CELLID) OR
 OUTER ITERATION STEP       ITERATION  ITERATION  MAXIMUM CHANGE SUCCESS             MODEL-PACKAGE-(NUMBER)
 ----------------------------------------------------------------------------------------------------------
 Model                              1          2       3.9930599                            2_GWT-(1,37,61)
 Model                              2          1 -3.65164965E-09       *                    2_GWT-(1,32,28)
 ----------------------------------------------------------------------------------------------------------


 2 CALLS TO NUMERICAL SOLUTION IN TIME STEP 129 STRESS PERIOD 2
 3 TOTAL ITERATIONS
 
    Solving:  Stress period:     2    Time step:   130
 

 SLN_1 OUTER ITERATION SUMMARY
 ----------------------------------------------------------------------------------------------------------
                                OUTER      INNER                    STEP   MAXIMUM CHANGE MODEL-(CELLID) OR
 OUTER ITERATION STEP       ITERATION  ITERATION  MAXIMUM CHANGE SUCCESS             MODEL-PACKAGE-(NUMBER)
 ----------------------------------------------------------------------------------------------------------
 Model                              1          1 -9.95333856E-05       *                     1_GWF-(1,2,88)
 ----------------------------------------------------------------------------------------------------------


 1 CALLS TO NUMERICAL SOLUTION IN TIME STEP 130 STRESS PERIOD 2
 1 TOTAL ITERATIONS

 SLN_2 OUTER ITERATION SUMMARY
 ----------------------------------------------------------------------------------------------------------
                                OUTER      INNER                    STEP   MAXIMUM CHANGE MODEL-(CELLID) OR
 OUTER ITERATION STEP       ITERATION  ITERATION  MAXIMUM CHANGE SUCCESS             MODEL-PACKAGE-(NUMBER)
 ----------------------------------------------------------------------------------------------------------
 Model                              1          2       3.9628151                            2_GWT-(1,38,62)
 Model                              2          1  3.56931196E-09       *                    2_GWT-(1,32,28)
 ----------------------------------------------------------------------------------------------------------


 2 CALLS TO NUMERICAL SOLUTION IN TIME STEP 130 STRESS PERIOD 2
 3 TOTAL ITERATIONS
 
    Solving:  Stress period:     2    Time step:   131
 

 SLN_1 OUTER ITERATION SUMMARY
 ----------------------------------------------------------------------------------------------------------
                                OUTER      INNER                    STEP   MAXIMUM CHANGE MODEL-(CELLID) OR
 OUTER ITERATION STEP       ITERATION  ITERATION  MAXIMUM CHANGE SUCCESS             MODEL-PACKAGE-(NUMBER)
 ----------------------------------------------------------------------------------------------------------
 Model                              1          1 -9.83454121E-05       *                     1_GWF-(1,2,85)
 ----------------------------------------------------------------------------------------------------------


 1 CALLS TO NUMERICAL SOLUTION IN TIME STEP 131 STRESS PERIOD 2
 1 TOTAL ITERATIONS

 SLN_2 OUTER ITERATION SUMMARY
 ----------------------------------------------------------------------------------------------------------
                                OUTER      INNER                    STEP   MAXIMUM CHANGE MODEL-(CELLID) OR
 OUTER ITERATION STEP       ITERATION  ITERATION  MAXIMUM CHANGE SUCCESS             MODEL-PACKAGE-(NUMBER)
 ----------------------------------------------------------------------------------------------------------
 Model                              1          2       3.9387450                            2_GWT-(1,37,62)
 Model                              2          1 -3.52150664E-09       *                    2_GWT-(1,32,28)
 ----------------------------------------------------------------------------------------------------------


 2 CALLS TO NUMERICAL SOLUTION IN TIME STEP 131 STRESS PERIOD 2
 3 TOTAL ITERATIONS
 
    Solving:  Stress period:     2    Time step:   132
 

 SLN_1 OUTER ITERATION SUMMARY
 ----------------------------------------------------------------------------------------------------------
                                OUTER      INNER                    STEP   MAXIMUM CHANGE MODEL-(CELLID) OR
 OUTER ITERATION STEP       ITERATION  ITERATION  MAXIMUM CHANGE SUCCESS             MODEL-PACKAGE-(NUMBER)
 ----------------------------------------------------------------------------------------------------------
 Model                              1          1 -9.87655284E-05       *                     1_GWF-(1,2,88)
 ----------------------------------------------------------------------------------------------------------


 1 CALLS TO NUMERICAL SOLUTION IN TIME STEP 132 STRESS PERIOD 2
 1 TOTAL ITERATIONS

 SLN_2 OUTER ITERATION SUMMARY
 ----------------------------------------------------------------------------------------------------------
                                OUTER      INNER                    STEP   MAXIMUM CHANGE MODEL-(CELLID) OR
 OUTER ITERATION STEP       ITERATION  ITERATION  MAXIMUM CHANGE SUCCESS             MODEL-PACKAGE-(NUMBER)
 ----------------------------------------------------------------------------------------------------------
 Model                              1          2       3.9057358                            2_GWT-(1,38,62)
 Model                              2          1  3.44098794E-09       *                    2_GWT-(1,32,28)
 ----------------------------------------------------------------------------------------------------------


 2 CALLS TO NUMERICAL SOLUTION IN TIME STEP 132 STRESS PERIOD 2
 3 TOTAL ITERATIONS
 
    Solving:  Stress period:     2    Time step:   133
 

 SLN_1 OUTER ITERATION SUMMARY
 ----------------------------------------------------------------------------------------------------------
                                OUTER      INNER                    STEP   MAXIMUM CHANGE MODEL-(CELLID) OR
 OUTER ITERATION STEP       ITERATION  ITERATION  MAXIMUM CHANGE SUCCESS             MODEL-PACKAGE-(NUMBER)
 ----------------------------------------------------------------------------------------------------------
 Model                              1          1 -9.76349287E-05       *                     1_GWF-(1,2,85)
 ----------------------------------------------------------------------------------------------------------


 1 CALLS TO NUMERICAL SOLUTION IN TIME STEP 133 STRESS PERIOD 2
 1 TOTAL ITERATIONS

 SLN_2 OUTER ITERATION SUMMARY
 ----------------------------------------------------------------------------------------------------------
                                OUTER      INNER                    STEP   MAXIMUM CHANGE MODEL-(CELLID) OR
 OUTER ITERATION STEP       ITERATION  ITERATION  MAXIMUM CHANGE SUCCESS             MODEL-PACKAGE-(NUMBER)
 ----------------------------------------------------------------------------------------------------------
 Model                              1          2       3.8807761                            2_GWT-(1,38,63)
 Model                              2          1 -3.39477424E-09       *                    2_GWT-(1,32,28)
 ----------------------------------------------------------------------------------------------------------


 2 CALLS TO NUMERICAL SOLUTION IN TIME STEP 133 STRESS PERIOD 2
 3 TOTAL ITERATIONS
 
    Solving:  Stress period:     2    Time step:   134
 

 SLN_1 OUTER ITERATION SUMMARY
 ----------------------------------------------------------------------------------------------------------
                                OUTER      INNER                    STEP   MAXIMUM CHANGE MODEL-(CELLID) OR
 OUTER ITERATION STEP       ITERATION  ITERATION  MAXIMUM CHANGE SUCCESS             MODEL-PACKAGE-(NUMBER)
 ----------------------------------------------------------------------------------------------------------
 Model                              1          1 -9.80051530E-05       *                     1_GWF-(1,2,88)
 ----------------------------------------------------------------------------------------------------------


 1 CALLS TO NUMERICAL SOLUTION IN TIME STEP 134 STRESS PERIOD 2
 1 TOTAL ITERATIONS

 SLN_2 OUTER ITERATION SUMMARY
 ----------------------------------------------------------------------------------------------------------
                                OUTER      INNER                    STEP   MAXIMUM CHANGE MODEL-(CELLID) OR
 OUTER ITERATION STEP       ITERATION  ITERATION  MAXIMUM CHANGE SUCCESS             MODEL-PACKAGE-(NUMBER)
 ----------------------------------------------------------------------------------------------------------
 Model                              1          2       3.8523542                            2_GWT-(1,37,63)
 Model                              2          1  3.31621663E-09       *                    2_GWT-(1,32,28)
 ----------------------------------------------------------------------------------------------------------


 2 CALLS TO NUMERICAL SOLUTION IN TIME STEP 134 STRESS PERIOD 2
 3 TOTAL ITERATIONS
 
    Solving:  Stress period:     2    Time step:   135
 

 SLN_1 OUTER ITERATION SUMMARY
 ----------------------------------------------------------------------------------------------------------
                                OUTER      INNER                    STEP   MAXIMUM CHANGE MODEL-(CELLID) OR
 OUTER ITERATION STEP       ITERATION  ITERATION  MAXIMUM CHANGE SUCCESS             MODEL-PACKAGE-(NUMBER)
 ----------------------------------------------------------------------------------------------------------
 Model                              1          1 -9.69305473E-05       *                     1_GWF-(1,2,85)
 ----------------------------------------------------------------------------------------------------------


 1 CALLS TO NUMERICAL SOLUTION IN TIME STEP 135 STRESS PERIOD 2
 1 TOTAL ITERATIONS

 SLN_2 OUTER ITERATION SUMMARY
 ----------------------------------------------------------------------------------------------------------
                                OUTER      INNER                    STEP   MAXIMUM CHANGE MODEL-(CELLID) OR
 OUTER ITERATION STEP       ITERATION  ITERATION  MAXIMUM CHANGE SUCCESS             MODEL-PACKAGE-(NUMBER)
 ----------------------------------------------------------------------------------------------------------
 Model                              1          2       3.8284527                            2_GWT-(1,38,63)
 Model                              2          1 -3.27148086E-09       *                    2_GWT-(1,32,28)
 ----------------------------------------------------------------------------------------------------------


 2 CALLS TO NUMERICAL SOLUTION IN TIME STEP 135 STRESS PERIOD 2
 3 TOTAL ITERATIONS
 
    Solving:  Stress period:     2    Time step:   136
 

 SLN_1 OUTER ITERATION SUMMARY
 ----------------------------------------------------------------------------------------------------------
                                OUTER      INNER                    STEP   MAXIMUM CHANGE MODEL-(CELLID) OR
 OUTER ITERATION STEP       ITERATION  ITERATION  MAXIMUM CHANGE SUCCESS             MODEL-PACKAGE-(NUMBER)
 ----------------------------------------------------------------------------------------------------------
 Model                              1          1 -9.72521681E-05       *                     1_GWF-(1,2,88)
 ----------------------------------------------------------------------------------------------------------


 1 CALLS TO NUMERICAL SOLUTION IN TIME STEP 136 STRESS PERIOD 2
 1 TOTAL ITERATIONS

 SLN_2 OUTER ITERATION SUMMARY
 ----------------------------------------------------------------------------------------------------------
                                OUTER      INNER                    STEP   MAXIMUM CHANGE MODEL-(CELLID) OR
 OUTER ITERATION STEP       ITERATION  ITERATION  MAXIMUM CHANGE SUCCESS             MODEL-PACKAGE-(NUMBER)
 ----------------------------------------------------------------------------------------------------------
 Model                              1          2       3.7979657                            2_GWT-(1,37,63)
 Model                              2          1  3.19491278E-09       *                    2_GWT-(1,32,28)
 ----------------------------------------------------------------------------------------------------------


 2 CALLS TO NUMERICAL SOLUTION IN TIME STEP 136 STRESS PERIOD 2
 3 TOTAL ITERATIONS
 
    Solving:  Stress period:     2    Time step:   137
 

 SLN_1 OUTER ITERATION SUMMARY
 ----------------------------------------------------------------------------------------------------------
                                OUTER      INNER                    STEP   MAXIMUM CHANGE MODEL-(CELLID) OR
 OUTER ITERATION STEP       ITERATION  ITERATION  MAXIMUM CHANGE SUCCESS             MODEL-PACKAGE-(NUMBER)
 ----------------------------------------------------------------------------------------------------------
 Model                              1          1 -9.62322044E-05       *                     1_GWF-(1,2,85)
 ----------------------------------------------------------------------------------------------------------


 1 CALLS TO NUMERICAL SOLUTION IN TIME STEP 137 STRESS PERIOD 2
 1 TOTAL ITERATIONS

 SLN_2 OUTER ITERATION SUMMARY
 ----------------------------------------------------------------------------------------------------------
                                OUTER      INNER                    STEP   MAXIMUM CHANGE MODEL-(CELLID) OR
 OUTER ITERATION STEP       ITERATION  ITERATION  MAXIMUM CHANGE SUCCESS             MODEL-PACKAGE-(NUMBER)
 ----------------------------------------------------------------------------------------------------------
 Model                              1          2       3.7722971                            2_GWT-(1,38,64)
 Model                              2          1 -3.15154125E-09       *                    2_GWT-(1,32,28)
 ----------------------------------------------------------------------------------------------------------


 2 CALLS TO NUMERICAL SOLUTION IN TIME STEP 137 STRESS PERIOD 2
 3 TOTAL ITERATIONS
 
    Solving:  Stress period:     2    Time step:   138
 

 SLN_1 OUTER ITERATION SUMMARY
 ----------------------------------------------------------------------------------------------------------
                                OUTER      INNER                    STEP   MAXIMUM CHANGE MODEL-(CELLID) OR
 OUTER ITERATION STEP       ITERATION  ITERATION  MAXIMUM CHANGE SUCCESS             MODEL-PACKAGE-(NUMBER)
 ----------------------------------------------------------------------------------------------------------
 Model                              1          1 -9.65064834E-05       *                     1_GWF-(1,2,88)
 ----------------------------------------------------------------------------------------------------------


 1 CALLS TO NUMERICAL SOLUTION IN TIME STEP 138 STRESS PERIOD 2
 1 TOTAL ITERATIONS

 SLN_2 OUTER ITERATION SUMMARY
 ----------------------------------------------------------------------------------------------------------
                                OUTER      INNER                    STEP   MAXIMUM CHANGE MODEL-(CELLID) OR
 OUTER ITERATION STEP       ITERATION  ITERATION  MAXIMUM CHANGE SUCCESS             MODEL-PACKAGE-(NUMBER)
 ----------------------------------------------------------------------------------------------------------
 Model                              1          2       3.7502522                            2_GWT-(1,37,64)
 Model                              2          1  3.07699111E-09       *                    2_GWT-(1,32,28)
 ----------------------------------------------------------------------------------------------------------


 2 CALLS TO NUMERICAL SOLUTION IN TIME STEP 138 STRESS PERIOD 2
 3 TOTAL ITERATIONS
 
    Solving:  Stress period:     2    Time step:   139
 

 SLN_1 OUTER ITERATION SUMMARY
 ----------------------------------------------------------------------------------------------------------
                                OUTER      INNER                    STEP   MAXIMUM CHANGE MODEL-(CELLID) OR
 OUTER ITERATION STEP       ITERATION  ITERATION  MAXIMUM CHANGE SUCCESS             MODEL-PACKAGE-(NUMBER)
 ----------------------------------------------------------------------------------------------------------
 Model                              1          1 -9.55398368E-05       *                     1_GWF-(1,2,85)
 ----------------------------------------------------------------------------------------------------------


 1 CALLS TO NUMERICAL SOLUTION IN TIME STEP 139 STRESS PERIOD 2
 1 TOTAL ITERATIONS

 SLN_2 OUTER ITERATION SUMMARY
 ----------------------------------------------------------------------------------------------------------
                                OUTER      INNER                    STEP   MAXIMUM CHANGE MODEL-(CELLID) OR
 OUTER ITERATION STEP       ITERATION  ITERATION  MAXIMUM CHANGE SUCCESS             MODEL-PACKAGE-(NUMBER)
 ----------------------------------------------------------------------------------------------------------
 Model                              1          2       3.7200317                            2_GWT-(1,38,64)
 Model                              2          1 -3.03495540E-09       *                    2_GWT-(1,32,28)
 ----------------------------------------------------------------------------------------------------------


 2 CALLS TO NUMERICAL SOLUTION IN TIME STEP 139 STRESS PERIOD 2
 3 TOTAL ITERATIONS
 
    Solving:  Stress period:     2    Time step:   140
 

 SLN_1 OUTER ITERATION SUMMARY
 ----------------------------------------------------------------------------------------------------------
                                OUTER      INNER                    STEP   MAXIMUM CHANGE MODEL-(CELLID) OR
 OUTER ITERATION STEP       ITERATION  ITERATION  MAXIMUM CHANGE SUCCESS             MODEL-PACKAGE-(NUMBER)
 ----------------------------------------------------------------------------------------------------------
 Model                              1          1 -9.57680092E-05       *                     1_GWF-(1,2,88)
 ----------------------------------------------------------------------------------------------------------


 1 CALLS TO NUMERICAL SOLUTION IN TIME STEP 140 STRESS PERIOD 2
 1 TOTAL ITERATIONS

 SLN_2 OUTER ITERATION SUMMARY
 ----------------------------------------------------------------------------------------------------------
                                OUTER      INNER                    STEP   MAXIMUM CHANGE MODEL-(CELLID) OR
 OUTER ITERATION STEP       ITERATION  ITERATION  MAXIMUM CHANGE SUCCESS             MODEL-PACKAGE-(NUMBER)
 ----------------------------------------------------------------------------------------------------------
 Model                              1          2       3.6966837                            2_GWT-(1,38,65)
 Model                              2          1  2.96239477E-09       *                    2_GWT-(1,32,28)
 ----------------------------------------------------------------------------------------------------------


 2 CALLS TO NUMERICAL SOLUTION IN TIME STEP 140 STRESS PERIOD 2
 3 TOTAL ITERATIONS
 
    Solving:  Stress period:     2    Time step:   141
 

 SLN_1 OUTER ITERATION SUMMARY
 ----------------------------------------------------------------------------------------------------------
                                OUTER      INNER                    STEP   MAXIMUM CHANGE MODEL-(CELLID) OR
 OUTER ITERATION STEP       ITERATION  ITERATION  MAXIMUM CHANGE SUCCESS             MODEL-PACKAGE-(NUMBER)
 ----------------------------------------------------------------------------------------------------------
 Model                              1          1 -9.48533821E-05       *                     1_GWF-(1,2,85)
 ----------------------------------------------------------------------------------------------------------


 1 CALLS TO NUMERICAL SOLUTION IN TIME STEP 141 STRESS PERIOD 2
 1 TOTAL ITERATIONS

 SLN_2 OUTER ITERATION SUMMARY
 ----------------------------------------------------------------------------------------------------------
                                OUTER      INNER                    STEP   MAXIMUM CHANGE MODEL-(CELLID) OR
 OUTER ITERATION STEP       ITERATION  ITERATION  MAXIMUM CHANGE SUCCESS             MODEL-PACKAGE-(NUMBER)
 ----------------------------------------------------------------------------------------------------------
 Model                              1          2       3.6701043                            2_GWT-(1,37,65)
 Model                              2          1 -2.92163804E-09       *                    2_GWT-(1,32,28)
 ----------------------------------------------------------------------------------------------------------


 2 CALLS TO NUMERICAL SOLUTION IN TIME STEP 141 STRESS PERIOD 2
 3 TOTAL ITERATIONS
 
    Solving:  Stress period:     2    Time step:   142
 

 SLN_1 OUTER ITERATION SUMMARY
 ----------------------------------------------------------------------------------------------------------
                                OUTER      INNER                    STEP   MAXIMUM CHANGE MODEL-(CELLID) OR
 OUTER ITERATION STEP       ITERATION  ITERATION  MAXIMUM CHANGE SUCCESS             MODEL-PACKAGE-(NUMBER)
 ----------------------------------------------------------------------------------------------------------
 Model                              1          1 -9.50366567E-05       *                     1_GWF-(1,2,88)
 ----------------------------------------------------------------------------------------------------------


 1 CALLS TO NUMERICAL SOLUTION IN TIME STEP 142 STRESS PERIOD 2
 1 TOTAL ITERATIONS

 SLN_2 OUTER ITERATION SUMMARY
 ----------------------------------------------------------------------------------------------------------
                                OUTER      INNER                    STEP   MAXIMUM CHANGE MODEL-(CELLID) OR
 OUTER ITERATION STEP       ITERATION  ITERATION  MAXIMUM CHANGE SUCCESS             MODEL-PACKAGE-(NUMBER)
 ----------------------------------------------------------------------------------------------------------
 Model                              1          2       3.6486040                            2_GWT-(1,38,65)
 Model                              2          1  2.85109536E-09       *                    2_GWT-(1,32,28)
 ----------------------------------------------------------------------------------------------------------


 2 CALLS TO NUMERICAL SOLUTION IN TIME STEP 142 STRESS PERIOD 2
 3 TOTAL ITERATIONS
 
    Solving:  Stress period:     2    Time step:   143
 

 SLN_1 OUTER ITERATION SUMMARY
 ----------------------------------------------------------------------------------------------------------
                                OUTER      INNER                    STEP   MAXIMUM CHANGE MODEL-(CELLID) OR
 OUTER ITERATION STEP       ITERATION  ITERATION  MAXIMUM CHANGE SUCCESS             MODEL-PACKAGE-(NUMBER)
 ----------------------------------------------------------------------------------------------------------
 Model                              1          1 -9.41727785E-05       *                     1_GWF-(1,2,85)
 ----------------------------------------------------------------------------------------------------------


 1 CALLS TO NUMERICAL SOLUTION IN TIME STEP 143 STRESS PERIOD 2
 1 TOTAL ITERATIONS

 SLN_2 OUTER ITERATION SUMMARY
 ----------------------------------------------------------------------------------------------------------
                                OUTER      INNER                    STEP   MAXIMUM CHANGE MODEL-(CELLID) OR
 OUTER ITERATION STEP       ITERATION  ITERATION  MAXIMUM CHANGE SUCCESS             MODEL-PACKAGE-(NUMBER)
 ----------------------------------------------------------------------------------------------------------
 Model                              1          2       3.6200472                            2_GWT-(1,37,65)
 Model                              2          1 -2.81147550E-09       *                    2_GWT-(1,32,28)
 ----------------------------------------------------------------------------------------------------------


 2 CALLS TO NUMERICAL SOLUTION IN TIME STEP 143 STRESS PERIOD 2
 3 TOTAL ITERATIONS
 
    Solving:  Stress period:     2    Time step:   144
 

 SLN_1 OUTER ITERATION SUMMARY
 ----------------------------------------------------------------------------------------------------------
                                OUTER      INNER                    STEP   MAXIMUM CHANGE MODEL-(CELLID) OR
 OUTER ITERATION STEP       ITERATION  ITERATION  MAXIMUM CHANGE SUCCESS             MODEL-PACKAGE-(NUMBER)
 ----------------------------------------------------------------------------------------------------------
 Model                              1          1 -9.43123382E-05       *                     1_GWF-(1,2,88)
 ----------------------------------------------------------------------------------------------------------


 1 CALLS TO NUMERICAL SOLUTION IN TIME STEP 144 STRESS PERIOD 2
 1 TOTAL ITERATIONS

 SLN_2 OUTER ITERATION SUMMARY
 ----------------------------------------------------------------------------------------------------------
                                OUTER      INNER                    STEP   MAXIMUM CHANGE MODEL-(CELLID) OR
 OUTER ITERATION STEP       ITERATION  ITERATION  MAXIMUM CHANGE SUCCESS             MODEL-PACKAGE-(NUMBER)
 ----------------------------------------------------------------------------------------------------------
 Model                              1          2       3.5986987                            2_GWT-(1,38,66)
 Model                              2          1  2.74314971E-09       *                    2_GWT-(1,32,28)
 ----------------------------------------------------------------------------------------------------------


 2 CALLS TO NUMERICAL SOLUTION IN TIME STEP 144 STRESS PERIOD 2
 3 TOTAL ITERATIONS
 
    Solving:  Stress period:     2    Time step:   145
 

 SLN_1 OUTER ITERATION SUMMARY
 ----------------------------------------------------------------------------------------------------------
                                OUTER      INNER                    STEP   MAXIMUM CHANGE MODEL-(CELLID) OR
 OUTER ITERATION STEP       ITERATION  ITERATION  MAXIMUM CHANGE SUCCESS             MODEL-PACKAGE-(NUMBER)
 ----------------------------------------------------------------------------------------------------------
 Model                              1          1 -9.34979645E-05       *                     1_GWF-(1,2,85)
 ----------------------------------------------------------------------------------------------------------


 1 CALLS TO NUMERICAL SOLUTION IN TIME STEP 145 STRESS PERIOD 2
 1 TOTAL ITERATIONS

 SLN_2 OUTER ITERATION SUMMARY
 ----------------------------------------------------------------------------------------------------------
                                OUTER      INNER                    STEP   MAXIMUM CHANGE MODEL-(CELLID) OR
 OUTER ITERATION STEP       ITERATION  ITERATION  MAXIMUM CHANGE SUCCESS             MODEL-PACKAGE-(NUMBER)
 ----------------------------------------------------------------------------------------------------------
 Model                              1          2       3.5774745                            2_GWT-(1,37,66)
 Model                              2          1 -2.70463829E-09       *                    2_GWT-(1,32,28)
 ----------------------------------------------------------------------------------------------------------


 2 CALLS TO NUMERICAL SOLUTION IN TIME STEP 145 STRESS PERIOD 2
 3 TOTAL ITERATIONS
 
    Solving:  Stress period:     2    Time step:   146
 

 SLN_1 OUTER ITERATION SUMMARY
 ----------------------------------------------------------------------------------------------------------
                                OUTER      INNER                    STEP   MAXIMUM CHANGE MODEL-(CELLID) OR
 OUTER ITERATION STEP       ITERATION  ITERATION  MAXIMUM CHANGE SUCCESS             MODEL-PACKAGE-(NUMBER)
 ----------------------------------------------------------------------------------------------------------
 Model                              1          1 -9.35949670E-05       *                     1_GWF-(1,2,88)
 ----------------------------------------------------------------------------------------------------------


 1 CALLS TO NUMERICAL SOLUTION IN TIME STEP 146 STRESS PERIOD 2
 1 TOTAL ITERATIONS

 SLN_2 OUTER ITERATION SUMMARY
 ----------------------------------------------------------------------------------------------------------
                                OUTER      INNER                    STEP   MAXIMUM CHANGE MODEL-(CELLID) OR
 OUTER ITERATION STEP       ITERATION  ITERATION  MAXIMUM CHANGE SUCCESS             MODEL-PACKAGE-(NUMBER)
 ----------------------------------------------------------------------------------------------------------
 Model                              1          2       3.5505847                            2_GWT-(1,38,66)
 Model                              2          1  2.63838729E-09       *                    2_GWT-(1,32,28)
 ----------------------------------------------------------------------------------------------------------


 2 CALLS TO NUMERICAL SOLUTION IN TIME STEP 146 STRESS PERIOD 2
 3 TOTAL ITERATIONS
 
    Solving:  Stress period:     2    Time step:   147
 

 SLN_1 OUTER ITERATION SUMMARY
 ----------------------------------------------------------------------------------------------------------
                                OUTER      INNER                    STEP   MAXIMUM CHANGE MODEL-(CELLID) OR
 OUTER ITERATION STEP       ITERATION  ITERATION  MAXIMUM CHANGE SUCCESS             MODEL-PACKAGE-(NUMBER)
 ----------------------------------------------------------------------------------------------------------
 Model                              1          1 -9.28288795E-05       *                     1_GWF-(1,2,85)
 ----------------------------------------------------------------------------------------------------------


 1 CALLS TO NUMERICAL SOLUTION IN TIME STEP 147 STRESS PERIOD 2
 1 TOTAL ITERATIONS

 SLN_2 OUTER ITERATION SUMMARY
 ----------------------------------------------------------------------------------------------------------
                                OUTER      INNER                    STEP   MAXIMUM CHANGE MODEL-(CELLID) OR
 OUTER ITERATION STEP       ITERATION  ITERATION  MAXIMUM CHANGE SUCCESS             MODEL-PACKAGE-(NUMBER)
 ----------------------------------------------------------------------------------------------------------
 Model                              1          2       3.5283533                            2_GWT-(1,37,67)
 Model                              2          1 -2.60104116E-09       *                    2_GWT-(1,32,28)
 ----------------------------------------------------------------------------------------------------------


 2 CALLS TO NUMERICAL SOLUTION IN TIME STEP 147 STRESS PERIOD 2
 3 TOTAL ITERATIONS
 
    Solving:  Stress period:     2    Time step:   148
 

 SLN_1 OUTER ITERATION SUMMARY
 ----------------------------------------------------------------------------------------------------------
                                OUTER      INNER                    STEP   MAXIMUM CHANGE MODEL-(CELLID) OR
 OUTER ITERATION STEP       ITERATION  ITERATION  MAXIMUM CHANGE SUCCESS             MODEL-PACKAGE-(NUMBER)
 ----------------------------------------------------------------------------------------------------------
 Model                              1          1 -9.28844576E-05       *                     1_GWF-(1,2,88)
 ----------------------------------------------------------------------------------------------------------


 1 CALLS TO NUMERICAL SOLUTION IN TIME STEP 148 STRESS PERIOD 2
 1 TOTAL ITERATIONS

 SLN_2 OUTER ITERATION SUMMARY
 ----------------------------------------------------------------------------------------------------------
                                OUTER      INNER                    STEP   MAXIMUM CHANGE MODEL-(CELLID) OR
 OUTER ITERATION STEP       ITERATION  ITERATION  MAXIMUM CHANGE SUCCESS             MODEL-PACKAGE-(NUMBER)
 ----------------------------------------------------------------------------------------------------------
 Model                              1          2       3.5040507                            2_GWT-(1,37,67)
 Model                              2          1  2.53697863E-09       *                    2_GWT-(1,32,28)
 ----------------------------------------------------------------------------------------------------------


 2 CALLS TO NUMERICAL SOLUTION IN TIME STEP 148 STRESS PERIOD 2
 3 TOTAL ITERATIONS
 
    Solving:  Stress period:     2    Time step:   149
 

 SLN_1 OUTER ITERATION SUMMARY
 ----------------------------------------------------------------------------------------------------------
                                OUTER      INNER                    STEP   MAXIMUM CHANGE MODEL-(CELLID) OR
 OUTER ITERATION STEP       ITERATION  ITERATION  MAXIMUM CHANGE SUCCESS             MODEL-PACKAGE-(NUMBER)
 ----------------------------------------------------------------------------------------------------------
 Model                              1          1 -9.21654635E-05       *                     1_GWF-(1,2,85)
 ----------------------------------------------------------------------------------------------------------


 1 CALLS TO NUMERICAL SOLUTION IN TIME STEP 149 STRESS PERIOD 2
 1 TOTAL ITERATIONS

 SLN_2 OUTER ITERATION SUMMARY
 ----------------------------------------------------------------------------------------------------------
                                OUTER      INNER                    STEP   MAXIMUM CHANGE MODEL-(CELLID) OR
 OUTER ITERATION STEP       ITERATION  ITERATION  MAXIMUM CHANGE SUCCESS             MODEL-PACKAGE-(NUMBER)
 ----------------------------------------------------------------------------------------------------------
 Model                              1          2       3.4857205                            2_GWT-(1,37,67)
 Model                              2          1 -2.50076937E-09       *                    2_GWT-(1,32,28)
 ----------------------------------------------------------------------------------------------------------


 2 CALLS TO NUMERICAL SOLUTION IN TIME STEP 149 STRESS PERIOD 2
 3 TOTAL ITERATIONS
 
    Solving:  Stress period:     2    Time step:   150
 

 SLN_1 OUTER ITERATION SUMMARY
 ----------------------------------------------------------------------------------------------------------
                                OUTER      INNER                    STEP   MAXIMUM CHANGE MODEL-(CELLID) OR
 OUTER ITERATION STEP       ITERATION  ITERATION  MAXIMUM CHANGE SUCCESS             MODEL-PACKAGE-(NUMBER)
 ----------------------------------------------------------------------------------------------------------
 Model                              1          1 -9.21807252E-05       *                     1_GWF-(1,2,88)
 ----------------------------------------------------------------------------------------------------------


 1 CALLS TO NUMERICAL SOLUTION IN TIME STEP 150 STRESS PERIOD 2
 1 TOTAL ITERATIONS

 SLN_2 OUTER ITERATION SUMMARY
 ----------------------------------------------------------------------------------------------------------
                                OUTER      INNER                    STEP   MAXIMUM CHANGE MODEL-(CELLID) OR
 OUTER ITERATION STEP       ITERATION  ITERATION  MAXIMUM CHANGE SUCCESS             MODEL-PACKAGE-(NUMBER)
 ----------------------------------------------------------------------------------------------------------
 Model                              1          2       3.4581657                            2_GWT-(1,37,68)
 Model                              2          1  2.43883846E-09       *                    2_GWT-(1,32,28)
 ----------------------------------------------------------------------------------------------------------


 2 CALLS TO NUMERICAL SOLUTION IN TIME STEP 150 STRESS PERIOD 2
 3 TOTAL ITERATIONS
 
    Solving:  Stress period:     2    Time step:   151
 

 SLN_1 OUTER ITERATION SUMMARY
 ----------------------------------------------------------------------------------------------------------
                                OUTER      INNER                    STEP   MAXIMUM CHANGE MODEL-(CELLID) OR
 OUTER ITERATION STEP       ITERATION  ITERATION  MAXIMUM CHANGE SUCCESS             MODEL-PACKAGE-(NUMBER)
 ----------------------------------------------------------------------------------------------------------
 Model                              1          1 -9.15076571E-05       *                     1_GWF-(1,2,85)
 ----------------------------------------------------------------------------------------------------------


 1 CALLS TO NUMERICAL SOLUTION IN TIME STEP 151 STRESS PERIOD 2
 1 TOTAL ITERATIONS

 SLN_2 OUTER ITERATION SUMMARY
 ----------------------------------------------------------------------------------------------------------
                                OUTER      INNER                    STEP   MAXIMUM CHANGE MODEL-(CELLID) OR
 OUTER ITERATION STEP       ITERATION  ITERATION  MAXIMUM CHANGE SUCCESS             MODEL-PACKAGE-(NUMBER)
 ----------------------------------------------------------------------------------------------------------
 Model                              1          2       3.4395116                            2_GWT-(1,38,68)
 Model                              2          1 -2.40390818E-09       *                    2_GWT-(1,32,28)
 ----------------------------------------------------------------------------------------------------------


 2 CALLS TO NUMERICAL SOLUTION IN TIME STEP 151 STRESS PERIOD 2
 3 TOTAL ITERATIONS
 
    Solving:  Stress period:     2    Time step:   152
 

 SLN_1 OUTER ITERATION SUMMARY
 ----------------------------------------------------------------------------------------------------------
                                OUTER      INNER                    STEP   MAXIMUM CHANGE MODEL-(CELLID) OR
 OUTER ITERATION STEP       ITERATION  ITERATION  MAXIMUM CHANGE SUCCESS             MODEL-PACKAGE-(NUMBER)
 ----------------------------------------------------------------------------------------------------------
 Model                              1          1 -9.14836865E-05       *                     1_GWF-(1,2,88)
 ----------------------------------------------------------------------------------------------------------


 1 CALLS TO NUMERICAL SOLUTION IN TIME STEP 152 STRESS PERIOD 2
 1 TOTAL ITERATIONS

 SLN_2 OUTER ITERATION SUMMARY
 ----------------------------------------------------------------------------------------------------------
                                OUTER      INNER                    STEP   MAXIMUM CHANGE MODEL-(CELLID) OR
 OUTER ITERATION STEP       ITERATION  ITERATION  MAXIMUM CHANGE SUCCESS             MODEL-PACKAGE-(NUMBER)
 ----------------------------------------------------------------------------------------------------------
 Model                              1          2       3.4188586                            2_GWT-(1,37,68)
 Model                              2          1  2.34419417E-09       *                    2_GWT-(1,32,28)
 ----------------------------------------------------------------------------------------------------------


 2 CALLS TO NUMERICAL SOLUTION IN TIME STEP 152 STRESS PERIOD 2
 3 TOTAL ITERATIONS
 
    Solving:  Stress period:     2    Time step:   153
 

 SLN_1 OUTER ITERATION SUMMARY
 ----------------------------------------------------------------------------------------------------------
                                OUTER      INNER                    STEP   MAXIMUM CHANGE MODEL-(CELLID) OR
 OUTER ITERATION STEP       ITERATION  ITERATION  MAXIMUM CHANGE SUCCESS             MODEL-PACKAGE-(NUMBER)
 ----------------------------------------------------------------------------------------------------------
 Model                              1          1 -9.08554019E-05       *                     1_GWF-(1,2,85)
 ----------------------------------------------------------------------------------------------------------


 1 CALLS TO NUMERICAL SOLUTION IN TIME STEP 153 STRESS PERIOD 2
 1 TOTAL ITERATIONS

 SLN_2 OUTER ITERATION SUMMARY
 ----------------------------------------------------------------------------------------------------------
                                OUTER      INNER                    STEP   MAXIMUM CHANGE MODEL-(CELLID) OR
 OUTER ITERATION STEP       ITERATION  ITERATION  MAXIMUM CHANGE SUCCESS             MODEL-PACKAGE-(NUMBER)
 ----------------------------------------------------------------------------------------------------------
 Model                              1          2       3.3950694                            2_GWT-(1,37,68)
 Model                              2          1 -2.31054287E-09       *                    2_GWT-(1,32,28)
 ----------------------------------------------------------------------------------------------------------


 2 CALLS TO NUMERICAL SOLUTION IN TIME STEP 153 STRESS PERIOD 2
 3 TOTAL ITERATIONS
 
    Solving:  Stress period:     2    Time step:   154
 

 SLN_1 OUTER ITERATION SUMMARY
 ----------------------------------------------------------------------------------------------------------
                                OUTER      INNER                    STEP   MAXIMUM CHANGE MODEL-(CELLID) OR
 OUTER ITERATION STEP       ITERATION  ITERATION  MAXIMUM CHANGE SUCCESS             MODEL-PACKAGE-(NUMBER)
 ----------------------------------------------------------------------------------------------------------
 Model                              1          1 -9.07932593E-05       *                     1_GWF-(1,2,88)
 ----------------------------------------------------------------------------------------------------------


 1 CALLS TO NUMERICAL SOLUTION IN TIME STEP 154 STRESS PERIOD 2
 1 TOTAL ITERATIONS

 SLN_2 OUTER ITERATION SUMMARY
 ----------------------------------------------------------------------------------------------------------
                                OUTER      INNER                    STEP   MAXIMUM CHANGE MODEL-(CELLID) OR
 OUTER ITERATION STEP       ITERATION  ITERATION  MAXIMUM CHANGE SUCCESS             MODEL-PACKAGE-(NUMBER)
 ----------------------------------------------------------------------------------------------------------
 Model                              1          2       3.3753869                            2_GWT-(1,37,69)
 Model                              2          1  2.25321628E-09       *                    2_GWT-(1,32,28)
 ----------------------------------------------------------------------------------------------------------


 2 CALLS TO NUMERICAL SOLUTION IN TIME STEP 154 STRESS PERIOD 2
 3 TOTAL ITERATIONS
 
    Solving:  Stress period:     2    Time step:   155
 

 SLN_1 OUTER ITERATION SUMMARY
 ----------------------------------------------------------------------------------------------------------
                                OUTER      INNER                    STEP   MAXIMUM CHANGE MODEL-(CELLID) OR
 OUTER ITERATION STEP       ITERATION  ITERATION  MAXIMUM CHANGE SUCCESS             MODEL-PACKAGE-(NUMBER)
 ----------------------------------------------------------------------------------------------------------
 Model                              1          1 -9.02086399E-05       *                     1_GWF-(1,2,85)
 ----------------------------------------------------------------------------------------------------------


 1 CALLS TO NUMERICAL SOLUTION IN TIME STEP 155 STRESS PERIOD 2
 1 TOTAL ITERATIONS

 SLN_2 OUTER ITERATION SUMMARY
 ----------------------------------------------------------------------------------------------------------
                                OUTER      INNER                    STEP   MAXIMUM CHANGE MODEL-(CELLID) OR
 OUTER ITERATION STEP       ITERATION  ITERATION  MAXIMUM CHANGE SUCCESS             MODEL-PACKAGE-(NUMBER)
 ----------------------------------------------------------------------------------------------------------
 Model                              1          2       3.3525218                            2_GWT-(1,38,69)
 Model                              2          1 -2.22095764E-09       *                    2_GWT-(1,32,28)
 ----------------------------------------------------------------------------------------------------------


 2 CALLS TO NUMERICAL SOLUTION IN TIME STEP 155 STRESS PERIOD 2
 3 TOTAL ITERATIONS
 
    Solving:  Stress period:     2    Time step:   156
 

 SLN_1 OUTER ITERATION SUMMARY
 ----------------------------------------------------------------------------------------------------------
                                OUTER      INNER                    STEP   MAXIMUM CHANGE MODEL-(CELLID) OR
 OUTER ITERATION STEP       ITERATION  ITERATION  MAXIMUM CHANGE SUCCESS             MODEL-PACKAGE-(NUMBER)
 ----------------------------------------------------------------------------------------------------------
 Model                              1          1 -9.01093622E-05       *                     1_GWF-(1,2,88)
 ----------------------------------------------------------------------------------------------------------


 1 CALLS TO NUMERICAL SOLUTION IN TIME STEP 156 STRESS PERIOD 2
 1 TOTAL ITERATIONS

 SLN_2 OUTER ITERATION SUMMARY
 ----------------------------------------------------------------------------------------------------------
                                OUTER      INNER                    STEP   MAXIMUM CHANGE MODEL-(CELLID) OR
 OUTER ITERATION STEP       ITERATION  ITERATION  MAXIMUM CHANGE SUCCESS             MODEL-PACKAGE-(NUMBER)
 ----------------------------------------------------------------------------------------------------------
 Model                              1          2       3.3357506                            2_GWT-(1,37,69)
 Model                              2          1  2.16610374E-09       *                    2_GWT-(1,32,28)
 ----------------------------------------------------------------------------------------------------------


 2 CALLS TO NUMERICAL SOLUTION IN TIME STEP 156 STRESS PERIOD 2
 3 TOTAL ITERATIONS
 
    Solving:  Stress period:     2    Time step:   157
 

 SLN_1 OUTER ITERATION SUMMARY
 ----------------------------------------------------------------------------------------------------------
                                OUTER      INNER                    STEP   MAXIMUM CHANGE MODEL-(CELLID) OR
 OUTER ITERATION STEP       ITERATION  ITERATION  MAXIMUM CHANGE SUCCESS             MODEL-PACKAGE-(NUMBER)
 ----------------------------------------------------------------------------------------------------------
 Model                              1          1 -8.95673140E-05       *                     1_GWF-(1,2,85)
 ----------------------------------------------------------------------------------------------------------


 1 CALLS TO NUMERICAL SOLUTION IN TIME STEP 157 STRESS PERIOD 2
 1 TOTAL ITERATIONS

 SLN_2 OUTER ITERATION SUMMARY
 ----------------------------------------------------------------------------------------------------------
                                OUTER      INNER                    STEP   MAXIMUM CHANGE MODEL-(CELLID) OR
 OUTER ITERATION STEP       ITERATION  ITERATION  MAXIMUM CHANGE SUCCESS             MODEL-PACKAGE-(NUMBER)
 ----------------------------------------------------------------------------------------------------------
 Model                              1          2       3.3098881                            2_GWT-(1,37,70)
 Model                              2          1 -2.13540829E-09       *                    2_GWT-(1,32,28)
 ----------------------------------------------------------------------------------------------------------


 2 CALLS TO NUMERICAL SOLUTION IN TIME STEP 157 STRESS PERIOD 2
 3 TOTAL ITERATIONS
 
    Solving:  Stress period:     2    Time step:   158
 

 SLN_1 OUTER ITERATION SUMMARY
 ----------------------------------------------------------------------------------------------------------
                                OUTER      INNER                    STEP   MAXIMUM CHANGE MODEL-(CELLID) OR
 OUTER ITERATION STEP       ITERATION  ITERATION  MAXIMUM CHANGE SUCCESS             MODEL-PACKAGE-(NUMBER)
 ----------------------------------------------------------------------------------------------------------
 Model                              1          1 -8.94319153E-05       *                     1_GWF-(1,2,88)
 ----------------------------------------------------------------------------------------------------------


 1 CALLS TO NUMERICAL SOLUTION IN TIME STEP 158 STRESS PERIOD 2
 1 TOTAL ITERATIONS

 SLN_2 OUTER ITERATION SUMMARY
 ----------------------------------------------------------------------------------------------------------
                                OUTER      INNER                    STEP   MAXIMUM CHANGE MODEL-(CELLID) OR
 OUTER ITERATION STEP       ITERATION  ITERATION  MAXIMUM CHANGE SUCCESS             MODEL-PACKAGE-(NUMBER)
 ----------------------------------------------------------------------------------------------------------
 Model                              1          2       3.2930521                            2_GWT-(1,37,70)
 Model                              2          1  2.08322604E-09       *                    2_GWT-(1,32,28)
 ----------------------------------------------------------------------------------------------------------


 2 CALLS TO NUMERICAL SOLUTION IN TIME STEP 158 STRESS PERIOD 2
 3 TOTAL ITERATIONS
 
    Solving:  Stress period:     2    Time step:   159
 

 SLN_1 OUTER ITERATION SUMMARY
 ----------------------------------------------------------------------------------------------------------
                                OUTER      INNER                    STEP   MAXIMUM CHANGE MODEL-(CELLID) OR
 OUTER ITERATION STEP       ITERATION  ITERATION  MAXIMUM CHANGE SUCCESS             MODEL-PACKAGE-(NUMBER)
 ----------------------------------------------------------------------------------------------------------
 Model                              1          1 -8.89313677E-05       *                     1_GWF-(1,2,85)
 ----------------------------------------------------------------------------------------------------------


 1 CALLS TO NUMERICAL SOLUTION IN TIME STEP 159 STRESS PERIOD 2
 1 TOTAL ITERATIONS

 SLN_2 OUTER ITERATION SUMMARY
 ----------------------------------------------------------------------------------------------------------
                                OUTER      INNER                    STEP   MAXIMUM CHANGE MODEL-(CELLID) OR
 OUTER ITERATION STEP       ITERATION  ITERATION  MAXIMUM CHANGE SUCCESS             MODEL-PACKAGE-(NUMBER)
 ----------------------------------------------------------------------------------------------------------
 Model                              1          2       3.2732130                            2_GWT-(1,37,70)
 Model                              2          1 -2.05420747E-09       *                    2_GWT-(1,32,28)
 ----------------------------------------------------------------------------------------------------------


 2 CALLS TO NUMERICAL SOLUTION IN TIME STEP 159 STRESS PERIOD 2
 3 TOTAL ITERATIONS
 
    Solving:  Stress period:     2    Time step:   160
 

 SLN_1 OUTER ITERATION SUMMARY
 ----------------------------------------------------------------------------------------------------------
                                OUTER      INNER                    STEP   MAXIMUM CHANGE MODEL-(CELLID) OR
 OUTER ITERATION STEP       ITERATION  ITERATION  MAXIMUM CHANGE SUCCESS             MODEL-PACKAGE-(NUMBER)
 ----------------------------------------------------------------------------------------------------------
 Model                              1          1 -8.87608398E-05       *                     1_GWF-(1,2,88)
 ----------------------------------------------------------------------------------------------------------


 1 CALLS TO NUMERICAL SOLUTION IN TIME STEP 160 STRESS PERIOD 2
 1 TOTAL ITERATIONS

 SLN_2 OUTER ITERATION SUMMARY
 ----------------------------------------------------------------------------------------------------------
                                OUTER      INNER                    STEP   MAXIMUM CHANGE MODEL-(CELLID) OR
 OUTER ITERATION STEP       ITERATION  ITERATION  MAXIMUM CHANGE SUCCESS             MODEL-PACKAGE-(NUMBER)
 ----------------------------------------------------------------------------------------------------------
 Model                              1          2       3.2531409                            2_GWT-(1,37,70)
 Model                              2          1  2.00481054E-09       *                    2_GWT-(1,32,28)
 ----------------------------------------------------------------------------------------------------------


 2 CALLS TO NUMERICAL SOLUTION IN TIME STEP 160 STRESS PERIOD 2
 3 TOTAL ITERATIONS
 
    Solving:  Stress period:     2    Time step:   161
 

 SLN_1 OUTER ITERATION SUMMARY
 ----------------------------------------------------------------------------------------------------------
                                OUTER      INNER                    STEP   MAXIMUM CHANGE MODEL-(CELLID) OR
 OUTER ITERATION STEP       ITERATION  ITERATION  MAXIMUM CHANGE SUCCESS             MODEL-PACKAGE-(NUMBER)
 ----------------------------------------------------------------------------------------------------------
 Model                              1          1 -8.83007453E-05       *                     1_GWF-(1,2,85)
 ----------------------------------------------------------------------------------------------------------


 1 CALLS TO NUMERICAL SOLUTION IN TIME STEP 161 STRESS PERIOD 2
 1 TOTAL ITERATIONS

 SLN_2 OUTER ITERATION SUMMARY
 ----------------------------------------------------------------------------------------------------------
                                OUTER      INNER                    STEP   MAXIMUM CHANGE MODEL-(CELLID) OR
 OUTER ITERATION STEP       ITERATION  ITERATION  MAXIMUM CHANGE SUCCESS             MODEL-PACKAGE-(NUMBER)
 ----------------------------------------------------------------------------------------------------------
 Model                              1          2       3.2341753                            2_GWT-(1,37,71)
 Model                              2          1 -1.97763939E-09       *                    2_GWT-(1,32,28)
 ----------------------------------------------------------------------------------------------------------


 2 CALLS TO NUMERICAL SOLUTION IN TIME STEP 161 STRESS PERIOD 2
 3 TOTAL ITERATIONS
 
    Solving:  Stress period:     2    Time step:   162
 

 SLN_1 OUTER ITERATION SUMMARY
 ----------------------------------------------------------------------------------------------------------
                                OUTER      INNER                    STEP   MAXIMUM CHANGE MODEL-(CELLID) OR
 OUTER ITERATION STEP       ITERATION  ITERATION  MAXIMUM CHANGE SUCCESS             MODEL-PACKAGE-(NUMBER)
 ----------------------------------------------------------------------------------------------------------
 Model                              1          1 -8.80960579E-05       *                     1_GWF-(1,2,88)
 ----------------------------------------------------------------------------------------------------------


 1 CALLS TO NUMERICAL SOLUTION IN TIME STEP 162 STRESS PERIOD 2
 1 TOTAL ITERATIONS

 SLN_2 OUTER ITERATION SUMMARY
 ----------------------------------------------------------------------------------------------------------
                                OUTER      INNER                    STEP   MAXIMUM CHANGE MODEL-(CELLID) OR
 OUTER ITERATION STEP       ITERATION  ITERATION  MAXIMUM CHANGE SUCCESS             MODEL-PACKAGE-(NUMBER)
 ----------------------------------------------------------------------------------------------------------
 Model                              1          2       3.2137003                            2_GWT-(1,37,71)
 Model                              2          1  1.93131200E-09       *                    2_GWT-(1,32,28)
 ----------------------------------------------------------------------------------------------------------


 2 CALLS TO NUMERICAL SOLUTION IN TIME STEP 162 STRESS PERIOD 2
 3 TOTAL ITERATIONS
 
    Solving:  Stress period:     2    Time step:   163
 

 SLN_1 OUTER ITERATION SUMMARY
 ----------------------------------------------------------------------------------------------------------
                                OUTER      INNER                    STEP   MAXIMUM CHANGE MODEL-(CELLID) OR
 OUTER ITERATION STEP       ITERATION  ITERATION  MAXIMUM CHANGE SUCCESS             MODEL-PACKAGE-(NUMBER)
 ----------------------------------------------------------------------------------------------------------
 Model                              1          1 -8.76753919E-05       *                     1_GWF-(1,2,85)
 ----------------------------------------------------------------------------------------------------------


 1 CALLS TO NUMERICAL SOLUTION IN TIME STEP 163 STRESS PERIOD 2
 1 TOTAL ITERATIONS

 SLN_2 OUTER ITERATION SUMMARY
 ----------------------------------------------------------------------------------------------------------
                                OUTER      INNER                    STEP   MAXIMUM CHANGE MODEL-(CELLID) OR
 OUTER ITERATION STEP       ITERATION  ITERATION  MAXIMUM CHANGE SUCCESS             MODEL-PACKAGE-(NUMBER)
 ----------------------------------------------------------------------------------------------------------
 Model                              1          2       3.1971625                            2_GWT-(1,37,71)
 Model                              2          1 -1.90618721E-09       *                    2_GWT-(1,32,28)
 ----------------------------------------------------------------------------------------------------------


 2 CALLS TO NUMERICAL SOLUTION IN TIME STEP 163 STRESS PERIOD 2
 3 TOTAL ITERATIONS
 
    Solving:  Stress period:     2    Time step:   164
 

 SLN_1 OUTER ITERATION SUMMARY
 ----------------------------------------------------------------------------------------------------------
                                OUTER      INNER                    STEP   MAXIMUM CHANGE MODEL-(CELLID) OR
 OUTER ITERATION STEP       ITERATION  ITERATION  MAXIMUM CHANGE SUCCESS             MODEL-PACKAGE-(NUMBER)
 ----------------------------------------------------------------------------------------------------------
 Model                              1          1 -8.74374929E-05       *                     1_GWF-(1,2,88)
 ----------------------------------------------------------------------------------------------------------


 1 CALLS TO NUMERICAL SOLUTION IN TIME STEP 164 STRESS PERIOD 2
 1 TOTAL ITERATIONS

 SLN_2 OUTER ITERATION SUMMARY
 ----------------------------------------------------------------------------------------------------------
                                OUTER      INNER                    STEP   MAXIMUM CHANGE MODEL-(CELLID) OR
 OUTER ITERATION STEP       ITERATION  ITERATION  MAXIMUM CHANGE SUCCESS             MODEL-PACKAGE-(NUMBER)
 ----------------------------------------------------------------------------------------------------------
 Model                              1          2       3.1737898                            2_GWT-(1,37,72)
 Model                              2          1  1.86307147E-09       *                    2_GWT-(1,32,28)
 ----------------------------------------------------------------------------------------------------------


 2 CALLS TO NUMERICAL SOLUTION IN TIME STEP 164 STRESS PERIOD 2
 3 TOTAL ITERATIONS
 
    Solving:  Stress period:     2    Time step:   165
 

 SLN_1 OUTER ITERATION SUMMARY
 ----------------------------------------------------------------------------------------------------------
                                OUTER      INNER                    STEP   MAXIMUM CHANGE MODEL-(CELLID) OR
 OUTER ITERATION STEP       ITERATION  ITERATION  MAXIMUM CHANGE SUCCESS             MODEL-PACKAGE-(NUMBER)
 ----------------------------------------------------------------------------------------------------------
 Model                              1          1 -8.70552532E-05       *                     1_GWF-(1,2,85)
 ----------------------------------------------------------------------------------------------------------


 1 CALLS TO NUMERICAL SOLUTION IN TIME STEP 165 STRESS PERIOD 2
 1 TOTAL ITERATIONS

 SLN_2 OUTER ITERATION SUMMARY
 ----------------------------------------------------------------------------------------------------------
                                OUTER      INNER                    STEP   MAXIMUM CHANGE MODEL-(CELLID) OR
 OUTER ITERATION STEP       ITERATION  ITERATION  MAXIMUM CHANGE SUCCESS             MODEL-PACKAGE-(NUMBER)
 ----------------------------------------------------------------------------------------------------------
 Model                              1          2       3.1592032                            2_GWT-(1,37,72)
 Model                              2          1 -1.84030569E-09       *                    2_GWT-(1,32,28)
 ----------------------------------------------------------------------------------------------------------


 2 CALLS TO NUMERICAL SOLUTION IN TIME STEP 165 STRESS PERIOD 2
 3 TOTAL ITERATIONS
 
    Solving:  Stress period:     2    Time step:   166
 

 SLN_1 OUTER ITERATION SUMMARY
 ----------------------------------------------------------------------------------------------------------
                                OUTER      INNER                    STEP   MAXIMUM CHANGE MODEL-(CELLID) OR
 OUTER ITERATION STEP       ITERATION  ITERATION  MAXIMUM CHANGE SUCCESS             MODEL-PACKAGE-(NUMBER)
 ----------------------------------------------------------------------------------------------------------
 Model                              1          1 -8.67850694E-05       *                     1_GWF-(1,2,88)
 ----------------------------------------------------------------------------------------------------------


 1 CALLS TO NUMERICAL SOLUTION IN TIME STEP 166 STRESS PERIOD 2
 1 TOTAL ITERATIONS

 SLN_2 OUTER ITERATION SUMMARY
 ----------------------------------------------------------------------------------------------------------
                                OUTER      INNER                    STEP   MAXIMUM CHANGE MODEL-(CELLID) OR
 OUTER ITERATION STEP       ITERATION  ITERATION  MAXIMUM CHANGE SUCCESS             MODEL-PACKAGE-(NUMBER)
 ----------------------------------------------------------------------------------------------------------
 Model                              1          2       3.1394403                            2_GWT-(1,37,72)
 Model                              2          1  1.80065740E-09       *                    2_GWT-(1,32,28)
 ----------------------------------------------------------------------------------------------------------


 2 CALLS TO NUMERICAL SOLUTION IN TIME STEP 166 STRESS PERIOD 2
 3 TOTAL ITERATIONS
 
    Solving:  Stress period:     2    Time step:   167
 

 SLN_1 OUTER ITERATION SUMMARY
 ----------------------------------------------------------------------------------------------------------
                                OUTER      INNER                    STEP   MAXIMUM CHANGE MODEL-(CELLID) OR
 OUTER ITERATION STEP       ITERATION  ITERATION  MAXIMUM CHANGE SUCCESS             MODEL-PACKAGE-(NUMBER)
 ----------------------------------------------------------------------------------------------------------
 Model                              1          1 -8.64402757E-05       *                     1_GWF-(1,2,85)
 ----------------------------------------------------------------------------------------------------------


 1 CALLS TO NUMERICAL SOLUTION IN TIME STEP 167 STRESS PERIOD 2
 1 TOTAL ITERATIONS

 SLN_2 OUTER ITERATION SUMMARY
 ----------------------------------------------------------------------------------------------------------
                                OUTER      INNER                    STEP   MAXIMUM CHANGE MODEL-(CELLID) OR
 OUTER ITERATION STEP       ITERATION  ITERATION  MAXIMUM CHANGE SUCCESS             MODEL-PACKAGE-(NUMBER)
 ----------------------------------------------------------------------------------------------------------
 Model                              1          2       3.1219033                            2_GWT-(1,37,72)
 Model                              2          1 -1.78047799E-09       *                    2_GWT-(1,32,28)
 ----------------------------------------------------------------------------------------------------------


 2 CALLS TO NUMERICAL SOLUTION IN TIME STEP 167 STRESS PERIOD 2
 3 TOTAL ITERATIONS
 
    Solving:  Stress period:     2    Time step:   168
 

 SLN_1 OUTER ITERATION SUMMARY
 ----------------------------------------------------------------------------------------------------------
                                OUTER      INNER                    STEP   MAXIMUM CHANGE MODEL-(CELLID) OR
 OUTER ITERATION STEP       ITERATION  ITERATION  MAXIMUM CHANGE SUCCESS             MODEL-PACKAGE-(NUMBER)
 ----------------------------------------------------------------------------------------------------------
 Model                              1          1 -8.61387131E-05       *                     1_GWF-(1,2,88)
 ----------------------------------------------------------------------------------------------------------


 1 CALLS TO NUMERICAL SOLUTION IN TIME STEP 168 STRESS PERIOD 2
 1 TOTAL ITERATIONS

 SLN_2 OUTER ITERATION SUMMARY
 ----------------------------------------------------------------------------------------------------------
                                OUTER      INNER                    STEP   MAXIMUM CHANGE MODEL-(CELLID) OR
 OUTER ITERATION STEP       ITERATION  ITERATION  MAXIMUM CHANGE SUCCESS             MODEL-PACKAGE-(NUMBER)
 ----------------------------------------------------------------------------------------------------------
 Model                              1          2       3.1037228                            2_GWT-(1,37,73)
 Model                              2          1  1.74455295E-09       *                    2_GWT-(1,32,28)
 ----------------------------------------------------------------------------------------------------------


 2 CALLS TO NUMERICAL SOLUTION IN TIME STEP 168 STRESS PERIOD 2
 3 TOTAL ITERATIONS
 
    Solving:  Stress period:     2    Time step:   169
 

 SLN_1 OUTER ITERATION SUMMARY
 ----------------------------------------------------------------------------------------------------------
                                OUTER      INNER                    STEP   MAXIMUM CHANGE MODEL-(CELLID) OR
 OUTER ITERATION STEP       ITERATION  ITERATION  MAXIMUM CHANGE SUCCESS             MODEL-PACKAGE-(NUMBER)
 ----------------------------------------------------------------------------------------------------------
 Model                              1          1 -8.58304065E-05       *                     1_GWF-(1,2,85)
 ----------------------------------------------------------------------------------------------------------


 1 CALLS TO NUMERICAL SOLUTION IN TIME STEP 169 STRESS PERIOD 2
 1 TOTAL ITERATIONS

 SLN_2 OUTER ITERATION SUMMARY
 ----------------------------------------------------------------------------------------------------------
                                OUTER      INNER                    STEP   MAXIMUM CHANGE MODEL-(CELLID) OR
 OUTER ITERATION STEP       ITERATION  ITERATION  MAXIMUM CHANGE SUCCESS             MODEL-PACKAGE-(NUMBER)
 ----------------------------------------------------------------------------------------------------------
 Model                              1          2       3.0859058                            2_GWT-(1,37,73)
 Model                              2          1 -1.72732939E-09       *                    2_GWT-(1,32,28)
 ----------------------------------------------------------------------------------------------------------


 2 CALLS TO NUMERICAL SOLUTION IN TIME STEP 169 STRESS PERIOD 2
 3 TOTAL ITERATIONS
 
    Solving:  Stress period:     2    Time step:   170
 

 SLN_1 OUTER ITERATION SUMMARY
 ----------------------------------------------------------------------------------------------------------
                                OUTER      INNER                    STEP   MAXIMUM CHANGE MODEL-(CELLID) OR
 OUTER ITERATION STEP       ITERATION  ITERATION  MAXIMUM CHANGE SUCCESS             MODEL-PACKAGE-(NUMBER)
 ----------------------------------------------------------------------------------------------------------
 Model                              1          1 -8.54983507E-05       *                     1_GWF-(1,2,88)
 ----------------------------------------------------------------------------------------------------------


 1 CALLS TO NUMERICAL SOLUTION IN TIME STEP 170 STRESS PERIOD 2
 1 TOTAL ITERATIONS

 SLN_2 OUTER ITERATION SUMMARY
 ----------------------------------------------------------------------------------------------------------
                                OUTER      INNER                    STEP   MAXIMUM CHANGE MODEL-(CELLID) OR
 OUTER ITERATION STEP       ITERATION  ITERATION  MAXIMUM CHANGE SUCCESS             MODEL-PACKAGE-(NUMBER)
 ----------------------------------------------------------------------------------------------------------
 Model                              1          2       3.0690252                            2_GWT-(1,37,73)
 Model                              2          1  1.69535497E-09       *                    2_GWT-(1,32,28)
 ----------------------------------------------------------------------------------------------------------


 2 CALLS TO NUMERICAL SOLUTION IN TIME STEP 170 STRESS PERIOD 2
 3 TOTAL ITERATIONS
 
    Solving:  Stress period:     2    Time step:   171
 

 SLN_1 OUTER ITERATION SUMMARY
 ----------------------------------------------------------------------------------------------------------
                                OUTER      INNER                    STEP   MAXIMUM CHANGE MODEL-(CELLID) OR
 OUTER ITERATION STEP       ITERATION  ITERATION  MAXIMUM CHANGE SUCCESS             MODEL-PACKAGE-(NUMBER)
 ----------------------------------------------------------------------------------------------------------
 Model                              1          1 -8.52255934E-05       *                     1_GWF-(1,2,85)
 ----------------------------------------------------------------------------------------------------------


 1 CALLS TO NUMERICAL SOLUTION IN TIME STEP 171 STRESS PERIOD 2
 1 TOTAL ITERATIONS

 SLN_2 OUTER ITERATION SUMMARY
 ----------------------------------------------------------------------------------------------------------
                                OUTER      INNER                    STEP   MAXIMUM CHANGE MODEL-(CELLID) OR
 OUTER ITERATION STEP       ITERATION  ITERATION  MAXIMUM CHANGE SUCCESS             MODEL-PACKAGE-(NUMBER)
 ----------------------------------------------------------------------------------------------------------
 Model                              1          2       3.0486174                            2_GWT-(1,37,74)
 Model                              2          1 -1.68145675E-09       *                    2_GWT-(1,32,28)
 ----------------------------------------------------------------------------------------------------------


 2 CALLS TO NUMERICAL SOLUTION IN TIME STEP 171 STRESS PERIOD 2
 3 TOTAL ITERATIONS
 
    Solving:  Stress period:     2    Time step:   172
 

 SLN_1 OUTER ITERATION SUMMARY
 ----------------------------------------------------------------------------------------------------------
                                OUTER      INNER                    STEP   MAXIMUM CHANGE MODEL-(CELLID) OR
 OUTER ITERATION STEP       ITERATION  ITERATION  MAXIMUM CHANGE SUCCESS             MODEL-PACKAGE-(NUMBER)
 ----------------------------------------------------------------------------------------------------------
 Model                              1          1 -8.48639099E-05       *                     1_GWF-(1,2,88)
 ----------------------------------------------------------------------------------------------------------


 1 CALLS TO NUMERICAL SOLUTION IN TIME STEP 172 STRESS PERIOD 2
 1 TOTAL ITERATIONS

 SLN_2 OUTER ITERATION SUMMARY
 ----------------------------------------------------------------------------------------------------------
                                OUTER      INNER                    STEP   MAXIMUM CHANGE MODEL-(CELLID) OR
 OUTER ITERATION STEP       ITERATION  ITERATION  MAXIMUM CHANGE SUCCESS             MODEL-PACKAGE-(NUMBER)
 ----------------------------------------------------------------------------------------------------------
 Model                              1          2       3.0350965                            2_GWT-(1,37,74)
 Model                              2          1  1.65374558E-09       *                    2_GWT-(1,32,28)
 ----------------------------------------------------------------------------------------------------------


 2 CALLS TO NUMERICAL SOLUTION IN TIME STEP 172 STRESS PERIOD 2
 3 TOTAL ITERATIONS
 
    Solving:  Stress period:     2    Time step:   173
 

 SLN_1 OUTER ITERATION SUMMARY
 ----------------------------------------------------------------------------------------------------------
                                OUTER      INNER                    STEP   MAXIMUM CHANGE MODEL-(CELLID) OR
 OUTER ITERATION STEP       ITERATION  ITERATION  MAXIMUM CHANGE SUCCESS             MODEL-PACKAGE-(NUMBER)
 ----------------------------------------------------------------------------------------------------------
 Model                              1          1 -8.46257850E-05       *                     1_GWF-(1,2,85)
 ----------------------------------------------------------------------------------------------------------


 1 CALLS TO NUMERICAL SOLUTION IN TIME STEP 173 STRESS PERIOD 2
 1 TOTAL ITERATIONS

 SLN_2 OUTER ITERATION SUMMARY
 ----------------------------------------------------------------------------------------------------------
                                OUTER      INNER                    STEP   MAXIMUM CHANGE MODEL-(CELLID) OR
 OUTER ITERATION STEP       ITERATION  ITERATION  MAXIMUM CHANGE SUCCESS             MODEL-PACKAGE-(NUMBER)
 ----------------------------------------------------------------------------------------------------------
 Model                              1          2       3.0163374                            2_GWT-(1,37,74)
 Model                              2          1 -1.64345693E-09       *                    2_GWT-(1,32,28)
 ----------------------------------------------------------------------------------------------------------


 2 CALLS TO NUMERICAL SOLUTION IN TIME STEP 173 STRESS PERIOD 2
 3 TOTAL ITERATIONS
 
    Solving:  Stress period:     2    Time step:   174
 

 SLN_1 OUTER ITERATION SUMMARY
 ----------------------------------------------------------------------------------------------------------
                                OUTER      INNER                    STEP   MAXIMUM CHANGE MODEL-(CELLID) OR
 OUTER ITERATION STEP       ITERATION  ITERATION  MAXIMUM CHANGE SUCCESS             MODEL-PACKAGE-(NUMBER)
 ----------------------------------------------------------------------------------------------------------
 Model                              1          1 -8.42353198E-05       *                     1_GWF-(1,2,88)
 ----------------------------------------------------------------------------------------------------------


 1 CALLS TO NUMERICAL SOLUTION IN TIME STEP 174 STRESS PERIOD 2
 1 TOTAL ITERATIONS

 SLN_2 OUTER ITERATION SUMMARY
 ----------------------------------------------------------------------------------------------------------
                                OUTER      INNER                    STEP   MAXIMUM CHANGE MODEL-(CELLID) OR
 OUTER ITERATION STEP       ITERATION  ITERATION  MAXIMUM CHANGE SUCCESS             MODEL-PACKAGE-(NUMBER)
 ----------------------------------------------------------------------------------------------------------
 Model                              1          2       3.0001067                            2_GWT-(1,37,74)
 Model                              2          1  1.62026481E-09       *                    2_GWT-(1,32,28)
 ----------------------------------------------------------------------------------------------------------


 2 CALLS TO NUMERICAL SOLUTION IN TIME STEP 174 STRESS PERIOD 2
 3 TOTAL ITERATIONS
 
    Solving:  Stress period:     2    Time step:   175
 

 SLN_1 OUTER ITERATION SUMMARY
 ----------------------------------------------------------------------------------------------------------
                                OUTER      INNER                    STEP   MAXIMUM CHANGE MODEL-(CELLID) OR
 OUTER ITERATION STEP       ITERATION  ITERATION  MAXIMUM CHANGE SUCCESS             MODEL-PACKAGE-(NUMBER)
 ----------------------------------------------------------------------------------------------------------
 Model                              1          1 -8.40309305E-05       *                     1_GWF-(1,2,85)
 ----------------------------------------------------------------------------------------------------------


 1 CALLS TO NUMERICAL SOLUTION IN TIME STEP 175 STRESS PERIOD 2
 1 TOTAL ITERATIONS

 SLN_2 OUTER ITERATION SUMMARY
 ----------------------------------------------------------------------------------------------------------
                                OUTER      INNER                    STEP   MAXIMUM CHANGE MODEL-(CELLID) OR
 OUTER ITERATION STEP       ITERATION  ITERATION  MAXIMUM CHANGE SUCCESS             MODEL-PACKAGE-(NUMBER)
 ----------------------------------------------------------------------------------------------------------
 Model                              1          2       2.9831862                            2_GWT-(1,37,75)
 Model                              2          1 -1.61392677E-09       *                    2_GWT-(1,32,28)
 ----------------------------------------------------------------------------------------------------------


 2 CALLS TO NUMERICAL SOLUTION IN TIME STEP 175 STRESS PERIOD 2
 3 TOTAL ITERATIONS
 
    Solving:  Stress period:     2    Time step:   176
 

 SLN_1 OUTER ITERATION SUMMARY
 ----------------------------------------------------------------------------------------------------------
                                OUTER      INNER                    STEP   MAXIMUM CHANGE MODEL-(CELLID) OR
 OUTER ITERATION STEP       ITERATION  ITERATION  MAXIMUM CHANGE SUCCESS             MODEL-PACKAGE-(NUMBER)
 ----------------------------------------------------------------------------------------------------------
 Model                              1          1 -8.36125104E-05       *                     1_GWF-(1,2,88)
 ----------------------------------------------------------------------------------------------------------


 1 CALLS TO NUMERICAL SOLUTION IN TIME STEP 176 STRESS PERIOD 2
 1 TOTAL ITERATIONS

 SLN_2 OUTER ITERATION SUMMARY
 ----------------------------------------------------------------------------------------------------------
                                OUTER      INNER                    STEP   MAXIMUM CHANGE MODEL-(CELLID) OR
 OUTER ITERATION STEP       ITERATION  ITERATION  MAXIMUM CHANGE SUCCESS             MODEL-PACKAGE-(NUMBER)
 ----------------------------------------------------------------------------------------------------------
 Model                              1          2       2.9676050                            2_GWT-(1,37,75)
 Model                              2          1  1.59553792E-09       *                    2_GWT-(1,32,28)
 ----------------------------------------------------------------------------------------------------------


 2 CALLS TO NUMERICAL SOLUTION IN TIME STEP 176 STRESS PERIOD 2
 3 TOTAL ITERATIONS
 
    Solving:  Stress period:     2    Time step:   177
 

 SLN_1 OUTER ITERATION SUMMARY
 ----------------------------------------------------------------------------------------------------------
                                OUTER      INNER                    STEP   MAXIMUM CHANGE MODEL-(CELLID) OR
 OUTER ITERATION STEP       ITERATION  ITERATION  MAXIMUM CHANGE SUCCESS             MODEL-PACKAGE-(NUMBER)
 ----------------------------------------------------------------------------------------------------------
 Model                              1          1 -8.34409798E-05       *                     1_GWF-(1,2,85)
 ----------------------------------------------------------------------------------------------------------


 1 CALLS TO NUMERICAL SOLUTION IN TIME STEP 177 STRESS PERIOD 2
 1 TOTAL ITERATIONS

 SLN_2 OUTER ITERATION SUMMARY
 ----------------------------------------------------------------------------------------------------------
                                OUTER      INNER                    STEP   MAXIMUM CHANGE MODEL-(CELLID) OR
 OUTER ITERATION STEP       ITERATION  ITERATION  MAXIMUM CHANGE SUCCESS             MODEL-PACKAGE-(NUMBER)
 ----------------------------------------------------------------------------------------------------------
 Model                              1          2       2.9505478                            2_GWT-(1,37,75)
 Model                              2          1 -1.59354840E-09       *                    2_GWT-(1,32,28)
 ----------------------------------------------------------------------------------------------------------


 2 CALLS TO NUMERICAL SOLUTION IN TIME STEP 177 STRESS PERIOD 2
 3 TOTAL ITERATIONS
 
    Solving:  Stress period:     2    Time step:   178
 

 SLN_1 OUTER ITERATION SUMMARY
 ----------------------------------------------------------------------------------------------------------
                                OUTER      INNER                    STEP   MAXIMUM CHANGE MODEL-(CELLID) OR
 OUTER ITERATION STEP       ITERATION  ITERATION  MAXIMUM CHANGE SUCCESS             MODEL-PACKAGE-(NUMBER)
 ----------------------------------------------------------------------------------------------------------
 Model                              1          1 -8.29954124E-05       *                     1_GWF-(1,2,88)
 ----------------------------------------------------------------------------------------------------------


 1 CALLS TO NUMERICAL SOLUTION IN TIME STEP 178 STRESS PERIOD 2
 1 TOTAL ITERATIONS

 SLN_2 OUTER ITERATION SUMMARY
 ----------------------------------------------------------------------------------------------------------
                                OUTER      INNER                    STEP   MAXIMUM CHANGE MODEL-(CELLID) OR
 OUTER ITERATION STEP       ITERATION  ITERATION  MAXIMUM CHANGE SUCCESS             MODEL-PACKAGE-(NUMBER)
 ----------------------------------------------------------------------------------------------------------
 Model                              1          2       2.9330702                            2_GWT-(1,37,76)
 Model                              2          1  1.58021862E-09       *                    2_GWT-(1,32,28)
 ----------------------------------------------------------------------------------------------------------


 2 CALLS TO NUMERICAL SOLUTION IN TIME STEP 178 STRESS PERIOD 2
 3 TOTAL ITERATIONS
 
    Solving:  Stress period:     2    Time step:   179
 

 SLN_1 OUTER ITERATION SUMMARY
 ----------------------------------------------------------------------------------------------------------
                                OUTER      INNER                    STEP   MAXIMUM CHANGE MODEL-(CELLID) OR
 OUTER ITERATION STEP       ITERATION  ITERATION  MAXIMUM CHANGE SUCCESS             MODEL-PACKAGE-(NUMBER)
 ----------------------------------------------------------------------------------------------------------
 Model                              1          1 -8.28558834E-05       *                     1_GWF-(1,2,85)
 ----------------------------------------------------------------------------------------------------------


 1 CALLS TO NUMERICAL SOLUTION IN TIME STEP 179 STRESS PERIOD 2
 1 TOTAL ITERATIONS

 SLN_2 OUTER ITERATION SUMMARY
 ----------------------------------------------------------------------------------------------------------
                                OUTER      INNER                    STEP   MAXIMUM CHANGE MODEL-(CELLID) OR
 OUTER ITERATION STEP       ITERATION  ITERATION  MAXIMUM CHANGE SUCCESS             MODEL-PACKAGE-(NUMBER)
 ----------------------------------------------------------------------------------------------------------
 Model                              1          2       2.9198284                            2_GWT-(1,37,76)
 Model                              2          1 -1.58277658E-09       *                    2_GWT-(1,32,28)
 ----------------------------------------------------------------------------------------------------------


 2 CALLS TO NUMERICAL SOLUTION IN TIME STEP 179 STRESS PERIOD 2
 3 TOTAL ITERATIONS
 
    Solving:  Stress period:     2    Time step:   180
 

 SLN_1 OUTER ITERATION SUMMARY
 ----------------------------------------------------------------------------------------------------------
                                OUTER      INNER                    STEP   MAXIMUM CHANGE MODEL-(CELLID) OR
 OUTER ITERATION STEP       ITERATION  ITERATION  MAXIMUM CHANGE SUCCESS             MODEL-PACKAGE-(NUMBER)
 ----------------------------------------------------------------------------------------------------------
 Model                              1          1 -8.23839582E-05       *                     1_GWF-(1,2,88)
 ----------------------------------------------------------------------------------------------------------


 1 CALLS TO NUMERICAL SOLUTION IN TIME STEP 180 STRESS PERIOD 2
 1 TOTAL ITERATIONS

 SLN_2 OUTER ITERATION SUMMARY
 ----------------------------------------------------------------------------------------------------------
                                OUTER      INNER                    STEP   MAXIMUM CHANGE MODEL-(CELLID) OR
 OUTER ITERATION STEP       ITERATION  ITERATION  MAXIMUM CHANGE SUCCESS             MODEL-PACKAGE-(NUMBER)
 ----------------------------------------------------------------------------------------------------------
 Model                              1          2       2.9026428                            2_GWT-(1,37,76)
 Model                              2          1  1.57479008E-09       *                    2_GWT-(1,32,28)
 ----------------------------------------------------------------------------------------------------------


 2 CALLS TO NUMERICAL SOLUTION IN TIME STEP 180 STRESS PERIOD 2
 3 TOTAL ITERATIONS
 
    Solving:  Stress period:     2    Time step:   181
 

 SLN_1 OUTER ITERATION SUMMARY
 ----------------------------------------------------------------------------------------------------------
                                OUTER      INNER                    STEP   MAXIMUM CHANGE MODEL-(CELLID) OR
 OUTER ITERATION STEP       ITERATION  ITERATION  MAXIMUM CHANGE SUCCESS             MODEL-PACKAGE-(NUMBER)
 ----------------------------------------------------------------------------------------------------------
 Model                              1          1 -8.22755924E-05       *                     1_GWF-(1,2,85)
 ----------------------------------------------------------------------------------------------------------


 1 CALLS TO NUMERICAL SOLUTION IN TIME STEP 181 STRESS PERIOD 2
 1 TOTAL ITERATIONS

 SLN_2 OUTER ITERATION SUMMARY
 ----------------------------------------------------------------------------------------------------------
                                OUTER      INNER                    STEP   MAXIMUM CHANGE MODEL-(CELLID) OR
 OUTER ITERATION STEP       ITERATION  ITERATION  MAXIMUM CHANGE SUCCESS             MODEL-PACKAGE-(NUMBER)
 ----------------------------------------------------------------------------------------------------------
 Model                              1          2       2.8868943                            2_GWT-(1,37,76)
 Model                              2          1 -1.58229341E-09       *                    2_GWT-(1,32,28)
 ----------------------------------------------------------------------------------------------------------


 2 CALLS TO NUMERICAL SOLUTION IN TIME STEP 181 STRESS PERIOD 2
 3 TOTAL ITERATIONS
 
    Solving:  Stress period:     2    Time step:   182
 

 SLN_1 OUTER ITERATION SUMMARY
 ----------------------------------------------------------------------------------------------------------
                                OUTER      INNER                    STEP   MAXIMUM CHANGE MODEL-(CELLID) OR
 OUTER ITERATION STEP       ITERATION  ITERATION  MAXIMUM CHANGE SUCCESS             MODEL-PACKAGE-(NUMBER)
 ----------------------------------------------------------------------------------------------------------
 Model                              1          1 -8.17780806E-05       *                     1_GWF-(1,2,88)
 ----------------------------------------------------------------------------------------------------------


 1 CALLS TO NUMERICAL SOLUTION IN TIME STEP 182 STRESS PERIOD 2
 1 TOTAL ITERATIONS

 SLN_2 OUTER ITERATION SUMMARY
 ----------------------------------------------------------------------------------------------------------
                                OUTER      INNER                    STEP   MAXIMUM CHANGE MODEL-(CELLID) OR
 OUTER ITERATION STEP       ITERATION  ITERATION  MAXIMUM CHANGE SUCCESS             MODEL-PACKAGE-(NUMBER)
 ----------------------------------------------------------------------------------------------------------
 Model                              1          2       2.8717099                            2_GWT-(1,37,77)
 Model                              2          1  1.57979230E-09       *                    2_GWT-(1,32,28)
 ----------------------------------------------------------------------------------------------------------


 2 CALLS TO NUMERICAL SOLUTION IN TIME STEP 182 STRESS PERIOD 2
 3 TOTAL ITERATIONS
 
    Solving:  Stress period:     2    Time step:   183
 

 SLN_1 OUTER ITERATION SUMMARY
 ----------------------------------------------------------------------------------------------------------
                                OUTER      INNER                    STEP   MAXIMUM CHANGE MODEL-(CELLID) OR
 OUTER ITERATION STEP       ITERATION  ITERATION  MAXIMUM CHANGE SUCCESS             MODEL-PACKAGE-(NUMBER)
 ----------------------------------------------------------------------------------------------------------
 Model                              1          1 -8.17000586E-05       *                     1_GWF-(1,2,85)
 ----------------------------------------------------------------------------------------------------------


 1 CALLS TO NUMERICAL SOLUTION IN TIME STEP 183 STRESS PERIOD 2
 1 TOTAL ITERATIONS

 SLN_2 OUTER ITERATION SUMMARY
 ----------------------------------------------------------------------------------------------------------
                                OUTER      INNER                    STEP   MAXIMUM CHANGE MODEL-(CELLID) OR
 OUTER ITERATION STEP       ITERATION  ITERATION  MAXIMUM CHANGE SUCCESS             MODEL-PACKAGE-(NUMBER)
 ----------------------------------------------------------------------------------------------------------
 Model                              1          2       2.8576253                            2_GWT-(1,37,77)
 Model                              2          1 -1.59232627E-09       *                    2_GWT-(1,32,28)
 ----------------------------------------------------------------------------------------------------------


 2 CALLS TO NUMERICAL SOLUTION IN TIME STEP 183 STRESS PERIOD 2
 3 TOTAL ITERATIONS
 
    Solving:  Stress period:     2    Time step:   184
 

 SLN_1 OUTER ITERATION SUMMARY
 ----------------------------------------------------------------------------------------------------------
                                OUTER      INNER                    STEP   MAXIMUM CHANGE MODEL-(CELLID) OR
 OUTER ITERATION STEP       ITERATION  ITERATION  MAXIMUM CHANGE SUCCESS             MODEL-PACKAGE-(NUMBER)
 ----------------------------------------------------------------------------------------------------------
 Model                              1          1 -8.11777138E-05       *                     1_GWF-(1,2,88)
 ----------------------------------------------------------------------------------------------------------


 1 CALLS TO NUMERICAL SOLUTION IN TIME STEP 184 STRESS PERIOD 2
 1 TOTAL ITERATIONS

 SLN_2 OUTER ITERATION SUMMARY
 ----------------------------------------------------------------------------------------------------------
                                OUTER      INNER                    STEP   MAXIMUM CHANGE MODEL-(CELLID) OR
 OUTER ITERATION STEP       ITERATION  ITERATION  MAXIMUM CHANGE SUCCESS             MODEL-PACKAGE-(NUMBER)
 ----------------------------------------------------------------------------------------------------------
 Model                              1          2       2.8409166                            2_GWT-(1,37,77)
 Model                              2          1  1.59548108E-09       *                    2_GWT-(1,32,28)
 ----------------------------------------------------------------------------------------------------------


 2 CALLS TO NUMERICAL SOLUTION IN TIME STEP 184 STRESS PERIOD 2
 3 TOTAL ITERATIONS
 
    Solving:  Stress period:     2    Time step:   185
 

 SLN_1 OUTER ITERATION SUMMARY
 ----------------------------------------------------------------------------------------------------------
                                OUTER      INNER                    STEP   MAXIMUM CHANGE MODEL-(CELLID) OR
 OUTER ITERATION STEP       ITERATION  ITERATION  MAXIMUM CHANGE SUCCESS             MODEL-PACKAGE-(NUMBER)
 ----------------------------------------------------------------------------------------------------------
 Model                              1          1 -8.11292345E-05       *                     1_GWF-(1,2,85)
 ----------------------------------------------------------------------------------------------------------


 1 CALLS TO NUMERICAL SOLUTION IN TIME STEP 185 STRESS PERIOD 2
 1 TOTAL ITERATIONS

 SLN_2 OUTER ITERATION SUMMARY
 ----------------------------------------------------------------------------------------------------------
                                OUTER      INNER                    STEP   MAXIMUM CHANGE MODEL-(CELLID) OR
 OUTER ITERATION STEP       ITERATION  ITERATION  MAXIMUM CHANGE SUCCESS             MODEL-PACKAGE-(NUMBER)
 ----------------------------------------------------------------------------------------------------------
 Model                              1          2       2.8259309                            2_GWT-(1,37,78)
 Model                              2          1 -1.61344360E-09       *                    2_GWT-(1,32,28)
 ----------------------------------------------------------------------------------------------------------


 2 CALLS TO NUMERICAL SOLUTION IN TIME STEP 185 STRESS PERIOD 2
 3 TOTAL ITERATIONS
 
    Solving:  Stress period:     2    Time step:   186
 

 SLN_1 OUTER ITERATION SUMMARY
 ----------------------------------------------------------------------------------------------------------
                                OUTER      INNER                    STEP   MAXIMUM CHANGE MODEL-(CELLID) OR
 OUTER ITERATION STEP       ITERATION  ITERATION  MAXIMUM CHANGE SUCCESS             MODEL-PACKAGE-(NUMBER)
 ----------------------------------------------------------------------------------------------------------
 Model                              1          1 -8.05827927E-05       *                     1_GWF-(1,2,88)
 ----------------------------------------------------------------------------------------------------------


 1 CALLS TO NUMERICAL SOLUTION IN TIME STEP 186 STRESS PERIOD 2
 1 TOTAL ITERATIONS

 SLN_2 OUTER ITERATION SUMMARY
 ----------------------------------------------------------------------------------------------------------
                                OUTER      INNER                    STEP   MAXIMUM CHANGE MODEL-(CELLID) OR
 OUTER ITERATION STEP       ITERATION  ITERATION  MAXIMUM CHANGE SUCCESS             MODEL-PACKAGE-(NUMBER)
 ----------------------------------------------------------------------------------------------------------
 Model                              1          2       2.8127181                            2_GWT-(1,37,78)
 Model                              2          1  1.62231117E-09       *                    2_GWT-(1,32,28)
 ----------------------------------------------------------------------------------------------------------


 2 CALLS TO NUMERICAL SOLUTION IN TIME STEP 186 STRESS PERIOD 2
 3 TOTAL ITERATIONS
 
    Solving:  Stress period:     2    Time step:   187
 

 SLN_1 OUTER ITERATION SUMMARY
 ----------------------------------------------------------------------------------------------------------
                                OUTER      INNER                    STEP   MAXIMUM CHANGE MODEL-(CELLID) OR
 OUTER ITERATION STEP       ITERATION  ITERATION  MAXIMUM CHANGE SUCCESS             MODEL-PACKAGE-(NUMBER)
 ----------------------------------------------------------------------------------------------------------
 Model                              1          1 -8.05630730E-05       *                     1_GWF-(1,2,85)
 ----------------------------------------------------------------------------------------------------------


 1 CALLS TO NUMERICAL SOLUTION IN TIME STEP 187 STRESS PERIOD 2
 1 TOTAL ITERATIONS

 SLN_2 OUTER ITERATION SUMMARY
 ----------------------------------------------------------------------------------------------------------
                                OUTER      INNER                    STEP   MAXIMUM CHANGE MODEL-(CELLID) OR
 OUTER ITERATION STEP       ITERATION  ITERATION  MAXIMUM CHANGE SUCCESS             MODEL-PACKAGE-(NUMBER)
 ----------------------------------------------------------------------------------------------------------
 Model                              1          2       2.7971679                            2_GWT-(1,37,78)
 Model                              2          1 -1.64590119E-09       *                    2_GWT-(1,32,28)
 ----------------------------------------------------------------------------------------------------------


 2 CALLS TO NUMERICAL SOLUTION IN TIME STEP 187 STRESS PERIOD 2
 3 TOTAL ITERATIONS
 
    Solving:  Stress period:     2    Time step:   188
 

 SLN_1 OUTER ITERATION SUMMARY
 ----------------------------------------------------------------------------------------------------------
                                OUTER      INNER                    STEP   MAXIMUM CHANGE MODEL-(CELLID) OR
 OUTER ITERATION STEP       ITERATION  ITERATION  MAXIMUM CHANGE SUCCESS             MODEL-PACKAGE-(NUMBER)
 ----------------------------------------------------------------------------------------------------------
 Model                              1          1 -7.99932534E-05       *                     1_GWF-(1,2,88)
 ----------------------------------------------------------------------------------------------------------


 1 CALLS TO NUMERICAL SOLUTION IN TIME STEP 188 STRESS PERIOD 2
 1 TOTAL ITERATIONS

 SLN_2 OUTER ITERATION SUMMARY
 ----------------------------------------------------------------------------------------------------------
                                OUTER      INNER                    STEP   MAXIMUM CHANGE MODEL-(CELLID) OR
 OUTER ITERATION STEP       ITERATION  ITERATION  MAXIMUM CHANGE SUCCESS             MODEL-PACKAGE-(NUMBER)
 ----------------------------------------------------------------------------------------------------------
 Model                              1          2       2.7819579                            2_GWT-(1,37,79)
 Model                              2          1  1.66059522E-09       *                    2_GWT-(1,32,28)
 ----------------------------------------------------------------------------------------------------------


 2 CALLS TO NUMERICAL SOLUTION IN TIME STEP 188 STRESS PERIOD 2
 3 TOTAL ITERATIONS
 
    Solving:  Stress period:     2    Time step:   189
 

 SLN_1 OUTER ITERATION SUMMARY
 ----------------------------------------------------------------------------------------------------------
                                OUTER      INNER                    STEP   MAXIMUM CHANGE MODEL-(CELLID) OR
 OUTER ITERATION STEP       ITERATION  ITERATION  MAXIMUM CHANGE SUCCESS             MODEL-PACKAGE-(NUMBER)
 ----------------------------------------------------------------------------------------------------------
 Model                              1          1 -8.00015278E-05       *                     1_GWF-(1,2,85)
 ----------------------------------------------------------------------------------------------------------


 1 CALLS TO NUMERICAL SOLUTION IN TIME STEP 189 STRESS PERIOD 2
 1 TOTAL ITERATIONS

 SLN_2 OUTER ITERATION SUMMARY
 ----------------------------------------------------------------------------------------------------------
                                OUTER      INNER                    STEP   MAXIMUM CHANGE MODEL-(CELLID) OR
 OUTER ITERATION STEP       ITERATION  ITERATION  MAXIMUM CHANGE SUCCESS             MODEL-PACKAGE-(NUMBER)
 ----------------------------------------------------------------------------------------------------------
 Model                              1          2       2.7683751                            2_GWT-(1,37,79)
 Model                              2          1 -1.69004011E-09       *                    2_GWT-(1,32,28)
 ----------------------------------------------------------------------------------------------------------


 2 CALLS TO NUMERICAL SOLUTION IN TIME STEP 189 STRESS PERIOD 2
 3 TOTAL ITERATIONS
 
    Solving:  Stress period:     2    Time step:   190
 

 SLN_1 OUTER ITERATION SUMMARY
 ----------------------------------------------------------------------------------------------------------
                                OUTER      INNER                    STEP   MAXIMUM CHANGE MODEL-(CELLID) OR
 OUTER ITERATION STEP       ITERATION  ITERATION  MAXIMUM CHANGE SUCCESS             MODEL-PACKAGE-(NUMBER)
 ----------------------------------------------------------------------------------------------------------
 Model                              1          1 -7.94090329E-05       *                     1_GWF-(1,2,88)
 ----------------------------------------------------------------------------------------------------------


 1 CALLS TO NUMERICAL SOLUTION IN TIME STEP 190 STRESS PERIOD 2
 1 TOTAL ITERATIONS

 SLN_2 OUTER ITERATION SUMMARY
 ----------------------------------------------------------------------------------------------------------
                                OUTER      INNER                    STEP   MAXIMUM CHANGE MODEL-(CELLID) OR
 OUTER ITERATION STEP       ITERATION  ITERATION  MAXIMUM CHANGE SUCCESS             MODEL-PACKAGE-(NUMBER)
 ----------------------------------------------------------------------------------------------------------
 Model                              1          2       2.7551272                            2_GWT-(1,37,79)
 Model                              2          1  1.71081638E-09       *                    2_GWT-(1,32,28)
 ----------------------------------------------------------------------------------------------------------


 2 CALLS TO NUMERICAL SOLUTION IN TIME STEP 190 STRESS PERIOD 2
 3 TOTAL ITERATIONS
 
    Solving:  Stress period:     2    Time step:   191
 

 SLN_1 OUTER ITERATION SUMMARY
 ----------------------------------------------------------------------------------------------------------
                                OUTER      INNER                    STEP   MAXIMUM CHANGE MODEL-(CELLID) OR
 OUTER ITERATION STEP       ITERATION  ITERATION  MAXIMUM CHANGE SUCCESS             MODEL-PACKAGE-(NUMBER)
 ----------------------------------------------------------------------------------------------------------
 Model                              1          1 -7.94445530E-05       *                     1_GWF-(1,2,85)
 ----------------------------------------------------------------------------------------------------------


 1 CALLS TO NUMERICAL SOLUTION IN TIME STEP 191 STRESS PERIOD 2
 1 TOTAL ITERATIONS

 SLN_2 OUTER ITERATION SUMMARY
 ----------------------------------------------------------------------------------------------------------
                                OUTER      INNER                    STEP   MAXIMUM CHANGE MODEL-(CELLID) OR
 OUTER ITERATION STEP       ITERATION  ITERATION  MAXIMUM CHANGE SUCCESS             MODEL-PACKAGE-(NUMBER)
 ----------------------------------------------------------------------------------------------------------
 Model                              1          2       2.7392442                            2_GWT-(1,37,79)
 Model                              2          1 -1.74625825E-09       *                    2_GWT-(1,32,28)
 ----------------------------------------------------------------------------------------------------------


 2 CALLS TO NUMERICAL SOLUTION IN TIME STEP 191 STRESS PERIOD 2
 3 TOTAL ITERATIONS
 
    Solving:  Stress period:     2    Time step:   192
 

 SLN_1 OUTER ITERATION SUMMARY
 ----------------------------------------------------------------------------------------------------------
                                OUTER      INNER                    STEP   MAXIMUM CHANGE MODEL-(CELLID) OR
 OUTER ITERATION STEP       ITERATION  ITERATION  MAXIMUM CHANGE SUCCESS             MODEL-PACKAGE-(NUMBER)
 ----------------------------------------------------------------------------------------------------------
 Model                              1          1 -7.88300688E-05       *                     1_GWF-(1,2,88)
 ----------------------------------------------------------------------------------------------------------


 1 CALLS TO NUMERICAL SOLUTION IN TIME STEP 192 STRESS PERIOD 2
 1 TOTAL ITERATIONS

 SLN_2 OUTER ITERATION SUMMARY
 ----------------------------------------------------------------------------------------------------------
                                OUTER      INNER                    STEP   MAXIMUM CHANGE MODEL-(CELLID) OR
 OUTER ITERATION STEP       ITERATION  ITERATION  MAXIMUM CHANGE SUCCESS             MODEL-PACKAGE-(NUMBER)
 ----------------------------------------------------------------------------------------------------------
 Model                              1          2       2.7261828                            2_GWT-(1,37,80)
 Model                              2          1  1.77325887E-09       *                    2_GWT-(1,32,28)
 ----------------------------------------------------------------------------------------------------------


 2 CALLS TO NUMERICAL SOLUTION IN TIME STEP 192 STRESS PERIOD 2
 3 TOTAL ITERATIONS
 
    Solving:  Stress period:     2    Time step:   193
 

 SLN_1 OUTER ITERATION SUMMARY
 ----------------------------------------------------------------------------------------------------------
                                OUTER      INNER                    STEP   MAXIMUM CHANGE MODEL-(CELLID) OR
 OUTER ITERATION STEP       ITERATION  ITERATION  MAXIMUM CHANGE SUCCESS             MODEL-PACKAGE-(NUMBER)
 ----------------------------------------------------------------------------------------------------------
 Model                              1          1 -7.88921036E-05       *                     1_GWF-(1,2,85)
 ----------------------------------------------------------------------------------------------------------


 1 CALLS TO NUMERICAL SOLUTION IN TIME STEP 193 STRESS PERIOD 2
 1 TOTAL ITERATIONS

 SLN_2 OUTER ITERATION SUMMARY
 ----------------------------------------------------------------------------------------------------------
                                OUTER      INNER                    STEP   MAXIMUM CHANGE MODEL-(CELLID) OR
 OUTER ITERATION STEP       ITERATION  ITERATION  MAXIMUM CHANGE SUCCESS             MODEL-PACKAGE-(NUMBER)
 ----------------------------------------------------------------------------------------------------------
 Model                              1          2       2.7131270                            2_GWT-(1,37,80)
 Model                              2          1 -1.81506721E-09       *                    2_GWT-(1,32,28)
 ----------------------------------------------------------------------------------------------------------


 2 CALLS TO NUMERICAL SOLUTION IN TIME STEP 193 STRESS PERIOD 2
 3 TOTAL ITERATIONS
 
    Solving:  Stress period:     2    Time step:   194
 

 SLN_1 OUTER ITERATION SUMMARY
 ----------------------------------------------------------------------------------------------------------
                                OUTER      INNER                    STEP   MAXIMUM CHANGE MODEL-(CELLID) OR
 OUTER ITERATION STEP       ITERATION  ITERATION  MAXIMUM CHANGE SUCCESS             MODEL-PACKAGE-(NUMBER)
 ----------------------------------------------------------------------------------------------------------
 Model                              1          1 -7.82563002E-05       *                     1_GWF-(1,2,88)
 ----------------------------------------------------------------------------------------------------------


 1 CALLS TO NUMERICAL SOLUTION IN TIME STEP 194 STRESS PERIOD 2
 1 TOTAL ITERATIONS

 SLN_2 OUTER ITERATION SUMMARY
 ----------------------------------------------------------------------------------------------------------
                                OUTER      INNER                    STEP   MAXIMUM CHANGE MODEL-(CELLID) OR
 OUTER ITERATION STEP       ITERATION  ITERATION  MAXIMUM CHANGE SUCCESS             MODEL-PACKAGE-(NUMBER)
 ----------------------------------------------------------------------------------------------------------
 Model                              1          2       2.6989211                            2_GWT-(1,37,80)
 Model                              2          1  1.84854798E-09       *                    2_GWT-(1,32,28)
 ----------------------------------------------------------------------------------------------------------


 2 CALLS TO NUMERICAL SOLUTION IN TIME STEP 194 STRESS PERIOD 2
 3 TOTAL ITERATIONS
 
    Solving:  Stress period:     2    Time step:   195
 

 SLN_1 OUTER ITERATION SUMMARY
 ----------------------------------------------------------------------------------------------------------
                                OUTER      INNER                    STEP   MAXIMUM CHANGE MODEL-(CELLID) OR
 OUTER ITERATION STEP       ITERATION  ITERATION  MAXIMUM CHANGE SUCCESS             MODEL-PACKAGE-(NUMBER)
 ----------------------------------------------------------------------------------------------------------
 Model                              1          1 -7.83441346E-05       *                     1_GWF-(1,2,85)
 ----------------------------------------------------------------------------------------------------------


 1 CALLS TO NUMERICAL SOLUTION IN TIME STEP 195 STRESS PERIOD 2
 1 TOTAL ITERATIONS

 SLN_2 OUTER ITERATION SUMMARY
 ----------------------------------------------------------------------------------------------------------
                                OUTER      INNER                    STEP   MAXIMUM CHANGE MODEL-(CELLID) OR
 OUTER ITERATION STEP       ITERATION  ITERATION  MAXIMUM CHANGE SUCCESS             MODEL-PACKAGE-(NUMBER)
 ----------------------------------------------------------------------------------------------------------
 Model                              1          2       2.6849756                            2_GWT-(1,37,81)
 Model                              2          1 -1.89734806E-09       *                    2_GWT-(1,32,28)
 ----------------------------------------------------------------------------------------------------------


 2 CALLS TO NUMERICAL SOLUTION IN TIME STEP 195 STRESS PERIOD 2
 3 TOTAL ITERATIONS
 
    Solving:  Stress period:     2    Time step:   196
 

 SLN_1 OUTER ITERATION SUMMARY
 ----------------------------------------------------------------------------------------------------------
                                OUTER      INNER                    STEP   MAXIMUM CHANGE MODEL-(CELLID) OR
 OUTER ITERATION STEP       ITERATION  ITERATION  MAXIMUM CHANGE SUCCESS             MODEL-PACKAGE-(NUMBER)
 ----------------------------------------------------------------------------------------------------------
 Model                              1          1 -7.76876666E-05       *                     1_GWF-(1,2,88)
 ----------------------------------------------------------------------------------------------------------


 1 CALLS TO NUMERICAL SOLUTION IN TIME STEP 196 STRESS PERIOD 2
 1 TOTAL ITERATIONS

 SLN_2 OUTER ITERATION SUMMARY
 ----------------------------------------------------------------------------------------------------------
                                OUTER      INNER                    STEP   MAXIMUM CHANGE MODEL-(CELLID) OR
 OUTER ITERATION STEP       ITERATION  ITERATION  MAXIMUM CHANGE SUCCESS             MODEL-PACKAGE-(NUMBER)
 ----------------------------------------------------------------------------------------------------------
 Model                              1          2       2.6722715                            2_GWT-(1,37,81)
 Model                              2          1  1.93773531E-09       *                    2_GWT-(1,32,28)
 ----------------------------------------------------------------------------------------------------------


 2 CALLS TO NUMERICAL SOLUTION IN TIME STEP 196 STRESS PERIOD 2
 3 TOTAL ITERATIONS
 
    Solving:  Stress period:     2    Time step:   197
 

 SLN_1 OUTER ITERATION SUMMARY
 ----------------------------------------------------------------------------------------------------------
                                OUTER      INNER                    STEP   MAXIMUM CHANGE MODEL-(CELLID) OR
 OUTER ITERATION STEP       ITERATION  ITERATION  MAXIMUM CHANGE SUCCESS             MODEL-PACKAGE-(NUMBER)
 ----------------------------------------------------------------------------------------------------------
 Model                              1          1 -7.78006022E-05       *                     1_GWF-(1,2,85)
 ----------------------------------------------------------------------------------------------------------


 1 CALLS TO NUMERICAL SOLUTION IN TIME STEP 197 STRESS PERIOD 2
 1 TOTAL ITERATIONS

 SLN_2 OUTER ITERATION SUMMARY
 ----------------------------------------------------------------------------------------------------------
                                OUTER      INNER                    STEP   MAXIMUM CHANGE MODEL-(CELLID) OR
 OUTER ITERATION STEP       ITERATION  ITERATION  MAXIMUM CHANGE SUCCESS             MODEL-PACKAGE-(NUMBER)
 ----------------------------------------------------------------------------------------------------------
 Model                              1          2       2.6594873                            2_GWT-(1,37,81)
 Model                              2          1 -1.99423766E-09       *                    2_GWT-(1,32,28)
 ----------------------------------------------------------------------------------------------------------


 2 CALLS TO NUMERICAL SOLUTION IN TIME STEP 197 STRESS PERIOD 2
 3 TOTAL ITERATIONS
 
    Solving:  Stress period:     2    Time step:   198
 

 SLN_1 OUTER ITERATION SUMMARY
 ----------------------------------------------------------------------------------------------------------
                                OUTER      INNER                    STEP   MAXIMUM CHANGE MODEL-(CELLID) OR
 OUTER ITERATION STEP       ITERATION  ITERATION  MAXIMUM CHANGE SUCCESS             MODEL-PACKAGE-(NUMBER)
 ----------------------------------------------------------------------------------------------------------
 Model                              1          1 -7.71241086E-05       *                     1_GWF-(1,2,88)
 ----------------------------------------------------------------------------------------------------------


 1 CALLS TO NUMERICAL SOLUTION IN TIME STEP 198 STRESS PERIOD 2
 1 TOTAL ITERATIONS

 SLN_2 OUTER ITERATION SUMMARY
 ----------------------------------------------------------------------------------------------------------
                                OUTER      INNER                    STEP   MAXIMUM CHANGE MODEL-(CELLID) OR
 OUTER ITERATION STEP       ITERATION  ITERATION  MAXIMUM CHANGE SUCCESS             MODEL-PACKAGE-(NUMBER)
 ----------------------------------------------------------------------------------------------------------
 Model                              1          2       2.6446457                            2_GWT-(1,37,81)
 Model                              2          1  2.04241246E-09       *                    2_GWT-(1,32,28)
 ----------------------------------------------------------------------------------------------------------


 2 CALLS TO NUMERICAL SOLUTION IN TIME STEP 198 STRESS PERIOD 2
 3 TOTAL ITERATIONS
 
    Solving:  Stress period:     2    Time step:   199
 

 SLN_1 OUTER ITERATION SUMMARY
 ----------------------------------------------------------------------------------------------------------
                                OUTER      INNER                    STEP   MAXIMUM CHANGE MODEL-(CELLID) OR
 OUTER ITERATION STEP       ITERATION  ITERATION  MAXIMUM CHANGE SUCCESS             MODEL-PACKAGE-(NUMBER)
 ----------------------------------------------------------------------------------------------------------
 Model                              1          1 -7.72614627E-05       *                     1_GWF-(1,2,85)
 ----------------------------------------------------------------------------------------------------------


 1 CALLS TO NUMERICAL SOLUTION IN TIME STEP 199 STRESS PERIOD 2
 1 TOTAL ITERATIONS

 SLN_2 OUTER ITERATION SUMMARY
 ----------------------------------------------------------------------------------------------------------
                                OUTER      INNER                    STEP   MAXIMUM CHANGE MODEL-(CELLID) OR
 OUTER ITERATION STEP       ITERATION  ITERATION  MAXIMUM CHANGE SUCCESS             MODEL-PACKAGE-(NUMBER)
 ----------------------------------------------------------------------------------------------------------
 Model                              1          2       2.6330481                            2_GWT-(1,37,82)
 Model                              2          1 -2.10772555E-09       *                    2_GWT-(1,32,28)
 ----------------------------------------------------------------------------------------------------------


 2 CALLS TO NUMERICAL SOLUTION IN TIME STEP 199 STRESS PERIOD 2
 3 TOTAL ITERATIONS
 
    Solving:  Stress period:     2    Time step:   200
 

 SLN_1 OUTER ITERATION SUMMARY
 ----------------------------------------------------------------------------------------------------------
                                OUTER      INNER                    STEP   MAXIMUM CHANGE MODEL-(CELLID) OR
 OUTER ITERATION STEP       ITERATION  ITERATION  MAXIMUM CHANGE SUCCESS             MODEL-PACKAGE-(NUMBER)
 ----------------------------------------------------------------------------------------------------------
 Model                              1          1 -7.65655676E-05       *                     1_GWF-(1,2,88)
 ----------------------------------------------------------------------------------------------------------


 1 CALLS TO NUMERICAL SOLUTION IN TIME STEP 200 STRESS PERIOD 2
 1 TOTAL ITERATIONS

 SLN_2 OUTER ITERATION SUMMARY
 ----------------------------------------------------------------------------------------------------------
                                OUTER      INNER                    STEP   MAXIMUM CHANGE MODEL-(CELLID) OR
 OUTER ITERATION STEP       ITERATION  ITERATION  MAXIMUM CHANGE SUCCESS             MODEL-PACKAGE-(NUMBER)
 ----------------------------------------------------------------------------------------------------------
 Model                              1          2       2.6203905                            2_GWT-(1,37,82)
 Model                              2          1  2.16482476E-09       *                    2_GWT-(1,32,28)
 ----------------------------------------------------------------------------------------------------------


 2 CALLS TO NUMERICAL SOLUTION IN TIME STEP 200 STRESS PERIOD 2
 3 TOTAL ITERATIONS
 
    Solving:  Stress period:     2    Time step:   201
 

 SLN_1 OUTER ITERATION SUMMARY
 ----------------------------------------------------------------------------------------------------------
                                OUTER      INNER                    STEP   MAXIMUM CHANGE MODEL-(CELLID) OR
 OUTER ITERATION STEP       ITERATION  ITERATION  MAXIMUM CHANGE SUCCESS             MODEL-PACKAGE-(NUMBER)
 ----------------------------------------------------------------------------------------------------------
 Model                              1          1 -7.67266731E-05       *                     1_GWF-(1,2,85)
 ----------------------------------------------------------------------------------------------------------


 1 CALLS TO NUMERICAL SOLUTION IN TIME STEP 201 STRESS PERIOD 2
 1 TOTAL ITERATIONS

 SLN_2 OUTER ITERATION SUMMARY
 ----------------------------------------------------------------------------------------------------------
                                OUTER      INNER                    STEP   MAXIMUM CHANGE MODEL-(CELLID) OR
 OUTER ITERATION STEP       ITERATION  ITERATION  MAXIMUM CHANGE SUCCESS             MODEL-PACKAGE-(NUMBER)
 ----------------------------------------------------------------------------------------------------------
 Model                              1          2       2.6071456                            2_GWT-(1,37,82)
 Model                              2          1 -2.24068231E-09       *                    2_GWT-(1,32,28)
 ----------------------------------------------------------------------------------------------------------


 2 CALLS TO NUMERICAL SOLUTION IN TIME STEP 201 STRESS PERIOD 2
 3 TOTAL ITERATIONS
 
    Solving:  Stress period:     2    Time step:   202
 

 SLN_1 OUTER ITERATION SUMMARY
 ----------------------------------------------------------------------------------------------------------
                                OUTER      INNER                    STEP   MAXIMUM CHANGE MODEL-(CELLID) OR
 OUTER ITERATION STEP       ITERATION  ITERATION  MAXIMUM CHANGE SUCCESS             MODEL-PACKAGE-(NUMBER)
 ----------------------------------------------------------------------------------------------------------
 Model                              1          1 -7.60119859E-05       *                     1_GWF-(1,2,88)
 ----------------------------------------------------------------------------------------------------------


 1 CALLS TO NUMERICAL SOLUTION IN TIME STEP 202 STRESS PERIOD 2
 1 TOTAL ITERATIONS

 SLN_2 OUTER ITERATION SUMMARY
 ----------------------------------------------------------------------------------------------------------
                                OUTER      INNER                    STEP   MAXIMUM CHANGE MODEL-(CELLID) OR
 OUTER ITERATION STEP       ITERATION  ITERATION  MAXIMUM CHANGE SUCCESS             MODEL-PACKAGE-(NUMBER)
 ----------------------------------------------------------------------------------------------------------
 Model                              1          2       2.5944391                            2_GWT-(1,37,83)
 Model                              2          1  2.30855335E-09       *                    2_GWT-(1,32,28)
 ----------------------------------------------------------------------------------------------------------


 2 CALLS TO NUMERICAL SOLUTION IN TIME STEP 202 STRESS PERIOD 2
 3 TOTAL ITERATIONS
 
    Solving:  Stress period:     2    Time step:   203
 

 SLN_1 OUTER ITERATION SUMMARY
 ----------------------------------------------------------------------------------------------------------
                                OUTER      INNER                    STEP   MAXIMUM CHANGE MODEL-(CELLID) OR
 OUTER ITERATION STEP       ITERATION  ITERATION  MAXIMUM CHANGE SUCCESS             MODEL-PACKAGE-(NUMBER)
 ----------------------------------------------------------------------------------------------------------
 Model                              1          1 -7.61961909E-05       *                     1_GWF-(1,2,85)
 ----------------------------------------------------------------------------------------------------------


 1 CALLS TO NUMERICAL SOLUTION IN TIME STEP 203 STRESS PERIOD 2
 1 TOTAL ITERATIONS

 SLN_2 OUTER ITERATION SUMMARY
 ----------------------------------------------------------------------------------------------------------
                                OUTER      INNER                    STEP   MAXIMUM CHANGE MODEL-(CELLID) OR
 OUTER ITERATION STEP       ITERATION  ITERATION  MAXIMUM CHANGE SUCCESS             MODEL-PACKAGE-(NUMBER)
 ----------------------------------------------------------------------------------------------------------
 Model                              1          2       2.5825957                            2_GWT-(1,37,83)
 Model                              2          1 -2.39720066E-09       *                    2_GWT-(1,32,28)
 ----------------------------------------------------------------------------------------------------------


 2 CALLS TO NUMERICAL SOLUTION IN TIME STEP 203 STRESS PERIOD 2
 3 TOTAL ITERATIONS
 
    Solving:  Stress period:     2    Time step:   204
 

 SLN_1 OUTER ITERATION SUMMARY
 ----------------------------------------------------------------------------------------------------------
                                OUTER      INNER                    STEP   MAXIMUM CHANGE MODEL-(CELLID) OR
 OUTER ITERATION STEP       ITERATION  ITERATION  MAXIMUM CHANGE SUCCESS             MODEL-PACKAGE-(NUMBER)
 ----------------------------------------------------------------------------------------------------------
 Model                              1          1 -7.54633066E-05       *                     1_GWF-(1,2,88)
 ----------------------------------------------------------------------------------------------------------


 1 CALLS TO NUMERICAL SOLUTION IN TIME STEP 204 STRESS PERIOD 2
 1 TOTAL ITERATIONS

 SLN_2 OUTER ITERATION SUMMARY
 ----------------------------------------------------------------------------------------------------------
                                OUTER      INNER                    STEP   MAXIMUM CHANGE MODEL-(CELLID) OR
 OUTER ITERATION STEP       ITERATION  ITERATION  MAXIMUM CHANGE SUCCESS             MODEL-PACKAGE-(NUMBER)
 ----------------------------------------------------------------------------------------------------------
 Model                              1          2       2.5701702                            2_GWT-(1,37,83)
 Model                              2          1  2.47823095E-09       *                    2_GWT-(1,32,28)
 ----------------------------------------------------------------------------------------------------------


 2 CALLS TO NUMERICAL SOLUTION IN TIME STEP 204 STRESS PERIOD 2
 3 TOTAL ITERATIONS
 
    Solving:  Stress period:     2    Time step:   205
 

 SLN_1 OUTER ITERATION SUMMARY
 ----------------------------------------------------------------------------------------------------------
                                OUTER      INNER                    STEP   MAXIMUM CHANGE MODEL-(CELLID) OR
 OUTER ITERATION STEP       ITERATION  ITERATION  MAXIMUM CHANGE SUCCESS             MODEL-PACKAGE-(NUMBER)
 ----------------------------------------------------------------------------------------------------------
 Model                              1          1 -7.56699740E-05       *                     1_GWF-(1,2,85)
 ----------------------------------------------------------------------------------------------------------


 1 CALLS TO NUMERICAL SOLUTION IN TIME STEP 205 STRESS PERIOD 2
 1 TOTAL ITERATIONS

 SLN_2 OUTER ITERATION SUMMARY
 ----------------------------------------------------------------------------------------------------------
                                OUTER      INNER                    STEP   MAXIMUM CHANGE MODEL-(CELLID) OR
 OUTER ITERATION STEP       ITERATION  ITERATION  MAXIMUM CHANGE SUCCESS             MODEL-PACKAGE-(NUMBER)
 ----------------------------------------------------------------------------------------------------------
 Model                              1          2       2.5565650                            2_GWT-(1,37,84)
 Model                              2          1 -2.58290811E-09       *                    2_GWT-(1,32,28)
 ----------------------------------------------------------------------------------------------------------


 2 CALLS TO NUMERICAL SOLUTION IN TIME STEP 205 STRESS PERIOD 2
 3 TOTAL ITERATIONS
 
    Solving:  Stress period:     2    Time step:   206
 

 SLN_1 OUTER ITERATION SUMMARY
 ----------------------------------------------------------------------------------------------------------
                                OUTER      INNER                    STEP   MAXIMUM CHANGE MODEL-(CELLID) OR
 OUTER ITERATION STEP       ITERATION  ITERATION  MAXIMUM CHANGE SUCCESS             MODEL-PACKAGE-(NUMBER)
 ----------------------------------------------------------------------------------------------------------
 Model                              1          1 -7.49194737E-05       *                     1_GWF-(1,2,88)
 ----------------------------------------------------------------------------------------------------------


 1 CALLS TO NUMERICAL SOLUTION IN TIME STEP 206 STRESS PERIOD 2
 1 TOTAL ITERATIONS

 SLN_2 OUTER ITERATION SUMMARY
 ----------------------------------------------------------------------------------------------------------
                                OUTER      INNER                    STEP   MAXIMUM CHANGE MODEL-(CELLID) OR
 OUTER ITERATION STEP       ITERATION  ITERATION  MAXIMUM CHANGE SUCCESS             MODEL-PACKAGE-(NUMBER)
 ----------------------------------------------------------------------------------------------------------
 Model                              1          2       2.5459261                            2_GWT-(1,37,84)
 Model                              2          1  2.68065037E-09       *                    2_GWT-(1,32,28)
 ----------------------------------------------------------------------------------------------------------


 2 CALLS TO NUMERICAL SOLUTION IN TIME STEP 206 STRESS PERIOD 2
 3 TOTAL ITERATIONS
 
    Solving:  Stress period:     2    Time step:   207
 

 SLN_1 OUTER ITERATION SUMMARY
 ----------------------------------------------------------------------------------------------------------
                                OUTER      INNER                    STEP   MAXIMUM CHANGE MODEL-(CELLID) OR
 OUTER ITERATION STEP       ITERATION  ITERATION  MAXIMUM CHANGE SUCCESS             MODEL-PACKAGE-(NUMBER)
 ----------------------------------------------------------------------------------------------------------
 Model                              1          1 -7.51479811E-05       *                     1_GWF-(1,2,85)
 ----------------------------------------------------------------------------------------------------------


 1 CALLS TO NUMERICAL SOLUTION IN TIME STEP 207 STRESS PERIOD 2
 1 TOTAL ITERATIONS

 SLN_2 OUTER ITERATION SUMMARY
 ----------------------------------------------------------------------------------------------------------
                                OUTER      INNER                    STEP   MAXIMUM CHANGE MODEL-(CELLID) OR
 OUTER ITERATION STEP       ITERATION  ITERATION  MAXIMUM CHANGE SUCCESS             MODEL-PACKAGE-(NUMBER)
 ----------------------------------------------------------------------------------------------------------
 Model                              1          2       2.5338432                            2_GWT-(1,37,84)
 Model                              2          1 -2.80581958E-09       *                    2_GWT-(1,32,28)
 ----------------------------------------------------------------------------------------------------------


 2 CALLS TO NUMERICAL SOLUTION IN TIME STEP 207 STRESS PERIOD 2
 3 TOTAL ITERATIONS
 
    Solving:  Stress period:     2    Time step:   208
 

 SLN_1 OUTER ITERATION SUMMARY
 ----------------------------------------------------------------------------------------------------------
                                OUTER      INNER                    STEP   MAXIMUM CHANGE MODEL-(CELLID) OR
 OUTER ITERATION STEP       ITERATION  ITERATION  MAXIMUM CHANGE SUCCESS             MODEL-PACKAGE-(NUMBER)
 ----------------------------------------------------------------------------------------------------------
 Model                              1          1 -7.43804318E-05       *                     1_GWF-(1,2,88)
 ----------------------------------------------------------------------------------------------------------


 1 CALLS TO NUMERICAL SOLUTION IN TIME STEP 208 STRESS PERIOD 2
 1 TOTAL ITERATIONS

 SLN_2 OUTER ITERATION SUMMARY
 ----------------------------------------------------------------------------------------------------------
                                OUTER      INNER                    STEP   MAXIMUM CHANGE MODEL-(CELLID) OR
 OUTER ITERATION STEP       ITERATION  ITERATION  MAXIMUM CHANGE SUCCESS             MODEL-PACKAGE-(NUMBER)
 ----------------------------------------------------------------------------------------------------------
 Model                              1          2       2.5212599                            2_GWT-(1,37,84)
 Model                              2          1  2.92496338E-09       *                    2_GWT-(1,32,28)
 ----------------------------------------------------------------------------------------------------------


 2 CALLS TO NUMERICAL SOLUTION IN TIME STEP 208 STRESS PERIOD 2
 3 TOTAL ITERATIONS
 
    Solving:  Stress period:     2    Time step:   209
 

 SLN_1 OUTER ITERATION SUMMARY
 ----------------------------------------------------------------------------------------------------------
                                OUTER      INNER                    STEP   MAXIMUM CHANGE MODEL-(CELLID) OR
 OUTER ITERATION STEP       ITERATION  ITERATION  MAXIMUM CHANGE SUCCESS             MODEL-PACKAGE-(NUMBER)
 ----------------------------------------------------------------------------------------------------------
 Model                              1          1 -7.46301711E-05       *                     1_GWF-(1,2,85)
 ----------------------------------------------------------------------------------------------------------


 1 CALLS TO NUMERICAL SOLUTION IN TIME STEP 209 STRESS PERIOD 2
 1 TOTAL ITERATIONS

 SLN_2 OUTER ITERATION SUMMARY
 ----------------------------------------------------------------------------------------------------------
                                OUTER      INNER                    STEP   MAXIMUM CHANGE MODEL-(CELLID) OR
 OUTER ITERATION STEP       ITERATION  ITERATION  MAXIMUM CHANGE SUCCESS             MODEL-PACKAGE-(NUMBER)
 ----------------------------------------------------------------------------------------------------------
 Model                              1          2       2.5098184                            2_GWT-(1,37,85)
 Model                              2          1 -3.07659320E-09       *                    2_GWT-(1,32,28)
 ----------------------------------------------------------------------------------------------------------


 2 CALLS TO NUMERICAL SOLUTION IN TIME STEP 209 STRESS PERIOD 2
 3 TOTAL ITERATIONS
 
    Solving:  Stress period:     2    Time step:   210
 

 SLN_1 OUTER ITERATION SUMMARY
 ----------------------------------------------------------------------------------------------------------
                                OUTER      INNER                    STEP   MAXIMUM CHANGE MODEL-(CELLID) OR
 OUTER ITERATION STEP       ITERATION  ITERATION  MAXIMUM CHANGE SUCCESS             MODEL-PACKAGE-(NUMBER)
 ----------------------------------------------------------------------------------------------------------
 Model                              1          1 -7.38461266E-05       *                     1_GWF-(1,2,88)
 ----------------------------------------------------------------------------------------------------------


 1 CALLS TO NUMERICAL SOLUTION IN TIME STEP 210 STRESS PERIOD 2
 1 TOTAL ITERATIONS

 SLN_2 OUTER ITERATION SUMMARY
 ----------------------------------------------------------------------------------------------------------
                                OUTER      INNER                    STEP   MAXIMUM CHANGE MODEL-(CELLID) OR
 OUTER ITERATION STEP       ITERATION  ITERATION  MAXIMUM CHANGE SUCCESS             MODEL-PACKAGE-(NUMBER)
 ----------------------------------------------------------------------------------------------------------
 Model                              1          2       2.4986816                            2_GWT-(1,37,85)
 Model                              2          1  3.22376081E-09       *                    2_GWT-(1,32,28)
 ----------------------------------------------------------------------------------------------------------


 2 CALLS TO NUMERICAL SOLUTION IN TIME STEP 210 STRESS PERIOD 2
 3 TOTAL ITERATIONS
 
    Solving:  Stress period:     2    Time step:   211
 

 SLN_1 OUTER ITERATION SUMMARY
 ----------------------------------------------------------------------------------------------------------
                                OUTER      INNER                    STEP   MAXIMUM CHANGE MODEL-(CELLID) OR
 OUTER ITERATION STEP       ITERATION  ITERATION  MAXIMUM CHANGE SUCCESS             MODEL-PACKAGE-(NUMBER)
 ----------------------------------------------------------------------------------------------------------
 Model                              1          1 -7.41165035E-05       *                     1_GWF-(1,2,85)
 ----------------------------------------------------------------------------------------------------------


 1 CALLS TO NUMERICAL SOLUTION IN TIME STEP 211 STRESS PERIOD 2
 1 TOTAL ITERATIONS

 SLN_2 OUTER ITERATION SUMMARY
 ----------------------------------------------------------------------------------------------------------
                                OUTER      INNER                    STEP   MAXIMUM CHANGE MODEL-(CELLID) OR
 OUTER ITERATION STEP       ITERATION  ITERATION  MAXIMUM CHANGE SUCCESS             MODEL-PACKAGE-(NUMBER)
 ----------------------------------------------------------------------------------------------------------
 Model                              1          2       2.4866629                            2_GWT-(1,37,85)
 Model                              2          1 -3.40997985E-09       *                    2_GWT-(1,32,28)
 ----------------------------------------------------------------------------------------------------------


 2 CALLS TO NUMERICAL SOLUTION IN TIME STEP 211 STRESS PERIOD 2
 3 TOTAL ITERATIONS
 
    Solving:  Stress period:     2    Time step:   212
 

 SLN_1 OUTER ITERATION SUMMARY
 ----------------------------------------------------------------------------------------------------------
                                OUTER      INNER                    STEP   MAXIMUM CHANGE MODEL-(CELLID) OR
 OUTER ITERATION STEP       ITERATION  ITERATION  MAXIMUM CHANGE SUCCESS             MODEL-PACKAGE-(NUMBER)
 ----------------------------------------------------------------------------------------------------------
 Model                              1          1 -7.33165043E-05       *                     1_GWF-(1,2,88)
 ----------------------------------------------------------------------------------------------------------


 1 CALLS TO NUMERICAL SOLUTION IN TIME STEP 212 STRESS PERIOD 2
 1 TOTAL ITERATIONS

 SLN_2 OUTER ITERATION SUMMARY
 ----------------------------------------------------------------------------------------------------------
                                OUTER      INNER                    STEP   MAXIMUM CHANGE MODEL-(CELLID) OR
 OUTER ITERATION STEP       ITERATION  ITERATION  MAXIMUM CHANGE SUCCESS             MODEL-PACKAGE-(NUMBER)
 ----------------------------------------------------------------------------------------------------------
 Model                              1          2       2.4745789                            2_GWT-(1,37,86)
 Model                              2          1  3.59432306E-09       *                    2_GWT-(1,32,28)
 ----------------------------------------------------------------------------------------------------------


 2 CALLS TO NUMERICAL SOLUTION IN TIME STEP 212 STRESS PERIOD 2
 3 TOTAL ITERATIONS
 
    Solving:  Stress period:     2    Time step:   213
 

 SLN_1 OUTER ITERATION SUMMARY
 ----------------------------------------------------------------------------------------------------------
                                OUTER      INNER                    STEP   MAXIMUM CHANGE MODEL-(CELLID) OR
 OUTER ITERATION STEP       ITERATION  ITERATION  MAXIMUM CHANGE SUCCESS             MODEL-PACKAGE-(NUMBER)
 ----------------------------------------------------------------------------------------------------------
 Model                              1          1 -7.36069383E-05       *                     1_GWF-(1,2,85)
 ----------------------------------------------------------------------------------------------------------


 1 CALLS TO NUMERICAL SOLUTION IN TIME STEP 213 STRESS PERIOD 2
 1 TOTAL ITERATIONS

 SLN_2 OUTER ITERATION SUMMARY
 ----------------------------------------------------------------------------------------------------------
                                OUTER      INNER                    STEP   MAXIMUM CHANGE MODEL-(CELLID) OR
 OUTER ITERATION STEP       ITERATION  ITERATION  MAXIMUM CHANGE SUCCESS             MODEL-PACKAGE-(NUMBER)
 ----------------------------------------------------------------------------------------------------------
 Model                              1          2       2.4643276                            2_GWT-(1,37,86)
 Model                              2          1 -3.82681264E-09       *                    2_GWT-(1,32,28)
 ----------------------------------------------------------------------------------------------------------


 2 CALLS TO NUMERICAL SOLUTION IN TIME STEP 213 STRESS PERIOD 2
 3 TOTAL ITERATIONS
 
    Solving:  Stress period:     2    Time step:   214
 

 SLN_1 OUTER ITERATION SUMMARY
 ----------------------------------------------------------------------------------------------------------
                                OUTER      INNER                    STEP   MAXIMUM CHANGE MODEL-(CELLID) OR
 OUTER ITERATION STEP       ITERATION  ITERATION  MAXIMUM CHANGE SUCCESS             MODEL-PACKAGE-(NUMBER)
 ----------------------------------------------------------------------------------------------------------
 Model                              1          1 -7.27915120E-05       *                     1_GWF-(1,2,88)
 ----------------------------------------------------------------------------------------------------------


 1 CALLS TO NUMERICAL SOLUTION IN TIME STEP 214 STRESS PERIOD 2
 1 TOTAL ITERATIONS

 SLN_2 OUTER ITERATION SUMMARY
 ----------------------------------------------------------------------------------------------------------
                                OUTER      INNER                    STEP   MAXIMUM CHANGE MODEL-(CELLID) OR
 OUTER ITERATION STEP       ITERATION  ITERATION  MAXIMUM CHANGE SUCCESS             MODEL-PACKAGE-(NUMBER)
 ----------------------------------------------------------------------------------------------------------
 Model                              1          2       2.4528606                            2_GWT-(1,37,86)
 Model                              2          1  4.06166123E-09       *                    2_GWT-(1,32,28)
 ----------------------------------------------------------------------------------------------------------


 2 CALLS TO NUMERICAL SOLUTION IN TIME STEP 214 STRESS PERIOD 2
 3 TOTAL ITERATIONS
 
    Solving:  Stress period:     2    Time step:   215
 

 SLN_1 OUTER ITERATION SUMMARY
 ----------------------------------------------------------------------------------------------------------
                                OUTER      INNER                    STEP   MAXIMUM CHANGE MODEL-(CELLID) OR
 OUTER ITERATION STEP       ITERATION  ITERATION  MAXIMUM CHANGE SUCCESS             MODEL-PACKAGE-(NUMBER)
 ----------------------------------------------------------------------------------------------------------
 Model                              1          1 -7.31014360E-05       *                     1_GWF-(1,2,85)
 ----------------------------------------------------------------------------------------------------------


 1 CALLS TO NUMERICAL SOLUTION IN TIME STEP 215 STRESS PERIOD 2
 1 TOTAL ITERATIONS

 SLN_2 OUTER ITERATION SUMMARY
 ----------------------------------------------------------------------------------------------------------
                                OUTER      INNER                    STEP   MAXIMUM CHANGE MODEL-(CELLID) OR
 OUTER ITERATION STEP       ITERATION  ITERATION  MAXIMUM CHANGE SUCCESS             MODEL-PACKAGE-(NUMBER)
 ----------------------------------------------------------------------------------------------------------
 Model                              1          2       2.4407909                            2_GWT-(1,37,86)
 Model                              2          1 -4.35773018E-09       *                    2_GWT-(1,32,28)
 ----------------------------------------------------------------------------------------------------------


 2 CALLS TO NUMERICAL SOLUTION IN TIME STEP 215 STRESS PERIOD 2
 3 TOTAL ITERATIONS
 
    Solving:  Stress period:     2    Time step:   216
 

 SLN_1 OUTER ITERATION SUMMARY
 ----------------------------------------------------------------------------------------------------------
                                OUTER      INNER                    STEP   MAXIMUM CHANGE MODEL-(CELLID) OR
 OUTER ITERATION STEP       ITERATION  ITERATION  MAXIMUM CHANGE SUCCESS             MODEL-PACKAGE-(NUMBER)
 ----------------------------------------------------------------------------------------------------------
 Model                              1          1 -7.22710976E-05       *                     1_GWF-(1,2,88)
 ----------------------------------------------------------------------------------------------------------


 1 CALLS TO NUMERICAL SOLUTION IN TIME STEP 216 STRESS PERIOD 2
 1 TOTAL ITERATIONS

 SLN_2 OUTER ITERATION SUMMARY
 ----------------------------------------------------------------------------------------------------------
                                OUTER      INNER                    STEP   MAXIMUM CHANGE MODEL-(CELLID) OR
 OUTER ITERATION STEP       ITERATION  ITERATION  MAXIMUM CHANGE SUCCESS             MODEL-PACKAGE-(NUMBER)
 ----------------------------------------------------------------------------------------------------------
 Model                              1          2       2.4305870                            2_GWT-(1,37,87)
 Model                              2          1  4.66371830E-09       *                    2_GWT-(1,32,28)
 ----------------------------------------------------------------------------------------------------------


 2 CALLS TO NUMERICAL SOLUTION IN TIME STEP 216 STRESS PERIOD 2
 3 TOTAL ITERATIONS
 
    Solving:  Stress period:     2    Time step:   217
 

 SLN_1 OUTER ITERATION SUMMARY
 ----------------------------------------------------------------------------------------------------------
                                OUTER      INNER                    STEP   MAXIMUM CHANGE MODEL-(CELLID) OR
 OUTER ITERATION STEP       ITERATION  ITERATION  MAXIMUM CHANGE SUCCESS             MODEL-PACKAGE-(NUMBER)
 ----------------------------------------------------------------------------------------------------------
 Model                              1          1 -7.25999576E-05       *                     1_GWF-(1,2,85)
 ----------------------------------------------------------------------------------------------------------


 1 CALLS TO NUMERICAL SOLUTION IN TIME STEP 217 STRESS PERIOD 2
 1 TOTAL ITERATIONS

 SLN_2 OUTER ITERATION SUMMARY
 ----------------------------------------------------------------------------------------------------------
                                OUTER      INNER                    STEP   MAXIMUM CHANGE MODEL-(CELLID) OR
 OUTER ITERATION STEP       ITERATION  ITERATION  MAXIMUM CHANGE SUCCESS             MODEL-PACKAGE-(NUMBER)
 ----------------------------------------------------------------------------------------------------------
 Model                              1          2       2.4200049                            2_GWT-(1,37,87)
 Model                              2          1 -5.05104936E-09       *                    2_GWT-(1,32,28)
 ----------------------------------------------------------------------------------------------------------


 2 CALLS TO NUMERICAL SOLUTION IN TIME STEP 217 STRESS PERIOD 2
 3 TOTAL ITERATIONS
 
    Solving:  Stress period:     2    Time step:   218
 

 SLN_1 OUTER ITERATION SUMMARY
 ----------------------------------------------------------------------------------------------------------
                                OUTER      INNER                    STEP   MAXIMUM CHANGE MODEL-(CELLID) OR
 OUTER ITERATION STEP       ITERATION  ITERATION  MAXIMUM CHANGE SUCCESS             MODEL-PACKAGE-(NUMBER)
 ----------------------------------------------------------------------------------------------------------
 Model                              1          1 -7.17552096E-05       *                     1_GWF-(1,2,88)
 ----------------------------------------------------------------------------------------------------------


 1 CALLS TO NUMERICAL SOLUTION IN TIME STEP 218 STRESS PERIOD 2
 1 TOTAL ITERATIONS

 SLN_2 OUTER ITERATION SUMMARY
 ----------------------------------------------------------------------------------------------------------
                                OUTER      INNER                    STEP   MAXIMUM CHANGE MODEL-(CELLID) OR
 OUTER ITERATION STEP       ITERATION  ITERATION  MAXIMUM CHANGE SUCCESS             MODEL-PACKAGE-(NUMBER)
 ----------------------------------------------------------------------------------------------------------
 Model                              1          2       2.4084532                            2_GWT-(1,37,87)
 Model                              2          1  5.46239676E-09       *                    2_GWT-(1,32,28)
 ----------------------------------------------------------------------------------------------------------


 2 CALLS TO NUMERICAL SOLUTION IN TIME STEP 218 STRESS PERIOD 2
 3 TOTAL ITERATIONS
 
    Solving:  Stress period:     2    Time step:   219
 

 SLN_1 OUTER ITERATION SUMMARY
 ----------------------------------------------------------------------------------------------------------
                                OUTER      INNER                    STEP   MAXIMUM CHANGE MODEL-(CELLID) OR
 OUTER ITERATION STEP       ITERATION  ITERATION  MAXIMUM CHANGE SUCCESS             MODEL-PACKAGE-(NUMBER)
 ----------------------------------------------------------------------------------------------------------
 Model                              1          1 -7.21024643E-05       *                     1_GWF-(1,2,85)
 ----------------------------------------------------------------------------------------------------------


 1 CALLS TO NUMERICAL SOLUTION IN TIME STEP 219 STRESS PERIOD 2
 1 TOTAL ITERATIONS

 SLN_2 OUTER ITERATION SUMMARY
 ----------------------------------------------------------------------------------------------------------
                                OUTER      INNER                    STEP   MAXIMUM CHANGE MODEL-(CELLID) OR
 OUTER ITERATION STEP       ITERATION  ITERATION  MAXIMUM CHANGE SUCCESS             MODEL-PACKAGE-(NUMBER)
 ----------------------------------------------------------------------------------------------------------
 Model                              1          2       2.3977089                            2_GWT-(1,37,88)
 Model                              2          1 -5.98916472E-09       *                    2_GWT-(1,32,28)
 ----------------------------------------------------------------------------------------------------------


 2 CALLS TO NUMERICAL SOLUTION IN TIME STEP 219 STRESS PERIOD 2
 3 TOTAL ITERATIONS
 
    Solving:  Stress period:     2    Time step:   220
 

 SLN_1 OUTER ITERATION SUMMARY
 ----------------------------------------------------------------------------------------------------------
                                OUTER      INNER                    STEP   MAXIMUM CHANGE MODEL-(CELLID) OR
 OUTER ITERATION STEP       ITERATION  ITERATION  MAXIMUM CHANGE SUCCESS             MODEL-PACKAGE-(NUMBER)
 ----------------------------------------------------------------------------------------------------------
 Model                              1          1 -7.12437973E-05       *                     1_GWF-(1,2,88)
 ----------------------------------------------------------------------------------------------------------


 1 CALLS TO NUMERICAL SOLUTION IN TIME STEP 220 STRESS PERIOD 2
 1 TOTAL ITERATIONS

 SLN_2 OUTER ITERATION SUMMARY
 ----------------------------------------------------------------------------------------------------------
                                OUTER      INNER                    STEP   MAXIMUM CHANGE MODEL-(CELLID) OR
 OUTER ITERATION STEP       ITERATION  ITERATION  MAXIMUM CHANGE SUCCESS             MODEL-PACKAGE-(NUMBER)
 ----------------------------------------------------------------------------------------------------------
 Model                              1          2       2.3878033                            2_GWT-(1,37,88)
 Model                              2          1  6.57004762E-09       *                    2_GWT-(1,32,28)
 ----------------------------------------------------------------------------------------------------------


 2 CALLS TO NUMERICAL SOLUTION IN TIME STEP 220 STRESS PERIOD 2
 3 TOTAL ITERATIONS
 
    Solving:  Stress period:     2    Time step:   221
 

 SLN_1 OUTER ITERATION SUMMARY
 ----------------------------------------------------------------------------------------------------------
                                OUTER      INNER                    STEP   MAXIMUM CHANGE MODEL-(CELLID) OR
 OUTER ITERATION STEP       ITERATION  ITERATION  MAXIMUM CHANGE SUCCESS             MODEL-PACKAGE-(NUMBER)
 ----------------------------------------------------------------------------------------------------------
 Model                              1          1 -7.16089180E-05       *                     1_GWF-(1,2,85)
 ----------------------------------------------------------------------------------------------------------


 1 CALLS TO NUMERICAL SOLUTION IN TIME STEP 221 STRESS PERIOD 2
 1 TOTAL ITERATIONS

 SLN_2 OUTER ITERATION SUMMARY
 ----------------------------------------------------------------------------------------------------------
                                OUTER      INNER                    STEP   MAXIMUM CHANGE MODEL-(CELLID) OR
 OUTER ITERATION STEP       ITERATION  ITERATION  MAXIMUM CHANGE SUCCESS             MODEL-PACKAGE-(NUMBER)
 ----------------------------------------------------------------------------------------------------------
 Model                              1          2       2.3769136                            2_GWT-(1,37,88)
 Model                              2          1 -7.33163574E-09       *                    2_GWT-(1,32,28)
 ----------------------------------------------------------------------------------------------------------


 2 CALLS TO NUMERICAL SOLUTION IN TIME STEP 221 STRESS PERIOD 2
 3 TOTAL ITERATIONS
 
    Solving:  Stress period:     2    Time step:   222
 

 SLN_1 OUTER ITERATION SUMMARY
 ----------------------------------------------------------------------------------------------------------
                                OUTER      INNER                    STEP   MAXIMUM CHANGE MODEL-(CELLID) OR
 OUTER ITERATION STEP       ITERATION  ITERATION  MAXIMUM CHANGE SUCCESS             MODEL-PACKAGE-(NUMBER)
 ----------------------------------------------------------------------------------------------------------
 Model                              1          1 -7.07368107E-05       *                     1_GWF-(1,2,88)
 ----------------------------------------------------------------------------------------------------------


 1 CALLS TO NUMERICAL SOLUTION IN TIME STEP 222 STRESS PERIOD 2
 1 TOTAL ITERATIONS

 SLN_2 OUTER ITERATION SUMMARY
 ----------------------------------------------------------------------------------------------------------
                                OUTER      INNER                    STEP   MAXIMUM CHANGE MODEL-(CELLID) OR
 OUTER ITERATION STEP       ITERATION  ITERATION  MAXIMUM CHANGE SUCCESS             MODEL-PACKAGE-(NUMBER)
 ----------------------------------------------------------------------------------------------------------
 Model                              1          2       2.3656442                            2_GWT-(1,37,89)
 Model                              2          1  8.21918889E-09       *                    2_GWT-(1,32,28)
 ----------------------------------------------------------------------------------------------------------


 2 CALLS TO NUMERICAL SOLUTION IN TIME STEP 222 STRESS PERIOD 2
 3 TOTAL ITERATIONS
 
    Solving:  Stress period:     2    Time step:   223
 

 SLN_1 OUTER ITERATION SUMMARY
 ----------------------------------------------------------------------------------------------------------
                                OUTER      INNER                    STEP   MAXIMUM CHANGE MODEL-(CELLID) OR
 OUTER ITERATION STEP       ITERATION  ITERATION  MAXIMUM CHANGE SUCCESS             MODEL-PACKAGE-(NUMBER)
 ----------------------------------------------------------------------------------------------------------
 Model                              1          1 -7.11192811E-05       *                     1_GWF-(1,2,85)
 ----------------------------------------------------------------------------------------------------------


 1 CALLS TO NUMERICAL SOLUTION IN TIME STEP 223 STRESS PERIOD 2
 1 TOTAL ITERATIONS

 SLN_2 OUTER ITERATION SUMMARY
 ----------------------------------------------------------------------------------------------------------
                                OUTER      INNER                    STEP   MAXIMUM CHANGE MODEL-(CELLID) OR
 OUTER ITERATION STEP       ITERATION  ITERATION  MAXIMUM CHANGE SUCCESS             MODEL-PACKAGE-(NUMBER)
 ----------------------------------------------------------------------------------------------------------
 Model                              1          2       2.3562666                            2_GWT-(1,37,89)
 Model                              2          1 -9.43873601E-09       *                    2_GWT-(1,32,28)
 ----------------------------------------------------------------------------------------------------------


 2 CALLS TO NUMERICAL SOLUTION IN TIME STEP 223 STRESS PERIOD 2
 3 TOTAL ITERATIONS
 
    Solving:  Stress period:     2    Time step:   224
 

 SLN_1 OUTER ITERATION SUMMARY
 ----------------------------------------------------------------------------------------------------------
                                OUTER      INNER                    STEP   MAXIMUM CHANGE MODEL-(CELLID) OR
 OUTER ITERATION STEP       ITERATION  ITERATION  MAXIMUM CHANGE SUCCESS             MODEL-PACKAGE-(NUMBER)
 ----------------------------------------------------------------------------------------------------------
 Model                              1          1 -7.02342005E-05       *                     1_GWF-(1,2,88)
 ----------------------------------------------------------------------------------------------------------


 1 CALLS TO NUMERICAL SOLUTION IN TIME STEP 224 STRESS PERIOD 2
 1 TOTAL ITERATIONS

 SLN_2 OUTER ITERATION SUMMARY
 ----------------------------------------------------------------------------------------------------------
                                OUTER      INNER                    STEP   MAXIMUM CHANGE MODEL-(CELLID) OR
 OUTER ITERATION STEP       ITERATION  ITERATION  MAXIMUM CHANGE SUCCESS             MODEL-PACKAGE-(NUMBER)
 ----------------------------------------------------------------------------------------------------------
 Model                              1          2       2.3461269                            2_GWT-(1,37,89)
 Model                              2          1  1.09922382E-08       *                    2_GWT-(1,32,28)
 ----------------------------------------------------------------------------------------------------------


 2 CALLS TO NUMERICAL SOLUTION IN TIME STEP 224 STRESS PERIOD 2
 3 TOTAL ITERATIONS
 
    Solving:  Stress period:     2    Time step:   225
 

 SLN_1 OUTER ITERATION SUMMARY
 ----------------------------------------------------------------------------------------------------------
                                OUTER      INNER                    STEP   MAXIMUM CHANGE MODEL-(CELLID) OR
 OUTER ITERATION STEP       ITERATION  ITERATION  MAXIMUM CHANGE SUCCESS             MODEL-PACKAGE-(NUMBER)
 ----------------------------------------------------------------------------------------------------------
 Model                              1          1 -7.06335161E-05       *                     1_GWF-(1,2,85)
 ----------------------------------------------------------------------------------------------------------


 1 CALLS TO NUMERICAL SOLUTION IN TIME STEP 225 STRESS PERIOD 2
 1 TOTAL ITERATIONS

 SLN_2 OUTER ITERATION SUMMARY
 ----------------------------------------------------------------------------------------------------------
                                OUTER      INNER                    STEP   MAXIMUM CHANGE MODEL-(CELLID) OR
 OUTER ITERATION STEP       ITERATION  ITERATION  MAXIMUM CHANGE SUCCESS             MODEL-PACKAGE-(NUMBER)
 ----------------------------------------------------------------------------------------------------------
 Model                              1          2       2.3350743                            2_GWT-(1,37,89)
 Model                              2          1 -1.33350113E-08       *                    2_GWT-(1,32,28)
 ----------------------------------------------------------------------------------------------------------


 2 CALLS TO NUMERICAL SOLUTION IN TIME STEP 225 STRESS PERIOD 2
 3 TOTAL ITERATIONS
 
    Solving:  Stress period:     2    Time step:   226
 

 SLN_1 OUTER ITERATION SUMMARY
 ----------------------------------------------------------------------------------------------------------
                                OUTER      INNER                    STEP   MAXIMUM CHANGE MODEL-(CELLID) OR
 OUTER ITERATION STEP       ITERATION  ITERATION  MAXIMUM CHANGE SUCCESS             MODEL-PACKAGE-(NUMBER)
 ----------------------------------------------------------------------------------------------------------
 Model                              1          1 -6.97359181E-05       *                     1_GWF-(1,2,88)
 ----------------------------------------------------------------------------------------------------------


 1 CALLS TO NUMERICAL SOLUTION IN TIME STEP 226 STRESS PERIOD 2
 1 TOTAL ITERATIONS

 SLN_2 OUTER ITERATION SUMMARY
 ----------------------------------------------------------------------------------------------------------
                                OUTER      INNER                    STEP   MAXIMUM CHANGE MODEL-(CELLID) OR
 OUTER ITERATION STEP       ITERATION  ITERATION  MAXIMUM CHANGE SUCCESS             MODEL-PACKAGE-(NUMBER)
 ----------------------------------------------------------------------------------------------------------
 Model                              1          2       2.3255041                            2_GWT-(1,37,90)
 Model                              2          1 -1.72883574E-08       *                    2_GWT-(1,30,99)
 ----------------------------------------------------------------------------------------------------------


 2 CALLS TO NUMERICAL SOLUTION IN TIME STEP 226 STRESS PERIOD 2
 3 TOTAL ITERATIONS
 
    Solving:  Stress period:     2    Time step:   227
 

 SLN_1 OUTER ITERATION SUMMARY
 ----------------------------------------------------------------------------------------------------------
                                OUTER      INNER                    STEP   MAXIMUM CHANGE MODEL-(CELLID) OR
 OUTER ITERATION STEP       ITERATION  ITERATION  MAXIMUM CHANGE SUCCESS             MODEL-PACKAGE-(NUMBER)
 ----------------------------------------------------------------------------------------------------------
 Model                              1          1 -7.01515863E-05       *                     1_GWF-(1,2,85)
 ----------------------------------------------------------------------------------------------------------


 1 CALLS TO NUMERICAL SOLUTION IN TIME STEP 227 STRESS PERIOD 2
 1 TOTAL ITERATIONS

 SLN_2 OUTER ITERATION SUMMARY
 ----------------------------------------------------------------------------------------------------------
                                OUTER      INNER                    STEP   MAXIMUM CHANGE MODEL-(CELLID) OR
 OUTER ITERATION STEP       ITERATION  ITERATION  MAXIMUM CHANGE SUCCESS             MODEL-PACKAGE-(NUMBER)
 ----------------------------------------------------------------------------------------------------------
 Model                              1          2       2.3159543                            2_GWT-(1,37,90)
 Model                              2          1 -2.49617713E-08       *                    2_GWT-(1,29,99)
 ----------------------------------------------------------------------------------------------------------


 2 CALLS TO NUMERICAL SOLUTION IN TIME STEP 227 STRESS PERIOD 2
 3 TOTAL ITERATIONS
 
    Solving:  Stress period:     2    Time step:   228
 

 SLN_1 OUTER ITERATION SUMMARY
 ----------------------------------------------------------------------------------------------------------
                                OUTER      INNER                    STEP   MAXIMUM CHANGE MODEL-(CELLID) OR
 OUTER ITERATION STEP       ITERATION  ITERATION  MAXIMUM CHANGE SUCCESS             MODEL-PACKAGE-(NUMBER)
 ----------------------------------------------------------------------------------------------------------
 Model                              1          1 -6.92419157E-05       *                     1_GWF-(1,2,88)
 ----------------------------------------------------------------------------------------------------------


 1 CALLS TO NUMERICAL SOLUTION IN TIME STEP 228 STRESS PERIOD 2
 1 TOTAL ITERATIONS

 SLN_2 OUTER ITERATION SUMMARY
 ----------------------------------------------------------------------------------------------------------
                                OUTER      INNER                    STEP   MAXIMUM CHANGE MODEL-(CELLID) OR
 OUTER ITERATION STEP       ITERATION  ITERATION  MAXIMUM CHANGE SUCCESS             MODEL-PACKAGE-(NUMBER)
 ----------------------------------------------------------------------------------------------------------
 Model                              1          2       2.3055617                            2_GWT-(1,37,90)
 Model                              2          1 -4.32783338E-08       *                    2_GWT-(1,29,99)
 ----------------------------------------------------------------------------------------------------------


 2 CALLS TO NUMERICAL SOLUTION IN TIME STEP 228 STRESS PERIOD 2
 3 TOTAL ITERATIONS
 
    Solving:  Stress period:     2    Time step:   229
 

 SLN_1 OUTER ITERATION SUMMARY
 ----------------------------------------------------------------------------------------------------------
                                OUTER      INNER                    STEP   MAXIMUM CHANGE MODEL-(CELLID) OR
 OUTER ITERATION STEP       ITERATION  ITERATION  MAXIMUM CHANGE SUCCESS             MODEL-PACKAGE-(NUMBER)
 ----------------------------------------------------------------------------------------------------------
 Model                              1          1 -6.96734553E-05       *                     1_GWF-(1,2,85)
 ----------------------------------------------------------------------------------------------------------


 1 CALLS TO NUMERICAL SOLUTION IN TIME STEP 229 STRESS PERIOD 2
 1 TOTAL ITERATIONS

 SLN_2 OUTER ITERATION SUMMARY
 ----------------------------------------------------------------------------------------------------------
                                OUTER      INNER                    STEP   MAXIMUM CHANGE MODEL-(CELLID) OR
 OUTER ITERATION STEP       ITERATION  ITERATION  MAXIMUM CHANGE SUCCESS             MODEL-PACKAGE-(NUMBER)
 ----------------------------------------------------------------------------------------------------------
 Model                              1          2       2.2954497                            2_GWT-(1,37,91)
 Model                              2          1 -1.55467475E-07       *                    2_GWT-(1,29,99)
 ----------------------------------------------------------------------------------------------------------


 2 CALLS TO NUMERICAL SOLUTION IN TIME STEP 229 STRESS PERIOD 2
 3 TOTAL ITERATIONS
 
    Solving:  Stress period:     2    Time step:   230
 

 SLN_1 OUTER ITERATION SUMMARY
 ----------------------------------------------------------------------------------------------------------
                                OUTER      INNER                    STEP   MAXIMUM CHANGE MODEL-(CELLID) OR
 OUTER ITERATION STEP       ITERATION  ITERATION  MAXIMUM CHANGE SUCCESS             MODEL-PACKAGE-(NUMBER)
 ----------------------------------------------------------------------------------------------------------
 Model                              1          1 -6.87521458E-05       *                     1_GWF-(1,2,88)
 ----------------------------------------------------------------------------------------------------------


 1 CALLS TO NUMERICAL SOLUTION IN TIME STEP 230 STRESS PERIOD 2
 1 TOTAL ITERATIONS

 SLN_2 OUTER ITERATION SUMMARY
 ----------------------------------------------------------------------------------------------------------
                                OUTER      INNER                    STEP   MAXIMUM CHANGE MODEL-(CELLID) OR
 OUTER ITERATION STEP       ITERATION  ITERATION  MAXIMUM CHANGE SUCCESS             MODEL-PACKAGE-(NUMBER)
 ----------------------------------------------------------------------------------------------------------
 Model                              1          2       2.2864468                            2_GWT-(1,37,91)
 Model                              2          1  1.00802076E-07       *                    2_GWT-(1,29,99)
 ----------------------------------------------------------------------------------------------------------


 2 CALLS TO NUMERICAL SOLUTION IN TIME STEP 230 STRESS PERIOD 2
 3 TOTAL ITERATIONS
 
    Solving:  Stress period:     2    Time step:   231
 

 SLN_1 OUTER ITERATION SUMMARY
 ----------------------------------------------------------------------------------------------------------
                                OUTER      INNER                    STEP   MAXIMUM CHANGE MODEL-(CELLID) OR
 OUTER ITERATION STEP       ITERATION  ITERATION  MAXIMUM CHANGE SUCCESS             MODEL-PACKAGE-(NUMBER)
 ----------------------------------------------------------------------------------------------------------
 Model                              1          1 -6.91990870E-05       *                     1_GWF-(1,2,85)
 ----------------------------------------------------------------------------------------------------------


 1 CALLS TO NUMERICAL SOLUTION IN TIME STEP 231 STRESS PERIOD 2
 1 TOTAL ITERATIONS

 SLN_2 OUTER ITERATION SUMMARY
 ----------------------------------------------------------------------------------------------------------
                                OUTER      INNER                    STEP   MAXIMUM CHANGE MODEL-(CELLID) OR
 OUTER ITERATION STEP       ITERATION  ITERATION  MAXIMUM CHANGE SUCCESS             MODEL-PACKAGE-(NUMBER)
 ----------------------------------------------------------------------------------------------------------
 Model                              1          2       2.2767017                            2_GWT-(1,37,91)
 Model                              2          1 -4.01945215E-08       *                   2_GWT-(1,42,101)
 ----------------------------------------------------------------------------------------------------------


 2 CALLS TO NUMERICAL SOLUTION IN TIME STEP 231 STRESS PERIOD 2
 3 TOTAL ITERATIONS
 
    Solving:  Stress period:     2    Time step:   232
 

 SLN_1 OUTER ITERATION SUMMARY
 ----------------------------------------------------------------------------------------------------------
                                OUTER      INNER                    STEP   MAXIMUM CHANGE MODEL-(CELLID) OR
 OUTER ITERATION STEP       ITERATION  ITERATION  MAXIMUM CHANGE SUCCESS             MODEL-PACKAGE-(NUMBER)
 ----------------------------------------------------------------------------------------------------------
 Model                              1          1 -6.82665621E-05       *                     1_GWF-(1,2,88)
 ----------------------------------------------------------------------------------------------------------


 1 CALLS TO NUMERICAL SOLUTION IN TIME STEP 232 STRESS PERIOD 2
 1 TOTAL ITERATIONS

 SLN_2 OUTER ITERATION SUMMARY
 ----------------------------------------------------------------------------------------------------------
                                OUTER      INNER                    STEP   MAXIMUM CHANGE MODEL-(CELLID) OR
 OUTER ITERATION STEP       ITERATION  ITERATION  MAXIMUM CHANGE SUCCESS             MODEL-PACKAGE-(NUMBER)
 ----------------------------------------------------------------------------------------------------------
 Model                              1          2       2.2661254                            2_GWT-(1,37,91)
 Model                              2          1 -2.64287081E-08       *                   2_GWT-(1,42,101)
 ----------------------------------------------------------------------------------------------------------


 2 CALLS TO NUMERICAL SOLUTION IN TIME STEP 232 STRESS PERIOD 2
 3 TOTAL ITERATIONS
 
    Solving:  Stress period:     2    Time step:   233
 

 SLN_1 OUTER ITERATION SUMMARY
 ----------------------------------------------------------------------------------------------------------
                                OUTER      INNER                    STEP   MAXIMUM CHANGE MODEL-(CELLID) OR
 OUTER ITERATION STEP       ITERATION  ITERATION  MAXIMUM CHANGE SUCCESS             MODEL-PACKAGE-(NUMBER)
 ----------------------------------------------------------------------------------------------------------
 Model                              1          1 -6.87284459E-05       *                     1_GWF-(1,2,85)
 ----------------------------------------------------------------------------------------------------------


 1 CALLS TO NUMERICAL SOLUTION IN TIME STEP 233 STRESS PERIOD 2
 1 TOTAL ITERATIONS

 SLN_2 OUTER ITERATION SUMMARY
 ----------------------------------------------------------------------------------------------------------
                                OUTER      INNER                    STEP   MAXIMUM CHANGE MODEL-(CELLID) OR
 OUTER ITERATION STEP       ITERATION  ITERATION  MAXIMUM CHANGE SUCCESS             MODEL-PACKAGE-(NUMBER)
 ----------------------------------------------------------------------------------------------------------
 Model                              1          2       2.2576533                            2_GWT-(1,37,92)
 Model                              2          1 -2.01376622E-08       *                   2_GWT-(1,42,101)
 ----------------------------------------------------------------------------------------------------------


 2 CALLS TO NUMERICAL SOLUTION IN TIME STEP 233 STRESS PERIOD 2
 3 TOTAL ITERATIONS
 
    Solving:  Stress period:     2    Time step:   234
 

 SLN_1 OUTER ITERATION SUMMARY
 ----------------------------------------------------------------------------------------------------------
                                OUTER      INNER                    STEP   MAXIMUM CHANGE MODEL-(CELLID) OR
 OUTER ITERATION STEP       ITERATION  ITERATION  MAXIMUM CHANGE SUCCESS             MODEL-PACKAGE-(NUMBER)
 ----------------------------------------------------------------------------------------------------------
 Model                              1          1 -6.77851185E-05       *                     1_GWF-(1,2,88)
 ----------------------------------------------------------------------------------------------------------


 1 CALLS TO NUMERICAL SOLUTION IN TIME STEP 234 STRESS PERIOD 2
 1 TOTAL ITERATIONS

 SLN_2 OUTER ITERATION SUMMARY
 ----------------------------------------------------------------------------------------------------------
                                OUTER      INNER                    STEP   MAXIMUM CHANGE MODEL-(CELLID) OR
 OUTER ITERATION STEP       ITERATION  ITERATION  MAXIMUM CHANGE SUCCESS             MODEL-PACKAGE-(NUMBER)
 ----------------------------------------------------------------------------------------------------------
 Model                              1          2       2.2484545                            2_GWT-(1,37,92)
 Model                              2          1 -1.65007208E-08       *                   2_GWT-(1,42,101)
 ----------------------------------------------------------------------------------------------------------


 2 CALLS TO NUMERICAL SOLUTION IN TIME STEP 234 STRESS PERIOD 2
 3 TOTAL ITERATIONS
 
    Solving:  Stress period:     2    Time step:   235
 

 SLN_1 OUTER ITERATION SUMMARY
 ----------------------------------------------------------------------------------------------------------
                                OUTER      INNER                    STEP   MAXIMUM CHANGE MODEL-(CELLID) OR
 OUTER ITERATION STEP       ITERATION  ITERATION  MAXIMUM CHANGE SUCCESS             MODEL-PACKAGE-(NUMBER)
 ----------------------------------------------------------------------------------------------------------
 Model                              1          1 -6.82614966E-05       *                     1_GWF-(1,2,85)
 ----------------------------------------------------------------------------------------------------------


 1 CALLS TO NUMERICAL SOLUTION IN TIME STEP 235 STRESS PERIOD 2
 1 TOTAL ITERATIONS

 SLN_2 OUTER ITERATION SUMMARY
 ----------------------------------------------------------------------------------------------------------
                                OUTER      INNER                    STEP   MAXIMUM CHANGE MODEL-(CELLID) OR
 OUTER ITERATION STEP       ITERATION  ITERATION  MAXIMUM CHANGE SUCCESS             MODEL-PACKAGE-(NUMBER)
 ----------------------------------------------------------------------------------------------------------
 Model                              1          2       2.2385012                            2_GWT-(1,37,92)
 Model                              2          1 -1.40535832E-08       *                   2_GWT-(1,42,101)
 ----------------------------------------------------------------------------------------------------------


 2 CALLS TO NUMERICAL SOLUTION IN TIME STEP 235 STRESS PERIOD 2
 3 TOTAL ITERATIONS
 
    Solving:  Stress period:     2    Time step:   236
 

 SLN_1 OUTER ITERATION SUMMARY
 ----------------------------------------------------------------------------------------------------------
                                OUTER      INNER                    STEP   MAXIMUM CHANGE MODEL-(CELLID) OR
 OUTER ITERATION STEP       ITERATION  ITERATION  MAXIMUM CHANGE SUCCESS             MODEL-PACKAGE-(NUMBER)
 ----------------------------------------------------------------------------------------------------------
 Model                              1          1 -6.73077696E-05       *                     1_GWF-(1,2,88)
 ----------------------------------------------------------------------------------------------------------


 1 CALLS TO NUMERICAL SOLUTION IN TIME STEP 236 STRESS PERIOD 2
 1 TOTAL ITERATIONS

 SLN_2 OUTER ITERATION SUMMARY
 ----------------------------------------------------------------------------------------------------------
                                OUTER      INNER                    STEP   MAXIMUM CHANGE MODEL-(CELLID) OR
 OUTER ITERATION STEP       ITERATION  ITERATION  MAXIMUM CHANGE SUCCESS             MODEL-PACKAGE-(NUMBER)
 ----------------------------------------------------------------------------------------------------------
 Model                              1          2       2.2295478                            2_GWT-(1,37,93)
 Model                              2          1 -1.22726362E-08       *                   2_GWT-(1,42,101)
 ----------------------------------------------------------------------------------------------------------


 2 CALLS TO NUMERICAL SOLUTION IN TIME STEP 236 STRESS PERIOD 2
 3 TOTAL ITERATIONS
 
    Solving:  Stress period:     2    Time step:   237
 

 SLN_1 OUTER ITERATION SUMMARY
 ----------------------------------------------------------------------------------------------------------
                                OUTER      INNER                    STEP   MAXIMUM CHANGE MODEL-(CELLID) OR
 OUTER ITERATION STEP       ITERATION  ITERATION  MAXIMUM CHANGE SUCCESS             MODEL-PACKAGE-(NUMBER)
 ----------------------------------------------------------------------------------------------------------
 Model                              1          1 -6.77982045E-05       *                     1_GWF-(1,2,85)
 ----------------------------------------------------------------------------------------------------------


 1 CALLS TO NUMERICAL SOLUTION IN TIME STEP 237 STRESS PERIOD 2
 1 TOTAL ITERATIONS

 SLN_2 OUTER ITERATION SUMMARY
 ----------------------------------------------------------------------------------------------------------
                                OUTER      INNER                    STEP   MAXIMUM CHANGE MODEL-(CELLID) OR
 OUTER ITERATION STEP       ITERATION  ITERATION  MAXIMUM CHANGE SUCCESS             MODEL-PACKAGE-(NUMBER)
 ----------------------------------------------------------------------------------------------------------
 Model                              1          2       2.2208980                            2_GWT-(1,37,93)
 Model                              2          1 -1.08941549E-08       *                   2_GWT-(1,41,101)
 ----------------------------------------------------------------------------------------------------------


 2 CALLS TO NUMERICAL SOLUTION IN TIME STEP 237 STRESS PERIOD 2
 3 TOTAL ITERATIONS
 
    Solving:  Stress period:     2    Time step:   238
 

 SLN_1 OUTER ITERATION SUMMARY
 ----------------------------------------------------------------------------------------------------------
                                OUTER      INNER                    STEP   MAXIMUM CHANGE MODEL-(CELLID) OR
 OUTER ITERATION STEP       ITERATION  ITERATION  MAXIMUM CHANGE SUCCESS             MODEL-PACKAGE-(NUMBER)
 ----------------------------------------------------------------------------------------------------------
 Model                              1          1 -6.68344708E-05       *                     1_GWF-(1,2,88)
 ----------------------------------------------------------------------------------------------------------


 1 CALLS TO NUMERICAL SOLUTION IN TIME STEP 238 STRESS PERIOD 2
 1 TOTAL ITERATIONS

 SLN_2 OUTER ITERATION SUMMARY
 ----------------------------------------------------------------------------------------------------------
                                OUTER      INNER                    STEP   MAXIMUM CHANGE MODEL-(CELLID) OR
 OUTER ITERATION STEP       ITERATION  ITERATION  MAXIMUM CHANGE SUCCESS             MODEL-PACKAGE-(NUMBER)
 ----------------------------------------------------------------------------------------------------------
 Model                              1          2       2.2115133                            2_GWT-(1,37,93)
 Model                              2          1 -9.77135528E-09       *                   2_GWT-(1,41,101)
 ----------------------------------------------------------------------------------------------------------


 2 CALLS TO NUMERICAL SOLUTION IN TIME STEP 238 STRESS PERIOD 2
 3 TOTAL ITERATIONS
 
    Solving:  Stress period:     2    Time step:   239
 

 SLN_1 OUTER ITERATION SUMMARY
 ----------------------------------------------------------------------------------------------------------
                                OUTER      INNER                    STEP   MAXIMUM CHANGE MODEL-(CELLID) OR
 OUTER ITERATION STEP       ITERATION  ITERATION  MAXIMUM CHANGE SUCCESS             MODEL-PACKAGE-(NUMBER)
 ----------------------------------------------------------------------------------------------------------
 Model                              1          1 -6.73385350E-05       *                     1_GWF-(1,2,85)
 ----------------------------------------------------------------------------------------------------------


 1 CALLS TO NUMERICAL SOLUTION IN TIME STEP 239 STRESS PERIOD 2
 1 TOTAL ITERATIONS

 SLN_2 OUTER ITERATION SUMMARY
 ----------------------------------------------------------------------------------------------------------
                                OUTER      INNER                    STEP   MAXIMUM CHANGE MODEL-(CELLID) OR
 OUTER ITERATION STEP       ITERATION  ITERATION  MAXIMUM CHANGE SUCCESS             MODEL-PACKAGE-(NUMBER)
 ----------------------------------------------------------------------------------------------------------
 Model                              1          2       2.2022007                            2_GWT-(1,37,94)
 Model                              2          1 -8.80973516E-09       *                   2_GWT-(1,41,101)
 ----------------------------------------------------------------------------------------------------------


 2 CALLS TO NUMERICAL SOLUTION IN TIME STEP 239 STRESS PERIOD 2
 3 TOTAL ITERATIONS
 
    Solving:  Stress period:     2    Time step:   240
 

 SLN_1 OUTER ITERATION SUMMARY
 ----------------------------------------------------------------------------------------------------------
                                OUTER      INNER                    STEP   MAXIMUM CHANGE MODEL-(CELLID) OR
 OUTER ITERATION STEP       ITERATION  ITERATION  MAXIMUM CHANGE SUCCESS             MODEL-PACKAGE-(NUMBER)
 ----------------------------------------------------------------------------------------------------------
 Model                              1          1 -6.63651780E-05       *                     1_GWF-(1,2,88)
 ----------------------------------------------------------------------------------------------------------


 1 CALLS TO NUMERICAL SOLUTION IN TIME STEP 240 STRESS PERIOD 2
 1 TOTAL ITERATIONS

 SLN_2 OUTER ITERATION SUMMARY
 ----------------------------------------------------------------------------------------------------------
                                OUTER      INNER                    STEP   MAXIMUM CHANGE MODEL-(CELLID) OR
 OUTER ITERATION STEP       ITERATION  ITERATION  MAXIMUM CHANGE SUCCESS             MODEL-PACKAGE-(NUMBER)
 ----------------------------------------------------------------------------------------------------------
 Model                              1          2       2.1940861                            2_GWT-(1,37,94)
 Model                              2          1 -7.97442112E-09       *                   2_GWT-(1,41,101)
 ----------------------------------------------------------------------------------------------------------


 2 CALLS TO NUMERICAL SOLUTION IN TIME STEP 240 STRESS PERIOD 2
 3 TOTAL ITERATIONS
 
    Solving:  Stress period:     2    Time step:   241
 

 SLN_1 OUTER ITERATION SUMMARY
 ----------------------------------------------------------------------------------------------------------
                                OUTER      INNER                    STEP   MAXIMUM CHANGE MODEL-(CELLID) OR
 OUTER ITERATION STEP       ITERATION  ITERATION  MAXIMUM CHANGE SUCCESS             MODEL-PACKAGE-(NUMBER)
 ----------------------------------------------------------------------------------------------------------
 Model                              1          1 -6.68824543E-05       *                     1_GWF-(1,2,85)
 ----------------------------------------------------------------------------------------------------------


 1 CALLS TO NUMERICAL SOLUTION IN TIME STEP 241 STRESS PERIOD 2
 1 TOTAL ITERATIONS

 SLN_2 OUTER ITERATION SUMMARY
 ----------------------------------------------------------------------------------------------------------
                                OUTER      INNER                    STEP   MAXIMUM CHANGE MODEL-(CELLID) OR
 OUTER ITERATION STEP       ITERATION  ITERATION  MAXIMUM CHANGE SUCCESS             MODEL-PACKAGE-(NUMBER)
 ----------------------------------------------------------------------------------------------------------
 Model                              1          2       2.1852317                            2_GWT-(1,37,94)
 Model                              2          1 -7.22448590E-09       *                   2_GWT-(1,41,101)
 ----------------------------------------------------------------------------------------------------------


 2 CALLS TO NUMERICAL SOLUTION IN TIME STEP 241 STRESS PERIOD 2
 3 TOTAL ITERATIONS
 
    Solving:  Stress period:     2    Time step:   242
 

 SLN_1 OUTER ITERATION SUMMARY
 ----------------------------------------------------------------------------------------------------------
                                OUTER      INNER                    STEP   MAXIMUM CHANGE MODEL-(CELLID) OR
 OUTER ITERATION STEP       ITERATION  ITERATION  MAXIMUM CHANGE SUCCESS             MODEL-PACKAGE-(NUMBER)
 ----------------------------------------------------------------------------------------------------------
 Model                              1          1 -6.58998477E-05       *                     1_GWF-(1,2,88)
 ----------------------------------------------------------------------------------------------------------


 1 CALLS TO NUMERICAL SOLUTION IN TIME STEP 242 STRESS PERIOD 2
 1 TOTAL ITERATIONS

 SLN_2 OUTER ITERATION SUMMARY
 ----------------------------------------------------------------------------------------------------------
                                OUTER      INNER                    STEP   MAXIMUM CHANGE MODEL-(CELLID) OR
 OUTER ITERATION STEP       ITERATION  ITERATION  MAXIMUM CHANGE SUCCESS             MODEL-PACKAGE-(NUMBER)
 ----------------------------------------------------------------------------------------------------------
 Model                              1          2       2.1757457                            2_GWT-(1,37,95)
 Model                              2          1 -6.55033716E-09       *                   2_GWT-(1,41,101)
 ----------------------------------------------------------------------------------------------------------


 2 CALLS TO NUMERICAL SOLUTION IN TIME STEP 242 STRESS PERIOD 2
 3 TOTAL ITERATIONS
 
    Solving:  Stress period:     2    Time step:   243
 

 SLN_1 OUTER ITERATION SUMMARY
 ----------------------------------------------------------------------------------------------------------
                                OUTER      INNER                    STEP   MAXIMUM CHANGE MODEL-(CELLID) OR
 OUTER ITERATION STEP       ITERATION  ITERATION  MAXIMUM CHANGE SUCCESS             MODEL-PACKAGE-(NUMBER)
 ----------------------------------------------------------------------------------------------------------
 Model                              1          1 -6.64299287E-05       *                     1_GWF-(1,2,85)
 ----------------------------------------------------------------------------------------------------------


 1 CALLS TO NUMERICAL SOLUTION IN TIME STEP 243 STRESS PERIOD 2
 1 TOTAL ITERATIONS

 SLN_2 OUTER ITERATION SUMMARY
 ----------------------------------------------------------------------------------------------------------
                                OUTER      INNER                    STEP   MAXIMUM CHANGE MODEL-(CELLID) OR
 OUTER ITERATION STEP       ITERATION  ITERATION  MAXIMUM CHANGE SUCCESS             MODEL-PACKAGE-(NUMBER)
 ----------------------------------------------------------------------------------------------------------
 Model                              1          2       2.1681320                            2_GWT-(1,37,95)
 Model                              2          1 -5.93026073E-09       *                   2_GWT-(1,41,101)
 ----------------------------------------------------------------------------------------------------------


 2 CALLS TO NUMERICAL SOLUTION IN TIME STEP 243 STRESS PERIOD 2
 3 TOTAL ITERATIONS
 
    Solving:  Stress period:     2    Time step:   244
 

 SLN_1 OUTER ITERATION SUMMARY
 ----------------------------------------------------------------------------------------------------------
                                OUTER      INNER                    STEP   MAXIMUM CHANGE MODEL-(CELLID) OR
 OUTER ITERATION STEP       ITERATION  ITERATION  MAXIMUM CHANGE SUCCESS             MODEL-PACKAGE-(NUMBER)
 ----------------------------------------------------------------------------------------------------------
 Model                              1          1 -6.54384370E-05       *                     1_GWF-(1,2,88)
 ----------------------------------------------------------------------------------------------------------


 1 CALLS TO NUMERICAL SOLUTION IN TIME STEP 244 STRESS PERIOD 2
 1 TOTAL ITERATIONS

 SLN_2 OUTER ITERATION SUMMARY
 ----------------------------------------------------------------------------------------------------------
                                OUTER      INNER                    STEP   MAXIMUM CHANGE MODEL-(CELLID) OR
 OUTER ITERATION STEP       ITERATION  ITERATION  MAXIMUM CHANGE SUCCESS             MODEL-PACKAGE-(NUMBER)
 ----------------------------------------------------------------------------------------------------------
 Model                              1          2       2.1597855                            2_GWT-(1,37,95)
 Model                              2          1 -5.36358868E-09       *                   2_GWT-(1,41,101)
 ----------------------------------------------------------------------------------------------------------


 2 CALLS TO NUMERICAL SOLUTION IN TIME STEP 244 STRESS PERIOD 2
 3 TOTAL ITERATIONS
 
    Solving:  Stress period:     2    Time step:   245
 

 SLN_1 OUTER ITERATION SUMMARY
 ----------------------------------------------------------------------------------------------------------
                                OUTER      INNER                    STEP   MAXIMUM CHANGE MODEL-(CELLID) OR
 OUTER ITERATION STEP       ITERATION  ITERATION  MAXIMUM CHANGE SUCCESS             MODEL-PACKAGE-(NUMBER)
 ----------------------------------------------------------------------------------------------------------
 Model                              1          1 -6.59809249E-05       *                     1_GWF-(1,2,85)
 ----------------------------------------------------------------------------------------------------------


 1 CALLS TO NUMERICAL SOLUTION IN TIME STEP 245 STRESS PERIOD 2
 1 TOTAL ITERATIONS

 SLN_2 OUTER ITERATION SUMMARY
 ----------------------------------------------------------------------------------------------------------
                                OUTER      INNER                    STEP   MAXIMUM CHANGE MODEL-(CELLID) OR
 OUTER ITERATION STEP       ITERATION  ITERATION  MAXIMUM CHANGE SUCCESS             MODEL-PACKAGE-(NUMBER)
 ----------------------------------------------------------------------------------------------------------
 Model                              1          2       2.1507398                            2_GWT-(1,37,95)
 Model                              2          1 -4.83699125E-09       *                   2_GWT-(1,41,101)
 ----------------------------------------------------------------------------------------------------------


 2 CALLS TO NUMERICAL SOLUTION IN TIME STEP 245 STRESS PERIOD 2
 3 TOTAL ITERATIONS
 
    Solving:  Stress period:     2    Time step:   246
 

 SLN_1 OUTER ITERATION SUMMARY
 ----------------------------------------------------------------------------------------------------------
                                OUTER      INNER                    STEP   MAXIMUM CHANGE MODEL-(CELLID) OR
 OUTER ITERATION STEP       ITERATION  ITERATION  MAXIMUM CHANGE SUCCESS             MODEL-PACKAGE-(NUMBER)
 ----------------------------------------------------------------------------------------------------------
 Model                              1          1 -6.49809037E-05       *                     1_GWF-(1,2,88)
 ----------------------------------------------------------------------------------------------------------


 1 CALLS TO NUMERICAL SOLUTION IN TIME STEP 246 STRESS PERIOD 2
 1 TOTAL ITERATIONS

 SLN_2 OUTER ITERATION SUMMARY
 ----------------------------------------------------------------------------------------------------------
                                OUTER      INNER                    STEP   MAXIMUM CHANGE MODEL-(CELLID) OR
 OUTER ITERATION STEP       ITERATION  ITERATION  MAXIMUM CHANGE SUCCESS             MODEL-PACKAGE-(NUMBER)
 ----------------------------------------------------------------------------------------------------------
 Model                              1          2       2.1432475                            2_GWT-(1,37,96)
 Model                              2          1 -4.35503011E-09       *                   2_GWT-(1,40,101)
 ----------------------------------------------------------------------------------------------------------


 2 CALLS TO NUMERICAL SOLUTION IN TIME STEP 246 STRESS PERIOD 2
 3 TOTAL ITERATIONS
 
    Solving:  Stress period:     2    Time step:   247
 

 SLN_1 OUTER ITERATION SUMMARY
 ----------------------------------------------------------------------------------------------------------
                                OUTER      INNER                    STEP   MAXIMUM CHANGE MODEL-(CELLID) OR
 OUTER ITERATION STEP       ITERATION  ITERATION  MAXIMUM CHANGE SUCCESS             MODEL-PACKAGE-(NUMBER)
 ----------------------------------------------------------------------------------------------------------
 Model                              1          1 -6.55354100E-05       *                     1_GWF-(1,2,85)
 ----------------------------------------------------------------------------------------------------------


 1 CALLS TO NUMERICAL SOLUTION IN TIME STEP 247 STRESS PERIOD 2
 1 TOTAL ITERATIONS

 SLN_2 OUTER ITERATION SUMMARY
 ----------------------------------------------------------------------------------------------------------
                                OUTER      INNER                    STEP   MAXIMUM CHANGE MODEL-(CELLID) OR
 OUTER ITERATION STEP       ITERATION  ITERATION  MAXIMUM CHANGE SUCCESS             MODEL-PACKAGE-(NUMBER)
 ----------------------------------------------------------------------------------------------------------
 Model                              1          2       2.1353827                            2_GWT-(1,37,96)
 Model                              2          1 -3.91038668E-09       *                   2_GWT-(1,40,101)
 ----------------------------------------------------------------------------------------------------------


 2 CALLS TO NUMERICAL SOLUTION IN TIME STEP 247 STRESS PERIOD 2
 3 TOTAL ITERATIONS
 
    Solving:  Stress period:     2    Time step:   248
 

 SLN_1 OUTER ITERATION SUMMARY
 ----------------------------------------------------------------------------------------------------------
                                OUTER      INNER                    STEP   MAXIMUM CHANGE MODEL-(CELLID) OR
 OUTER ITERATION STEP       ITERATION  ITERATION  MAXIMUM CHANGE SUCCESS             MODEL-PACKAGE-(NUMBER)
 ----------------------------------------------------------------------------------------------------------
 Model                              1          1 -6.45272059E-05       *                     1_GWF-(1,2,88)
 ----------------------------------------------------------------------------------------------------------


 1 CALLS TO NUMERICAL SOLUTION IN TIME STEP 248 STRESS PERIOD 2
 1 TOTAL ITERATIONS

 SLN_2 OUTER ITERATION SUMMARY
 ----------------------------------------------------------------------------------------------------------
                                OUTER      INNER                    STEP   MAXIMUM CHANGE MODEL-(CELLID) OR
 OUTER ITERATION STEP       ITERATION  ITERATION  MAXIMUM CHANGE SUCCESS             MODEL-PACKAGE-(NUMBER)
 ----------------------------------------------------------------------------------------------------------
 Model                              1          2       2.1268145                            2_GWT-(1,37,96)
 Model                              2          1 -3.50068774E-09       *                   2_GWT-(1,40,101)
 ----------------------------------------------------------------------------------------------------------


 2 CALLS TO NUMERICAL SOLUTION IN TIME STEP 248 STRESS PERIOD 2
 3 TOTAL ITERATIONS
 
    Solving:  Stress period:     2    Time step:   249
 

 SLN_1 OUTER ITERATION SUMMARY
 ----------------------------------------------------------------------------------------------------------
                                OUTER      INNER                    STEP   MAXIMUM CHANGE MODEL-(CELLID) OR
 OUTER ITERATION STEP       ITERATION  ITERATION  MAXIMUM CHANGE SUCCESS             MODEL-PACKAGE-(NUMBER)
 ----------------------------------------------------------------------------------------------------------
 Model                              1          1 -6.50933515E-05       *                     1_GWF-(1,2,85)
 ----------------------------------------------------------------------------------------------------------


 1 CALLS TO NUMERICAL SOLUTION IN TIME STEP 249 STRESS PERIOD 2
 1 TOTAL ITERATIONS

 SLN_2 OUTER ITERATION SUMMARY
 ----------------------------------------------------------------------------------------------------------
                                OUTER      INNER                    STEP   MAXIMUM CHANGE MODEL-(CELLID) OR
 OUTER ITERATION STEP       ITERATION  ITERATION  MAXIMUM CHANGE SUCCESS             MODEL-PACKAGE-(NUMBER)
 ----------------------------------------------------------------------------------------------------------
 Model                              1          2       2.1197789                            2_GWT-(1,37,97)
 Model                              2          1 -3.11955262E-09       *                   2_GWT-(1,40,101)
 ----------------------------------------------------------------------------------------------------------


 2 CALLS TO NUMERICAL SOLUTION IN TIME STEP 249 STRESS PERIOD 2
 3 TOTAL ITERATIONS
 
    Solving:  Stress period:     2    Time step:   250
 

 SLN_1 OUTER ITERATION SUMMARY
 ----------------------------------------------------------------------------------------------------------
                                OUTER      INNER                    STEP   MAXIMUM CHANGE MODEL-(CELLID) OR
 OUTER ITERATION STEP       ITERATION  ITERATION  MAXIMUM CHANGE SUCCESS             MODEL-PACKAGE-(NUMBER)
 ----------------------------------------------------------------------------------------------------------
 Model                              1          1 -6.40773026E-05       *                     1_GWF-(1,2,88)
 ----------------------------------------------------------------------------------------------------------


 1 CALLS TO NUMERICAL SOLUTION IN TIME STEP 250 STRESS PERIOD 2
 1 TOTAL ITERATIONS

 SLN_2 OUTER ITERATION SUMMARY
 ----------------------------------------------------------------------------------------------------------
                                OUTER      INNER                    STEP   MAXIMUM CHANGE MODEL-(CELLID) OR
 OUTER ITERATION STEP       ITERATION  ITERATION  MAXIMUM CHANGE SUCCESS             MODEL-PACKAGE-(NUMBER)
 ----------------------------------------------------------------------------------------------------------
 Model                              1          2       2.1123279                            2_GWT-(1,37,97)
 Model                              2          1 -2.76980927E-09       *                   2_GWT-(1,40,101)
 ----------------------------------------------------------------------------------------------------------


 2 CALLS TO NUMERICAL SOLUTION IN TIME STEP 250 STRESS PERIOD 2
 3 TOTAL ITERATIONS

 MEMORY MANAGER TOTAL STORAGE BY DATA TYPE, IN MEGABYTES
 -------------------------------
                    ALLOCATED   
 DATA TYPE           MEMORY     
 -------------------------------
 Character        1.37620000E-02
 Logical          6.40000000E-05
 Integer          5.4216120     
 Real             12.678856     
 -------------------------------
 Total            18.114294     
 Virtual          0.0000000     
 -------------------------------


 
 Run end date and time (yyyy/mm/dd hh:mm:ss): 2025/10/08 11:36:58
 Elapsed run time:  1 Minutes,  8.983 Seconds
 Normal termination of simulation.
