                                   MODFLOW 6
                U.S. GEOLOGICAL SURVEY MODULAR HYDROLOGIC MODEL
                            VERSION 6.6.2 05/12/2025

   MODFLOW 6 compiled May 12 2025 12:42:18 with Intel(R) Fortran Intel(R) 64
   Compiler Classic for applications running on Intel(R) 64, Version 2021.7.0
                             Build 20220726_000000

This software has been approved for release by the U.S. Geological 
Survey (USGS). Although the software has been subjected to rigorous 
review, the USGS reserves the right to update the software as needed 
pursuant to further analysis and review. No warranty, expressed or 
implied, is made by the USGS or the U.S. Government as to the 
functionality of the software and related material nor shall the 
fact of release constitute any such warranty. Furthermore, the 
software is released on condition that neither the USGS nor the U.S. 
Government shall be held liable for any damages resulting from its 
authorized or unauthorized use. Also refer to the USGS Water 
Resources Software User Rights Notice for complete use, copyright, 
and distribution information.


As a work of the United States Government, this USGS product is 
in the public domain within the United States. You can copy, 
modify, distribute, and perform the work, even for commercial 
purposes, all without asking permission. Additionally, USGS 
waives copyright and related rights in the work worldwide 
through CC0 1.0 Universal Public Domain Dedication 
(https://creativecommons.org/publicdomain/zero/1.0/).

The following GNU Lesser General Public License (LGPL) libraries
are used in this USGS product:

    SPARSKIT version 2.0
      ilut, luson, and qsplit 
      (https://www-users.cse.umn.edu/~saad/software/SPARSKIT/)

    RCM - Reverse Cuthill McKee Ordering
      (https://people.math.sc.edu/Burkardt/f_src/rcm/rcm.html)

    BLAS - Basic Linear Algebra Subprograms Level 1
      (https://people.math.sc.edu/Burkardt/f_src/blas1_d/blas1_d.html)

    SPARSEKIT - Sparse Matrix Utility Package
      amux, dperm, dvperm, rperm, and cperm
      (https://people.sc.fsu.edu/~jburkardt/f77_src/sparsekit/sparsekit.html)

The following BSD-3 License libraries are used in this USGS product:

    Modern Fortran DAG Library
      Copyright (c) 2018, Jacob Williams
      All rights reserved.
      (https://github.com/jacobwilliams/daglib)

MODFLOW 6 compiler options: /Isrc\libmf6core.a.p /Isrc /I..\src
/Isrc\libmf6_external.a.p /MT /nologo /warn:general /warn:truncated_source
/stand:f18 /O2 /fpe:0 /heap-arrays:0 /traceback /fpp /Qdiag-disable:7416
/Qdiag-disable:7025 /Qdiag-disable:5268 /Qdiag-disable:10448
/Fdsrc\libmf6core.a.p\Utilities_compilerversion.F90.pdb
/module:src\libmf6core.a.p
/Fosrc/libmf6core.a.p/Utilities_compilerversion.F90.obj /c

System command used to initiate simulation:
C:\Users\lucialabarca\mf6.6.2_win64\bin\mf6.exe

MODFLOW was compiled using uniform precision.

Real Variables
  KIND: 8
  TINY (smallest non-zero value):    2.225074-308
  HUGE (largest value):    1.797693+308
  PRECISION: 15
  SIZE IN BITS: 64

Integer Variables
  KIND: 4
  HUGE (largest value): 2147483647
  SIZE IN BITS: 32

Long Integer Variables
  KIND: 8
  HUGE (largest value): 9223372036854775807
  SIZE IN BITS: 64

Logical Variables
  KIND: 4
  SIZE IN BITS: 32
 

 OPENED mfsim.nam
 FILE TYPE:NAM6               UNIT 1001   STATUS:OLD                 
 FORMAT:FORMATTED              ACCESS:SEQUENTIAL          
 ACTION:READ                

 # File generated by Flopy version 3.9.3 on 10/01/2025 at 17:29:25.

 OPENED gwf_pumptreat.tdis
 FILE TYPE:TDIS6              UNIT 1002   STATUS:OLD                 
 FORMAT:FORMATTED              ACCESS:SEQUENTIAL          
 ACTION:READ                

 # File generated by Flopy version 3.9.3 on 10/01/2025 at 17:29:25.

 OPENED gwf_pumptreat.nam
 FILE TYPE:GWF6               UNIT 1003   STATUS:OLD                 
 FORMAT:FORMATTED              ACCESS:SEQUENTIAL          
 ACTION:READ                

 # File generated by Flopy version 3.9.3 on 10/01/2025 at 17:29:25.

 OPENED gwf_pumptreat.dis
 FILE TYPE:DIS6               UNIT 1004   STATUS:OLD                 
 FORMAT:FORMATTED              ACCESS:SEQUENTIAL          
 ACTION:READ                

 # File generated by Flopy version 3.9.3 on 10/01/2025 at 17:29:25.

 OPENED gwf_pumptreat.npf
 FILE TYPE:NPF6               UNIT 1005   STATUS:OLD                 
 FORMAT:FORMATTED              ACCESS:SEQUENTIAL          
 ACTION:READ                

 # File generated by Flopy version 3.9.3 on 10/01/2025 at 17:29:25.

 OPENED gwf_pumptreat.sto
 FILE TYPE:STO6               UNIT 1006   STATUS:OLD                 
 FORMAT:FORMATTED              ACCESS:SEQUENTIAL          
 ACTION:READ                

 # File generated by Flopy version 3.9.3 on 10/01/2025 at 17:29:25.

 OPENED gwf_pumptreat.ic
 FILE TYPE:IC6                UNIT 1007   STATUS:OLD                 
 FORMAT:FORMATTED              ACCESS:SEQUENTIAL          
 ACTION:READ                

 # File generated by Flopy version 3.9.3 on 10/01/2025 at 17:29:25.

 OPENED gwf_pumptreat.oc
 FILE TYPE:OC6       UNIT 1008   STATUS:OLD                 
 FORMAT:FORMATTED              ACCESS:SEQUENTIAL          
 ACTION:READ                


 OPENED gwf_pumptreat.wel
 FILE TYPE:WEL6               UNIT 1009   STATUS:OLD                 
 FORMAT:FORMATTED              ACCESS:SEQUENTIAL          
 ACTION:READ                

 # File generated by Flopy version 3.9.3 on 10/01/2025 at 17:29:25.
    AUXILIARY  VARIABLE: CONCENTRATION   

 OPENED gwf_pumptreat.chd
 FILE TYPE:CHD6               UNIT 1010   STATUS:OLD                 
 FORMAT:FORMATTED              ACCESS:SEQUENTIAL          
 ACTION:READ                

 # File generated by Flopy version 3.9.3 on 10/01/2025 at 17:29:25.
    AUXILIARY  VARIABLE: CONCENTRATION   

 OPENED gwt_pumptreat.nam
 FILE TYPE:GWT6               UNIT 1011   STATUS:OLD                 
 FORMAT:FORMATTED              ACCESS:SEQUENTIAL          
 ACTION:READ                

 # File generated by Flopy version 3.9.3 on 10/01/2025 at 17:29:25.

 OPENED gwt_pumptreat.dis
 FILE TYPE:DIS6               UNIT 1012   STATUS:OLD                 
 FORMAT:FORMATTED              ACCESS:SEQUENTIAL          
 ACTION:READ                

 # File generated by Flopy version 3.9.3 on 10/01/2025 at 17:29:25.

 OPENED gwt_pumptreat.ic
 FILE TYPE:IC6                UNIT 1013   STATUS:OLD                 
 FORMAT:FORMATTED              ACCESS:SEQUENTIAL          
 ACTION:READ                

 # File generated by Flopy version 3.9.3 on 10/01/2025 at 17:29:25.

 OPENED gwt_pumptreat.mst
 FILE TYPE:MST6      UNIT 1014   STATUS:OLD                 
 FORMAT:FORMATTED              ACCESS:SEQUENTIAL          
 ACTION:READ                


 OPENED gwt_pumptreat.adv
 FILE TYPE:ADV6      UNIT 1015   STATUS:OLD                 
 FORMAT:FORMATTED              ACCESS:SEQUENTIAL          
 ACTION:READ                


 OPENED gwt_pumptreat.dsp
 FILE TYPE:DSP6               UNIT 1016   STATUS:OLD                 
 FORMAT:FORMATTED              ACCESS:SEQUENTIAL          
 ACTION:READ                

 # File generated by Flopy version 3.9.3 on 10/01/2025 at 17:29:25.

 OPENED gwt_pumptreat.ssm
 FILE TYPE:SSM6      UNIT 1017   STATUS:OLD                 
 FORMAT:FORMATTED              ACCESS:SEQUENTIAL          
 ACTION:READ                


 OPENED gwt_pumptreat.oc
 FILE TYPE:OC6       UNIT 1018   STATUS:OLD                 
 FORMAT:FORMATTED              ACCESS:SEQUENTIAL          
 ACTION:READ                


 OPENED gwt_pumptreat.cnc
 FILE TYPE:CNC6               UNIT 1019   STATUS:OLD                 
 FORMAT:FORMATTED              ACCESS:SEQUENTIAL          
 ACTION:READ                

 # File generated by Flopy version 3.9.3 on 10/01/2025 at 17:29:25.

 OPENED pumptreat.gwfgwt
 FILE TYPE:GWF6-GWT6          UNIT 1020   STATUS:OLD                 
 FORMAT:FORMATTED              ACCESS:SEQUENTIAL          
 ACTION:READ                

 # File generated by Flopy version 3.9.3 on 10/01/2025 at 17:29:25.

 READING SIMULATION OPTIONS
    MAXIMUM NUMBER OF ERRORS THAT WILL BE STORED IS 1000
 END OF SIMULATION OPTIONS

 READING SIMULATION TIMING

 TDIS -- TEMPORAL DISCRETIZATION PACKAGE,
 VERSION 1 : 11/13/2014 - INPUT READ FROM MEMPATH: __INPUT__/SIM/TDIS                                
 PROCESSING TDIS OPTIONS
    SIMULATION TIME UNIT IS DAYS
 END OF TDIS OPTIONS
 PROCESSING TDIS DIMENSIONS
    2 STRESS PERIOD(S) IN SIMULATION
 END OF TDIS DIMENSIONS
 PROCESSING TDIS PERIODDATA


 STRESS PERIOD     LENGTH       TIME STEPS     MULTIPLIER FOR DELT
 ----------------------------------------------------------------------------
        1         1.000000          1                    1.000
        2         3000.000        250                    1.000
 END OF TDIS PERIODDATA
 END OF SIMULATION TIMING

 READING SIMULATION MODELS
    GWF6 model 1 will be created
    GWT6 model 2 will be created
 END OF SIMULATION MODELS

 READING SIMULATION EXCHANGES
    GWF6-GWT6 exchange 1 will be created to connect model 1 with model 2
 END OF SIMULATION EXCHANGES

 READING SOLUTIONGROUP

 Creating solution: SLN_1           

 OPENED gwf_pumptreat.ims
 FILE TYPE:IMS   UNIT 1023   STATUS:OLD                 
 FORMAT:FORMATTED              ACCESS:SEQUENTIAL          
 ACTION:READ                


 Creating solution: SLN_2           

 OPENED gwt_pumptreat.ims
 FILE TYPE:IMS   UNIT 1024   STATUS:OLD                 
 FORMAT:FORMATTED              ACCESS:SEQUENTIAL          
 ACTION:READ                

 END OF SOLUTIONGROUP

PROCESSING MODEL CONNECTIONS
END OF MODEL CONNECTIONS

 IMS -- ITERATIVE MODEL SOLUTION PACKAGE, VERSION 6, 4/28/2017
         INPUT READ FROM UNIT 1023
 # File generated by Flopy version 3.9.3 on 10/01/2025 at 17:29:25.

 PROCESSING IMS OPTIONS
 SIMPLE OPTION:
 DEFAULT SOLVER INPUT VALUES FOR FAST SOLUTIONS
 END OF IMS OPTIONS
 ***UNDER-RELAXATION WILL NOT BE USED***
 
 ***IMS LINEAR SOLVER WILL BE USED***

 IMSLINEAR -- UNSTRUCTURED LINEAR SOLUTION PACKAGE, VERSION 8, 04/28/2017
 A symmetric matrix will be solved

 OUTER ITERATION CONVERGENCE CRITERION    (DVCLOSE) =    0.100000E-02
 MAXIMUM NUMBER OF OUTER ITERATIONS        (MXITER) = 25
 SOLVER PRINTOUT INDEX                     (IPRIMS) = 1
 NONLINEAR ITERATION METHOD            (NONLINMETH) = 0
 LINEAR SOLUTION METHOD                   (LINMETH) = 1

       SOLUTION BY THE        CONJUGATE-GRADIENT       METHOD
 ------------------------------------------------------------------
 MAXIMUM OF 25 CALLS OF SOLUTION ROUTINE
 MAXIMUM OF 50 INTERNAL ITERATIONS PER CALL TO SOLUTION ROUTINE
 LINEAR ACCELERATION METHOD            = CG        
 MATRIX PRECONDITIONING TYPE           = INCOMPLETE LU       
 MATRIX SCALING APPROACH               = NO SCALING          
 MATRIX REORDERING APPROACH            = ORIGINAL ORDERING        
 NUMBER OF ORTHOGONALIZATIONS          = 0
 HEAD CHANGE CRITERION FOR CLOSURE     =    0.10000E-02
 RESIDUAL CHANGE CRITERION FOR CLOSURE =    0.10000E+00
 RESIDUAL CONVERGENCE OPTION           = 0
 RESIDUAL CONVERGENCE NORM             = INFINITY NORM   
 RELAXATION FACTOR                     =    0.00000E+00




 IMS -- ITERATIVE MODEL SOLUTION PACKAGE, VERSION 6, 4/28/2017
         INPUT READ FROM UNIT 1024
 # File generated by Flopy version 3.9.3 on 10/01/2025 at 17:29:25.

 PROCESSING IMS OPTIONS
 END OF IMS OPTIONS

 PROCESSING IMS NONLINEAR
 END OF IMS NONLINEAR DATA
 ***UNDER-RELAXATION WILL NOT BE USED***
 

 PROCESSING LINEAR DATA
 END OF LINEAR DATA
 ***IMS LINEAR SOLVER WILL BE USED***

 IMSLINEAR -- UNSTRUCTURED LINEAR SOLUTION PACKAGE, VERSION 8, 04/28/2017
 An asymmetric matrix will be solved

 OUTER ITERATION CONVERGENCE CRITERION    (DVCLOSE) =    0.100000E-02
 MAXIMUM NUMBER OF OUTER ITERATIONS        (MXITER) = 25
 SOLVER PRINTOUT INDEX                     (IPRIMS) = 1
 NONLINEAR ITERATION METHOD            (NONLINMETH) = 0
 LINEAR SOLUTION METHOD                   (LINMETH) = 1

       SOLUTION BY THE BICONJUGATE-GRADIENT STABILIZED METHOD
 ------------------------------------------------------------------
 MAXIMUM OF 25 CALLS OF SOLUTION ROUTINE
 MAXIMUM OF 50 INTERNAL ITERATIONS PER CALL TO SOLUTION ROUTINE
 LINEAR ACCELERATION METHOD            = BCGS      
 MATRIX PRECONDITIONING TYPE           = INCOMPLETE LU       
 MATRIX SCALING APPROACH               = NO SCALING          
 MATRIX REORDERING APPROACH            = ORIGINAL ORDERING        
 NUMBER OF ORTHOGONALIZATIONS          = 0
 HEAD CHANGE CRITERION FOR CLOSURE     =    0.10000E-02
 RESIDUAL CHANGE CRITERION FOR CLOSURE =    0.10000E+00
 RESIDUAL CONVERGENCE OPTION           = 0
 RESIDUAL CONVERGENCE NORM             = INFINITY NORM   
 RELAXATION FACTOR                     =    0.00000E+00



 
    Solving:  Stress period:     1    Time step:     1
 
1
 STRESS PERIOD NO. 1, LENGTH =   1.000000    
 ------------------------------------------
 NUMBER OF TIME STEPS = 1
 MULTIPLIER FOR DELT =     1.000
 INITIAL TIME STEP SIZE =   1.000000    

 SLN_1 OUTER ITERATION SUMMARY
 ----------------------------------------------------------------------------------------------------------
                                OUTER      INNER                    STEP   MAXIMUM CHANGE MODEL-(CELLID) OR
 OUTER ITERATION STEP       ITERATION  ITERATION  MAXIMUM CHANGE SUCCESS             MODEL-PACKAGE-(NUMBER)
 ----------------------------------------------------------------------------------------------------------
 Model                              1         45     -0.49507281                          1_GWF-(1,101,100)
 Model                              2          1  2.98305048E-04       *                     1_GWF-(1,2,88)
 ----------------------------------------------------------------------------------------------------------


 2 CALLS TO NUMERICAL SOLUTION IN TIME STEP 1 STRESS PERIOD 1
 46 TOTAL ITERATIONS

 SLN_2 OUTER ITERATION SUMMARY
 ----------------------------------------------------------------------------------------------------------
                                OUTER      INNER                    STEP   MAXIMUM CHANGE MODEL-(CELLID) OR
 OUTER ITERATION STEP       ITERATION  ITERATION  MAXIMUM CHANGE SUCCESS             MODEL-PACKAGE-(NUMBER)
 ----------------------------------------------------------------------------------------------------------
 Model                              1          2       68.659043                            2_GWT-(1,43,25)
 Model                              2          1  2.83247818E-18       *                    2_GWT-(1,40,31)
 ----------------------------------------------------------------------------------------------------------


 2 CALLS TO NUMERICAL SOLUTION IN TIME STEP 1 STRESS PERIOD 1
 3 TOTAL ITERATIONS
 
    Solving:  Stress period:     2    Time step:     1
 
1
 STRESS PERIOD NO. 2, LENGTH =   3000.000    
 ------------------------------------------
 NUMBER OF TIME STEPS = 250
 MULTIPLIER FOR DELT =     1.000
 INITIAL TIME STEP SIZE =   12.00000    

 SLN_1 OUTER ITERATION SUMMARY
 ----------------------------------------------------------------------------------------------------------
                                OUTER      INNER                    STEP   MAXIMUM CHANGE MODEL-(CELLID) OR
 OUTER ITERATION STEP       ITERATION  ITERATION  MAXIMUM CHANGE SUCCESS             MODEL-PACKAGE-(NUMBER)
 ----------------------------------------------------------------------------------------------------------
 Model                              1         50     -0.63135301                            1_GWF-(1,34,26)
 Model                              2          1  5.25263168E-04       *                     1_GWF-(1,2,85)
 ----------------------------------------------------------------------------------------------------------


 2 CALLS TO NUMERICAL SOLUTION IN TIME STEP 1 STRESS PERIOD 2
 51 TOTAL ITERATIONS

 SLN_2 OUTER ITERATION SUMMARY
 ----------------------------------------------------------------------------------------------------------
                                OUTER      INNER                    STEP   MAXIMUM CHANGE MODEL-(CELLID) OR
 OUTER ITERATION STEP       ITERATION  ITERATION  MAXIMUM CHANGE SUCCESS             MODEL-PACKAGE-(NUMBER)
 ----------------------------------------------------------------------------------------------------------
 Model                              1          4       653.71902                            2_GWT-(1,42,26)
 Model                              2          1  5.00729719E-07       *                    2_GWT-(1,39,24)
 ----------------------------------------------------------------------------------------------------------


 2 CALLS TO NUMERICAL SOLUTION IN TIME STEP 1 STRESS PERIOD 2
 5 TOTAL ITERATIONS
 
    Solving:  Stress period:     2    Time step:     2
 

 SLN_1 OUTER ITERATION SUMMARY
 ----------------------------------------------------------------------------------------------------------
                                OUTER      INNER                    STEP   MAXIMUM CHANGE MODEL-(CELLID) OR
 OUTER ITERATION STEP       ITERATION  ITERATION  MAXIMUM CHANGE SUCCESS             MODEL-PACKAGE-(NUMBER)
 ----------------------------------------------------------------------------------------------------------
 Model                              1          1  3.63543151E-04       *                     1_GWF-(1,3,84)
 ----------------------------------------------------------------------------------------------------------


 1 CALLS TO NUMERICAL SOLUTION IN TIME STEP 2 STRESS PERIOD 2
 1 TOTAL ITERATIONS

 SLN_2 OUTER ITERATION SUMMARY
 ----------------------------------------------------------------------------------------------------------
                                OUTER      INNER                    STEP   MAXIMUM CHANGE MODEL-(CELLID) OR
 OUTER ITERATION STEP       ITERATION  ITERATION  MAXIMUM CHANGE SUCCESS             MODEL-PACKAGE-(NUMBER)
 ----------------------------------------------------------------------------------------------------------
 Model                              1          4       113.83648                            2_GWT-(1,42,25)
 Model                              2          1  8.53929691E-08       *                    2_GWT-(1,36,25)
 ----------------------------------------------------------------------------------------------------------


 2 CALLS TO NUMERICAL SOLUTION IN TIME STEP 2 STRESS PERIOD 2
 5 TOTAL ITERATIONS
 
    Solving:  Stress period:     2    Time step:     3
 

 SLN_1 OUTER ITERATION SUMMARY
 ----------------------------------------------------------------------------------------------------------
                                OUTER      INNER                    STEP   MAXIMUM CHANGE MODEL-(CELLID) OR
 OUTER ITERATION STEP       ITERATION  ITERATION  MAXIMUM CHANGE SUCCESS             MODEL-PACKAGE-(NUMBER)
 ----------------------------------------------------------------------------------------------------------
 Model                              1          1  3.57650344E-04       *                     1_GWF-(1,2,85)
 ----------------------------------------------------------------------------------------------------------


 1 CALLS TO NUMERICAL SOLUTION IN TIME STEP 3 STRESS PERIOD 2
 1 TOTAL ITERATIONS

 SLN_2 OUTER ITERATION SUMMARY
 ----------------------------------------------------------------------------------------------------------
                                OUTER      INNER                    STEP   MAXIMUM CHANGE MODEL-(CELLID) OR
 OUTER ITERATION STEP       ITERATION  ITERATION  MAXIMUM CHANGE SUCCESS             MODEL-PACKAGE-(NUMBER)
 ----------------------------------------------------------------------------------------------------------
 Model                              1          4       42.138972                            2_GWT-(1,35,25)
 Model                              2          1  2.43693421E-08       *                    2_GWT-(1,36,24)
 ----------------------------------------------------------------------------------------------------------


 2 CALLS TO NUMERICAL SOLUTION IN TIME STEP 3 STRESS PERIOD 2
 5 TOTAL ITERATIONS
 
    Solving:  Stress period:     2    Time step:     4
 

 SLN_1 OUTER ITERATION SUMMARY
 ----------------------------------------------------------------------------------------------------------
                                OUTER      INNER                    STEP   MAXIMUM CHANGE MODEL-(CELLID) OR
 OUTER ITERATION STEP       ITERATION  ITERATION  MAXIMUM CHANGE SUCCESS             MODEL-PACKAGE-(NUMBER)
 ----------------------------------------------------------------------------------------------------------
 Model                              1          1  3.06355674E-04       *                     1_GWF-(1,2,88)
 ----------------------------------------------------------------------------------------------------------


 1 CALLS TO NUMERICAL SOLUTION IN TIME STEP 4 STRESS PERIOD 2
 1 TOTAL ITERATIONS

 SLN_2 OUTER ITERATION SUMMARY
 ----------------------------------------------------------------------------------------------------------
                                OUTER      INNER                    STEP   MAXIMUM CHANGE MODEL-(CELLID) OR
 OUTER ITERATION STEP       ITERATION  ITERATION  MAXIMUM CHANGE SUCCESS             MODEL-PACKAGE-(NUMBER)
 ----------------------------------------------------------------------------------------------------------
 Model                              1          3       24.109488                            2_GWT-(1,38,27)
 Model                              2          1 -4.49410759E-05       *                    2_GWT-(1,40,24)
 ----------------------------------------------------------------------------------------------------------


 2 CALLS TO NUMERICAL SOLUTION IN TIME STEP 4 STRESS PERIOD 2
 4 TOTAL ITERATIONS
 
    Solving:  Stress period:     2    Time step:     5
 

 SLN_1 OUTER ITERATION SUMMARY
 ----------------------------------------------------------------------------------------------------------
                                OUTER      INNER                    STEP   MAXIMUM CHANGE MODEL-(CELLID) OR
 OUTER ITERATION STEP       ITERATION  ITERATION  MAXIMUM CHANGE SUCCESS             MODEL-PACKAGE-(NUMBER)
 ----------------------------------------------------------------------------------------------------------
 Model                              1          1  3.02744680E-04       *                     1_GWF-(1,2,85)
 ----------------------------------------------------------------------------------------------------------


 1 CALLS TO NUMERICAL SOLUTION IN TIME STEP 5 STRESS PERIOD 2
 1 TOTAL ITERATIONS

 SLN_2 OUTER ITERATION SUMMARY
 ----------------------------------------------------------------------------------------------------------
                                OUTER      INNER                    STEP   MAXIMUM CHANGE MODEL-(CELLID) OR
 OUTER ITERATION STEP       ITERATION  ITERATION  MAXIMUM CHANGE SUCCESS             MODEL-PACKAGE-(NUMBER)
 ----------------------------------------------------------------------------------------------------------
 Model                              1          3       17.401763                            2_GWT-(1,38,27)
 Model                              2          1  2.06707688E-06       *                    2_GWT-(1,39,25)
 ----------------------------------------------------------------------------------------------------------


 2 CALLS TO NUMERICAL SOLUTION IN TIME STEP 5 STRESS PERIOD 2
 4 TOTAL ITERATIONS
 
    Solving:  Stress period:     2    Time step:     6
 

 SLN_1 OUTER ITERATION SUMMARY
 ----------------------------------------------------------------------------------------------------------
                                OUTER      INNER                    STEP   MAXIMUM CHANGE MODEL-(CELLID) OR
 OUTER ITERATION STEP       ITERATION  ITERATION  MAXIMUM CHANGE SUCCESS             MODEL-PACKAGE-(NUMBER)
 ----------------------------------------------------------------------------------------------------------
 Model                              1          1  2.89825122E-04       *                     1_GWF-(1,2,88)
 ----------------------------------------------------------------------------------------------------------


 1 CALLS TO NUMERICAL SOLUTION IN TIME STEP 6 STRESS PERIOD 2
 1 TOTAL ITERATIONS

 SLN_2 OUTER ITERATION SUMMARY
 ----------------------------------------------------------------------------------------------------------
                                OUTER      INNER                    STEP   MAXIMUM CHANGE MODEL-(CELLID) OR
 OUTER ITERATION STEP       ITERATION  ITERATION  MAXIMUM CHANGE SUCCESS             MODEL-PACKAGE-(NUMBER)
 ----------------------------------------------------------------------------------------------------------
 Model                              1          3       12.204714                            2_GWT-(1,38,27)
 Model                              2          1  1.55725675E-06       *                    2_GWT-(1,39,25)
 ----------------------------------------------------------------------------------------------------------


 2 CALLS TO NUMERICAL SOLUTION IN TIME STEP 6 STRESS PERIOD 2
 4 TOTAL ITERATIONS
 
    Solving:  Stress period:     2    Time step:     7
 

 SLN_1 OUTER ITERATION SUMMARY
 ----------------------------------------------------------------------------------------------------------
                                OUTER      INNER                    STEP   MAXIMUM CHANGE MODEL-(CELLID) OR
 OUTER ITERATION STEP       ITERATION  ITERATION  MAXIMUM CHANGE SUCCESS             MODEL-PACKAGE-(NUMBER)
 ----------------------------------------------------------------------------------------------------------
 Model                              1          1  2.78631081E-04       *                     1_GWF-(1,2,85)
 ----------------------------------------------------------------------------------------------------------


 1 CALLS TO NUMERICAL SOLUTION IN TIME STEP 7 STRESS PERIOD 2
 1 TOTAL ITERATIONS

 SLN_2 OUTER ITERATION SUMMARY
 ----------------------------------------------------------------------------------------------------------
                                OUTER      INNER                    STEP   MAXIMUM CHANGE MODEL-(CELLID) OR
 OUTER ITERATION STEP       ITERATION  ITERATION  MAXIMUM CHANGE SUCCESS             MODEL-PACKAGE-(NUMBER)
 ----------------------------------------------------------------------------------------------------------
 Model                              1          3       8.9372392                            2_GWT-(1,38,27)
 Model                              2          1  8.19247816E-07       *                    2_GWT-(1,40,25)
 ----------------------------------------------------------------------------------------------------------


 2 CALLS TO NUMERICAL SOLUTION IN TIME STEP 7 STRESS PERIOD 2
 4 TOTAL ITERATIONS
 
    Solving:  Stress period:     2    Time step:     8
 

 SLN_1 OUTER ITERATION SUMMARY
 ----------------------------------------------------------------------------------------------------------
                                OUTER      INNER                    STEP   MAXIMUM CHANGE MODEL-(CELLID) OR
 OUTER ITERATION STEP       ITERATION  ITERATION  MAXIMUM CHANGE SUCCESS             MODEL-PACKAGE-(NUMBER)
 ----------------------------------------------------------------------------------------------------------
 Model                              1          1  2.75403588E-04       *                     1_GWF-(1,2,88)
 ----------------------------------------------------------------------------------------------------------


 1 CALLS TO NUMERICAL SOLUTION IN TIME STEP 8 STRESS PERIOD 2
 1 TOTAL ITERATIONS

 SLN_2 OUTER ITERATION SUMMARY
 ----------------------------------------------------------------------------------------------------------
                                OUTER      INNER                    STEP   MAXIMUM CHANGE MODEL-(CELLID) OR
 OUTER ITERATION STEP       ITERATION  ITERATION  MAXIMUM CHANGE SUCCESS             MODEL-PACKAGE-(NUMBER)
 ----------------------------------------------------------------------------------------------------------
 Model                              1          3       6.2707068                            2_GWT-(1,38,27)
 Model                              2          1  5.59051955E-07       *                    2_GWT-(1,39,25)
 ----------------------------------------------------------------------------------------------------------


 2 CALLS TO NUMERICAL SOLUTION IN TIME STEP 8 STRESS PERIOD 2
 4 TOTAL ITERATIONS
 
    Solving:  Stress period:     2    Time step:     9
 

 SLN_1 OUTER ITERATION SUMMARY
 ----------------------------------------------------------------------------------------------------------
                                OUTER      INNER                    STEP   MAXIMUM CHANGE MODEL-(CELLID) OR
 OUTER ITERATION STEP       ITERATION  ITERATION  MAXIMUM CHANGE SUCCESS             MODEL-PACKAGE-(NUMBER)
 ----------------------------------------------------------------------------------------------------------
 Model                              1          1  2.65753681E-04       *                     1_GWF-(1,2,85)
 ----------------------------------------------------------------------------------------------------------


 1 CALLS TO NUMERICAL SOLUTION IN TIME STEP 9 STRESS PERIOD 2
 1 TOTAL ITERATIONS

 SLN_2 OUTER ITERATION SUMMARY
 ----------------------------------------------------------------------------------------------------------
                                OUTER      INNER                    STEP   MAXIMUM CHANGE MODEL-(CELLID) OR
 OUTER ITERATION STEP       ITERATION  ITERATION  MAXIMUM CHANGE SUCCESS             MODEL-PACKAGE-(NUMBER)
 ----------------------------------------------------------------------------------------------------------
 Model                              1          3       4.7599007                            2_GWT-(1,38,27)
 Model                              2          1  3.86934346E-07       *                    2_GWT-(1,40,25)
 ----------------------------------------------------------------------------------------------------------


 2 CALLS TO NUMERICAL SOLUTION IN TIME STEP 9 STRESS PERIOD 2
 4 TOTAL ITERATIONS
 
    Solving:  Stress period:     2    Time step:    10
 

 SLN_1 OUTER ITERATION SUMMARY
 ----------------------------------------------------------------------------------------------------------
                                OUTER      INNER                    STEP   MAXIMUM CHANGE MODEL-(CELLID) OR
 OUTER ITERATION STEP       ITERATION  ITERATION  MAXIMUM CHANGE SUCCESS             MODEL-PACKAGE-(NUMBER)
 ----------------------------------------------------------------------------------------------------------
 Model                              1          1  2.64186752E-04       *                     1_GWF-(1,2,88)
 ----------------------------------------------------------------------------------------------------------


 1 CALLS TO NUMERICAL SOLUTION IN TIME STEP 10 STRESS PERIOD 2
 1 TOTAL ITERATIONS

 SLN_2 OUTER ITERATION SUMMARY
 ----------------------------------------------------------------------------------------------------------
                                OUTER      INNER                    STEP   MAXIMUM CHANGE MODEL-(CELLID) OR
 OUTER ITERATION STEP       ITERATION  ITERATION  MAXIMUM CHANGE SUCCESS             MODEL-PACKAGE-(NUMBER)
 ----------------------------------------------------------------------------------------------------------
 Model                              1          3       3.3328639                            2_GWT-(1,38,27)
 Model                              2          1  2.71103744E-07       *                    2_GWT-(1,39,26)
 ----------------------------------------------------------------------------------------------------------


 2 CALLS TO NUMERICAL SOLUTION IN TIME STEP 10 STRESS PERIOD 2
 4 TOTAL ITERATIONS
 
    Solving:  Stress period:     2    Time step:    11
 

 SLN_1 OUTER ITERATION SUMMARY
 ----------------------------------------------------------------------------------------------------------
                                OUTER      INNER                    STEP   MAXIMUM CHANGE MODEL-(CELLID) OR
 OUTER ITERATION STEP       ITERATION  ITERATION  MAXIMUM CHANGE SUCCESS             MODEL-PACKAGE-(NUMBER)
 ----------------------------------------------------------------------------------------------------------
 Model                              1          1  2.57564066E-04       *                     1_GWF-(1,2,85)
 ----------------------------------------------------------------------------------------------------------


 1 CALLS TO NUMERICAL SOLUTION IN TIME STEP 11 STRESS PERIOD 2
 1 TOTAL ITERATIONS

 SLN_2 OUTER ITERATION SUMMARY
 ----------------------------------------------------------------------------------------------------------
                                OUTER      INNER                    STEP   MAXIMUM CHANGE MODEL-(CELLID) OR
 OUTER ITERATION STEP       ITERATION  ITERATION  MAXIMUM CHANGE SUCCESS             MODEL-PACKAGE-(NUMBER)
 ----------------------------------------------------------------------------------------------------------
 Model                              1          3       2.6616275                            2_GWT-(1,38,27)
 Model                              2          1  2.70861165E-07       *                    2_GWT-(1,40,25)
 ----------------------------------------------------------------------------------------------------------


 2 CALLS TO NUMERICAL SOLUTION IN TIME STEP 11 STRESS PERIOD 2
 4 TOTAL ITERATIONS
 
    Solving:  Stress period:     2    Time step:    12
 

 SLN_1 OUTER ITERATION SUMMARY
 ----------------------------------------------------------------------------------------------------------
                                OUTER      INNER                    STEP   MAXIMUM CHANGE MODEL-(CELLID) OR
 OUTER ITERATION STEP       ITERATION  ITERATION  MAXIMUM CHANGE SUCCESS             MODEL-PACKAGE-(NUMBER)
 ----------------------------------------------------------------------------------------------------------
 Model                              1          1  2.55356430E-04       *                     1_GWF-(1,2,88)
 ----------------------------------------------------------------------------------------------------------


 1 CALLS TO NUMERICAL SOLUTION IN TIME STEP 12 STRESS PERIOD 2
 1 TOTAL ITERATIONS

 SLN_2 OUTER ITERATION SUMMARY
 ----------------------------------------------------------------------------------------------------------
                                OUTER      INNER                    STEP   MAXIMUM CHANGE MODEL-(CELLID) OR
 OUTER ITERATION STEP       ITERATION  ITERATION  MAXIMUM CHANGE SUCCESS             MODEL-PACKAGE-(NUMBER)
 ----------------------------------------------------------------------------------------------------------
 Model                              1          3       2.2230244                            2_GWT-(1,37,27)
 Model                              2          1  2.49958617E-07       *                    2_GWT-(1,39,26)
 ----------------------------------------------------------------------------------------------------------


 2 CALLS TO NUMERICAL SOLUTION IN TIME STEP 12 STRESS PERIOD 2
 4 TOTAL ITERATIONS
 
    Solving:  Stress period:     2    Time step:    13
 

 SLN_1 OUTER ITERATION SUMMARY
 ----------------------------------------------------------------------------------------------------------
                                OUTER      INNER                    STEP   MAXIMUM CHANGE MODEL-(CELLID) OR
 OUTER ITERATION STEP       ITERATION  ITERATION  MAXIMUM CHANGE SUCCESS             MODEL-PACKAGE-(NUMBER)
 ----------------------------------------------------------------------------------------------------------
 Model                              1          1  2.51516802E-04       *                     1_GWF-(1,2,85)
 ----------------------------------------------------------------------------------------------------------


 1 CALLS TO NUMERICAL SOLUTION IN TIME STEP 13 STRESS PERIOD 2
 1 TOTAL ITERATIONS

 SLN_2 OUTER ITERATION SUMMARY
 ----------------------------------------------------------------------------------------------------------
                                OUTER      INNER                    STEP   MAXIMUM CHANGE MODEL-(CELLID) OR
 OUTER ITERATION STEP       ITERATION  ITERATION  MAXIMUM CHANGE SUCCESS             MODEL-PACKAGE-(NUMBER)
 ----------------------------------------------------------------------------------------------------------
 Model                              1          3       1.5679377                            2_GWT-(1,38,27)
 Model                              2          1  2.28527114E-07       *                    2_GWT-(1,40,24)
 ----------------------------------------------------------------------------------------------------------


 2 CALLS TO NUMERICAL SOLUTION IN TIME STEP 13 STRESS PERIOD 2
 4 TOTAL ITERATIONS
 
    Solving:  Stress period:     2    Time step:    14
 

 SLN_1 OUTER ITERATION SUMMARY
 ----------------------------------------------------------------------------------------------------------
                                OUTER      INNER                    STEP   MAXIMUM CHANGE MODEL-(CELLID) OR
 OUTER ITERATION STEP       ITERATION  ITERATION  MAXIMUM CHANGE SUCCESS             MODEL-PACKAGE-(NUMBER)
 ----------------------------------------------------------------------------------------------------------
 Model                              1          1  2.48116380E-04       *                     1_GWF-(1,2,88)
 ----------------------------------------------------------------------------------------------------------


 1 CALLS TO NUMERICAL SOLUTION IN TIME STEP 14 STRESS PERIOD 2
 1 TOTAL ITERATIONS

 SLN_2 OUTER ITERATION SUMMARY
 ----------------------------------------------------------------------------------------------------------
                                OUTER      INNER                    STEP   MAXIMUM CHANGE MODEL-(CELLID) OR
 OUTER ITERATION STEP       ITERATION  ITERATION  MAXIMUM CHANGE SUCCESS             MODEL-PACKAGE-(NUMBER)
 ----------------------------------------------------------------------------------------------------------
 Model                              1          3       1.6237985                            2_GWT-(1,37,27)
 Model                              2          1  1.72063892E-07       *                    2_GWT-(1,39,25)
 ----------------------------------------------------------------------------------------------------------


 2 CALLS TO NUMERICAL SOLUTION IN TIME STEP 14 STRESS PERIOD 2
 4 TOTAL ITERATIONS
 
    Solving:  Stress period:     2    Time step:    15
 

 SLN_1 OUTER ITERATION SUMMARY
 ----------------------------------------------------------------------------------------------------------
                                OUTER      INNER                    STEP   MAXIMUM CHANGE MODEL-(CELLID) OR
 OUTER ITERATION STEP       ITERATION  ITERATION  MAXIMUM CHANGE SUCCESS             MODEL-PACKAGE-(NUMBER)
 ----------------------------------------------------------------------------------------------------------
 Model                              1          1  2.46522443E-04       *                     1_GWF-(1,2,85)
 ----------------------------------------------------------------------------------------------------------


 1 CALLS TO NUMERICAL SOLUTION IN TIME STEP 15 STRESS PERIOD 2
 1 TOTAL ITERATIONS

 SLN_2 OUTER ITERATION SUMMARY
 ----------------------------------------------------------------------------------------------------------
                                OUTER      INNER                    STEP   MAXIMUM CHANGE MODEL-(CELLID) OR
 OUTER ITERATION STEP       ITERATION  ITERATION  MAXIMUM CHANGE SUCCESS             MODEL-PACKAGE-(NUMBER)
 ----------------------------------------------------------------------------------------------------------
 Model                              1          3      0.97178457                            2_GWT-(1,38,27)
 Model                              2          1  2.02576473E-07       *                    2_GWT-(1,40,25)
 ----------------------------------------------------------------------------------------------------------


 2 CALLS TO NUMERICAL SOLUTION IN TIME STEP 15 STRESS PERIOD 2
 4 TOTAL ITERATIONS
 
    Solving:  Stress period:     2    Time step:    16
 

 SLN_1 OUTER ITERATION SUMMARY
 ----------------------------------------------------------------------------------------------------------
                                OUTER      INNER                    STEP   MAXIMUM CHANGE MODEL-(CELLID) OR
 OUTER ITERATION STEP       ITERATION  ITERATION  MAXIMUM CHANGE SUCCESS             MODEL-PACKAGE-(NUMBER)
 ----------------------------------------------------------------------------------------------------------
 Model                              1          1  2.41929892E-04       *                     1_GWF-(1,2,88)
 ----------------------------------------------------------------------------------------------------------


 1 CALLS TO NUMERICAL SOLUTION IN TIME STEP 16 STRESS PERIOD 2
 1 TOTAL ITERATIONS

 SLN_2 OUTER ITERATION SUMMARY
 ----------------------------------------------------------------------------------------------------------
                                OUTER      INNER                    STEP   MAXIMUM CHANGE MODEL-(CELLID) OR
 OUTER ITERATION STEP       ITERATION  ITERATION  MAXIMUM CHANGE SUCCESS             MODEL-PACKAGE-(NUMBER)
 ----------------------------------------------------------------------------------------------------------
 Model                              1          3       1.2648804                            2_GWT-(1,37,27)
 Model                              2          1  1.18975350E-07       *                    2_GWT-(1,39,25)
 ----------------------------------------------------------------------------------------------------------


 2 CALLS TO NUMERICAL SOLUTION IN TIME STEP 16 STRESS PERIOD 2
 4 TOTAL ITERATIONS
 
    Solving:  Stress period:     2    Time step:    17
 

 SLN_1 OUTER ITERATION SUMMARY
 ----------------------------------------------------------------------------------------------------------
                                OUTER      INNER                    STEP   MAXIMUM CHANGE MODEL-(CELLID) OR
 OUTER ITERATION STEP       ITERATION  ITERATION  MAXIMUM CHANGE SUCCESS             MODEL-PACKAGE-(NUMBER)
 ----------------------------------------------------------------------------------------------------------
 Model                              1          1  2.42085264E-04       *                     1_GWF-(1,2,85)
 ----------------------------------------------------------------------------------------------------------


 1 CALLS TO NUMERICAL SOLUTION IN TIME STEP 17 STRESS PERIOD 2
 1 TOTAL ITERATIONS

 SLN_2 OUTER ITERATION SUMMARY
 ----------------------------------------------------------------------------------------------------------
                                OUTER      INNER                    STEP   MAXIMUM CHANGE MODEL-(CELLID) OR
 OUTER ITERATION STEP       ITERATION  ITERATION  MAXIMUM CHANGE SUCCESS             MODEL-PACKAGE-(NUMBER)
 ----------------------------------------------------------------------------------------------------------
 Model                              1          3      0.63102743                            2_GWT-(1,38,27)
 Model                              2          1  1.23302186E-07       *                    2_GWT-(1,40,25)
 ----------------------------------------------------------------------------------------------------------


 2 CALLS TO NUMERICAL SOLUTION IN TIME STEP 17 STRESS PERIOD 2
 4 TOTAL ITERATIONS
 
    Solving:  Stress period:     2    Time step:    18
 

 SLN_1 OUTER ITERATION SUMMARY
 ----------------------------------------------------------------------------------------------------------
                                OUTER      INNER                    STEP   MAXIMUM CHANGE MODEL-(CELLID) OR
 OUTER ITERATION STEP       ITERATION  ITERATION  MAXIMUM CHANGE SUCCESS             MODEL-PACKAGE-(NUMBER)
 ----------------------------------------------------------------------------------------------------------
 Model                              1          1  2.36466438E-04       *                     1_GWF-(1,2,88)
 ----------------------------------------------------------------------------------------------------------


 1 CALLS TO NUMERICAL SOLUTION IN TIME STEP 18 STRESS PERIOD 2
 1 TOTAL ITERATIONS

 SLN_2 OUTER ITERATION SUMMARY
 ----------------------------------------------------------------------------------------------------------
                                OUTER      INNER                    STEP   MAXIMUM CHANGE MODEL-(CELLID) OR
 OUTER ITERATION STEP       ITERATION  ITERATION  MAXIMUM CHANGE SUCCESS             MODEL-PACKAGE-(NUMBER)
 ----------------------------------------------------------------------------------------------------------
 Model                              1          3       1.0371841                            2_GWT-(1,37,27)
 Model                              2          1  1.08262668E-07       *                    2_GWT-(1,39,25)
 ----------------------------------------------------------------------------------------------------------


 2 CALLS TO NUMERICAL SOLUTION IN TIME STEP 18 STRESS PERIOD 2
 4 TOTAL ITERATIONS
 
    Solving:  Stress period:     2    Time step:    19
 

 SLN_1 OUTER ITERATION SUMMARY
 ----------------------------------------------------------------------------------------------------------
                                OUTER      INNER                    STEP   MAXIMUM CHANGE MODEL-(CELLID) OR
 OUTER ITERATION STEP       ITERATION  ITERATION  MAXIMUM CHANGE SUCCESS             MODEL-PACKAGE-(NUMBER)
 ----------------------------------------------------------------------------------------------------------
 Model                              1          1  2.37972328E-04       *                     1_GWF-(1,2,85)
 ----------------------------------------------------------------------------------------------------------


 1 CALLS TO NUMERICAL SOLUTION IN TIME STEP 19 STRESS PERIOD 2
 1 TOTAL ITERATIONS

 SLN_2 OUTER ITERATION SUMMARY
 ----------------------------------------------------------------------------------------------------------
                                OUTER      INNER                    STEP   MAXIMUM CHANGE MODEL-(CELLID) OR
 OUTER ITERATION STEP       ITERATION  ITERATION  MAXIMUM CHANGE SUCCESS             MODEL-PACKAGE-(NUMBER)
 ----------------------------------------------------------------------------------------------------------
 Model                              1          3      0.44836452                            2_GWT-(1,38,26)
 Model                              2          1  2.57546731E-08       *                    2_GWT-(1,35,27)
 ----------------------------------------------------------------------------------------------------------


 2 CALLS TO NUMERICAL SOLUTION IN TIME STEP 19 STRESS PERIOD 2
 4 TOTAL ITERATIONS
 
    Solving:  Stress period:     2    Time step:    20
 

 SLN_1 OUTER ITERATION SUMMARY
 ----------------------------------------------------------------------------------------------------------
                                OUTER      INNER                    STEP   MAXIMUM CHANGE MODEL-(CELLID) OR
 OUTER ITERATION STEP       ITERATION  ITERATION  MAXIMUM CHANGE SUCCESS             MODEL-PACKAGE-(NUMBER)
 ----------------------------------------------------------------------------------------------------------
 Model                              1          1  2.31525624E-04       *                     1_GWF-(1,2,88)
 ----------------------------------------------------------------------------------------------------------


 1 CALLS TO NUMERICAL SOLUTION IN TIME STEP 20 STRESS PERIOD 2
 1 TOTAL ITERATIONS

 SLN_2 OUTER ITERATION SUMMARY
 ----------------------------------------------------------------------------------------------------------
                                OUTER      INNER                    STEP   MAXIMUM CHANGE MODEL-(CELLID) OR
 OUTER ITERATION STEP       ITERATION  ITERATION  MAXIMUM CHANGE SUCCESS             MODEL-PACKAGE-(NUMBER)
 ----------------------------------------------------------------------------------------------------------
 Model                              1          3      0.88471136                            2_GWT-(1,37,27)
 Model                              2          1  1.07157234E-07       *                    2_GWT-(1,39,25)
 ----------------------------------------------------------------------------------------------------------


 2 CALLS TO NUMERICAL SOLUTION IN TIME STEP 20 STRESS PERIOD 2
 4 TOTAL ITERATIONS
 
    Solving:  Stress period:     2    Time step:    21
 

 SLN_1 OUTER ITERATION SUMMARY
 ----------------------------------------------------------------------------------------------------------
                                OUTER      INNER                    STEP   MAXIMUM CHANGE MODEL-(CELLID) OR
 OUTER ITERATION STEP       ITERATION  ITERATION  MAXIMUM CHANGE SUCCESS             MODEL-PACKAGE-(NUMBER)
 ----------------------------------------------------------------------------------------------------------
 Model                              1          1  2.34072859E-04       *                     1_GWF-(1,2,85)
 ----------------------------------------------------------------------------------------------------------


 1 CALLS TO NUMERICAL SOLUTION IN TIME STEP 21 STRESS PERIOD 2
 1 TOTAL ITERATIONS

 SLN_2 OUTER ITERATION SUMMARY
 ----------------------------------------------------------------------------------------------------------
                                OUTER      INNER                    STEP   MAXIMUM CHANGE MODEL-(CELLID) OR
 OUTER ITERATION STEP       ITERATION  ITERATION  MAXIMUM CHANGE SUCCESS             MODEL-PACKAGE-(NUMBER)
 ----------------------------------------------------------------------------------------------------------
 Model                              1          3     -0.44464726                            2_GWT-(1,36,26)
 Model                              2          1 -1.93982999E-08       *                    2_GWT-(1,45,24)
 ----------------------------------------------------------------------------------------------------------


 2 CALLS TO NUMERICAL SOLUTION IN TIME STEP 21 STRESS PERIOD 2
 4 TOTAL ITERATIONS
 
    Solving:  Stress period:     2    Time step:    22
 

 SLN_1 OUTER ITERATION SUMMARY
 ----------------------------------------------------------------------------------------------------------
                                OUTER      INNER                    STEP   MAXIMUM CHANGE MODEL-(CELLID) OR
 OUTER ITERATION STEP       ITERATION  ITERATION  MAXIMUM CHANGE SUCCESS             MODEL-PACKAGE-(NUMBER)
 ----------------------------------------------------------------------------------------------------------
 Model                              1          1  2.26983519E-04       *                     1_GWF-(1,2,88)
 ----------------------------------------------------------------------------------------------------------


 1 CALLS TO NUMERICAL SOLUTION IN TIME STEP 22 STRESS PERIOD 2
 1 TOTAL ITERATIONS

 SLN_2 OUTER ITERATION SUMMARY
 ----------------------------------------------------------------------------------------------------------
                                OUTER      INNER                    STEP   MAXIMUM CHANGE MODEL-(CELLID) OR
 OUTER ITERATION STEP       ITERATION  ITERATION  MAXIMUM CHANGE SUCCESS             MODEL-PACKAGE-(NUMBER)
 ----------------------------------------------------------------------------------------------------------
 Model                              1          3      0.77733357                            2_GWT-(1,37,27)
 Model                              2          1  9.80555228E-08       *                    2_GWT-(1,39,25)
 ----------------------------------------------------------------------------------------------------------


 2 CALLS TO NUMERICAL SOLUTION IN TIME STEP 22 STRESS PERIOD 2
 4 TOTAL ITERATIONS
 
    Solving:  Stress period:     2    Time step:    23
 

 SLN_1 OUTER ITERATION SUMMARY
 ----------------------------------------------------------------------------------------------------------
                                OUTER      INNER                    STEP   MAXIMUM CHANGE MODEL-(CELLID) OR
 OUTER ITERATION STEP       ITERATION  ITERATION  MAXIMUM CHANGE SUCCESS             MODEL-PACKAGE-(NUMBER)
 ----------------------------------------------------------------------------------------------------------
 Model                              1          1  2.30334000E-04       *                     1_GWF-(1,2,85)
 ----------------------------------------------------------------------------------------------------------


 1 CALLS TO NUMERICAL SOLUTION IN TIME STEP 23 STRESS PERIOD 2
 1 TOTAL ITERATIONS

 SLN_2 OUTER ITERATION SUMMARY
 ----------------------------------------------------------------------------------------------------------
                                OUTER      INNER                    STEP   MAXIMUM CHANGE MODEL-(CELLID) OR
 OUTER ITERATION STEP       ITERATION  ITERATION  MAXIMUM CHANGE SUCCESS             MODEL-PACKAGE-(NUMBER)
 ----------------------------------------------------------------------------------------------------------
 Model                              1          3     -0.44131462                            2_GWT-(1,36,26)
 Model                              2          1 -1.06698565E-07       *                    2_GWT-(1,39,26)
 ----------------------------------------------------------------------------------------------------------


 2 CALLS TO NUMERICAL SOLUTION IN TIME STEP 23 STRESS PERIOD 2
 4 TOTAL ITERATIONS
 
    Solving:  Stress period:     2    Time step:    24
 

 SLN_1 OUTER ITERATION SUMMARY
 ----------------------------------------------------------------------------------------------------------
                                OUTER      INNER                    STEP   MAXIMUM CHANGE MODEL-(CELLID) OR
 OUTER ITERATION STEP       ITERATION  ITERATION  MAXIMUM CHANGE SUCCESS             MODEL-PACKAGE-(NUMBER)
 ----------------------------------------------------------------------------------------------------------
 Model                              1          1  2.22760223E-04       *                     1_GWF-(1,2,88)
 ----------------------------------------------------------------------------------------------------------


 1 CALLS TO NUMERICAL SOLUTION IN TIME STEP 24 STRESS PERIOD 2
 1 TOTAL ITERATIONS

 SLN_2 OUTER ITERATION SUMMARY
 ----------------------------------------------------------------------------------------------------------
                                OUTER      INNER                    STEP   MAXIMUM CHANGE MODEL-(CELLID) OR
 OUTER ITERATION STEP       ITERATION  ITERATION  MAXIMUM CHANGE SUCCESS             MODEL-PACKAGE-(NUMBER)
 ----------------------------------------------------------------------------------------------------------
 Model                              1          3      0.69817012                            2_GWT-(1,37,27)
 Model                              2          1  8.12111693E-08       *                    2_GWT-(1,39,26)
 ----------------------------------------------------------------------------------------------------------


 2 CALLS TO NUMERICAL SOLUTION IN TIME STEP 24 STRESS PERIOD 2
 4 TOTAL ITERATIONS
 
    Solving:  Stress period:     2    Time step:    25
 

 SLN_1 OUTER ITERATION SUMMARY
 ----------------------------------------------------------------------------------------------------------
                                OUTER      INNER                    STEP   MAXIMUM CHANGE MODEL-(CELLID) OR
 OUTER ITERATION STEP       ITERATION  ITERATION  MAXIMUM CHANGE SUCCESS             MODEL-PACKAGE-(NUMBER)
 ----------------------------------------------------------------------------------------------------------
 Model                              1          1  2.26730201E-04       *                     1_GWF-(1,2,85)
 ----------------------------------------------------------------------------------------------------------


 1 CALLS TO NUMERICAL SOLUTION IN TIME STEP 25 STRESS PERIOD 2
 1 TOTAL ITERATIONS

 SLN_2 OUTER ITERATION SUMMARY
 ----------------------------------------------------------------------------------------------------------
                                OUTER      INNER                    STEP   MAXIMUM CHANGE MODEL-(CELLID) OR
 OUTER ITERATION STEP       ITERATION  ITERATION  MAXIMUM CHANGE SUCCESS             MODEL-PACKAGE-(NUMBER)
 ----------------------------------------------------------------------------------------------------------
 Model                              1          2     -0.43247602                            2_GWT-(1,36,26)
 Model                              2          1  3.88150485E-06       *                    2_GWT-(1,40,24)
 ----------------------------------------------------------------------------------------------------------


 2 CALLS TO NUMERICAL SOLUTION IN TIME STEP 25 STRESS PERIOD 2
 3 TOTAL ITERATIONS
 
    Solving:  Stress period:     2    Time step:    26
 

 SLN_1 OUTER ITERATION SUMMARY
 ----------------------------------------------------------------------------------------------------------
                                OUTER      INNER                    STEP   MAXIMUM CHANGE MODEL-(CELLID) OR
 OUTER ITERATION STEP       ITERATION  ITERATION  MAXIMUM CHANGE SUCCESS             MODEL-PACKAGE-(NUMBER)
 ----------------------------------------------------------------------------------------------------------
 Model                              1          1  2.18801342E-04       *                     1_GWF-(1,2,88)
 ----------------------------------------------------------------------------------------------------------


 1 CALLS TO NUMERICAL SOLUTION IN TIME STEP 26 STRESS PERIOD 2
 1 TOTAL ITERATIONS

 SLN_2 OUTER ITERATION SUMMARY
 ----------------------------------------------------------------------------------------------------------
                                OUTER      INNER                    STEP   MAXIMUM CHANGE MODEL-(CELLID) OR
 OUTER ITERATION STEP       ITERATION  ITERATION  MAXIMUM CHANGE SUCCESS             MODEL-PACKAGE-(NUMBER)
 ----------------------------------------------------------------------------------------------------------
 Model                              1          3      0.63738148                            2_GWT-(1,37,27)
 Model                              2          1  6.08456503E-08       *                    2_GWT-(1,39,26)
 ----------------------------------------------------------------------------------------------------------


 2 CALLS TO NUMERICAL SOLUTION IN TIME STEP 26 STRESS PERIOD 2
 4 TOTAL ITERATIONS
 
    Solving:  Stress period:     2    Time step:    27
 

 SLN_1 OUTER ITERATION SUMMARY
 ----------------------------------------------------------------------------------------------------------
                                OUTER      INNER                    STEP   MAXIMUM CHANGE MODEL-(CELLID) OR
 OUTER ITERATION STEP       ITERATION  ITERATION  MAXIMUM CHANGE SUCCESS             MODEL-PACKAGE-(NUMBER)
 ----------------------------------------------------------------------------------------------------------
 Model                              1          1  2.23248372E-04       *                     1_GWF-(1,2,85)
 ----------------------------------------------------------------------------------------------------------


 1 CALLS TO NUMERICAL SOLUTION IN TIME STEP 27 STRESS PERIOD 2
 1 TOTAL ITERATIONS

 SLN_2 OUTER ITERATION SUMMARY
 ----------------------------------------------------------------------------------------------------------
                                OUTER      INNER                    STEP   MAXIMUM CHANGE MODEL-(CELLID) OR
 OUTER ITERATION STEP       ITERATION  ITERATION  MAXIMUM CHANGE SUCCESS             MODEL-PACKAGE-(NUMBER)
 ----------------------------------------------------------------------------------------------------------
 Model                              1          2     -0.42075849                            2_GWT-(1,36,26)
 Model                              2          1  3.53413324E-06       *                    2_GWT-(1,40,24)
 ----------------------------------------------------------------------------------------------------------


 2 CALLS TO NUMERICAL SOLUTION IN TIME STEP 27 STRESS PERIOD 2
 3 TOTAL ITERATIONS
 
    Solving:  Stress period:     2    Time step:    28
 

 SLN_1 OUTER ITERATION SUMMARY
 ----------------------------------------------------------------------------------------------------------
                                OUTER      INNER                    STEP   MAXIMUM CHANGE MODEL-(CELLID) OR
 OUTER ITERATION STEP       ITERATION  ITERATION  MAXIMUM CHANGE SUCCESS             MODEL-PACKAGE-(NUMBER)
 ----------------------------------------------------------------------------------------------------------
 Model                              1          1  2.15067619E-04       *                     1_GWF-(1,2,88)
 ----------------------------------------------------------------------------------------------------------


 1 CALLS TO NUMERICAL SOLUTION IN TIME STEP 28 STRESS PERIOD 2
 1 TOTAL ITERATIONS

 SLN_2 OUTER ITERATION SUMMARY
 ----------------------------------------------------------------------------------------------------------
                                OUTER      INNER                    STEP   MAXIMUM CHANGE MODEL-(CELLID) OR
 OUTER ITERATION STEP       ITERATION  ITERATION  MAXIMUM CHANGE SUCCESS             MODEL-PACKAGE-(NUMBER)
 ----------------------------------------------------------------------------------------------------------
 Model                              1          3      0.58902894                            2_GWT-(1,37,27)
 Model                              2          1  4.29932356E-08       *                    2_GWT-(1,39,26)
 ----------------------------------------------------------------------------------------------------------


 2 CALLS TO NUMERICAL SOLUTION IN TIME STEP 28 STRESS PERIOD 2
 4 TOTAL ITERATIONS
 
    Solving:  Stress period:     2    Time step:    29
 

 SLN_1 OUTER ITERATION SUMMARY
 ----------------------------------------------------------------------------------------------------------
                                OUTER      INNER                    STEP   MAXIMUM CHANGE MODEL-(CELLID) OR
 OUTER ITERATION STEP       ITERATION  ITERATION  MAXIMUM CHANGE SUCCESS             MODEL-PACKAGE-(NUMBER)
 ----------------------------------------------------------------------------------------------------------
 Model                              1          1  2.19880730E-04       *                     1_GWF-(1,2,85)
 ----------------------------------------------------------------------------------------------------------


 1 CALLS TO NUMERICAL SOLUTION IN TIME STEP 29 STRESS PERIOD 2
 1 TOTAL ITERATIONS

 SLN_2 OUTER ITERATION SUMMARY
 ----------------------------------------------------------------------------------------------------------
                                OUTER      INNER                    STEP   MAXIMUM CHANGE MODEL-(CELLID) OR
 OUTER ITERATION STEP       ITERATION  ITERATION  MAXIMUM CHANGE SUCCESS             MODEL-PACKAGE-(NUMBER)
 ----------------------------------------------------------------------------------------------------------
 Model                              1          2     -0.40761759                            2_GWT-(1,36,26)
 Model                              2          1  3.06945145E-06       *                    2_GWT-(1,40,24)
 ----------------------------------------------------------------------------------------------------------


 2 CALLS TO NUMERICAL SOLUTION IN TIME STEP 29 STRESS PERIOD 2
 3 TOTAL ITERATIONS
 
    Solving:  Stress period:     2    Time step:    30
 

 SLN_1 OUTER ITERATION SUMMARY
 ----------------------------------------------------------------------------------------------------------
                                OUTER      INNER                    STEP   MAXIMUM CHANGE MODEL-(CELLID) OR
 OUTER ITERATION STEP       ITERATION  ITERATION  MAXIMUM CHANGE SUCCESS             MODEL-PACKAGE-(NUMBER)
 ----------------------------------------------------------------------------------------------------------
 Model                              1          1  2.11529133E-04       *                     1_GWF-(1,2,88)
 ----------------------------------------------------------------------------------------------------------


 1 CALLS TO NUMERICAL SOLUTION IN TIME STEP 30 STRESS PERIOD 2
 1 TOTAL ITERATIONS

 SLN_2 OUTER ITERATION SUMMARY
 ----------------------------------------------------------------------------------------------------------
                                OUTER      INNER                    STEP   MAXIMUM CHANGE MODEL-(CELLID) OR
 OUTER ITERATION STEP       ITERATION  ITERATION  MAXIMUM CHANGE SUCCESS             MODEL-PACKAGE-(NUMBER)
 ----------------------------------------------------------------------------------------------------------
 Model                              1          2      0.54940925                            2_GWT-(1,37,27)
 Model                              2          1  2.68921423E-06       *                    2_GWT-(1,35,26)
 ----------------------------------------------------------------------------------------------------------


 2 CALLS TO NUMERICAL SOLUTION IN TIME STEP 30 STRESS PERIOD 2
 3 TOTAL ITERATIONS
 
    Solving:  Stress period:     2    Time step:    31
 

 SLN_1 OUTER ITERATION SUMMARY
 ----------------------------------------------------------------------------------------------------------
                                OUTER      INNER                    STEP   MAXIMUM CHANGE MODEL-(CELLID) OR
 OUTER ITERATION STEP       ITERATION  ITERATION  MAXIMUM CHANGE SUCCESS             MODEL-PACKAGE-(NUMBER)
 ----------------------------------------------------------------------------------------------------------
 Model                              1          1  2.16621454E-04       *                     1_GWF-(1,2,85)
 ----------------------------------------------------------------------------------------------------------


 1 CALLS TO NUMERICAL SOLUTION IN TIME STEP 31 STRESS PERIOD 2
 1 TOTAL ITERATIONS

 SLN_2 OUTER ITERATION SUMMARY
 ----------------------------------------------------------------------------------------------------------
                                OUTER      INNER                    STEP   MAXIMUM CHANGE MODEL-(CELLID) OR
 OUTER ITERATION STEP       ITERATION  ITERATION  MAXIMUM CHANGE SUCCESS             MODEL-PACKAGE-(NUMBER)
 ----------------------------------------------------------------------------------------------------------
 Model                              1          2     -0.39393124                            2_GWT-(1,36,26)
 Model                              2          1  2.57325277E-06       *                    2_GWT-(1,40,24)
 ----------------------------------------------------------------------------------------------------------


 2 CALLS TO NUMERICAL SOLUTION IN TIME STEP 31 STRESS PERIOD 2
 3 TOTAL ITERATIONS
 
    Solving:  Stress period:     2    Time step:    32
 

 SLN_1 OUTER ITERATION SUMMARY
 ----------------------------------------------------------------------------------------------------------
                                OUTER      INNER                    STEP   MAXIMUM CHANGE MODEL-(CELLID) OR
 OUTER ITERATION STEP       ITERATION  ITERATION  MAXIMUM CHANGE SUCCESS             MODEL-PACKAGE-(NUMBER)
 ----------------------------------------------------------------------------------------------------------
 Model                              1          1  2.08162036E-04       *                     1_GWF-(1,2,88)
 ----------------------------------------------------------------------------------------------------------


 1 CALLS TO NUMERICAL SOLUTION IN TIME STEP 32 STRESS PERIOD 2
 1 TOTAL ITERATIONS

 SLN_2 OUTER ITERATION SUMMARY
 ----------------------------------------------------------------------------------------------------------
                                OUTER      INNER                    STEP   MAXIMUM CHANGE MODEL-(CELLID) OR
 OUTER ITERATION STEP       ITERATION  ITERATION  MAXIMUM CHANGE SUCCESS             MODEL-PACKAGE-(NUMBER)
 ----------------------------------------------------------------------------------------------------------
 Model                              1          2      0.51612003                            2_GWT-(1,37,27)
 Model                              2          1  2.23147913E-06       *                    2_GWT-(1,35,26)
 ----------------------------------------------------------------------------------------------------------


 2 CALLS TO NUMERICAL SOLUTION IN TIME STEP 32 STRESS PERIOD 2
 3 TOTAL ITERATIONS
 
    Solving:  Stress period:     2    Time step:    33
 

 SLN_1 OUTER ITERATION SUMMARY
 ----------------------------------------------------------------------------------------------------------
                                OUTER      INNER                    STEP   MAXIMUM CHANGE MODEL-(CELLID) OR
 OUTER ITERATION STEP       ITERATION  ITERATION  MAXIMUM CHANGE SUCCESS             MODEL-PACKAGE-(NUMBER)
 ----------------------------------------------------------------------------------------------------------
 Model                              1          1  2.13465235E-04       *                     1_GWF-(1,2,85)
 ----------------------------------------------------------------------------------------------------------


 1 CALLS TO NUMERICAL SOLUTION IN TIME STEP 33 STRESS PERIOD 2
 1 TOTAL ITERATIONS

 SLN_2 OUTER ITERATION SUMMARY
 ----------------------------------------------------------------------------------------------------------
                                OUTER      INNER                    STEP   MAXIMUM CHANGE MODEL-(CELLID) OR
 OUTER ITERATION STEP       ITERATION  ITERATION  MAXIMUM CHANGE SUCCESS             MODEL-PACKAGE-(NUMBER)
 ----------------------------------------------------------------------------------------------------------
 Model                              1          2     -0.38206691                            2_GWT-(1,37,27)
 Model                              2          1  2.17144060E-06       *                    2_GWT-(1,41,25)
 ----------------------------------------------------------------------------------------------------------


 2 CALLS TO NUMERICAL SOLUTION IN TIME STEP 33 STRESS PERIOD 2
 3 TOTAL ITERATIONS
 
    Solving:  Stress period:     2    Time step:    34
 

 SLN_1 OUTER ITERATION SUMMARY
 ----------------------------------------------------------------------------------------------------------
                                OUTER      INNER                    STEP   MAXIMUM CHANGE MODEL-(CELLID) OR
 OUTER ITERATION STEP       ITERATION  ITERATION  MAXIMUM CHANGE SUCCESS             MODEL-PACKAGE-(NUMBER)
 ----------------------------------------------------------------------------------------------------------
 Model                              1          1  2.04946660E-04       *                     1_GWF-(1,2,88)
 ----------------------------------------------------------------------------------------------------------


 1 CALLS TO NUMERICAL SOLUTION IN TIME STEP 34 STRESS PERIOD 2
 1 TOTAL ITERATIONS

 SLN_2 OUTER ITERATION SUMMARY
 ----------------------------------------------------------------------------------------------------------
                                OUTER      INNER                    STEP   MAXIMUM CHANGE MODEL-(CELLID) OR
 OUTER ITERATION STEP       ITERATION  ITERATION  MAXIMUM CHANGE SUCCESS             MODEL-PACKAGE-(NUMBER)
 ----------------------------------------------------------------------------------------------------------
 Model                              1          2      0.48756136                            2_GWT-(1,37,27)
 Model                              2          1 -1.86545634E-06       *                    2_GWT-(1,41,25)
 ----------------------------------------------------------------------------------------------------------


 2 CALLS TO NUMERICAL SOLUTION IN TIME STEP 34 STRESS PERIOD 2
 3 TOTAL ITERATIONS
 
    Solving:  Stress period:     2    Time step:    35
 

 SLN_1 OUTER ITERATION SUMMARY
 ----------------------------------------------------------------------------------------------------------
                                OUTER      INNER                    STEP   MAXIMUM CHANGE MODEL-(CELLID) OR
 OUTER ITERATION STEP       ITERATION  ITERATION  MAXIMUM CHANGE SUCCESS             MODEL-PACKAGE-(NUMBER)
 ----------------------------------------------------------------------------------------------------------
 Model                              1          1  2.10406739E-04       *                     1_GWF-(1,2,85)
 ----------------------------------------------------------------------------------------------------------


 1 CALLS TO NUMERICAL SOLUTION IN TIME STEP 35 STRESS PERIOD 2
 1 TOTAL ITERATIONS

 SLN_2 OUTER ITERATION SUMMARY
 ----------------------------------------------------------------------------------------------------------
                                OUTER      INNER                    STEP   MAXIMUM CHANGE MODEL-(CELLID) OR
 OUTER ITERATION STEP       ITERATION  ITERATION  MAXIMUM CHANGE SUCCESS             MODEL-PACKAGE-(NUMBER)
 ----------------------------------------------------------------------------------------------------------
 Model                              1          2     -0.37496828                            2_GWT-(1,37,27)
 Model                              2          1  1.98732130E-06       *                    2_GWT-(1,41,25)
 ----------------------------------------------------------------------------------------------------------


 2 CALLS TO NUMERICAL SOLUTION IN TIME STEP 35 STRESS PERIOD 2
 3 TOTAL ITERATIONS
 
    Solving:  Stress period:     2    Time step:    36
 

 SLN_1 OUTER ITERATION SUMMARY
 ----------------------------------------------------------------------------------------------------------
                                OUTER      INNER                    STEP   MAXIMUM CHANGE MODEL-(CELLID) OR
 OUTER ITERATION STEP       ITERATION  ITERATION  MAXIMUM CHANGE SUCCESS             MODEL-PACKAGE-(NUMBER)
 ----------------------------------------------------------------------------------------------------------
 Model                              1          1  2.01866407E-04       *                     1_GWF-(1,2,88)
 ----------------------------------------------------------------------------------------------------------


 1 CALLS TO NUMERICAL SOLUTION IN TIME STEP 36 STRESS PERIOD 2
 1 TOTAL ITERATIONS

 SLN_2 OUTER ITERATION SUMMARY
 ----------------------------------------------------------------------------------------------------------
                                OUTER      INNER                    STEP   MAXIMUM CHANGE MODEL-(CELLID) OR
 OUTER ITERATION STEP       ITERATION  ITERATION  MAXIMUM CHANGE SUCCESS             MODEL-PACKAGE-(NUMBER)
 ----------------------------------------------------------------------------------------------------------
 Model                              1          2      0.46262825                            2_GWT-(1,37,27)
 Model                              2          1 -2.01738129E-06       *                    2_GWT-(1,41,25)
 ----------------------------------------------------------------------------------------------------------


 2 CALLS TO NUMERICAL SOLUTION IN TIME STEP 36 STRESS PERIOD 2
 3 TOTAL ITERATIONS
 
    Solving:  Stress period:     2    Time step:    37
 

 SLN_1 OUTER ITERATION SUMMARY
 ----------------------------------------------------------------------------------------------------------
                                OUTER      INNER                    STEP   MAXIMUM CHANGE MODEL-(CELLID) OR
 OUTER ITERATION STEP       ITERATION  ITERATION  MAXIMUM CHANGE SUCCESS             MODEL-PACKAGE-(NUMBER)
 ----------------------------------------------------------------------------------------------------------
 Model                              1          1  2.07440486E-04       *                     1_GWF-(1,2,85)
 ----------------------------------------------------------------------------------------------------------


 1 CALLS TO NUMERICAL SOLUTION IN TIME STEP 37 STRESS PERIOD 2
 1 TOTAL ITERATIONS

 SLN_2 OUTER ITERATION SUMMARY
 ----------------------------------------------------------------------------------------------------------
                                OUTER      INNER                    STEP   MAXIMUM CHANGE MODEL-(CELLID) OR
 OUTER ITERATION STEP       ITERATION  ITERATION  MAXIMUM CHANGE SUCCESS             MODEL-PACKAGE-(NUMBER)
 ----------------------------------------------------------------------------------------------------------
 Model                              1          2     -0.36694054                            2_GWT-(1,37,27)
 Model                              2          1  1.84905070E-06       *                    2_GWT-(1,41,25)
 ----------------------------------------------------------------------------------------------------------


 2 CALLS TO NUMERICAL SOLUTION IN TIME STEP 37 STRESS PERIOD 2
 3 TOTAL ITERATIONS
 
    Solving:  Stress period:     2    Time step:    38
 

 SLN_1 OUTER ITERATION SUMMARY
 ----------------------------------------------------------------------------------------------------------
                                OUTER      INNER                    STEP   MAXIMUM CHANGE MODEL-(CELLID) OR
 OUTER ITERATION STEP       ITERATION  ITERATION  MAXIMUM CHANGE SUCCESS             MODEL-PACKAGE-(NUMBER)
 ----------------------------------------------------------------------------------------------------------
 Model                              1          1  1.98907043E-04       *                     1_GWF-(1,2,88)
 ----------------------------------------------------------------------------------------------------------


 1 CALLS TO NUMERICAL SOLUTION IN TIME STEP 38 STRESS PERIOD 2
 1 TOTAL ITERATIONS

 SLN_2 OUTER ITERATION SUMMARY
 ----------------------------------------------------------------------------------------------------------
                                OUTER      INNER                    STEP   MAXIMUM CHANGE MODEL-(CELLID) OR
 OUTER ITERATION STEP       ITERATION  ITERATION  MAXIMUM CHANGE SUCCESS             MODEL-PACKAGE-(NUMBER)
 ----------------------------------------------------------------------------------------------------------
 Model                              1          2      0.44053830                            2_GWT-(1,37,27)
 Model                              2          1 -2.08473296E-06       *                    2_GWT-(1,41,25)
 ----------------------------------------------------------------------------------------------------------


 2 CALLS TO NUMERICAL SOLUTION IN TIME STEP 38 STRESS PERIOD 2
 3 TOTAL ITERATIONS
 
    Solving:  Stress period:     2    Time step:    39
 

 SLN_1 OUTER ITERATION SUMMARY
 ----------------------------------------------------------------------------------------------------------
                                OUTER      INNER                    STEP   MAXIMUM CHANGE MODEL-(CELLID) OR
 OUTER ITERATION STEP       ITERATION  ITERATION  MAXIMUM CHANGE SUCCESS             MODEL-PACKAGE-(NUMBER)
 ----------------------------------------------------------------------------------------------------------
 Model                              1          1  2.04560915E-04       *                     1_GWF-(1,2,85)
 ----------------------------------------------------------------------------------------------------------


 1 CALLS TO NUMERICAL SOLUTION IN TIME STEP 39 STRESS PERIOD 2
 1 TOTAL ITERATIONS

 SLN_2 OUTER ITERATION SUMMARY
 ----------------------------------------------------------------------------------------------------------
                                OUTER      INNER                    STEP   MAXIMUM CHANGE MODEL-(CELLID) OR
 OUTER ITERATION STEP       ITERATION  ITERATION  MAXIMUM CHANGE SUCCESS             MODEL-PACKAGE-(NUMBER)
 ----------------------------------------------------------------------------------------------------------
 Model                              1          2     -0.35839495                            2_GWT-(1,37,27)
 Model                              2          1  1.74720469E-06       *                    2_GWT-(1,41,25)
 ----------------------------------------------------------------------------------------------------------


 2 CALLS TO NUMERICAL SOLUTION IN TIME STEP 39 STRESS PERIOD 2
 3 TOTAL ITERATIONS
 
    Solving:  Stress period:     2    Time step:    40
 

 SLN_1 OUTER ITERATION SUMMARY
 ----------------------------------------------------------------------------------------------------------
                                OUTER      INNER                    STEP   MAXIMUM CHANGE MODEL-(CELLID) OR
 OUTER ITERATION STEP       ITERATION  ITERATION  MAXIMUM CHANGE SUCCESS             MODEL-PACKAGE-(NUMBER)
 ----------------------------------------------------------------------------------------------------------
 Model                              1          1  1.96056249E-04       *                     1_GWF-(1,2,88)
 ----------------------------------------------------------------------------------------------------------


 1 CALLS TO NUMERICAL SOLUTION IN TIME STEP 40 STRESS PERIOD 2
 1 TOTAL ITERATIONS

 SLN_2 OUTER ITERATION SUMMARY
 ----------------------------------------------------------------------------------------------------------
                                OUTER      INNER                    STEP   MAXIMUM CHANGE MODEL-(CELLID) OR
 OUTER ITERATION STEP       ITERATION  ITERATION  MAXIMUM CHANGE SUCCESS             MODEL-PACKAGE-(NUMBER)
 ----------------------------------------------------------------------------------------------------------
 Model                              1          2      0.42072625                            2_GWT-(1,37,27)
 Model                              2          1 -2.09981391E-06       *                    2_GWT-(1,41,25)
 ----------------------------------------------------------------------------------------------------------


 2 CALLS TO NUMERICAL SOLUTION IN TIME STEP 40 STRESS PERIOD 2
 3 TOTAL ITERATIONS
 
    Solving:  Stress period:     2    Time step:    41
 

 SLN_1 OUTER ITERATION SUMMARY
 ----------------------------------------------------------------------------------------------------------
                                OUTER      INNER                    STEP   MAXIMUM CHANGE MODEL-(CELLID) OR
 OUTER ITERATION STEP       ITERATION  ITERATION  MAXIMUM CHANGE SUCCESS             MODEL-PACKAGE-(NUMBER)
 ----------------------------------------------------------------------------------------------------------
 Model                              1          1  2.01762492E-04       *                     1_GWF-(1,2,85)
 ----------------------------------------------------------------------------------------------------------


 1 CALLS TO NUMERICAL SOLUTION IN TIME STEP 41 STRESS PERIOD 2
 1 TOTAL ITERATIONS

 SLN_2 OUTER ITERATION SUMMARY
 ----------------------------------------------------------------------------------------------------------
                                OUTER      INNER                    STEP   MAXIMUM CHANGE MODEL-(CELLID) OR
 OUTER ITERATION STEP       ITERATION  ITERATION  MAXIMUM CHANGE SUCCESS             MODEL-PACKAGE-(NUMBER)
 ----------------------------------------------------------------------------------------------------------
 Model                              1          2     -0.34959581                            2_GWT-(1,37,27)
 Model                              2          1  1.67006544E-06       *                    2_GWT-(1,41,25)
 ----------------------------------------------------------------------------------------------------------


 2 CALLS TO NUMERICAL SOLUTION IN TIME STEP 41 STRESS PERIOD 2
 3 TOTAL ITERATIONS
 
    Solving:  Stress period:     2    Time step:    42
 

 SLN_1 OUTER ITERATION SUMMARY
 ----------------------------------------------------------------------------------------------------------
                                OUTER      INNER                    STEP   MAXIMUM CHANGE MODEL-(CELLID) OR
 OUTER ITERATION STEP       ITERATION  ITERATION  MAXIMUM CHANGE SUCCESS             MODEL-PACKAGE-(NUMBER)
 ----------------------------------------------------------------------------------------------------------
 Model                              1          1  1.93303295E-04       *                     1_GWF-(1,2,88)
 ----------------------------------------------------------------------------------------------------------


 1 CALLS TO NUMERICAL SOLUTION IN TIME STEP 42 STRESS PERIOD 2
 1 TOTAL ITERATIONS

 SLN_2 OUTER ITERATION SUMMARY
 ----------------------------------------------------------------------------------------------------------
                                OUTER      INNER                    STEP   MAXIMUM CHANGE MODEL-(CELLID) OR
 OUTER ITERATION STEP       ITERATION  ITERATION  MAXIMUM CHANGE SUCCESS             MODEL-PACKAGE-(NUMBER)
 ----------------------------------------------------------------------------------------------------------
 Model                              1          2      0.40277333                            2_GWT-(1,37,27)
 Model                              2          1 -2.08386734E-06       *                    2_GWT-(1,41,25)
 ----------------------------------------------------------------------------------------------------------


 2 CALLS TO NUMERICAL SOLUTION IN TIME STEP 42 STRESS PERIOD 2
 3 TOTAL ITERATIONS
 
    Solving:  Stress period:     2    Time step:    43
 

 SLN_1 OUTER ITERATION SUMMARY
 ----------------------------------------------------------------------------------------------------------
                                OUTER      INNER                    STEP   MAXIMUM CHANGE MODEL-(CELLID) OR
 OUTER ITERATION STEP       ITERATION  ITERATION  MAXIMUM CHANGE SUCCESS             MODEL-PACKAGE-(NUMBER)
 ----------------------------------------------------------------------------------------------------------
 Model                              1          1  1.99039830E-04       *                     1_GWF-(1,2,85)
 ----------------------------------------------------------------------------------------------------------


 1 CALLS TO NUMERICAL SOLUTION IN TIME STEP 43 STRESS PERIOD 2
 1 TOTAL ITERATIONS

 SLN_2 OUTER ITERATION SUMMARY
 ----------------------------------------------------------------------------------------------------------
                                OUTER      INNER                    STEP   MAXIMUM CHANGE MODEL-(CELLID) OR
 OUTER ITERATION STEP       ITERATION  ITERATION  MAXIMUM CHANGE SUCCESS             MODEL-PACKAGE-(NUMBER)
 ----------------------------------------------------------------------------------------------------------
 Model                              1          2     -0.34071415                            2_GWT-(1,37,27)
 Model                              2          1  1.60872384E-06       *                    2_GWT-(1,41,25)
 ----------------------------------------------------------------------------------------------------------


 2 CALLS TO NUMERICAL SOLUTION IN TIME STEP 43 STRESS PERIOD 2
 3 TOTAL ITERATIONS
 
    Solving:  Stress period:     2    Time step:    44
 

 SLN_1 OUTER ITERATION SUMMARY
 ----------------------------------------------------------------------------------------------------------
                                OUTER      INNER                    STEP   MAXIMUM CHANGE MODEL-(CELLID) OR
 OUTER ITERATION STEP       ITERATION  ITERATION  MAXIMUM CHANGE SUCCESS             MODEL-PACKAGE-(NUMBER)
 ----------------------------------------------------------------------------------------------------------
 Model                              1          1  1.90638809E-04       *                     1_GWF-(1,2,88)
 ----------------------------------------------------------------------------------------------------------


 1 CALLS TO NUMERICAL SOLUTION IN TIME STEP 44 STRESS PERIOD 2
 1 TOTAL ITERATIONS

 SLN_2 OUTER ITERATION SUMMARY
 ----------------------------------------------------------------------------------------------------------
                                OUTER      INNER                    STEP   MAXIMUM CHANGE MODEL-(CELLID) OR
 OUTER ITERATION STEP       ITERATION  ITERATION  MAXIMUM CHANGE SUCCESS             MODEL-PACKAGE-(NUMBER)
 ----------------------------------------------------------------------------------------------------------
 Model                              1          2      0.38636199                            2_GWT-(1,37,27)
 Model                              2          1 -2.05020712E-06       *                    2_GWT-(1,41,25)
 ----------------------------------------------------------------------------------------------------------


 2 CALLS TO NUMERICAL SOLUTION IN TIME STEP 44 STRESS PERIOD 2
 3 TOTAL ITERATIONS
 
    Solving:  Stress period:     2    Time step:    45
 

 SLN_1 OUTER ITERATION SUMMARY
 ----------------------------------------------------------------------------------------------------------
                                OUTER      INNER                    STEP   MAXIMUM CHANGE MODEL-(CELLID) OR
 OUTER ITERATION STEP       ITERATION  ITERATION  MAXIMUM CHANGE SUCCESS             MODEL-PACKAGE-(NUMBER)
 ----------------------------------------------------------------------------------------------------------
 Model                              1          1  1.96387777E-04       *                     1_GWF-(1,2,85)
 ----------------------------------------------------------------------------------------------------------


 1 CALLS TO NUMERICAL SOLUTION IN TIME STEP 45 STRESS PERIOD 2
 1 TOTAL ITERATIONS

 SLN_2 OUTER ITERATION SUMMARY
 ----------------------------------------------------------------------------------------------------------
                                OUTER      INNER                    STEP   MAXIMUM CHANGE MODEL-(CELLID) OR
 OUTER ITERATION STEP       ITERATION  ITERATION  MAXIMUM CHANGE SUCCESS             MODEL-PACKAGE-(NUMBER)
 ----------------------------------------------------------------------------------------------------------
 Model                              1          2     -0.33186059                            2_GWT-(1,37,27)
 Model                              2          1  1.55725212E-06       *                    2_GWT-(1,41,25)
 ----------------------------------------------------------------------------------------------------------


 2 CALLS TO NUMERICAL SOLUTION IN TIME STEP 45 STRESS PERIOD 2
 3 TOTAL ITERATIONS
 
    Solving:  Stress period:     2    Time step:    46
 

 SLN_1 OUTER ITERATION SUMMARY
 ----------------------------------------------------------------------------------------------------------
                                OUTER      INNER                    STEP   MAXIMUM CHANGE MODEL-(CELLID) OR
 OUTER ITERATION STEP       ITERATION  ITERATION  MAXIMUM CHANGE SUCCESS             MODEL-PACKAGE-(NUMBER)
 ----------------------------------------------------------------------------------------------------------
 Model                              1          1  1.88054588E-04       *                     1_GWF-(1,2,88)
 ----------------------------------------------------------------------------------------------------------


 1 CALLS TO NUMERICAL SOLUTION IN TIME STEP 46 STRESS PERIOD 2
 1 TOTAL ITERATIONS

 SLN_2 OUTER ITERATION SUMMARY
 ----------------------------------------------------------------------------------------------------------
                                OUTER      INNER                    STEP   MAXIMUM CHANGE MODEL-(CELLID) OR
 OUTER ITERATION STEP       ITERATION  ITERATION  MAXIMUM CHANGE SUCCESS             MODEL-PACKAGE-(NUMBER)
 ----------------------------------------------------------------------------------------------------------
 Model                              1          2      0.37124671                            2_GWT-(1,37,27)
 Model                              2          1 -2.00692466E-06       *                    2_GWT-(1,41,25)
 ----------------------------------------------------------------------------------------------------------


 2 CALLS TO NUMERICAL SOLUTION IN TIME STEP 46 STRESS PERIOD 2
 3 TOTAL ITERATIONS
 
    Solving:  Stress period:     2    Time step:    47
 

 SLN_1 OUTER ITERATION SUMMARY
 ----------------------------------------------------------------------------------------------------------
                                OUTER      INNER                    STEP   MAXIMUM CHANGE MODEL-(CELLID) OR
 OUTER ITERATION STEP       ITERATION  ITERATION  MAXIMUM CHANGE SUCCESS             MODEL-PACKAGE-(NUMBER)
 ----------------------------------------------------------------------------------------------------------
 Model                              1          1  1.93801486E-04       *                     1_GWF-(1,2,85)
 ----------------------------------------------------------------------------------------------------------


 1 CALLS TO NUMERICAL SOLUTION IN TIME STEP 47 STRESS PERIOD 2
 1 TOTAL ITERATIONS

 SLN_2 OUTER ITERATION SUMMARY
 ----------------------------------------------------------------------------------------------------------
                                OUTER      INNER                    STEP   MAXIMUM CHANGE MODEL-(CELLID) OR
 OUTER ITERATION STEP       ITERATION  ITERATION  MAXIMUM CHANGE SUCCESS             MODEL-PACKAGE-(NUMBER)
 ----------------------------------------------------------------------------------------------------------
 Model                              1          2     -0.32310616                            2_GWT-(1,37,27)
 Model                              2          1  1.51190687E-06       *                    2_GWT-(1,41,25)
 ----------------------------------------------------------------------------------------------------------


 2 CALLS TO NUMERICAL SOLUTION IN TIME STEP 47 STRESS PERIOD 2
 3 TOTAL ITERATIONS
 
    Solving:  Stress period:     2    Time step:    48
 

 SLN_1 OUTER ITERATION SUMMARY
 ----------------------------------------------------------------------------------------------------------
                                OUTER      INNER                    STEP   MAXIMUM CHANGE MODEL-(CELLID) OR
 OUTER ITERATION STEP       ITERATION  ITERATION  MAXIMUM CHANGE SUCCESS             MODEL-PACKAGE-(NUMBER)
 ----------------------------------------------------------------------------------------------------------
 Model                              1          1  1.85543443E-04       *                     1_GWF-(1,2,88)
 ----------------------------------------------------------------------------------------------------------


 1 CALLS TO NUMERICAL SOLUTION IN TIME STEP 48 STRESS PERIOD 2
 1 TOTAL ITERATIONS

 SLN_2 OUTER ITERATION SUMMARY
 ----------------------------------------------------------------------------------------------------------
                                OUTER      INNER                    STEP   MAXIMUM CHANGE MODEL-(CELLID) OR
 OUTER ITERATION STEP       ITERATION  ITERATION  MAXIMUM CHANGE SUCCESS             MODEL-PACKAGE-(NUMBER)
 ----------------------------------------------------------------------------------------------------------
 Model                              1          2      0.35723457                            2_GWT-(1,37,27)
 Model                              2          1 -1.95884019E-06       *                    2_GWT-(1,41,25)
 ----------------------------------------------------------------------------------------------------------


 2 CALLS TO NUMERICAL SOLUTION IN TIME STEP 48 STRESS PERIOD 2
 3 TOTAL ITERATIONS
 
    Solving:  Stress period:     2    Time step:    49
 

 SLN_1 OUTER ITERATION SUMMARY
 ----------------------------------------------------------------------------------------------------------
                                OUTER      INNER                    STEP   MAXIMUM CHANGE MODEL-(CELLID) OR
 OUTER ITERATION STEP       ITERATION  ITERATION  MAXIMUM CHANGE SUCCESS             MODEL-PACKAGE-(NUMBER)
 ----------------------------------------------------------------------------------------------------------
 Model                              1          1  1.91276455E-04       *                     1_GWF-(1,2,85)
 ----------------------------------------------------------------------------------------------------------


 1 CALLS TO NUMERICAL SOLUTION IN TIME STEP 49 STRESS PERIOD 2
 1 TOTAL ITERATIONS

 SLN_2 OUTER ITERATION SUMMARY
 ----------------------------------------------------------------------------------------------------------
                                OUTER      INNER                    STEP   MAXIMUM CHANGE MODEL-(CELLID) OR
 OUTER ITERATION STEP       ITERATION  ITERATION  MAXIMUM CHANGE SUCCESS             MODEL-PACKAGE-(NUMBER)
 ----------------------------------------------------------------------------------------------------------
 Model                              1          2     -0.31449566                            2_GWT-(1,37,27)
 Model                              2          1  1.47038185E-06       *                    2_GWT-(1,41,25)
 ----------------------------------------------------------------------------------------------------------


 2 CALLS TO NUMERICAL SOLUTION IN TIME STEP 49 STRESS PERIOD 2
 3 TOTAL ITERATIONS
 
    Solving:  Stress period:     2    Time step:    50
 

 SLN_1 OUTER ITERATION SUMMARY
 ----------------------------------------------------------------------------------------------------------
                                OUTER      INNER                    STEP   MAXIMUM CHANGE MODEL-(CELLID) OR
 OUTER ITERATION STEP       ITERATION  ITERATION  MAXIMUM CHANGE SUCCESS             MODEL-PACKAGE-(NUMBER)
 ----------------------------------------------------------------------------------------------------------
 Model                              1          1  1.83099077E-04       *                     1_GWF-(1,2,88)
 ----------------------------------------------------------------------------------------------------------


 1 CALLS TO NUMERICAL SOLUTION IN TIME STEP 50 STRESS PERIOD 2
 1 TOTAL ITERATIONS

 SLN_2 OUTER ITERATION SUMMARY
 ----------------------------------------------------------------------------------------------------------
                                OUTER      INNER                    STEP   MAXIMUM CHANGE MODEL-(CELLID) OR
 OUTER ITERATION STEP       ITERATION  ITERATION  MAXIMUM CHANGE SUCCESS             MODEL-PACKAGE-(NUMBER)
 ----------------------------------------------------------------------------------------------------------
 Model                              1          2      0.34417168                            2_GWT-(1,37,27)
 Model                              2          1 -1.90877927E-06       *                    2_GWT-(1,41,25)
 ----------------------------------------------------------------------------------------------------------


 2 CALLS TO NUMERICAL SOLUTION IN TIME STEP 50 STRESS PERIOD 2
 3 TOTAL ITERATIONS
 
    Solving:  Stress period:     2    Time step:    51
 

 SLN_1 OUTER ITERATION SUMMARY
 ----------------------------------------------------------------------------------------------------------
                                OUTER      INNER                    STEP   MAXIMUM CHANGE MODEL-(CELLID) OR
 OUTER ITERATION STEP       ITERATION  ITERATION  MAXIMUM CHANGE SUCCESS             MODEL-PACKAGE-(NUMBER)
 ----------------------------------------------------------------------------------------------------------
 Model                              1          1  1.88808545E-04       *                     1_GWF-(1,2,85)
 ----------------------------------------------------------------------------------------------------------


 1 CALLS TO NUMERICAL SOLUTION IN TIME STEP 51 STRESS PERIOD 2
 1 TOTAL ITERATIONS

 SLN_2 OUTER ITERATION SUMMARY
 ----------------------------------------------------------------------------------------------------------
                                OUTER      INNER                    STEP   MAXIMUM CHANGE MODEL-(CELLID) OR
 OUTER ITERATION STEP       ITERATION  ITERATION  MAXIMUM CHANGE SUCCESS             MODEL-PACKAGE-(NUMBER)
 ----------------------------------------------------------------------------------------------------------
 Model                              1          2     -0.30605652                            2_GWT-(1,37,27)
 Model                              2          1  1.43127994E-06       *                    2_GWT-(1,41,25)
 ----------------------------------------------------------------------------------------------------------


 2 CALLS TO NUMERICAL SOLUTION IN TIME STEP 51 STRESS PERIOD 2
 3 TOTAL ITERATIONS
 
    Solving:  Stress period:     2    Time step:    52
 

 SLN_1 OUTER ITERATION SUMMARY
 ----------------------------------------------------------------------------------------------------------
                                OUTER      INNER                    STEP   MAXIMUM CHANGE MODEL-(CELLID) OR
 OUTER ITERATION STEP       ITERATION  ITERATION  MAXIMUM CHANGE SUCCESS             MODEL-PACKAGE-(NUMBER)
 ----------------------------------------------------------------------------------------------------------
 Model                              1          1  1.80715971E-04       *                     1_GWF-(1,2,88)
 ----------------------------------------------------------------------------------------------------------


 1 CALLS TO NUMERICAL SOLUTION IN TIME STEP 52 STRESS PERIOD 2
 1 TOTAL ITERATIONS

 SLN_2 OUTER ITERATION SUMMARY
 ----------------------------------------------------------------------------------------------------------
                                OUTER      INNER                    STEP   MAXIMUM CHANGE MODEL-(CELLID) OR
 OUTER ITERATION STEP       ITERATION  ITERATION  MAXIMUM CHANGE SUCCESS             MODEL-PACKAGE-(NUMBER)
 ----------------------------------------------------------------------------------------------------------
 Model                              1          2      0.33193377                            2_GWT-(1,37,27)
 Model                              2          1 -1.85836950E-06       *                    2_GWT-(1,41,25)
 ----------------------------------------------------------------------------------------------------------


 2 CALLS TO NUMERICAL SOLUTION IN TIME STEP 52 STRESS PERIOD 2
 3 TOTAL ITERATIONS
 
    Solving:  Stress period:     2    Time step:    53
 

 SLN_1 OUTER ITERATION SUMMARY
 ----------------------------------------------------------------------------------------------------------
                                OUTER      INNER                    STEP   MAXIMUM CHANGE MODEL-(CELLID) OR
 OUTER ITERATION STEP       ITERATION  ITERATION  MAXIMUM CHANGE SUCCESS             MODEL-PACKAGE-(NUMBER)
 ----------------------------------------------------------------------------------------------------------
 Model                              1          1  1.86393982E-04       *                     1_GWF-(1,2,85)
 ----------------------------------------------------------------------------------------------------------


 1 CALLS TO NUMERICAL SOLUTION IN TIME STEP 53 STRESS PERIOD 2
 1 TOTAL ITERATIONS

 SLN_2 OUTER ITERATION SUMMARY
 ----------------------------------------------------------------------------------------------------------
                                OUTER      INNER                    STEP   MAXIMUM CHANGE MODEL-(CELLID) OR
 OUTER ITERATION STEP       ITERATION  ITERATION  MAXIMUM CHANGE SUCCESS             MODEL-PACKAGE-(NUMBER)
 ----------------------------------------------------------------------------------------------------------
 Model                              1          2     -0.29780460                            2_GWT-(1,37,27)
 Model                              2          1  1.39376618E-06       *                    2_GWT-(1,41,25)
 ----------------------------------------------------------------------------------------------------------


 2 CALLS TO NUMERICAL SOLUTION IN TIME STEP 53 STRESS PERIOD 2
 3 TOTAL ITERATIONS
 
    Solving:  Stress period:     2    Time step:    54
 

 SLN_1 OUTER ITERATION SUMMARY
 ----------------------------------------------------------------------------------------------------------
                                OUTER      INNER                    STEP   MAXIMUM CHANGE MODEL-(CELLID) OR
 OUTER ITERATION STEP       ITERATION  ITERATION  MAXIMUM CHANGE SUCCESS             MODEL-PACKAGE-(NUMBER)
 ----------------------------------------------------------------------------------------------------------
 Model                              1          1  1.78389286E-04       *                     1_GWF-(1,2,88)
 ----------------------------------------------------------------------------------------------------------


 1 CALLS TO NUMERICAL SOLUTION IN TIME STEP 54 STRESS PERIOD 2
 1 TOTAL ITERATIONS

 SLN_2 OUTER ITERATION SUMMARY
 ----------------------------------------------------------------------------------------------------------
                                OUTER      INNER                    STEP   MAXIMUM CHANGE MODEL-(CELLID) OR
 OUTER ITERATION STEP       ITERATION  ITERATION  MAXIMUM CHANGE SUCCESS             MODEL-PACKAGE-(NUMBER)
 ----------------------------------------------------------------------------------------------------------
 Model                              1          2      0.32041926                            2_GWT-(1,37,27)
 Model                              2          1 -1.80852254E-06       *                    2_GWT-(1,41,25)
 ----------------------------------------------------------------------------------------------------------


 2 CALLS TO NUMERICAL SOLUTION IN TIME STEP 54 STRESS PERIOD 2
 3 TOTAL ITERATIONS
 
    Solving:  Stress period:     2    Time step:    55
 

 SLN_1 OUTER ITERATION SUMMARY
 ----------------------------------------------------------------------------------------------------------
                                OUTER      INNER                    STEP   MAXIMUM CHANGE MODEL-(CELLID) OR
 OUTER ITERATION STEP       ITERATION  ITERATION  MAXIMUM CHANGE SUCCESS             MODEL-PACKAGE-(NUMBER)
 ----------------------------------------------------------------------------------------------------------
 Model                              1          1  1.84029352E-04       *                     1_GWF-(1,2,85)
 ----------------------------------------------------------------------------------------------------------


 1 CALLS TO NUMERICAL SOLUTION IN TIME STEP 55 STRESS PERIOD 2
 1 TOTAL ITERATIONS

 SLN_2 OUTER ITERATION SUMMARY
 ----------------------------------------------------------------------------------------------------------
                                OUTER      INNER                    STEP   MAXIMUM CHANGE MODEL-(CELLID) OR
 OUTER ITERATION STEP       ITERATION  ITERATION  MAXIMUM CHANGE SUCCESS             MODEL-PACKAGE-(NUMBER)
 ----------------------------------------------------------------------------------------------------------
 Model                              1          2     -0.28974817                            2_GWT-(1,37,27)
 Model                              2          1  1.35735365E-06       *                    2_GWT-(1,41,25)
 ----------------------------------------------------------------------------------------------------------


 2 CALLS TO NUMERICAL SOLUTION IN TIME STEP 55 STRESS PERIOD 2
 3 TOTAL ITERATIONS
 
    Solving:  Stress period:     2    Time step:    56
 

 SLN_1 OUTER ITERATION SUMMARY
 ----------------------------------------------------------------------------------------------------------
                                OUTER      INNER                    STEP   MAXIMUM CHANGE MODEL-(CELLID) OR
 OUTER ITERATION STEP       ITERATION  ITERATION  MAXIMUM CHANGE SUCCESS             MODEL-PACKAGE-(NUMBER)
 ----------------------------------------------------------------------------------------------------------
 Model                              1          1  1.76114781E-04       *                     1_GWF-(1,2,88)
 ----------------------------------------------------------------------------------------------------------


 1 CALLS TO NUMERICAL SOLUTION IN TIME STEP 56 STRESS PERIOD 2
 1 TOTAL ITERATIONS

 SLN_2 OUTER ITERATION SUMMARY
 ----------------------------------------------------------------------------------------------------------
                                OUTER      INNER                    STEP   MAXIMUM CHANGE MODEL-(CELLID) OR
 OUTER ITERATION STEP       ITERATION  ITERATION  MAXIMUM CHANGE SUCCESS             MODEL-PACKAGE-(NUMBER)
 ----------------------------------------------------------------------------------------------------------
 Model                              1          2      0.30954437                            2_GWT-(1,37,27)
 Model                              2          1 -1.75972849E-06       *                    2_GWT-(1,41,25)
 ----------------------------------------------------------------------------------------------------------


 2 CALLS TO NUMERICAL SOLUTION IN TIME STEP 56 STRESS PERIOD 2
 3 TOTAL ITERATIONS
 
    Solving:  Stress period:     2    Time step:    57
 

 SLN_1 OUTER ITERATION SUMMARY
 ----------------------------------------------------------------------------------------------------------
                                OUTER      INNER                    STEP   MAXIMUM CHANGE MODEL-(CELLID) OR
 OUTER ITERATION STEP       ITERATION  ITERATION  MAXIMUM CHANGE SUCCESS             MODEL-PACKAGE-(NUMBER)
 ----------------------------------------------------------------------------------------------------------
 Model                              1          1  1.81711580E-04       *                     1_GWF-(1,2,85)
 ----------------------------------------------------------------------------------------------------------


 1 CALLS TO NUMERICAL SOLUTION IN TIME STEP 57 STRESS PERIOD 2
 1 TOTAL ITERATIONS

 SLN_2 OUTER ITERATION SUMMARY
 ----------------------------------------------------------------------------------------------------------
                                OUTER      INNER                    STEP   MAXIMUM CHANGE MODEL-(CELLID) OR
 OUTER ITERATION STEP       ITERATION  ITERATION  MAXIMUM CHANGE SUCCESS             MODEL-PACKAGE-(NUMBER)
 ----------------------------------------------------------------------------------------------------------
 Model                              1          2     -0.28189044                            2_GWT-(1,37,27)
 Model                              2          1  1.32176558E-06       *                    2_GWT-(1,41,25)
 ----------------------------------------------------------------------------------------------------------


 2 CALLS TO NUMERICAL SOLUTION IN TIME STEP 57 STRESS PERIOD 2
 3 TOTAL ITERATIONS
 
    Solving:  Stress period:     2    Time step:    58
 

 SLN_1 OUTER ITERATION SUMMARY
 ----------------------------------------------------------------------------------------------------------
                                OUTER      INNER                    STEP   MAXIMUM CHANGE MODEL-(CELLID) OR
 OUTER ITERATION STEP       ITERATION  ITERATION  MAXIMUM CHANGE SUCCESS             MODEL-PACKAGE-(NUMBER)
 ----------------------------------------------------------------------------------------------------------
 Model                              1          1  1.73888737E-04       *                     1_GWF-(1,2,88)
 ----------------------------------------------------------------------------------------------------------


 1 CALLS TO NUMERICAL SOLUTION IN TIME STEP 58 STRESS PERIOD 2
 1 TOTAL ITERATIONS

 SLN_2 OUTER ITERATION SUMMARY
 ----------------------------------------------------------------------------------------------------------
                                OUTER      INNER                    STEP   MAXIMUM CHANGE MODEL-(CELLID) OR
 OUTER ITERATION STEP       ITERATION  ITERATION  MAXIMUM CHANGE SUCCESS             MODEL-PACKAGE-(NUMBER)
 ----------------------------------------------------------------------------------------------------------
 Model                              1          2      0.29923929                            2_GWT-(1,37,27)
 Model                              2          1 -1.71222484E-06       *                    2_GWT-(1,41,25)
 ----------------------------------------------------------------------------------------------------------


 2 CALLS TO NUMERICAL SOLUTION IN TIME STEP 58 STRESS PERIOD 2
 3 TOTAL ITERATIONS
 
    Solving:  Stress period:     2    Time step:    59
 

 SLN_1 OUTER ITERATION SUMMARY
 ----------------------------------------------------------------------------------------------------------
                                OUTER      INNER                    STEP   MAXIMUM CHANGE MODEL-(CELLID) OR
 OUTER ITERATION STEP       ITERATION  ITERATION  MAXIMUM CHANGE SUCCESS             MODEL-PACKAGE-(NUMBER)
 ----------------------------------------------------------------------------------------------------------
 Model                              1          1  1.79437910E-04       *                     1_GWF-(1,2,85)
 ----------------------------------------------------------------------------------------------------------


 1 CALLS TO NUMERICAL SOLUTION IN TIME STEP 59 STRESS PERIOD 2
 1 TOTAL ITERATIONS

 SLN_2 OUTER ITERATION SUMMARY
 ----------------------------------------------------------------------------------------------------------
                                OUTER      INNER                    STEP   MAXIMUM CHANGE MODEL-(CELLID) OR
 OUTER ITERATION STEP       ITERATION  ITERATION  MAXIMUM CHANGE SUCCESS             MODEL-PACKAGE-(NUMBER)
 ----------------------------------------------------------------------------------------------------------
 Model                              1          2     -0.27423139                            2_GWT-(1,37,27)
 Model                              2          1  1.28685400E-06       *                    2_GWT-(1,41,25)
 ----------------------------------------------------------------------------------------------------------


 2 CALLS TO NUMERICAL SOLUTION IN TIME STEP 59 STRESS PERIOD 2
 3 TOTAL ITERATIONS
 
    Solving:  Stress period:     2    Time step:    60
 

 SLN_1 OUTER ITERATION SUMMARY
 ----------------------------------------------------------------------------------------------------------
                                OUTER      INNER                    STEP   MAXIMUM CHANGE MODEL-(CELLID) OR
 OUTER ITERATION STEP       ITERATION  ITERATION  MAXIMUM CHANGE SUCCESS             MODEL-PACKAGE-(NUMBER)
 ----------------------------------------------------------------------------------------------------------
 Model                              1          1  1.71707894E-04       *                     1_GWF-(1,2,88)
 ----------------------------------------------------------------------------------------------------------


 1 CALLS TO NUMERICAL SOLUTION IN TIME STEP 60 STRESS PERIOD 2
 1 TOTAL ITERATIONS

 SLN_2 OUTER ITERATION SUMMARY
 ----------------------------------------------------------------------------------------------------------
                                OUTER      INNER                    STEP   MAXIMUM CHANGE MODEL-(CELLID) OR
 OUTER ITERATION STEP       ITERATION  ITERATION  MAXIMUM CHANGE SUCCESS             MODEL-PACKAGE-(NUMBER)
 ----------------------------------------------------------------------------------------------------------
 Model                              1          2      0.28944546                            2_GWT-(1,37,27)
 Model                              2          1 -1.66610653E-06       *                    2_GWT-(1,41,25)
 ----------------------------------------------------------------------------------------------------------


 2 CALLS TO NUMERICAL SOLUTION IN TIME STEP 60 STRESS PERIOD 2
 3 TOTAL ITERATIONS
 
    Solving:  Stress period:     2    Time step:    61
 

 SLN_1 OUTER ITERATION SUMMARY
 ----------------------------------------------------------------------------------------------------------
                                OUTER      INNER                    STEP   MAXIMUM CHANGE MODEL-(CELLID) OR
 OUTER ITERATION STEP       ITERATION  ITERATION  MAXIMUM CHANGE SUCCESS             MODEL-PACKAGE-(NUMBER)
 ----------------------------------------------------------------------------------------------------------
 Model                              1          1  1.77205878E-04       *                     1_GWF-(1,2,85)
 ----------------------------------------------------------------------------------------------------------


 1 CALLS TO NUMERICAL SOLUTION IN TIME STEP 61 STRESS PERIOD 2
 1 TOTAL ITERATIONS

 SLN_2 OUTER ITERATION SUMMARY
 ----------------------------------------------------------------------------------------------------------
                                OUTER      INNER                    STEP   MAXIMUM CHANGE MODEL-(CELLID) OR
 OUTER ITERATION STEP       ITERATION  ITERATION  MAXIMUM CHANGE SUCCESS             MODEL-PACKAGE-(NUMBER)
 ----------------------------------------------------------------------------------------------------------
 Model                              1          2     -0.26676892                            2_GWT-(1,37,27)
 Model                              2          1  1.25254542E-06       *                    2_GWT-(1,41,25)
 ----------------------------------------------------------------------------------------------------------


 2 CALLS TO NUMERICAL SOLUTION IN TIME STEP 61 STRESS PERIOD 2
 3 TOTAL ITERATIONS
 
    Solving:  Stress period:     2    Time step:    62
 

 SLN_1 OUTER ITERATION SUMMARY
 ----------------------------------------------------------------------------------------------------------
                                OUTER      INNER                    STEP   MAXIMUM CHANGE MODEL-(CELLID) OR
 OUTER ITERATION STEP       ITERATION  ITERATION  MAXIMUM CHANGE SUCCESS             MODEL-PACKAGE-(NUMBER)
 ----------------------------------------------------------------------------------------------------------
 Model                              1          1  1.69569389E-04       *                     1_GWF-(1,2,88)
 ----------------------------------------------------------------------------------------------------------


 1 CALLS TO NUMERICAL SOLUTION IN TIME STEP 62 STRESS PERIOD 2
 1 TOTAL ITERATIONS

 SLN_2 OUTER ITERATION SUMMARY
 ----------------------------------------------------------------------------------------------------------
                                OUTER      INNER                    STEP   MAXIMUM CHANGE MODEL-(CELLID) OR
 OUTER ITERATION STEP       ITERATION  ITERATION  MAXIMUM CHANGE SUCCESS             MODEL-PACKAGE-(NUMBER)
 ----------------------------------------------------------------------------------------------------------
 Model                              1          2      0.28011333                            2_GWT-(1,37,27)
 Model                              2          1 -1.62138406E-06       *                    2_GWT-(1,41,25)
 ----------------------------------------------------------------------------------------------------------


 2 CALLS TO NUMERICAL SOLUTION IN TIME STEP 62 STRESS PERIOD 2
 3 TOTAL ITERATIONS
 
    Solving:  Stress period:     2    Time step:    63
 

 SLN_1 OUTER ITERATION SUMMARY
 ----------------------------------------------------------------------------------------------------------
                                OUTER      INNER                    STEP   MAXIMUM CHANGE MODEL-(CELLID) OR
 OUTER ITERATION STEP       ITERATION  ITERATION  MAXIMUM CHANGE SUCCESS             MODEL-PACKAGE-(NUMBER)
 ----------------------------------------------------------------------------------------------------------
 Model                              1          1  1.75013289E-04       *                     1_GWF-(1,2,85)
 ----------------------------------------------------------------------------------------------------------


 1 CALLS TO NUMERICAL SOLUTION IN TIME STEP 63 STRESS PERIOD 2
 1 TOTAL ITERATIONS

 SLN_2 OUTER ITERATION SUMMARY
 ----------------------------------------------------------------------------------------------------------
                                OUTER      INNER                    STEP   MAXIMUM CHANGE MODEL-(CELLID) OR
 OUTER ITERATION STEP       ITERATION  ITERATION  MAXIMUM CHANGE SUCCESS             MODEL-PACKAGE-(NUMBER)
 ----------------------------------------------------------------------------------------------------------
 Model                              1          2     -0.25949963                            2_GWT-(1,37,27)
 Model                              2          1  1.21881152E-06       *                    2_GWT-(1,41,25)
 ----------------------------------------------------------------------------------------------------------


 2 CALLS TO NUMERICAL SOLUTION IN TIME STEP 63 STRESS PERIOD 2
 3 TOTAL ITERATIONS
 
    Solving:  Stress period:     2    Time step:    64
 

 SLN_1 OUTER ITERATION SUMMARY
 ----------------------------------------------------------------------------------------------------------
                                OUTER      INNER                    STEP   MAXIMUM CHANGE MODEL-(CELLID) OR
 OUTER ITERATION STEP       ITERATION  ITERATION  MAXIMUM CHANGE SUCCESS             MODEL-PACKAGE-(NUMBER)
 ----------------------------------------------------------------------------------------------------------
 Model                              1          1  1.67470709E-04       *                     1_GWF-(1,2,88)
 ----------------------------------------------------------------------------------------------------------


 1 CALLS TO NUMERICAL SOLUTION IN TIME STEP 64 STRESS PERIOD 2
 1 TOTAL ITERATIONS

 SLN_2 OUTER ITERATION SUMMARY
 ----------------------------------------------------------------------------------------------------------
                                OUTER      INNER                    STEP   MAXIMUM CHANGE MODEL-(CELLID) OR
 OUTER ITERATION STEP       ITERATION  ITERATION  MAXIMUM CHANGE SUCCESS             MODEL-PACKAGE-(NUMBER)
 ----------------------------------------------------------------------------------------------------------
 Model                              1          2      0.27120077                            2_GWT-(1,37,27)
 Model                              2          1 -1.57802475E-06       *                    2_GWT-(1,41,25)
 ----------------------------------------------------------------------------------------------------------


 2 CALLS TO NUMERICAL SOLUTION IN TIME STEP 64 STRESS PERIOD 2
 3 TOTAL ITERATIONS
 
    Solving:  Stress period:     2    Time step:    65
 

 SLN_1 OUTER ITERATION SUMMARY
 ----------------------------------------------------------------------------------------------------------
                                OUTER      INNER                    STEP   MAXIMUM CHANGE MODEL-(CELLID) OR
 OUTER ITERATION STEP       ITERATION  ITERATION  MAXIMUM CHANGE SUCCESS             MODEL-PACKAGE-(NUMBER)
 ----------------------------------------------------------------------------------------------------------
 Model                              1          1  1.72858186E-04       *                     1_GWF-(1,2,85)
 ----------------------------------------------------------------------------------------------------------


 1 CALLS TO NUMERICAL SOLUTION IN TIME STEP 65 STRESS PERIOD 2
 1 TOTAL ITERATIONS

 SLN_2 OUTER ITERATION SUMMARY
 ----------------------------------------------------------------------------------------------------------
                                OUTER      INNER                    STEP   MAXIMUM CHANGE MODEL-(CELLID) OR
 OUTER ITERATION STEP       ITERATION  ITERATION  MAXIMUM CHANGE SUCCESS             MODEL-PACKAGE-(NUMBER)
 ----------------------------------------------------------------------------------------------------------
 Model                              1          2     -0.25241942                            2_GWT-(1,37,27)
 Model                              2          1  1.18564776E-06       *                    2_GWT-(1,41,25)
 ----------------------------------------------------------------------------------------------------------


 2 CALLS TO NUMERICAL SOLUTION IN TIME STEP 65 STRESS PERIOD 2
 3 TOTAL ITERATIONS
 
    Solving:  Stress period:     2    Time step:    66
 

 SLN_1 OUTER ITERATION SUMMARY
 ----------------------------------------------------------------------------------------------------------
                                OUTER      INNER                    STEP   MAXIMUM CHANGE MODEL-(CELLID) OR
 OUTER ITERATION STEP       ITERATION  ITERATION  MAXIMUM CHANGE SUCCESS             MODEL-PACKAGE-(NUMBER)
 ----------------------------------------------------------------------------------------------------------
 Model                              1          1  1.65409641E-04       *                     1_GWF-(1,2,88)
 ----------------------------------------------------------------------------------------------------------


 1 CALLS TO NUMERICAL SOLUTION IN TIME STEP 66 STRESS PERIOD 2
 1 TOTAL ITERATIONS

 SLN_2 OUTER ITERATION SUMMARY
 ----------------------------------------------------------------------------------------------------------
                                OUTER      INNER                    STEP   MAXIMUM CHANGE MODEL-(CELLID) OR
 OUTER ITERATION STEP       ITERATION  ITERATION  MAXIMUM CHANGE SUCCESS             MODEL-PACKAGE-(NUMBER)
 ----------------------------------------------------------------------------------------------------------
 Model                              1          2      0.26267166                            2_GWT-(1,37,27)
 Model                              2          1 -1.53597085E-06       *                    2_GWT-(1,41,25)
 ----------------------------------------------------------------------------------------------------------


 2 CALLS TO NUMERICAL SOLUTION IN TIME STEP 66 STRESS PERIOD 2
 3 TOTAL ITERATIONS
 
    Solving:  Stress period:     2    Time step:    67
 

 SLN_1 OUTER ITERATION SUMMARY
 ----------------------------------------------------------------------------------------------------------
                                OUTER      INNER                    STEP   MAXIMUM CHANGE MODEL-(CELLID) OR
 OUTER ITERATION STEP       ITERATION  ITERATION  MAXIMUM CHANGE SUCCESS             MODEL-PACKAGE-(NUMBER)
 ----------------------------------------------------------------------------------------------------------
 Model                              1          1  1.70738828E-04       *                     1_GWF-(1,2,85)
 ----------------------------------------------------------------------------------------------------------


 1 CALLS TO NUMERICAL SOLUTION IN TIME STEP 67 STRESS PERIOD 2
 1 TOTAL ITERATIONS

 SLN_2 OUTER ITERATION SUMMARY
 ----------------------------------------------------------------------------------------------------------
                                OUTER      INNER                    STEP   MAXIMUM CHANGE MODEL-(CELLID) OR
 OUTER ITERATION STEP       ITERATION  ITERATION  MAXIMUM CHANGE SUCCESS             MODEL-PACKAGE-(NUMBER)
 ----------------------------------------------------------------------------------------------------------
 Model                              1          2     -0.24552375                            2_GWT-(1,37,27)
 Model                              2          1  1.15306278E-06       *                    2_GWT-(1,41,25)
 ----------------------------------------------------------------------------------------------------------


 2 CALLS TO NUMERICAL SOLUTION IN TIME STEP 67 STRESS PERIOD 2
 3 TOTAL ITERATIONS
 
    Solving:  Stress period:     2    Time step:    68
 

 SLN_1 OUTER ITERATION SUMMARY
 ----------------------------------------------------------------------------------------------------------
                                OUTER      INNER                    STEP   MAXIMUM CHANGE MODEL-(CELLID) OR
 OUTER ITERATION STEP       ITERATION  ITERATION  MAXIMUM CHANGE SUCCESS             MODEL-PACKAGE-(NUMBER)
 ----------------------------------------------------------------------------------------------------------
 Model                              1          1  1.63384240E-04       *                     1_GWF-(1,2,88)
 ----------------------------------------------------------------------------------------------------------


 1 CALLS TO NUMERICAL SOLUTION IN TIME STEP 68 STRESS PERIOD 2
 1 TOTAL ITERATIONS

 SLN_2 OUTER ITERATION SUMMARY
 ----------------------------------------------------------------------------------------------------------
                                OUTER      INNER                    STEP   MAXIMUM CHANGE MODEL-(CELLID) OR
 OUTER ITERATION STEP       ITERATION  ITERATION  MAXIMUM CHANGE SUCCESS             MODEL-PACKAGE-(NUMBER)
 ----------------------------------------------------------------------------------------------------------
 Model                              1          2      0.25449492                            2_GWT-(1,37,27)
 Model                              2          1 -1.49515620E-06       *                    2_GWT-(1,41,25)
 ----------------------------------------------------------------------------------------------------------


 2 CALLS TO NUMERICAL SOLUTION IN TIME STEP 68 STRESS PERIOD 2
 3 TOTAL ITERATIONS
 
    Solving:  Stress period:     2    Time step:    69
 

 SLN_1 OUTER ITERATION SUMMARY
 ----------------------------------------------------------------------------------------------------------
                                OUTER      INNER                    STEP   MAXIMUM CHANGE MODEL-(CELLID) OR
 OUTER ITERATION STEP       ITERATION  ITERATION  MAXIMUM CHANGE SUCCESS             MODEL-PACKAGE-(NUMBER)
 ----------------------------------------------------------------------------------------------------------
 Model                              1          1  1.68653667E-04       *                     1_GWF-(1,2,85)
 ----------------------------------------------------------------------------------------------------------


 1 CALLS TO NUMERICAL SOLUTION IN TIME STEP 69 STRESS PERIOD 2
 1 TOTAL ITERATIONS

 SLN_2 OUTER ITERATION SUMMARY
 ----------------------------------------------------------------------------------------------------------
                                OUTER      INNER                    STEP   MAXIMUM CHANGE MODEL-(CELLID) OR
 OUTER ITERATION STEP       ITERATION  ITERATION  MAXIMUM CHANGE SUCCESS             MODEL-PACKAGE-(NUMBER)
 ----------------------------------------------------------------------------------------------------------
 Model                              1          2     -0.23880792                            2_GWT-(1,37,27)
 Model                              2          1  1.12107023E-06       *                    2_GWT-(1,41,25)
 ----------------------------------------------------------------------------------------------------------


 2 CALLS TO NUMERICAL SOLUTION IN TIME STEP 69 STRESS PERIOD 2
 3 TOTAL ITERATIONS
 
    Solving:  Stress period:     2    Time step:    70
 

 SLN_1 OUTER ITERATION SUMMARY
 ----------------------------------------------------------------------------------------------------------
                                OUTER      INNER                    STEP   MAXIMUM CHANGE MODEL-(CELLID) OR
 OUTER ITERATION STEP       ITERATION  ITERATION  MAXIMUM CHANGE SUCCESS             MODEL-PACKAGE-(NUMBER)
 ----------------------------------------------------------------------------------------------------------
 Model                              1          1  1.61392786E-04       *                     1_GWF-(1,2,88)
 ----------------------------------------------------------------------------------------------------------


 1 CALLS TO NUMERICAL SOLUTION IN TIME STEP 70 STRESS PERIOD 2
 1 TOTAL ITERATIONS

 SLN_2 OUTER ITERATION SUMMARY
 ----------------------------------------------------------------------------------------------------------
                                OUTER      INNER                    STEP   MAXIMUM CHANGE MODEL-(CELLID) OR
 OUTER ITERATION STEP       ITERATION  ITERATION  MAXIMUM CHANGE SUCCESS             MODEL-PACKAGE-(NUMBER)
 ----------------------------------------------------------------------------------------------------------
 Model                              1          2      0.24664360                            2_GWT-(1,37,27)
 Model                              2          1 -1.45551178E-06       *                    2_GWT-(1,41,25)
 ----------------------------------------------------------------------------------------------------------


 2 CALLS TO NUMERICAL SOLUTION IN TIME STEP 70 STRESS PERIOD 2
 3 TOTAL ITERATIONS
 
    Solving:  Stress period:     2    Time step:    71
 

 SLN_1 OUTER ITERATION SUMMARY
 ----------------------------------------------------------------------------------------------------------
                                OUTER      INNER                    STEP   MAXIMUM CHANGE MODEL-(CELLID) OR
 OUTER ITERATION STEP       ITERATION  ITERATION  MAXIMUM CHANGE SUCCESS             MODEL-PACKAGE-(NUMBER)
 ----------------------------------------------------------------------------------------------------------
 Model                              1          1  1.66601324E-04       *                     1_GWF-(1,2,85)
 ----------------------------------------------------------------------------------------------------------


 1 CALLS TO NUMERICAL SOLUTION IN TIME STEP 71 STRESS PERIOD 2
 1 TOTAL ITERATIONS

 SLN_2 OUTER ITERATION SUMMARY
 ----------------------------------------------------------------------------------------------------------
                                OUTER      INNER                    STEP   MAXIMUM CHANGE MODEL-(CELLID) OR
 OUTER ITERATION STEP       ITERATION  ITERATION  MAXIMUM CHANGE SUCCESS             MODEL-PACKAGE-(NUMBER)
 ----------------------------------------------------------------------------------------------------------
 Model                              1          2     -0.23226723                            2_GWT-(1,37,27)
 Model                              2          1  1.08968618E-06       *                    2_GWT-(1,41,25)
 ----------------------------------------------------------------------------------------------------------


 2 CALLS TO NUMERICAL SOLUTION IN TIME STEP 71 STRESS PERIOD 2
 3 TOTAL ITERATIONS
 
    Solving:  Stress period:     2    Time step:    72
 

 SLN_1 OUTER ITERATION SUMMARY
 ----------------------------------------------------------------------------------------------------------
                                OUTER      INNER                    STEP   MAXIMUM CHANGE MODEL-(CELLID) OR
 OUTER ITERATION STEP       ITERATION  ITERATION  MAXIMUM CHANGE SUCCESS             MODEL-PACKAGE-(NUMBER)
 ----------------------------------------------------------------------------------------------------------
 Model                              1          1  1.59433762E-04       *                     1_GWF-(1,2,88)
 ----------------------------------------------------------------------------------------------------------


 1 CALLS TO NUMERICAL SOLUTION IN TIME STEP 72 STRESS PERIOD 2
 1 TOTAL ITERATIONS

 SLN_2 OUTER ITERATION SUMMARY
 ----------------------------------------------------------------------------------------------------------
                                OUTER      INNER                    STEP   MAXIMUM CHANGE MODEL-(CELLID) OR
 OUTER ITERATION STEP       ITERATION  ITERATION  MAXIMUM CHANGE SUCCESS             MODEL-PACKAGE-(NUMBER)
 ----------------------------------------------------------------------------------------------------------
 Model                              1          2      0.23909427                            2_GWT-(1,37,27)
 Model                              2          1 -1.41697006E-06       *                    2_GWT-(1,41,25)
 ----------------------------------------------------------------------------------------------------------


 2 CALLS TO NUMERICAL SOLUTION IN TIME STEP 72 STRESS PERIOD 2
 3 TOTAL ITERATIONS
 
    Solving:  Stress period:     2    Time step:    73
 

 SLN_1 OUTER ITERATION SUMMARY
 ----------------------------------------------------------------------------------------------------------
                                OUTER      INNER                    STEP   MAXIMUM CHANGE MODEL-(CELLID) OR
 OUTER ITERATION STEP       ITERATION  ITERATION  MAXIMUM CHANGE SUCCESS             MODEL-PACKAGE-(NUMBER)
 ----------------------------------------------------------------------------------------------------------
 Model                              1          1  1.64580568E-04       *                     1_GWF-(1,2,85)
 ----------------------------------------------------------------------------------------------------------


 1 CALLS TO NUMERICAL SOLUTION IN TIME STEP 73 STRESS PERIOD 2
 1 TOTAL ITERATIONS

 SLN_2 OUTER ITERATION SUMMARY
 ----------------------------------------------------------------------------------------------------------
                                OUTER      INNER                    STEP   MAXIMUM CHANGE MODEL-(CELLID) OR
 OUTER ITERATION STEP       ITERATION  ITERATION  MAXIMUM CHANGE SUCCESS             MODEL-PACKAGE-(NUMBER)
 ----------------------------------------------------------------------------------------------------------
 Model                              1          2     -0.22589703                            2_GWT-(1,37,27)
 Model                              2          1  1.05892525E-06       *                    2_GWT-(1,41,25)
 ----------------------------------------------------------------------------------------------------------


 2 CALLS TO NUMERICAL SOLUTION IN TIME STEP 73 STRESS PERIOD 2
 3 TOTAL ITERATIONS
 
    Solving:  Stress period:     2    Time step:    74
 

 SLN_1 OUTER ITERATION SUMMARY
 ----------------------------------------------------------------------------------------------------------
                                OUTER      INNER                    STEP   MAXIMUM CHANGE MODEL-(CELLID) OR
 OUTER ITERATION STEP       ITERATION  ITERATION  MAXIMUM CHANGE SUCCESS             MODEL-PACKAGE-(NUMBER)
 ----------------------------------------------------------------------------------------------------------
 Model                              1          1  1.57505820E-04       *                     1_GWF-(1,2,88)
 ----------------------------------------------------------------------------------------------------------


 1 CALLS TO NUMERICAL SOLUTION IN TIME STEP 74 STRESS PERIOD 2
 1 TOTAL ITERATIONS

 SLN_2 OUTER ITERATION SUMMARY
 ----------------------------------------------------------------------------------------------------------
                                OUTER      INNER                    STEP   MAXIMUM CHANGE MODEL-(CELLID) OR
 OUTER ITERATION STEP       ITERATION  ITERATION  MAXIMUM CHANGE SUCCESS             MODEL-PACKAGE-(NUMBER)
 ----------------------------------------------------------------------------------------------------------
 Model                              1          2      0.23182639                            2_GWT-(1,37,27)
 Model                              2          1 -1.37946824E-06       *                    2_GWT-(1,41,25)
 ----------------------------------------------------------------------------------------------------------


 2 CALLS TO NUMERICAL SOLUTION IN TIME STEP 74 STRESS PERIOD 2
 3 TOTAL ITERATIONS
 
    Solving:  Stress period:     2    Time step:    75
 

 SLN_1 OUTER ITERATION SUMMARY
 ----------------------------------------------------------------------------------------------------------
                                OUTER      INNER                    STEP   MAXIMUM CHANGE MODEL-(CELLID) OR
 OUTER ITERATION STEP       ITERATION  ITERATION  MAXIMUM CHANGE SUCCESS             MODEL-PACKAGE-(NUMBER)
 ----------------------------------------------------------------------------------------------------------
 Model                              1          1  1.62590298E-04       *                     1_GWF-(1,2,85)
 ----------------------------------------------------------------------------------------------------------


 1 CALLS TO NUMERICAL SOLUTION IN TIME STEP 75 STRESS PERIOD 2
 1 TOTAL ITERATIONS

 SLN_2 OUTER ITERATION SUMMARY
 ----------------------------------------------------------------------------------------------------------
                                OUTER      INNER                    STEP   MAXIMUM CHANGE MODEL-(CELLID) OR
 OUTER ITERATION STEP       ITERATION  ITERATION  MAXIMUM CHANGE SUCCESS             MODEL-PACKAGE-(NUMBER)
 ----------------------------------------------------------------------------------------------------------
 Model                              1          2     -0.21969280                            2_GWT-(1,37,27)
 Model                              2          1  1.02879943E-06       *                    2_GWT-(1,41,25)
 ----------------------------------------------------------------------------------------------------------


 2 CALLS TO NUMERICAL SOLUTION IN TIME STEP 75 STRESS PERIOD 2
 3 TOTAL ITERATIONS
 
    Solving:  Stress period:     2    Time step:    76
 

 SLN_1 OUTER ITERATION SUMMARY
 ----------------------------------------------------------------------------------------------------------
                                OUTER      INNER                    STEP   MAXIMUM CHANGE MODEL-(CELLID) OR
 OUTER ITERATION STEP       ITERATION  ITERATION  MAXIMUM CHANGE SUCCESS             MODEL-PACKAGE-(NUMBER)
 ----------------------------------------------------------------------------------------------------------
 Model                              1          1  1.55607764E-04       *                     1_GWF-(1,2,88)
 ----------------------------------------------------------------------------------------------------------


 1 CALLS TO NUMERICAL SOLUTION IN TIME STEP 76 STRESS PERIOD 2
 1 TOTAL ITERATIONS

 SLN_2 OUTER ITERATION SUMMARY
 ----------------------------------------------------------------------------------------------------------
                                OUTER      INNER                    STEP   MAXIMUM CHANGE MODEL-(CELLID) OR
 OUTER ITERATION STEP       ITERATION  ITERATION  MAXIMUM CHANGE SUCCESS             MODEL-PACKAGE-(NUMBER)
 ----------------------------------------------------------------------------------------------------------
 Model                              1          2      0.22482191                            2_GWT-(1,37,27)
 Model                              2          1 -1.34294891E-06       *                    2_GWT-(1,41,25)
 ----------------------------------------------------------------------------------------------------------


 2 CALLS TO NUMERICAL SOLUTION IN TIME STEP 76 STRESS PERIOD 2
 3 TOTAL ITERATIONS
 
    Solving:  Stress period:     2    Time step:    77
 

 SLN_1 OUTER ITERATION SUMMARY
 ----------------------------------------------------------------------------------------------------------
                                OUTER      INNER                    STEP   MAXIMUM CHANGE MODEL-(CELLID) OR
 OUTER ITERATION STEP       ITERATION  ITERATION  MAXIMUM CHANGE SUCCESS             MODEL-PACKAGE-(NUMBER)
 ----------------------------------------------------------------------------------------------------------
 Model                              1          1  1.60629530E-04       *                     1_GWF-(1,2,85)
 ----------------------------------------------------------------------------------------------------------


 1 CALLS TO NUMERICAL SOLUTION IN TIME STEP 77 STRESS PERIOD 2
 1 TOTAL ITERATIONS

 SLN_2 OUTER ITERATION SUMMARY
 ----------------------------------------------------------------------------------------------------------
                                OUTER      INNER                    STEP   MAXIMUM CHANGE MODEL-(CELLID) OR
 OUTER ITERATION STEP       ITERATION  ITERATION  MAXIMUM CHANGE SUCCESS             MODEL-PACKAGE-(NUMBER)
 ----------------------------------------------------------------------------------------------------------
 Model                              1          2     -0.21365017                            2_GWT-(1,37,27)
 Model                              2          1  9.99319468E-07       *                    2_GWT-(1,41,25)
 ----------------------------------------------------------------------------------------------------------


 2 CALLS TO NUMERICAL SOLUTION IN TIME STEP 77 STRESS PERIOD 2
 3 TOTAL ITERATIONS
 
    Solving:  Stress period:     2    Time step:    78
 

 SLN_1 OUTER ITERATION SUMMARY
 ----------------------------------------------------------------------------------------------------------
                                OUTER      INNER                    STEP   MAXIMUM CHANGE MODEL-(CELLID) OR
 OUTER ITERATION STEP       ITERATION  ITERATION  MAXIMUM CHANGE SUCCESS             MODEL-PACKAGE-(NUMBER)
 ----------------------------------------------------------------------------------------------------------
 Model                              1          1  1.53738525E-04       *                     1_GWF-(1,2,88)
 ----------------------------------------------------------------------------------------------------------


 1 CALLS TO NUMERICAL SOLUTION IN TIME STEP 78 STRESS PERIOD 2
 1 TOTAL ITERATIONS

 SLN_2 OUTER ITERATION SUMMARY
 ----------------------------------------------------------------------------------------------------------
                                OUTER      INNER                    STEP   MAXIMUM CHANGE MODEL-(CELLID) OR
 OUTER ITERATION STEP       ITERATION  ITERATION  MAXIMUM CHANGE SUCCESS             MODEL-PACKAGE-(NUMBER)
 ----------------------------------------------------------------------------------------------------------
 Model                              1          2      0.21806486                            2_GWT-(1,37,27)
 Model                              2          1 -1.30735833E-06       *                    2_GWT-(1,41,25)
 ----------------------------------------------------------------------------------------------------------


 2 CALLS TO NUMERICAL SOLUTION IN TIME STEP 78 STRESS PERIOD 2
 3 TOTAL ITERATIONS
 
    Solving:  Stress period:     2    Time step:    79
 

 SLN_1 OUTER ITERATION SUMMARY
 ----------------------------------------------------------------------------------------------------------
                                OUTER      INNER                    STEP   MAXIMUM CHANGE MODEL-(CELLID) OR
 OUTER ITERATION STEP       ITERATION  ITERATION  MAXIMUM CHANGE SUCCESS             MODEL-PACKAGE-(NUMBER)
 ----------------------------------------------------------------------------------------------------------
 Model                              1          1  1.58697377E-04       *                     1_GWF-(1,2,85)
 ----------------------------------------------------------------------------------------------------------


 1 CALLS TO NUMERICAL SOLUTION IN TIME STEP 79 STRESS PERIOD 2
 1 TOTAL ITERATIONS

 SLN_2 OUTER ITERATION SUMMARY
 ----------------------------------------------------------------------------------------------------------
                                OUTER      INNER                    STEP   MAXIMUM CHANGE MODEL-(CELLID) OR
 OUTER ITERATION STEP       ITERATION  ITERATION  MAXIMUM CHANGE SUCCESS             MODEL-PACKAGE-(NUMBER)
 ----------------------------------------------------------------------------------------------------------
 Model                              1          2     -0.20776493                            2_GWT-(1,37,27)
 Model                              2          1  9.70492238E-07       *                    2_GWT-(1,41,25)
 ----------------------------------------------------------------------------------------------------------


 2 CALLS TO NUMERICAL SOLUTION IN TIME STEP 79 STRESS PERIOD 2
 3 TOTAL ITERATIONS
 
    Solving:  Stress period:     2    Time step:    80
 

 SLN_1 OUTER ITERATION SUMMARY
 ----------------------------------------------------------------------------------------------------------
                                OUTER      INNER                    STEP   MAXIMUM CHANGE MODEL-(CELLID) OR
 OUTER ITERATION STEP       ITERATION  ITERATION  MAXIMUM CHANGE SUCCESS             MODEL-PACKAGE-(NUMBER)
 ----------------------------------------------------------------------------------------------------------
 Model                              1          1  1.51897147E-04       *                     1_GWF-(1,2,88)
 ----------------------------------------------------------------------------------------------------------


 1 CALLS TO NUMERICAL SOLUTION IN TIME STEP 80 STRESS PERIOD 2
 1 TOTAL ITERATIONS

 SLN_2 OUTER ITERATION SUMMARY
 ----------------------------------------------------------------------------------------------------------
                                OUTER      INNER                    STEP   MAXIMUM CHANGE MODEL-(CELLID) OR
 OUTER ITERATION STEP       ITERATION  ITERATION  MAXIMUM CHANGE SUCCESS             MODEL-PACKAGE-(NUMBER)
 ----------------------------------------------------------------------------------------------------------
 Model                              1          2      0.21154105                            2_GWT-(1,37,27)
 Model                              2          1 -1.27264997E-06       *                    2_GWT-(1,41,25)
 ----------------------------------------------------------------------------------------------------------


 2 CALLS TO NUMERICAL SOLUTION IN TIME STEP 80 STRESS PERIOD 2
 3 TOTAL ITERATIONS
 
    Solving:  Stress period:     2    Time step:    81
 

 SLN_1 OUTER ITERATION SUMMARY
 ----------------------------------------------------------------------------------------------------------
                                OUTER      INNER                    STEP   MAXIMUM CHANGE MODEL-(CELLID) OR
 OUTER ITERATION STEP       ITERATION  ITERATION  MAXIMUM CHANGE SUCCESS             MODEL-PACKAGE-(NUMBER)
 ----------------------------------------------------------------------------------------------------------
 Model                              1          1  1.56793038E-04       *                     1_GWF-(1,2,85)
 ----------------------------------------------------------------------------------------------------------


 1 CALLS TO NUMERICAL SOLUTION IN TIME STEP 81 STRESS PERIOD 2
 1 TOTAL ITERATIONS

 SLN_2 OUTER ITERATION SUMMARY
 ----------------------------------------------------------------------------------------------------------
                                OUTER      INNER                    STEP   MAXIMUM CHANGE MODEL-(CELLID) OR
 OUTER ITERATION STEP       ITERATION  ITERATION  MAXIMUM CHANGE SUCCESS             MODEL-PACKAGE-(NUMBER)
 ----------------------------------------------------------------------------------------------------------
 Model                              1          2     -0.20203303                            2_GWT-(1,37,27)
 Model                              2          1  9.42323084E-07       *                    2_GWT-(1,41,25)
 ----------------------------------------------------------------------------------------------------------


 2 CALLS TO NUMERICAL SOLUTION IN TIME STEP 81 STRESS PERIOD 2
 3 TOTAL ITERATIONS
 
    Solving:  Stress period:     2    Time step:    82
 

 SLN_1 OUTER ITERATION SUMMARY
 ----------------------------------------------------------------------------------------------------------
                                OUTER      INNER                    STEP   MAXIMUM CHANGE MODEL-(CELLID) OR
 OUTER ITERATION STEP       ITERATION  ITERATION  MAXIMUM CHANGE SUCCESS             MODEL-PACKAGE-(NUMBER)
 ----------------------------------------------------------------------------------------------------------
 Model                              1          1  1.50082771E-04       *                     1_GWF-(1,2,88)
 ----------------------------------------------------------------------------------------------------------


 1 CALLS TO NUMERICAL SOLUTION IN TIME STEP 82 STRESS PERIOD 2
 1 TOTAL ITERATIONS

 SLN_2 OUTER ITERATION SUMMARY
 ----------------------------------------------------------------------------------------------------------
                                OUTER      INNER                    STEP   MAXIMUM CHANGE MODEL-(CELLID) OR
 OUTER ITERATION STEP       ITERATION  ITERATION  MAXIMUM CHANGE SUCCESS             MODEL-PACKAGE-(NUMBER)
 ----------------------------------------------------------------------------------------------------------
 Model                              1          2      0.20523781                            2_GWT-(1,37,27)
 Model                              2          1 -1.23878129E-06       *                    2_GWT-(1,41,25)
 ----------------------------------------------------------------------------------------------------------


 2 CALLS TO NUMERICAL SOLUTION IN TIME STEP 82 STRESS PERIOD 2
 3 TOTAL ITERATIONS
 
    Solving:  Stress period:     2    Time step:    83
 

 SLN_1 OUTER ITERATION SUMMARY
 ----------------------------------------------------------------------------------------------------------
                                OUTER      INNER                    STEP   MAXIMUM CHANGE MODEL-(CELLID) OR
 OUTER ITERATION STEP       ITERATION  ITERATION  MAXIMUM CHANGE SUCCESS             MODEL-PACKAGE-(NUMBER)
 ----------------------------------------------------------------------------------------------------------
 Model                              1          1  1.54915787E-04       *                     1_GWF-(1,2,85)
 ----------------------------------------------------------------------------------------------------------


 1 CALLS TO NUMERICAL SOLUTION IN TIME STEP 83 STRESS PERIOD 2
 1 TOTAL ITERATIONS

 SLN_2 OUTER ITERATION SUMMARY
 ----------------------------------------------------------------------------------------------------------
                                OUTER      INNER                    STEP   MAXIMUM CHANGE MODEL-(CELLID) OR
 OUTER ITERATION STEP       ITERATION  ITERATION  MAXIMUM CHANGE SUCCESS             MODEL-PACKAGE-(NUMBER)
 ----------------------------------------------------------------------------------------------------------
 Model                              1          2     -0.19645058                            2_GWT-(1,37,27)
 Model                              2          1  9.14813029E-07       *                    2_GWT-(1,41,25)
 ----------------------------------------------------------------------------------------------------------


 2 CALLS TO NUMERICAL SOLUTION IN TIME STEP 83 STRESS PERIOD 2
 3 TOTAL ITERATIONS
 
    Solving:  Stress period:     2    Time step:    84
 

 SLN_1 OUTER ITERATION SUMMARY
 ----------------------------------------------------------------------------------------------------------
                                OUTER      INNER                    STEP   MAXIMUM CHANGE MODEL-(CELLID) OR
 OUTER ITERATION STEP       ITERATION  ITERATION  MAXIMUM CHANGE SUCCESS             MODEL-PACKAGE-(NUMBER)
 ----------------------------------------------------------------------------------------------------------
 Model                              1          1  1.48294621E-04       *                     1_GWF-(1,2,88)
 ----------------------------------------------------------------------------------------------------------


 1 CALLS TO NUMERICAL SOLUTION IN TIME STEP 84 STRESS PERIOD 2
 1 TOTAL ITERATIONS

 SLN_2 OUTER ITERATION SUMMARY
 ----------------------------------------------------------------------------------------------------------
                                OUTER      INNER                    STEP   MAXIMUM CHANGE MODEL-(CELLID) OR
 OUTER ITERATION STEP       ITERATION  ITERATION  MAXIMUM CHANGE SUCCESS             MODEL-PACKAGE-(NUMBER)
 ----------------------------------------------------------------------------------------------------------
 Model                              1          2      0.19914377                            2_GWT-(1,37,27)
 Model                              2          1 -1.20571457E-06       *                    2_GWT-(1,41,25)
 ----------------------------------------------------------------------------------------------------------


 2 CALLS TO NUMERICAL SOLUTION IN TIME STEP 84 STRESS PERIOD 2
 3 TOTAL ITERATIONS
 
    Solving:  Stress period:     2    Time step:    85
 

 SLN_1 OUTER ITERATION SUMMARY
 ----------------------------------------------------------------------------------------------------------
                                OUTER      INNER                    STEP   MAXIMUM CHANGE MODEL-(CELLID) OR
 OUTER ITERATION STEP       ITERATION  ITERATION  MAXIMUM CHANGE SUCCESS             MODEL-PACKAGE-(NUMBER)
 ----------------------------------------------------------------------------------------------------------
 Model                              1          1  1.53064965E-04       *                     1_GWF-(1,2,85)
 ----------------------------------------------------------------------------------------------------------


 1 CALLS TO NUMERICAL SOLUTION IN TIME STEP 85 STRESS PERIOD 2
 1 TOTAL ITERATIONS

 SLN_2 OUTER ITERATION SUMMARY
 ----------------------------------------------------------------------------------------------------------
                                OUTER      INNER                    STEP   MAXIMUM CHANGE MODEL-(CELLID) OR
 OUTER ITERATION STEP       ITERATION  ITERATION  MAXIMUM CHANGE SUCCESS             MODEL-PACKAGE-(NUMBER)
 ----------------------------------------------------------------------------------------------------------
 Model                              1          2     -0.19101384                            2_GWT-(1,37,27)
 Model                              2          1  8.87962813E-07       *                    2_GWT-(1,41,25)
 ----------------------------------------------------------------------------------------------------------


 2 CALLS TO NUMERICAL SOLUTION IN TIME STEP 85 STRESS PERIOD 2
 3 TOTAL ITERATIONS
 
    Solving:  Stress period:     2    Time step:    86
 

 SLN_1 OUTER ITERATION SUMMARY
 ----------------------------------------------------------------------------------------------------------
                                OUTER      INNER                    STEP   MAXIMUM CHANGE MODEL-(CELLID) OR
 OUTER ITERATION STEP       ITERATION  ITERATION  MAXIMUM CHANGE SUCCESS             MODEL-PACKAGE-(NUMBER)
 ----------------------------------------------------------------------------------------------------------
 Model                              1          1  1.46531992E-04       *                     1_GWF-(1,2,88)
 ----------------------------------------------------------------------------------------------------------


 1 CALLS TO NUMERICAL SOLUTION IN TIME STEP 86 STRESS PERIOD 2
 1 TOTAL ITERATIONS

 SLN_2 OUTER ITERATION SUMMARY
 ----------------------------------------------------------------------------------------------------------
                                OUTER      INNER                    STEP   MAXIMUM CHANGE MODEL-(CELLID) OR
 OUTER ITERATION STEP       ITERATION  ITERATION  MAXIMUM CHANGE SUCCESS             MODEL-PACKAGE-(NUMBER)
 ----------------------------------------------------------------------------------------------------------
 Model                              1          2      0.19324866                            2_GWT-(1,37,27)
 Model                              2          1 -1.17341648E-06       *                    2_GWT-(1,41,25)
 ----------------------------------------------------------------------------------------------------------


 2 CALLS TO NUMERICAL SOLUTION IN TIME STEP 86 STRESS PERIOD 2
 3 TOTAL ITERATIONS
 
    Solving:  Stress period:     2    Time step:    87
 

 SLN_1 OUTER ITERATION SUMMARY
 ----------------------------------------------------------------------------------------------------------
                                OUTER      INNER                    STEP   MAXIMUM CHANGE MODEL-(CELLID) OR
 OUTER ITERATION STEP       ITERATION  ITERATION  MAXIMUM CHANGE SUCCESS             MODEL-PACKAGE-(NUMBER)
 ----------------------------------------------------------------------------------------------------------
 Model                              1          1  1.51239964E-04       *                     1_GWF-(1,2,85)
 ----------------------------------------------------------------------------------------------------------


 1 CALLS TO NUMERICAL SOLUTION IN TIME STEP 87 STRESS PERIOD 2
 1 TOTAL ITERATIONS

 SLN_2 OUTER ITERATION SUMMARY
 ----------------------------------------------------------------------------------------------------------
                                OUTER      INNER                    STEP   MAXIMUM CHANGE MODEL-(CELLID) OR
 OUTER ITERATION STEP       ITERATION  ITERATION  MAXIMUM CHANGE SUCCESS             MODEL-PACKAGE-(NUMBER)
 ----------------------------------------------------------------------------------------------------------
 Model                              1          2     -0.18571921                            2_GWT-(1,37,27)
 Model                              2          1  8.61769706E-07       *                    2_GWT-(1,41,25)
 ----------------------------------------------------------------------------------------------------------


 2 CALLS TO NUMERICAL SOLUTION IN TIME STEP 87 STRESS PERIOD 2
 3 TOTAL ITERATIONS
 
    Solving:  Stress period:     2    Time step:    88
 

 SLN_1 OUTER ITERATION SUMMARY
 ----------------------------------------------------------------------------------------------------------
                                OUTER      INNER                    STEP   MAXIMUM CHANGE MODEL-(CELLID) OR
 OUTER ITERATION STEP       ITERATION  ITERATION  MAXIMUM CHANGE SUCCESS             MODEL-PACKAGE-(NUMBER)
 ----------------------------------------------------------------------------------------------------------
 Model                              1          1  1.44794242E-04       *                     1_GWF-(1,2,88)
 ----------------------------------------------------------------------------------------------------------


 1 CALLS TO NUMERICAL SOLUTION IN TIME STEP 88 STRESS PERIOD 2
 1 TOTAL ITERATIONS

 SLN_2 OUTER ITERATION SUMMARY
 ----------------------------------------------------------------------------------------------------------
                                OUTER      INNER                    STEP   MAXIMUM CHANGE MODEL-(CELLID) OR
 OUTER ITERATION STEP       ITERATION  ITERATION  MAXIMUM CHANGE SUCCESS             MODEL-PACKAGE-(NUMBER)
 ----------------------------------------------------------------------------------------------------------
 Model                              1          2      0.18754318                            2_GWT-(1,37,27)
 Model                              2          1 -1.14185627E-06       *                    2_GWT-(1,41,25)
 ----------------------------------------------------------------------------------------------------------


 2 CALLS TO NUMERICAL SOLUTION IN TIME STEP 88 STRESS PERIOD 2
 3 TOTAL ITERATIONS
 
    Solving:  Stress period:     2    Time step:    89
 

 SLN_1 OUTER ITERATION SUMMARY
 ----------------------------------------------------------------------------------------------------------
                                OUTER      INNER                    STEP   MAXIMUM CHANGE MODEL-(CELLID) OR
 OUTER ITERATION STEP       ITERATION  ITERATION  MAXIMUM CHANGE SUCCESS             MODEL-PACKAGE-(NUMBER)
 ----------------------------------------------------------------------------------------------------------
 Model                              1          1  1.49440229E-04       *                     1_GWF-(1,2,85)
 ----------------------------------------------------------------------------------------------------------


 1 CALLS TO NUMERICAL SOLUTION IN TIME STEP 89 STRESS PERIOD 2
 1 TOTAL ITERATIONS

 SLN_2 OUTER ITERATION SUMMARY
 ----------------------------------------------------------------------------------------------------------
                                OUTER      INNER                    STEP   MAXIMUM CHANGE MODEL-(CELLID) OR
 OUTER ITERATION STEP       ITERATION  ITERATION  MAXIMUM CHANGE SUCCESS             MODEL-PACKAGE-(NUMBER)
 ----------------------------------------------------------------------------------------------------------
 Model                              1          2     -0.18056319                            2_GWT-(1,37,27)
 Model                              2          1  8.36230242E-07       *                    2_GWT-(1,41,25)
 ----------------------------------------------------------------------------------------------------------


 2 CALLS TO NUMERICAL SOLUTION IN TIME STEP 89 STRESS PERIOD 2
 3 TOTAL ITERATIONS
 
    Solving:  Stress period:     2    Time step:    90
 

 SLN_1 OUTER ITERATION SUMMARY
 ----------------------------------------------------------------------------------------------------------
                                OUTER      INNER                    STEP   MAXIMUM CHANGE MODEL-(CELLID) OR
 OUTER ITERATION STEP       ITERATION  ITERATION  MAXIMUM CHANGE SUCCESS             MODEL-PACKAGE-(NUMBER)
 ----------------------------------------------------------------------------------------------------------
 Model                              1          1  1.43080783E-04       *                     1_GWF-(1,2,88)
 ----------------------------------------------------------------------------------------------------------


 1 CALLS TO NUMERICAL SOLUTION IN TIME STEP 90 STRESS PERIOD 2
 1 TOTAL ITERATIONS

 SLN_2 OUTER ITERATION SUMMARY
 ----------------------------------------------------------------------------------------------------------
                                OUTER      INNER                    STEP   MAXIMUM CHANGE MODEL-(CELLID) OR
 OUTER ITERATION STEP       ITERATION  ITERATION  MAXIMUM CHANGE SUCCESS             MODEL-PACKAGE-(NUMBER)
 ----------------------------------------------------------------------------------------------------------
 Model                              1          2      0.18201886                            2_GWT-(1,37,27)
 Model                              2          1 -1.11100815E-06       *                    2_GWT-(1,41,25)
 ----------------------------------------------------------------------------------------------------------


 2 CALLS TO NUMERICAL SOLUTION IN TIME STEP 90 STRESS PERIOD 2
 3 TOTAL ITERATIONS
 
    Solving:  Stress period:     2    Time step:    91
 

 SLN_1 OUTER ITERATION SUMMARY
 ----------------------------------------------------------------------------------------------------------
                                OUTER      INNER                    STEP   MAXIMUM CHANGE MODEL-(CELLID) OR
 OUTER ITERATION STEP       ITERATION  ITERATION  MAXIMUM CHANGE SUCCESS             MODEL-PACKAGE-(NUMBER)
 ----------------------------------------------------------------------------------------------------------
 Model                              1          1  1.47665244E-04       *                     1_GWF-(1,2,85)
 ----------------------------------------------------------------------------------------------------------


 1 CALLS TO NUMERICAL SOLUTION IN TIME STEP 91 STRESS PERIOD 2
 1 TOTAL ITERATIONS

 SLN_2 OUTER ITERATION SUMMARY
 ----------------------------------------------------------------------------------------------------------
                                OUTER      INNER                    STEP   MAXIMUM CHANGE MODEL-(CELLID) OR
 OUTER ITERATION STEP       ITERATION  ITERATION  MAXIMUM CHANGE SUCCESS             MODEL-PACKAGE-(NUMBER)
 ----------------------------------------------------------------------------------------------------------
 Model                              1          2     -0.17554243                            2_GWT-(1,37,27)
 Model                              2          1  8.11339021E-07       *                    2_GWT-(1,41,25)
 ----------------------------------------------------------------------------------------------------------


 2 CALLS TO NUMERICAL SOLUTION IN TIME STEP 91 STRESS PERIOD 2
 3 TOTAL ITERATIONS
 
    Solving:  Stress period:     2    Time step:    92
 

 SLN_1 OUTER ITERATION SUMMARY
 ----------------------------------------------------------------------------------------------------------
                                OUTER      INNER                    STEP   MAXIMUM CHANGE MODEL-(CELLID) OR
 OUTER ITERATION STEP       ITERATION  ITERATION  MAXIMUM CHANGE SUCCESS             MODEL-PACKAGE-(NUMBER)
 ----------------------------------------------------------------------------------------------------------
 Model                              1          1  1.41391072E-04       *                     1_GWF-(1,2,88)
 ----------------------------------------------------------------------------------------------------------


 1 CALLS TO NUMERICAL SOLUTION IN TIME STEP 92 STRESS PERIOD 2
 1 TOTAL ITERATIONS

 SLN_2 OUTER ITERATION SUMMARY
 ----------------------------------------------------------------------------------------------------------
                                OUTER      INNER                    STEP   MAXIMUM CHANGE MODEL-(CELLID) OR
 OUTER ITERATION STEP       ITERATION  ITERATION  MAXIMUM CHANGE SUCCESS             MODEL-PACKAGE-(NUMBER)
 ----------------------------------------------------------------------------------------------------------
 Model                              1          2      0.17666795                            2_GWT-(1,37,27)
 Model                              2          1 -1.08084822E-06       *                    2_GWT-(1,41,25)
 ----------------------------------------------------------------------------------------------------------


 2 CALLS TO NUMERICAL SOLUTION IN TIME STEP 92 STRESS PERIOD 2
 3 TOTAL ITERATIONS
 
    Solving:  Stress period:     2    Time step:    93
 

 SLN_1 OUTER ITERATION SUMMARY
 ----------------------------------------------------------------------------------------------------------
                                OUTER      INNER                    STEP   MAXIMUM CHANGE MODEL-(CELLID) OR
 OUTER ITERATION STEP       ITERATION  ITERATION  MAXIMUM CHANGE SUCCESS             MODEL-PACKAGE-(NUMBER)
 ----------------------------------------------------------------------------------------------------------
 Model                              1          1  1.45914526E-04       *                     1_GWF-(1,2,85)
 ----------------------------------------------------------------------------------------------------------


 1 CALLS TO NUMERICAL SOLUTION IN TIME STEP 93 STRESS PERIOD 2
 1 TOTAL ITERATIONS

 SLN_2 OUTER ITERATION SUMMARY
 ----------------------------------------------------------------------------------------------------------
                                OUTER      INNER                    STEP   MAXIMUM CHANGE MODEL-(CELLID) OR
 OUTER ITERATION STEP       ITERATION  ITERATION  MAXIMUM CHANGE SUCCESS             MODEL-PACKAGE-(NUMBER)
 ----------------------------------------------------------------------------------------------------------
 Model                              1          2     -0.17065367                            2_GWT-(1,37,27)
 Model                              2          1  7.87088652E-07       *                    2_GWT-(1,41,25)
 ----------------------------------------------------------------------------------------------------------


 2 CALLS TO NUMERICAL SOLUTION IN TIME STEP 93 STRESS PERIOD 2
 3 TOTAL ITERATIONS
 
    Solving:  Stress period:     2    Time step:    94
 

 SLN_1 OUTER ITERATION SUMMARY
 ----------------------------------------------------------------------------------------------------------
                                OUTER      INNER                    STEP   MAXIMUM CHANGE MODEL-(CELLID) OR
 OUTER ITERATION STEP       ITERATION  ITERATION  MAXIMUM CHANGE SUCCESS             MODEL-PACKAGE-(NUMBER)
 ----------------------------------------------------------------------------------------------------------
 Model                              1          1  1.39724608E-04       *                     1_GWF-(1,2,88)
 ----------------------------------------------------------------------------------------------------------


 1 CALLS TO NUMERICAL SOLUTION IN TIME STEP 94 STRESS PERIOD 2
 1 TOTAL ITERATIONS

 SLN_2 OUTER ITERATION SUMMARY
 ----------------------------------------------------------------------------------------------------------
                                OUTER      INNER                    STEP   MAXIMUM CHANGE MODEL-(CELLID) OR
 OUTER ITERATION STEP       ITERATION  ITERATION  MAXIMUM CHANGE SUCCESS             MODEL-PACKAGE-(NUMBER)
 ----------------------------------------------------------------------------------------------------------
 Model                              1          2      0.17148330                            2_GWT-(1,37,27)
 Model                              2          1 -1.05135496E-06       *                    2_GWT-(1,41,25)
 ----------------------------------------------------------------------------------------------------------


 2 CALLS TO NUMERICAL SOLUTION IN TIME STEP 94 STRESS PERIOD 2
 3 TOTAL ITERATIONS
 
    Solving:  Stress period:     2    Time step:    95
 

 SLN_1 OUTER ITERATION SUMMARY
 ----------------------------------------------------------------------------------------------------------
                                OUTER      INNER                    STEP   MAXIMUM CHANGE MODEL-(CELLID) OR
 OUTER ITERATION STEP       ITERATION  ITERATION  MAXIMUM CHANGE SUCCESS             MODEL-PACKAGE-(NUMBER)
 ----------------------------------------------------------------------------------------------------------
 Model                              1          1  1.44187628E-04       *                     1_GWF-(1,2,85)
 ----------------------------------------------------------------------------------------------------------


 1 CALLS TO NUMERICAL SOLUTION IN TIME STEP 95 STRESS PERIOD 2
 1 TOTAL ITERATIONS

 SLN_2 OUTER ITERATION SUMMARY
 ----------------------------------------------------------------------------------------------------------
                                OUTER      INNER                    STEP   MAXIMUM CHANGE MODEL-(CELLID) OR
 OUTER ITERATION STEP       ITERATION  ITERATION  MAXIMUM CHANGE SUCCESS             MODEL-PACKAGE-(NUMBER)
 ----------------------------------------------------------------------------------------------------------
 Model                              1          2     -0.16589375                            2_GWT-(1,37,27)
 Model                              2          1  7.63472087E-07       *                    2_GWT-(1,41,25)
 ----------------------------------------------------------------------------------------------------------


 2 CALLS TO NUMERICAL SOLUTION IN TIME STEP 95 STRESS PERIOD 2
 3 TOTAL ITERATIONS
 
    Solving:  Stress period:     2    Time step:    96
 

 SLN_1 OUTER ITERATION SUMMARY
 ----------------------------------------------------------------------------------------------------------
                                OUTER      INNER                    STEP   MAXIMUM CHANGE MODEL-(CELLID) OR
 OUTER ITERATION STEP       ITERATION  ITERATION  MAXIMUM CHANGE SUCCESS             MODEL-PACKAGE-(NUMBER)
 ----------------------------------------------------------------------------------------------------------
 Model                              1          1  1.38080921E-04       *                     1_GWF-(1,2,88)
 ----------------------------------------------------------------------------------------------------------


 1 CALLS TO NUMERICAL SOLUTION IN TIME STEP 96 STRESS PERIOD 2
 1 TOTAL ITERATIONS

 SLN_2 OUTER ITERATION SUMMARY
 ----------------------------------------------------------------------------------------------------------
                                OUTER      INNER                    STEP   MAXIMUM CHANGE MODEL-(CELLID) OR
 OUTER ITERATION STEP       ITERATION  ITERATION  MAXIMUM CHANGE SUCCESS             MODEL-PACKAGE-(NUMBER)
 ----------------------------------------------------------------------------------------------------------
 Model                              1          2      0.16645834                            2_GWT-(1,37,27)
 Model                              2          1 -1.02250954E-06       *                    2_GWT-(1,41,25)
 ----------------------------------------------------------------------------------------------------------


 2 CALLS TO NUMERICAL SOLUTION IN TIME STEP 96 STRESS PERIOD 2
 3 TOTAL ITERATIONS
 
    Solving:  Stress period:     2    Time step:    97
 

 SLN_1 OUTER ITERATION SUMMARY
 ----------------------------------------------------------------------------------------------------------
                                OUTER      INNER                    STEP   MAXIMUM CHANGE MODEL-(CELLID) OR
 OUTER ITERATION STEP       ITERATION  ITERATION  MAXIMUM CHANGE SUCCESS             MODEL-PACKAGE-(NUMBER)
 ----------------------------------------------------------------------------------------------------------
 Model                              1          1  1.42484125E-04       *                     1_GWF-(1,2,85)
 ----------------------------------------------------------------------------------------------------------


 1 CALLS TO NUMERICAL SOLUTION IN TIME STEP 97 STRESS PERIOD 2
 1 TOTAL ITERATIONS

 SLN_2 OUTER ITERATION SUMMARY
 ----------------------------------------------------------------------------------------------------------
                                OUTER      INNER                    STEP   MAXIMUM CHANGE MODEL-(CELLID) OR
 OUTER ITERATION STEP       ITERATION  ITERATION  MAXIMUM CHANGE SUCCESS             MODEL-PACKAGE-(NUMBER)
 ----------------------------------------------------------------------------------------------------------
 Model                              1          2     -0.16125958                            2_GWT-(1,37,27)
 Model                              2          1  7.40479834E-07       *                    2_GWT-(1,41,25)
 ----------------------------------------------------------------------------------------------------------


 2 CALLS TO NUMERICAL SOLUTION IN TIME STEP 97 STRESS PERIOD 2
 3 TOTAL ITERATIONS
 
    Solving:  Stress period:     2    Time step:    98
 

 SLN_1 OUTER ITERATION SUMMARY
 ----------------------------------------------------------------------------------------------------------
                                OUTER      INNER                    STEP   MAXIMUM CHANGE MODEL-(CELLID) OR
 OUTER ITERATION STEP       ITERATION  ITERATION  MAXIMUM CHANGE SUCCESS             MODEL-PACKAGE-(NUMBER)
 ----------------------------------------------------------------------------------------------------------
 Model                              1          1  1.36459574E-04       *                     1_GWF-(1,2,88)
 ----------------------------------------------------------------------------------------------------------


 1 CALLS TO NUMERICAL SOLUTION IN TIME STEP 98 STRESS PERIOD 2
 1 TOTAL ITERATIONS

 SLN_2 OUTER ITERATION SUMMARY
 ----------------------------------------------------------------------------------------------------------
                                OUTER      INNER                    STEP   MAXIMUM CHANGE MODEL-(CELLID) OR
 OUTER ITERATION STEP       ITERATION  ITERATION  MAXIMUM CHANGE SUCCESS             MODEL-PACKAGE-(NUMBER)
 ----------------------------------------------------------------------------------------------------------
 Model                              1          2      0.16158696                            2_GWT-(1,37,27)
 Model                              2          1 -9.94295021E-07       *                    2_GWT-(1,41,25)
 ----------------------------------------------------------------------------------------------------------


 2 CALLS TO NUMERICAL SOLUTION IN TIME STEP 98 STRESS PERIOD 2
 3 TOTAL ITERATIONS
 
    Solving:  Stress period:     2    Time step:    99
 

 SLN_1 OUTER ITERATION SUMMARY
 ----------------------------------------------------------------------------------------------------------
                                OUTER      INNER                    STEP   MAXIMUM CHANGE MODEL-(CELLID) OR
 OUTER ITERATION STEP       ITERATION  ITERATION  MAXIMUM CHANGE SUCCESS             MODEL-PACKAGE-(NUMBER)
 ----------------------------------------------------------------------------------------------------------
 Model                              1          1  1.40803616E-04       *                     1_GWF-(1,2,85)
 ----------------------------------------------------------------------------------------------------------


 1 CALLS TO NUMERICAL SOLUTION IN TIME STEP 99 STRESS PERIOD 2
 1 TOTAL ITERATIONS

 SLN_2 OUTER ITERATION SUMMARY
 ----------------------------------------------------------------------------------------------------------
                                OUTER      INNER                    STEP   MAXIMUM CHANGE MODEL-(CELLID) OR
 OUTER ITERATION STEP       ITERATION  ITERATION  MAXIMUM CHANGE SUCCESS             MODEL-PACKAGE-(NUMBER)
 ----------------------------------------------------------------------------------------------------------
 Model                              1          2     -0.15674818                            2_GWT-(1,37,27)
 Model                              2          1  7.18102797E-07       *                    2_GWT-(1,41,25)
 ----------------------------------------------------------------------------------------------------------


 2 CALLS TO NUMERICAL SOLUTION IN TIME STEP 99 STRESS PERIOD 2
 3 TOTAL ITERATIONS
 
    Solving:  Stress period:     2    Time step:   100
 

 SLN_1 OUTER ITERATION SUMMARY
 ----------------------------------------------------------------------------------------------------------
                                OUTER      INNER                    STEP   MAXIMUM CHANGE MODEL-(CELLID) OR
 OUTER ITERATION STEP       ITERATION  ITERATION  MAXIMUM CHANGE SUCCESS             MODEL-PACKAGE-(NUMBER)
 ----------------------------------------------------------------------------------------------------------
 Model                              1          1  1.34860154E-04       *                     1_GWF-(1,2,88)
 ----------------------------------------------------------------------------------------------------------


 1 CALLS TO NUMERICAL SOLUTION IN TIME STEP 100 STRESS PERIOD 2
 1 TOTAL ITERATIONS

 SLN_2 OUTER ITERATION SUMMARY
 ----------------------------------------------------------------------------------------------------------
                                OUTER      INNER                    STEP   MAXIMUM CHANGE MODEL-(CELLID) OR
 OUTER ITERATION STEP       ITERATION  ITERATION  MAXIMUM CHANGE SUCCESS             MODEL-PACKAGE-(NUMBER)
 ----------------------------------------------------------------------------------------------------------
 Model                              1          2      0.15686345                            2_GWT-(1,37,27)
 Model                              2          1 -9.66695893E-07       *                    2_GWT-(1,41,25)
 ----------------------------------------------------------------------------------------------------------


 2 CALLS TO NUMERICAL SOLUTION IN TIME STEP 100 STRESS PERIOD 2
 3 TOTAL ITERATIONS
 
    Solving:  Stress period:     2    Time step:   101
 

 SLN_1 OUTER ITERATION SUMMARY
 ----------------------------------------------------------------------------------------------------------
                                OUTER      INNER                    STEP   MAXIMUM CHANGE MODEL-(CELLID) OR
 OUTER ITERATION STEP       ITERATION  ITERATION  MAXIMUM CHANGE SUCCESS             MODEL-PACKAGE-(NUMBER)
 ----------------------------------------------------------------------------------------------------------
 Model                              1          1  1.39145719E-04       *                     1_GWF-(1,2,85)
 ----------------------------------------------------------------------------------------------------------


 1 CALLS TO NUMERICAL SOLUTION IN TIME STEP 101 STRESS PERIOD 2
 1 TOTAL ITERATIONS

 SLN_2 OUTER ITERATION SUMMARY
 ----------------------------------------------------------------------------------------------------------
                                OUTER      INNER                    STEP   MAXIMUM CHANGE MODEL-(CELLID) OR
 OUTER ITERATION STEP       ITERATION  ITERATION  MAXIMUM CHANGE SUCCESS             MODEL-PACKAGE-(NUMBER)
 ----------------------------------------------------------------------------------------------------------
 Model                              1          2     -0.15235661                            2_GWT-(1,37,27)
 Model                              2          1  6.96330176E-07       *                    2_GWT-(1,41,25)
 ----------------------------------------------------------------------------------------------------------


 2 CALLS TO NUMERICAL SOLUTION IN TIME STEP 101 STRESS PERIOD 2
 3 TOTAL ITERATIONS
 
    Solving:  Stress period:     2    Time step:   102
 

 SLN_1 OUTER ITERATION SUMMARY
 ----------------------------------------------------------------------------------------------------------
                                OUTER      INNER                    STEP   MAXIMUM CHANGE MODEL-(CELLID) OR
 OUTER ITERATION STEP       ITERATION  ITERATION  MAXIMUM CHANGE SUCCESS             MODEL-PACKAGE-(NUMBER)
 ----------------------------------------------------------------------------------------------------------
 Model                              1          1  1.33282270E-04       *                     1_GWF-(1,2,88)
 ----------------------------------------------------------------------------------------------------------


 1 CALLS TO NUMERICAL SOLUTION IN TIME STEP 102 STRESS PERIOD 2
 1 TOTAL ITERATIONS

 SLN_2 OUTER ITERATION SUMMARY
 ----------------------------------------------------------------------------------------------------------
                                OUTER      INNER                    STEP   MAXIMUM CHANGE MODEL-(CELLID) OR
 OUTER ITERATION STEP       ITERATION  ITERATION  MAXIMUM CHANGE SUCCESS             MODEL-PACKAGE-(NUMBER)
 ----------------------------------------------------------------------------------------------------------
 Model                              1          2      0.15228249                            2_GWT-(1,37,27)
 Model                              2          1 -9.39697713E-07       *                    2_GWT-(1,41,25)
 ----------------------------------------------------------------------------------------------------------


 2 CALLS TO NUMERICAL SOLUTION IN TIME STEP 102 STRESS PERIOD 2
 3 TOTAL ITERATIONS
 
    Solving:  Stress period:     2    Time step:   103
 

 SLN_1 OUTER ITERATION SUMMARY
 ----------------------------------------------------------------------------------------------------------
                                OUTER      INNER                    STEP   MAXIMUM CHANGE MODEL-(CELLID) OR
 OUTER ITERATION STEP       ITERATION  ITERATION  MAXIMUM CHANGE SUCCESS             MODEL-PACKAGE-(NUMBER)
 ----------------------------------------------------------------------------------------------------------
 Model                              1          1  1.37510070E-04       *                     1_GWF-(1,2,85)
 ----------------------------------------------------------------------------------------------------------


 1 CALLS TO NUMERICAL SOLUTION IN TIME STEP 103 STRESS PERIOD 2
 1 TOTAL ITERATIONS

 SLN_2 OUTER ITERATION SUMMARY
 ----------------------------------------------------------------------------------------------------------
                                OUTER      INNER                    STEP   MAXIMUM CHANGE MODEL-(CELLID) OR
 OUTER ITERATION STEP       ITERATION  ITERATION  MAXIMUM CHANGE SUCCESS             MODEL-PACKAGE-(NUMBER)
 ----------------------------------------------------------------------------------------------------------
 Model                              1          2     -0.14808202                            2_GWT-(1,37,27)
 Model                              2          1  6.75152080E-07       *                    2_GWT-(1,41,25)
 ----------------------------------------------------------------------------------------------------------


 2 CALLS TO NUMERICAL SOLUTION IN TIME STEP 103 STRESS PERIOD 2
 3 TOTAL ITERATIONS
 
    Solving:  Stress period:     2    Time step:   104
 

 SLN_1 OUTER ITERATION SUMMARY
 ----------------------------------------------------------------------------------------------------------
                                OUTER      INNER                    STEP   MAXIMUM CHANGE MODEL-(CELLID) OR
 OUTER ITERATION STEP       ITERATION  ITERATION  MAXIMUM CHANGE SUCCESS             MODEL-PACKAGE-(NUMBER)
 ----------------------------------------------------------------------------------------------------------
 Model                              1          1  1.31725552E-04       *                     1_GWF-(1,2,88)
 ----------------------------------------------------------------------------------------------------------


 1 CALLS TO NUMERICAL SOLUTION IN TIME STEP 104 STRESS PERIOD 2
 1 TOTAL ITERATIONS

 SLN_2 OUTER ITERATION SUMMARY
 ----------------------------------------------------------------------------------------------------------
                                OUTER      INNER                    STEP   MAXIMUM CHANGE MODEL-(CELLID) OR
 OUTER ITERATION STEP       ITERATION  ITERATION  MAXIMUM CHANGE SUCCESS             MODEL-PACKAGE-(NUMBER)
 ----------------------------------------------------------------------------------------------------------
 Model                              1          2      0.14783908                            2_GWT-(1,37,27)
 Model                              2          1 -9.13288261E-07       *                    2_GWT-(1,41,25)
 ----------------------------------------------------------------------------------------------------------


 2 CALLS TO NUMERICAL SOLUTION IN TIME STEP 104 STRESS PERIOD 2
 3 TOTAL ITERATIONS
 
    Solving:  Stress period:     2    Time step:   105
 

 SLN_1 OUTER ITERATION SUMMARY
 ----------------------------------------------------------------------------------------------------------
                                OUTER      INNER                    STEP   MAXIMUM CHANGE MODEL-(CELLID) OR
 OUTER ITERATION STEP       ITERATION  ITERATION  MAXIMUM CHANGE SUCCESS             MODEL-PACKAGE-(NUMBER)
 ----------------------------------------------------------------------------------------------------------
 Model                              1          1  1.35896318E-04       *                     1_GWF-(1,2,85)
 ----------------------------------------------------------------------------------------------------------


 1 CALLS TO NUMERICAL SOLUTION IN TIME STEP 105 STRESS PERIOD 2
 1 TOTAL ITERATIONS

 SLN_2 OUTER ITERATION SUMMARY
 ----------------------------------------------------------------------------------------------------------
                                OUTER      INNER                    STEP   MAXIMUM CHANGE MODEL-(CELLID) OR
 OUTER ITERATION STEP       ITERATION  ITERATION  MAXIMUM CHANGE SUCCESS             MODEL-PACKAGE-(NUMBER)
 ----------------------------------------------------------------------------------------------------------
 Model                              1          2     -0.14392161                            2_GWT-(1,37,27)
 Model                              2          1  6.54556345E-07       *                    2_GWT-(1,41,25)
 ----------------------------------------------------------------------------------------------------------


 2 CALLS TO NUMERICAL SOLUTION IN TIME STEP 105 STRESS PERIOD 2
 3 TOTAL ITERATIONS
 
    Solving:  Stress period:     2    Time step:   106
 

 SLN_1 OUTER ITERATION SUMMARY
 ----------------------------------------------------------------------------------------------------------
                                OUTER      INNER                    STEP   MAXIMUM CHANGE MODEL-(CELLID) OR
 OUTER ITERATION STEP       ITERATION  ITERATION  MAXIMUM CHANGE SUCCESS             MODEL-PACKAGE-(NUMBER)
 ----------------------------------------------------------------------------------------------------------
 Model                              1          1  1.30189644E-04       *                     1_GWF-(1,2,88)
 ----------------------------------------------------------------------------------------------------------


 1 CALLS TO NUMERICAL SOLUTION IN TIME STEP 106 STRESS PERIOD 2
 1 TOTAL ITERATIONS

 SLN_2 OUTER ITERATION SUMMARY
 ----------------------------------------------------------------------------------------------------------
                                OUTER      INNER                    STEP   MAXIMUM CHANGE MODEL-(CELLID) OR
 OUTER ITERATION STEP       ITERATION  ITERATION  MAXIMUM CHANGE SUCCESS             MODEL-PACKAGE-(NUMBER)
 ----------------------------------------------------------------------------------------------------------
 Model                              1          2      0.14352852                            2_GWT-(1,37,27)
 Model                              2          1 -8.87455826E-07       *                    2_GWT-(1,41,25)
 ----------------------------------------------------------------------------------------------------------


 2 CALLS TO NUMERICAL SOLUTION IN TIME STEP 106 STRESS PERIOD 2
 3 TOTAL ITERATIONS
 
    Solving:  Stress period:     2    Time step:   107
 

 SLN_1 OUTER ITERATION SUMMARY
 ----------------------------------------------------------------------------------------------------------
                                OUTER      INNER                    STEP   MAXIMUM CHANGE MODEL-(CELLID) OR
 OUTER ITERATION STEP       ITERATION  ITERATION  MAXIMUM CHANGE SUCCESS             MODEL-PACKAGE-(NUMBER)
 ----------------------------------------------------------------------------------------------------------
 Model                              1          1  1.34304125E-04       *                     1_GWF-(1,2,85)
 ----------------------------------------------------------------------------------------------------------


 1 CALLS TO NUMERICAL SOLUTION IN TIME STEP 107 STRESS PERIOD 2
 1 TOTAL ITERATIONS

 SLN_2 OUTER ITERATION SUMMARY
 ----------------------------------------------------------------------------------------------------------
                                OUTER      INNER                    STEP   MAXIMUM CHANGE MODEL-(CELLID) OR
 OUTER ITERATION STEP       ITERATION  ITERATION  MAXIMUM CHANGE SUCCESS             MODEL-PACKAGE-(NUMBER)
 ----------------------------------------------------------------------------------------------------------
 Model                              1          2     -0.13987265                            2_GWT-(1,37,27)
 Model                              2          1  6.34531716E-07       *                    2_GWT-(1,41,25)
 ----------------------------------------------------------------------------------------------------------


 2 CALLS TO NUMERICAL SOLUTION IN TIME STEP 107 STRESS PERIOD 2
 3 TOTAL ITERATIONS
 
    Solving:  Stress period:     2    Time step:   108
 

 SLN_1 OUTER ITERATION SUMMARY
 ----------------------------------------------------------------------------------------------------------
                                OUTER      INNER                    STEP   MAXIMUM CHANGE MODEL-(CELLID) OR
 OUTER ITERATION STEP       ITERATION  ITERATION  MAXIMUM CHANGE SUCCESS             MODEL-PACKAGE-(NUMBER)
 ----------------------------------------------------------------------------------------------------------
 Model                              1          1  1.28674208E-04       *                     1_GWF-(1,2,88)
 ----------------------------------------------------------------------------------------------------------


 1 CALLS TO NUMERICAL SOLUTION IN TIME STEP 108 STRESS PERIOD 2
 1 TOTAL ITERATIONS

 SLN_2 OUTER ITERATION SUMMARY
 ----------------------------------------------------------------------------------------------------------
                                OUTER      INNER                    STEP   MAXIMUM CHANGE MODEL-(CELLID) OR
 OUTER ITERATION STEP       ITERATION  ITERATION  MAXIMUM CHANGE SUCCESS             MODEL-PACKAGE-(NUMBER)
 ----------------------------------------------------------------------------------------------------------
 Model                              1          2      0.13934635                            2_GWT-(1,37,27)
 Model                              2          1 -8.62189779E-07       *                    2_GWT-(1,41,25)
 ----------------------------------------------------------------------------------------------------------


 2 CALLS TO NUMERICAL SOLUTION IN TIME STEP 108 STRESS PERIOD 2
 3 TOTAL ITERATIONS
 
    Solving:  Stress period:     2    Time step:   109
 

 SLN_1 OUTER ITERATION SUMMARY
 ----------------------------------------------------------------------------------------------------------
                                OUTER      INNER                    STEP   MAXIMUM CHANGE MODEL-(CELLID) OR
 OUTER ITERATION STEP       ITERATION  ITERATION  MAXIMUM CHANGE SUCCESS             MODEL-PACKAGE-(NUMBER)
 ----------------------------------------------------------------------------------------------------------
 Model                              1          1  1.32733165E-04       *                     1_GWF-(1,2,85)
 ----------------------------------------------------------------------------------------------------------


 1 CALLS TO NUMERICAL SOLUTION IN TIME STEP 109 STRESS PERIOD 2
 1 TOTAL ITERATIONS

 SLN_2 OUTER ITERATION SUMMARY
 ----------------------------------------------------------------------------------------------------------
                                OUTER      INNER                    STEP   MAXIMUM CHANGE MODEL-(CELLID) OR
 OUTER ITERATION STEP       ITERATION  ITERATION  MAXIMUM CHANGE SUCCESS             MODEL-PACKAGE-(NUMBER)
 ----------------------------------------------------------------------------------------------------------
 Model                              1          2     -0.13593246                            2_GWT-(1,37,27)
 Model                              2          1  6.15066199E-07       *                    2_GWT-(1,41,25)
 ----------------------------------------------------------------------------------------------------------


 2 CALLS TO NUMERICAL SOLUTION IN TIME STEP 109 STRESS PERIOD 2
 3 TOTAL ITERATIONS
 
    Solving:  Stress period:     2    Time step:   110
 

 SLN_1 OUTER ITERATION SUMMARY
 ----------------------------------------------------------------------------------------------------------
                                OUTER      INNER                    STEP   MAXIMUM CHANGE MODEL-(CELLID) OR
 OUTER ITERATION STEP       ITERATION  ITERATION  MAXIMUM CHANGE SUCCESS             MODEL-PACKAGE-(NUMBER)
 ----------------------------------------------------------------------------------------------------------
 Model                              1          1  1.27178916E-04       *                     1_GWF-(1,2,88)
 ----------------------------------------------------------------------------------------------------------


 1 CALLS TO NUMERICAL SOLUTION IN TIME STEP 110 STRESS PERIOD 2
 1 TOTAL ITERATIONS

 SLN_2 OUTER ITERATION SUMMARY
 ----------------------------------------------------------------------------------------------------------
                                OUTER      INNER                    STEP   MAXIMUM CHANGE MODEL-(CELLID) OR
 OUTER ITERATION STEP       ITERATION  ITERATION  MAXIMUM CHANGE SUCCESS             MODEL-PACKAGE-(NUMBER)
 ----------------------------------------------------------------------------------------------------------
 Model                              1          2      0.13528834                            2_GWT-(1,37,27)
 Model                              2          1 -8.37480343E-07       *                    2_GWT-(1,41,25)
 ----------------------------------------------------------------------------------------------------------


 2 CALLS TO NUMERICAL SOLUTION IN TIME STEP 110 STRESS PERIOD 2
 3 TOTAL ITERATIONS
 
    Solving:  Stress period:     2    Time step:   111
 

 SLN_1 OUTER ITERATION SUMMARY
 ----------------------------------------------------------------------------------------------------------
                                OUTER      INNER                    STEP   MAXIMUM CHANGE MODEL-(CELLID) OR
 OUTER ITERATION STEP       ITERATION  ITERATION  MAXIMUM CHANGE SUCCESS             MODEL-PACKAGE-(NUMBER)
 ----------------------------------------------------------------------------------------------------------
 Model                              1          1  1.31183120E-04       *                     1_GWF-(1,2,85)
 ----------------------------------------------------------------------------------------------------------


 1 CALLS TO NUMERICAL SOLUTION IN TIME STEP 111 STRESS PERIOD 2
 1 TOTAL ITERATIONS

 SLN_2 OUTER ITERATION SUMMARY
 ----------------------------------------------------------------------------------------------------------
                                OUTER      INNER                    STEP   MAXIMUM CHANGE MODEL-(CELLID) OR
 OUTER ITERATION STEP       ITERATION  ITERATION  MAXIMUM CHANGE SUCCESS             MODEL-PACKAGE-(NUMBER)
 ----------------------------------------------------------------------------------------------------------
 Model                              1          2     -0.13209842                            2_GWT-(1,37,27)
 Model                              2          1  5.96148425E-07       *                    2_GWT-(1,41,25)
 ----------------------------------------------------------------------------------------------------------


 2 CALLS TO NUMERICAL SOLUTION IN TIME STEP 111 STRESS PERIOD 2
 3 TOTAL ITERATIONS
 
    Solving:  Stress period:     2    Time step:   112
 

 SLN_1 OUTER ITERATION SUMMARY
 ----------------------------------------------------------------------------------------------------------
                                OUTER      INNER                    STEP   MAXIMUM CHANGE MODEL-(CELLID) OR
 OUTER ITERATION STEP       ITERATION  ITERATION  MAXIMUM CHANGE SUCCESS             MODEL-PACKAGE-(NUMBER)
 ----------------------------------------------------------------------------------------------------------
 Model                              1          1  1.25703453E-04       *                     1_GWF-(1,2,88)
 ----------------------------------------------------------------------------------------------------------


 1 CALLS TO NUMERICAL SOLUTION IN TIME STEP 112 STRESS PERIOD 2
 1 TOTAL ITERATIONS

 SLN_2 OUTER ITERATION SUMMARY
 ----------------------------------------------------------------------------------------------------------
                                OUTER      INNER                    STEP   MAXIMUM CHANGE MODEL-(CELLID) OR
 OUTER ITERATION STEP       ITERATION  ITERATION  MAXIMUM CHANGE SUCCESS             MODEL-PACKAGE-(NUMBER)
 ----------------------------------------------------------------------------------------------------------
 Model                              1          2      0.13135050                            2_GWT-(1,37,27)
 Model                              2          1 -8.13318366E-07       *                    2_GWT-(1,41,25)
 ----------------------------------------------------------------------------------------------------------


 2 CALLS TO NUMERICAL SOLUTION IN TIME STEP 112 STRESS PERIOD 2
 3 TOTAL ITERATIONS
 
    Solving:  Stress period:     2    Time step:   113
 

 SLN_1 OUTER ITERATION SUMMARY
 ----------------------------------------------------------------------------------------------------------
                                OUTER      INNER                    STEP   MAXIMUM CHANGE MODEL-(CELLID) OR
 OUTER ITERATION STEP       ITERATION  ITERATION  MAXIMUM CHANGE SUCCESS             MODEL-PACKAGE-(NUMBER)
 ----------------------------------------------------------------------------------------------------------
 Model                              1          1  1.29653680E-04       *                     1_GWF-(1,2,85)
 ----------------------------------------------------------------------------------------------------------


 1 CALLS TO NUMERICAL SOLUTION IN TIME STEP 113 STRESS PERIOD 2
 1 TOTAL ITERATIONS

 SLN_2 OUTER ITERATION SUMMARY
 ----------------------------------------------------------------------------------------------------------
                                OUTER      INNER                    STEP   MAXIMUM CHANGE MODEL-(CELLID) OR
 OUTER ITERATION STEP       ITERATION  ITERATION  MAXIMUM CHANGE SUCCESS             MODEL-PACKAGE-(NUMBER)
 ----------------------------------------------------------------------------------------------------------
 Model                              1          2     -0.12836794                            2_GWT-(1,37,27)
 Model                              2          1  5.77765491E-07       *                    2_GWT-(1,41,25)
 ----------------------------------------------------------------------------------------------------------


 2 CALLS TO NUMERICAL SOLUTION IN TIME STEP 113 STRESS PERIOD 2
 3 TOTAL ITERATIONS
 
    Solving:  Stress period:     2    Time step:   114
 

 SLN_1 OUTER ITERATION SUMMARY
 ----------------------------------------------------------------------------------------------------------
                                OUTER      INNER                    STEP   MAXIMUM CHANGE MODEL-(CELLID) OR
 OUTER ITERATION STEP       ITERATION  ITERATION  MAXIMUM CHANGE SUCCESS             MODEL-PACKAGE-(NUMBER)
 ----------------------------------------------------------------------------------------------------------
 Model                              1          1  1.24247512E-04       *                     1_GWF-(1,2,88)
 ----------------------------------------------------------------------------------------------------------


 1 CALLS TO NUMERICAL SOLUTION IN TIME STEP 114 STRESS PERIOD 2
 1 TOTAL ITERATIONS

 SLN_2 OUTER ITERATION SUMMARY
 ----------------------------------------------------------------------------------------------------------
                                OUTER      INNER                    STEP   MAXIMUM CHANGE MODEL-(CELLID) OR
 OUTER ITERATION STEP       ITERATION  ITERATION  MAXIMUM CHANGE SUCCESS             MODEL-PACKAGE-(NUMBER)
 ----------------------------------------------------------------------------------------------------------
 Model                              1          2      0.12752899                            2_GWT-(1,37,27)
 Model                              2          1 -7.89695264E-07       *                    2_GWT-(1,41,25)
 ----------------------------------------------------------------------------------------------------------


 2 CALLS TO NUMERICAL SOLUTION IN TIME STEP 114 STRESS PERIOD 2
 3 TOTAL ITERATIONS
 
    Solving:  Stress period:     2    Time step:   115
 

 SLN_1 OUTER ITERATION SUMMARY
 ----------------------------------------------------------------------------------------------------------
                                OUTER      INNER                    STEP   MAXIMUM CHANGE MODEL-(CELLID) OR
 OUTER ITERATION STEP       ITERATION  ITERATION  MAXIMUM CHANGE SUCCESS             MODEL-PACKAGE-(NUMBER)
 ----------------------------------------------------------------------------------------------------------
 Model                              1          1  1.28144545E-04       *                     1_GWF-(1,2,85)
 ----------------------------------------------------------------------------------------------------------


 1 CALLS TO NUMERICAL SOLUTION IN TIME STEP 115 STRESS PERIOD 2
 1 TOTAL ITERATIONS

 SLN_2 OUTER ITERATION SUMMARY
 ----------------------------------------------------------------------------------------------------------
                                OUTER      INNER                    STEP   MAXIMUM CHANGE MODEL-(CELLID) OR
 OUTER ITERATION STEP       ITERATION  ITERATION  MAXIMUM CHANGE SUCCESS             MODEL-PACKAGE-(NUMBER)
 ----------------------------------------------------------------------------------------------------------
 Model                              1          2     -0.12473851                            2_GWT-(1,37,27)
 Model                              2          1  5.59905686E-07       *                    2_GWT-(1,41,25)
 ----------------------------------------------------------------------------------------------------------


 2 CALLS TO NUMERICAL SOLUTION IN TIME STEP 115 STRESS PERIOD 2
 3 TOTAL ITERATIONS
 
    Solving:  Stress period:     2    Time step:   116
 

 SLN_1 OUTER ITERATION SUMMARY
 ----------------------------------------------------------------------------------------------------------
                                OUTER      INNER                    STEP   MAXIMUM CHANGE MODEL-(CELLID) OR
 OUTER ITERATION STEP       ITERATION  ITERATION  MAXIMUM CHANGE SUCCESS             MODEL-PACKAGE-(NUMBER)
 ----------------------------------------------------------------------------------------------------------
 Model                              1          1  1.22810797E-04       *                     1_GWF-(1,2,88)
 ----------------------------------------------------------------------------------------------------------


 1 CALLS TO NUMERICAL SOLUTION IN TIME STEP 116 STRESS PERIOD 2
 1 TOTAL ITERATIONS

 SLN_2 OUTER ITERATION SUMMARY
 ----------------------------------------------------------------------------------------------------------
                                OUTER      INNER                    STEP   MAXIMUM CHANGE MODEL-(CELLID) OR
 OUTER ITERATION STEP       ITERATION  ITERATION  MAXIMUM CHANGE SUCCESS             MODEL-PACKAGE-(NUMBER)
 ----------------------------------------------------------------------------------------------------------
 Model                              1          2      0.12382016                            2_GWT-(1,37,27)
 Model                              2          1 -7.66603137E-07       *                    2_GWT-(1,41,25)
 ----------------------------------------------------------------------------------------------------------


 2 CALLS TO NUMERICAL SOLUTION IN TIME STEP 116 STRESS PERIOD 2
 3 TOTAL ITERATIONS
 
    Solving:  Stress period:     2    Time step:   117
 

 SLN_1 OUTER ITERATION SUMMARY
 ----------------------------------------------------------------------------------------------------------
                                OUTER      INNER                    STEP   MAXIMUM CHANGE MODEL-(CELLID) OR
 OUTER ITERATION STEP       ITERATION  ITERATION  MAXIMUM CHANGE SUCCESS             MODEL-PACKAGE-(NUMBER)
 ----------------------------------------------------------------------------------------------------------
 Model                              1          1  1.26655420E-04       *                     1_GWF-(1,2,85)
 ----------------------------------------------------------------------------------------------------------


 1 CALLS TO NUMERICAL SOLUTION IN TIME STEP 117 STRESS PERIOD 2
 1 TOTAL ITERATIONS

 SLN_2 OUTER ITERATION SUMMARY
 ----------------------------------------------------------------------------------------------------------
                                OUTER      INNER                    STEP   MAXIMUM CHANGE MODEL-(CELLID) OR
 OUTER ITERATION STEP       ITERATION  ITERATION  MAXIMUM CHANGE SUCCESS             MODEL-PACKAGE-(NUMBER)
 ----------------------------------------------------------------------------------------------------------
 Model                              1          2     -0.12120764                            2_GWT-(1,37,27)
 Model                              2          1  5.42555881E-07       *                    2_GWT-(1,41,25)
 ----------------------------------------------------------------------------------------------------------


 2 CALLS TO NUMERICAL SOLUTION IN TIME STEP 117 STRESS PERIOD 2
 3 TOTAL ITERATIONS
 
    Solving:  Stress period:     2    Time step:   118
 

 SLN_1 OUTER ITERATION SUMMARY
 ----------------------------------------------------------------------------------------------------------
                                OUTER      INNER                    STEP   MAXIMUM CHANGE MODEL-(CELLID) OR
 OUTER ITERATION STEP       ITERATION  ITERATION  MAXIMUM CHANGE SUCCESS             MODEL-PACKAGE-(NUMBER)
 ----------------------------------------------------------------------------------------------------------
 Model                              1          1  1.21393018E-04       *                     1_GWF-(1,2,88)
 ----------------------------------------------------------------------------------------------------------


 1 CALLS TO NUMERICAL SOLUTION IN TIME STEP 118 STRESS PERIOD 2
 1 TOTAL ITERATIONS

 SLN_2 OUTER ITERATION SUMMARY
 ----------------------------------------------------------------------------------------------------------
                                OUTER      INNER                    STEP   MAXIMUM CHANGE MODEL-(CELLID) OR
 OUTER ITERATION STEP       ITERATION  ITERATION  MAXIMUM CHANGE SUCCESS             MODEL-PACKAGE-(NUMBER)
 ----------------------------------------------------------------------------------------------------------
 Model                              1          2      0.12022051                            2_GWT-(1,37,27)
 Model                              2          1 -7.44035106E-07       *                    2_GWT-(1,41,25)
 ----------------------------------------------------------------------------------------------------------


 2 CALLS TO NUMERICAL SOLUTION IN TIME STEP 118 STRESS PERIOD 2
 3 TOTAL ITERATIONS
 
    Solving:  Stress period:     2    Time step:   119
 

 SLN_1 OUTER ITERATION SUMMARY
 ----------------------------------------------------------------------------------------------------------
                                OUTER      INNER                    STEP   MAXIMUM CHANGE MODEL-(CELLID) OR
 OUTER ITERATION STEP       ITERATION  ITERATION  MAXIMUM CHANGE SUCCESS             MODEL-PACKAGE-(NUMBER)
 ----------------------------------------------------------------------------------------------------------
 Model                              1          1  1.25186014E-04       *                     1_GWF-(1,2,85)
 ----------------------------------------------------------------------------------------------------------


 1 CALLS TO NUMERICAL SOLUTION IN TIME STEP 119 STRESS PERIOD 2
 1 TOTAL ITERATIONS

 SLN_2 OUTER ITERATION SUMMARY
 ----------------------------------------------------------------------------------------------------------
                                OUTER      INNER                    STEP   MAXIMUM CHANGE MODEL-(CELLID) OR
 OUTER ITERATION STEP       ITERATION  ITERATION  MAXIMUM CHANGE SUCCESS             MODEL-PACKAGE-(NUMBER)
 ----------------------------------------------------------------------------------------------------------
 Model                              1          2     -0.11777290                            2_GWT-(1,37,27)
 Model                              2          1  5.25704650E-07       *                    2_GWT-(1,41,25)
 ----------------------------------------------------------------------------------------------------------


 2 CALLS TO NUMERICAL SOLUTION IN TIME STEP 119 STRESS PERIOD 2
 3 TOTAL ITERATIONS
 
    Solving:  Stress period:     2    Time step:   120
 

 SLN_1 OUTER ITERATION SUMMARY
 ----------------------------------------------------------------------------------------------------------
                                OUTER      INNER                    STEP   MAXIMUM CHANGE MODEL-(CELLID) OR
 OUTER ITERATION STEP       ITERATION  ITERATION  MAXIMUM CHANGE SUCCESS             MODEL-PACKAGE-(NUMBER)
 ----------------------------------------------------------------------------------------------------------
 Model                              1          1  1.19993894E-04       *                     1_GWF-(1,2,88)
 ----------------------------------------------------------------------------------------------------------


 1 CALLS TO NUMERICAL SOLUTION IN TIME STEP 120 STRESS PERIOD 2
 1 TOTAL ITERATIONS

 SLN_2 OUTER ITERATION SUMMARY
 ----------------------------------------------------------------------------------------------------------
                                OUTER      INNER                    STEP   MAXIMUM CHANGE MODEL-(CELLID) OR
 OUTER ITERATION STEP       ITERATION  ITERATION  MAXIMUM CHANGE SUCCESS             MODEL-PACKAGE-(NUMBER)
 ----------------------------------------------------------------------------------------------------------
 Model                              1          2      0.11672670                            2_GWT-(1,37,27)
 Model                              2          1 -7.21983497E-07       *                    2_GWT-(1,41,25)
 ----------------------------------------------------------------------------------------------------------


 2 CALLS TO NUMERICAL SOLUTION IN TIME STEP 120 STRESS PERIOD 2
 3 TOTAL ITERATIONS
 
    Solving:  Stress period:     2    Time step:   121
 

 SLN_1 OUTER ITERATION SUMMARY
 ----------------------------------------------------------------------------------------------------------
                                OUTER      INNER                    STEP   MAXIMUM CHANGE MODEL-(CELLID) OR
 OUTER ITERATION STEP       ITERATION  ITERATION  MAXIMUM CHANGE SUCCESS             MODEL-PACKAGE-(NUMBER)
 ----------------------------------------------------------------------------------------------------------
 Model                              1          1  1.23736045E-04       *                     1_GWF-(1,2,85)
 ----------------------------------------------------------------------------------------------------------


 1 CALLS TO NUMERICAL SOLUTION IN TIME STEP 121 STRESS PERIOD 2
 1 TOTAL ITERATIONS

 SLN_2 OUTER ITERATION SUMMARY
 ----------------------------------------------------------------------------------------------------------
                                OUTER      INNER                    STEP   MAXIMUM CHANGE MODEL-(CELLID) OR
 OUTER ITERATION STEP       ITERATION  ITERATION  MAXIMUM CHANGE SUCCESS             MODEL-PACKAGE-(NUMBER)
 ----------------------------------------------------------------------------------------------------------
 Model                              1          2     -0.11443192                            2_GWT-(1,37,27)
 Model                              2          1  5.09339202E-07       *                    2_GWT-(1,41,25)
 ----------------------------------------------------------------------------------------------------------


 2 CALLS TO NUMERICAL SOLUTION IN TIME STEP 121 STRESS PERIOD 2
 3 TOTAL ITERATIONS
 
    Solving:  Stress period:     2    Time step:   122
 

 SLN_1 OUTER ITERATION SUMMARY
 ----------------------------------------------------------------------------------------------------------
                                OUTER      INNER                    STEP   MAXIMUM CHANGE MODEL-(CELLID) OR
 OUTER ITERATION STEP       ITERATION  ITERATION  MAXIMUM CHANGE SUCCESS             MODEL-PACKAGE-(NUMBER)
 ----------------------------------------------------------------------------------------------------------
 Model                              1          1  1.18613148E-04       *                     1_GWF-(1,2,88)
 ----------------------------------------------------------------------------------------------------------


 1 CALLS TO NUMERICAL SOLUTION IN TIME STEP 122 STRESS PERIOD 2
 1 TOTAL ITERATIONS

 SLN_2 OUTER ITERATION SUMMARY
 ----------------------------------------------------------------------------------------------------------
                                OUTER      INNER                    STEP   MAXIMUM CHANGE MODEL-(CELLID) OR
 OUTER ITERATION STEP       ITERATION  ITERATION  MAXIMUM CHANGE SUCCESS             MODEL-PACKAGE-(NUMBER)
 ----------------------------------------------------------------------------------------------------------
 Model                              1          2      0.11333549                            2_GWT-(1,37,27)
 Model                              2          1 -7.00442229E-07       *                    2_GWT-(1,41,25)
 ----------------------------------------------------------------------------------------------------------


 2 CALLS TO NUMERICAL SOLUTION IN TIME STEP 122 STRESS PERIOD 2
 3 TOTAL ITERATIONS
 
    Solving:  Stress period:     2    Time step:   123
 

 SLN_1 OUTER ITERATION SUMMARY
 ----------------------------------------------------------------------------------------------------------
                                OUTER      INNER                    STEP   MAXIMUM CHANGE MODEL-(CELLID) OR
 OUTER ITERATION STEP       ITERATION  ITERATION  MAXIMUM CHANGE SUCCESS             MODEL-PACKAGE-(NUMBER)
 ----------------------------------------------------------------------------------------------------------
 Model                              1          1  1.22305234E-04       *                     1_GWF-(1,2,85)
 ----------------------------------------------------------------------------------------------------------


 1 CALLS TO NUMERICAL SOLUTION IN TIME STEP 123 STRESS PERIOD 2
 1 TOTAL ITERATIONS

 SLN_2 OUTER ITERATION SUMMARY
 ----------------------------------------------------------------------------------------------------------
                                OUTER      INNER                    STEP   MAXIMUM CHANGE MODEL-(CELLID) OR
 OUTER ITERATION STEP       ITERATION  ITERATION  MAXIMUM CHANGE SUCCESS             MODEL-PACKAGE-(NUMBER)
 ----------------------------------------------------------------------------------------------------------
 Model                              1          2     -0.11118234                            2_GWT-(1,37,27)
 Model                              2          1  4.93447374E-07       *                    2_GWT-(1,41,25)
 ----------------------------------------------------------------------------------------------------------


 2 CALLS TO NUMERICAL SOLUTION IN TIME STEP 123 STRESS PERIOD 2
 3 TOTAL ITERATIONS
 
    Solving:  Stress period:     2    Time step:   124
 

 SLN_1 OUTER ITERATION SUMMARY
 ----------------------------------------------------------------------------------------------------------
                                OUTER      INNER                    STEP   MAXIMUM CHANGE MODEL-(CELLID) OR
 OUTER ITERATION STEP       ITERATION  ITERATION  MAXIMUM CHANGE SUCCESS             MODEL-PACKAGE-(NUMBER)
 ----------------------------------------------------------------------------------------------------------
 Model                              1          1  1.17250511E-04       *                     1_GWF-(1,2,88)
 ----------------------------------------------------------------------------------------------------------


 1 CALLS TO NUMERICAL SOLUTION IN TIME STEP 124 STRESS PERIOD 2
 1 TOTAL ITERATIONS

 SLN_2 OUTER ITERATION SUMMARY
 ----------------------------------------------------------------------------------------------------------
                                OUTER      INNER                    STEP   MAXIMUM CHANGE MODEL-(CELLID) OR
 OUTER ITERATION STEP       ITERATION  ITERATION  MAXIMUM CHANGE SUCCESS             MODEL-PACKAGE-(NUMBER)
 ----------------------------------------------------------------------------------------------------------
 Model                              1          2      0.11004380                            2_GWT-(1,37,27)
 Model                              2          1 -6.79404081E-07       *                    2_GWT-(1,41,25)
 ----------------------------------------------------------------------------------------------------------


 2 CALLS TO NUMERICAL SOLUTION IN TIME STEP 124 STRESS PERIOD 2
 3 TOTAL ITERATIONS
 
    Solving:  Stress period:     2    Time step:   125
 

 SLN_1 OUTER ITERATION SUMMARY
 ----------------------------------------------------------------------------------------------------------
                                OUTER      INNER                    STEP   MAXIMUM CHANGE MODEL-(CELLID) OR
 OUTER ITERATION STEP       ITERATION  ITERATION  MAXIMUM CHANGE SUCCESS             MODEL-PACKAGE-(NUMBER)
 ----------------------------------------------------------------------------------------------------------
 Model                              1          1  1.20893306E-04       *                     1_GWF-(1,2,85)
 ----------------------------------------------------------------------------------------------------------


 1 CALLS TO NUMERICAL SOLUTION IN TIME STEP 125 STRESS PERIOD 2
 1 TOTAL ITERATIONS

 SLN_2 OUTER ITERATION SUMMARY
 ----------------------------------------------------------------------------------------------------------
                                OUTER      INNER                    STEP   MAXIMUM CHANGE MODEL-(CELLID) OR
 OUTER ITERATION STEP       ITERATION  ITERATION  MAXIMUM CHANGE SUCCESS             MODEL-PACKAGE-(NUMBER)
 ----------------------------------------------------------------------------------------------------------
 Model                              1          2     -0.10802189                            2_GWT-(1,37,27)
 Model                              2          1  4.78017398E-07       *                    2_GWT-(1,41,25)
 ----------------------------------------------------------------------------------------------------------


 2 CALLS TO NUMERICAL SOLUTION IN TIME STEP 125 STRESS PERIOD 2
 3 TOTAL ITERATIONS
 
    Solving:  Stress period:     2    Time step:   126
 

 SLN_1 OUTER ITERATION SUMMARY
 ----------------------------------------------------------------------------------------------------------
                                OUTER      INNER                    STEP   MAXIMUM CHANGE MODEL-(CELLID) OR
 OUTER ITERATION STEP       ITERATION  ITERATION  MAXIMUM CHANGE SUCCESS             MODEL-PACKAGE-(NUMBER)
 ----------------------------------------------------------------------------------------------------------
 Model                              1          1  1.15905719E-04       *                     1_GWF-(1,2,88)
 ----------------------------------------------------------------------------------------------------------


 1 CALLS TO NUMERICAL SOLUTION IN TIME STEP 126 STRESS PERIOD 2
 1 TOTAL ITERATIONS

 SLN_2 OUTER ITERATION SUMMARY
 ----------------------------------------------------------------------------------------------------------
                                OUTER      INNER                    STEP   MAXIMUM CHANGE MODEL-(CELLID) OR
 OUTER ITERATION STEP       ITERATION  ITERATION  MAXIMUM CHANGE SUCCESS             MODEL-PACKAGE-(NUMBER)
 ----------------------------------------------------------------------------------------------------------
 Model                              1          2      0.10684864                            2_GWT-(1,37,27)
 Model                              2          1 -6.58863542E-07       *                    2_GWT-(1,41,25)
 ----------------------------------------------------------------------------------------------------------


 2 CALLS TO NUMERICAL SOLUTION IN TIME STEP 126 STRESS PERIOD 2
 3 TOTAL ITERATIONS
 
    Solving:  Stress period:     2    Time step:   127
 

 SLN_1 OUTER ITERATION SUMMARY
 ----------------------------------------------------------------------------------------------------------
                                OUTER      INNER                    STEP   MAXIMUM CHANGE MODEL-(CELLID) OR
 OUTER ITERATION STEP       ITERATION  ITERATION  MAXIMUM CHANGE SUCCESS             MODEL-PACKAGE-(NUMBER)
 ----------------------------------------------------------------------------------------------------------
 Model                              1          1  1.19499991E-04       *                     1_GWF-(1,2,85)
 ----------------------------------------------------------------------------------------------------------


 1 CALLS TO NUMERICAL SOLUTION IN TIME STEP 127 STRESS PERIOD 2
 1 TOTAL ITERATIONS

 SLN_2 OUTER ITERATION SUMMARY
 ----------------------------------------------------------------------------------------------------------
                                OUTER      INNER                    STEP   MAXIMUM CHANGE MODEL-(CELLID) OR
 OUTER ITERATION STEP       ITERATION  ITERATION  MAXIMUM CHANGE SUCCESS             MODEL-PACKAGE-(NUMBER)
 ----------------------------------------------------------------------------------------------------------
 Model                              1          2     -0.10494829                            2_GWT-(1,37,27)
 Model                              2          1  4.63036997E-07       *                    2_GWT-(1,41,25)
 ----------------------------------------------------------------------------------------------------------


 2 CALLS TO NUMERICAL SOLUTION IN TIME STEP 127 STRESS PERIOD 2
 3 TOTAL ITERATIONS
 
    Solving:  Stress period:     2    Time step:   128
 

 SLN_1 OUTER ITERATION SUMMARY
 ----------------------------------------------------------------------------------------------------------
                                OUTER      INNER                    STEP   MAXIMUM CHANGE MODEL-(CELLID) OR
 OUTER ITERATION STEP       ITERATION  ITERATION  MAXIMUM CHANGE SUCCESS             MODEL-PACKAGE-(NUMBER)
 ----------------------------------------------------------------------------------------------------------
 Model                              1          1  1.14578510E-04       *                     1_GWF-(1,2,88)
 ----------------------------------------------------------------------------------------------------------


 1 CALLS TO NUMERICAL SOLUTION IN TIME STEP 128 STRESS PERIOD 2
 1 TOTAL ITERATIONS

 SLN_2 OUTER ITERATION SUMMARY
 ----------------------------------------------------------------------------------------------------------
                                OUTER      INNER                    STEP   MAXIMUM CHANGE MODEL-(CELLID) OR
 OUTER ITERATION STEP       ITERATION  ITERATION  MAXIMUM CHANGE SUCCESS             MODEL-PACKAGE-(NUMBER)
 ----------------------------------------------------------------------------------------------------------
 Model                              1          2      0.10374712                            2_GWT-(1,37,27)
 Model                              2          1 -6.38814754E-07       *                    2_GWT-(1,41,25)
 ----------------------------------------------------------------------------------------------------------


 2 CALLS TO NUMERICAL SOLUTION IN TIME STEP 128 STRESS PERIOD 2
 3 TOTAL ITERATIONS
 
    Solving:  Stress period:     2    Time step:   129
 

 SLN_1 OUTER ITERATION SUMMARY
 ----------------------------------------------------------------------------------------------------------
                                OUTER      INNER                    STEP   MAXIMUM CHANGE MODEL-(CELLID) OR
 OUTER ITERATION STEP       ITERATION  ITERATION  MAXIMUM CHANGE SUCCESS             MODEL-PACKAGE-(NUMBER)
 ----------------------------------------------------------------------------------------------------------
 Model                              1          1  1.18125024E-04       *                     1_GWF-(1,2,85)
 ----------------------------------------------------------------------------------------------------------


 1 CALLS TO NUMERICAL SOLUTION IN TIME STEP 129 STRESS PERIOD 2
 1 TOTAL ITERATIONS

 SLN_2 OUTER ITERATION SUMMARY
 ----------------------------------------------------------------------------------------------------------
                                OUTER      INNER                    STEP   MAXIMUM CHANGE MODEL-(CELLID) OR
 OUTER ITERATION STEP       ITERATION  ITERATION  MAXIMUM CHANGE SUCCESS             MODEL-PACKAGE-(NUMBER)
 ----------------------------------------------------------------------------------------------------------
 Model                              1          2     -0.10195936                            2_GWT-(1,37,27)
 Model                              2          1  4.48494632E-07       *                    2_GWT-(1,41,25)
 ----------------------------------------------------------------------------------------------------------


 2 CALLS TO NUMERICAL SOLUTION IN TIME STEP 129 STRESS PERIOD 2
 3 TOTAL ITERATIONS
 
    Solving:  Stress period:     2    Time step:   130
 

 SLN_1 OUTER ITERATION SUMMARY
 ----------------------------------------------------------------------------------------------------------
                                OUTER      INNER                    STEP   MAXIMUM CHANGE MODEL-(CELLID) OR
 OUTER ITERATION STEP       ITERATION  ITERATION  MAXIMUM CHANGE SUCCESS             MODEL-PACKAGE-(NUMBER)
 ----------------------------------------------------------------------------------------------------------
 Model                              1          1  1.13268631E-04       *                     1_GWF-(1,2,88)
 ----------------------------------------------------------------------------------------------------------


 1 CALLS TO NUMERICAL SOLUTION IN TIME STEP 130 STRESS PERIOD 2
 1 TOTAL ITERATIONS

 SLN_2 OUTER ITERATION SUMMARY
 ----------------------------------------------------------------------------------------------------------
                                OUTER      INNER                    STEP   MAXIMUM CHANGE MODEL-(CELLID) OR
 OUTER ITERATION STEP       ITERATION  ITERATION  MAXIMUM CHANGE SUCCESS             MODEL-PACKAGE-(NUMBER)
 ----------------------------------------------------------------------------------------------------------
 Model                              1          2      0.10073646                            2_GWT-(1,37,27)
 Model                              2          1 -6.19251523E-07       *                    2_GWT-(1,41,25)
 ----------------------------------------------------------------------------------------------------------


 2 CALLS TO NUMERICAL SOLUTION IN TIME STEP 130 STRESS PERIOD 2
 3 TOTAL ITERATIONS
 
    Solving:  Stress period:     2    Time step:   131
 

 SLN_1 OUTER ITERATION SUMMARY
 ----------------------------------------------------------------------------------------------------------
                                OUTER      INNER                    STEP   MAXIMUM CHANGE MODEL-(CELLID) OR
 OUTER ITERATION STEP       ITERATION  ITERATION  MAXIMUM CHANGE SUCCESS             MODEL-PACKAGE-(NUMBER)
 ----------------------------------------------------------------------------------------------------------
 Model                              1          1  1.16768142E-04       *                     1_GWF-(1,2,85)
 ----------------------------------------------------------------------------------------------------------


 1 CALLS TO NUMERICAL SOLUTION IN TIME STEP 131 STRESS PERIOD 2
 1 TOTAL ITERATIONS

 SLN_2 OUTER ITERATION SUMMARY
 ----------------------------------------------------------------------------------------------------------
                                OUTER      INNER                    STEP   MAXIMUM CHANGE MODEL-(CELLID) OR
 OUTER ITERATION STEP       ITERATION  ITERATION  MAXIMUM CHANGE SUCCESS             MODEL-PACKAGE-(NUMBER)
 ----------------------------------------------------------------------------------------------------------
 Model                              1          2 -9.90529151E-02                            2_GWT-(1,37,27)
 Model                              2          1  4.34378478E-07       *                    2_GWT-(1,41,25)
 ----------------------------------------------------------------------------------------------------------


 2 CALLS TO NUMERICAL SOLUTION IN TIME STEP 131 STRESS PERIOD 2
 3 TOTAL ITERATIONS
 
    Solving:  Stress period:     2    Time step:   132
 

 SLN_1 OUTER ITERATION SUMMARY
 ----------------------------------------------------------------------------------------------------------
                                OUTER      INNER                    STEP   MAXIMUM CHANGE MODEL-(CELLID) OR
 OUTER ITERATION STEP       ITERATION  ITERATION  MAXIMUM CHANGE SUCCESS             MODEL-PACKAGE-(NUMBER)
 ----------------------------------------------------------------------------------------------------------
 Model                              1          1  1.11975831E-04       *                     1_GWF-(1,2,88)
 ----------------------------------------------------------------------------------------------------------


 1 CALLS TO NUMERICAL SOLUTION IN TIME STEP 132 STRESS PERIOD 2
 1 TOTAL ITERATIONS

 SLN_2 OUTER ITERATION SUMMARY
 ----------------------------------------------------------------------------------------------------------
                                OUTER      INNER                    STEP   MAXIMUM CHANGE MODEL-(CELLID) OR
 OUTER ITERATION STEP       ITERATION  ITERATION  MAXIMUM CHANGE SUCCESS             MODEL-PACKAGE-(NUMBER)
 ----------------------------------------------------------------------------------------------------------
 Model                              1          2  9.78139929E-02                            2_GWT-(1,37,27)
 Model                              2          1 -6.00168789E-07       *                    2_GWT-(1,41,25)
 ----------------------------------------------------------------------------------------------------------


 2 CALLS TO NUMERICAL SOLUTION IN TIME STEP 132 STRESS PERIOD 2
 3 TOTAL ITERATIONS
 
    Solving:  Stress period:     2    Time step:   133
 

 SLN_1 OUTER ITERATION SUMMARY
 ----------------------------------------------------------------------------------------------------------
                                OUTER      INNER                    STEP   MAXIMUM CHANGE MODEL-(CELLID) OR
 OUTER ITERATION STEP       ITERATION  ITERATION  MAXIMUM CHANGE SUCCESS             MODEL-PACKAGE-(NUMBER)
 ----------------------------------------------------------------------------------------------------------
 Model                              1          1  1.15429087E-04       *                     1_GWF-(1,2,85)
 ----------------------------------------------------------------------------------------------------------


 1 CALLS TO NUMERICAL SOLUTION IN TIME STEP 133 STRESS PERIOD 2
 1 TOTAL ITERATIONS

 SLN_2 OUTER ITERATION SUMMARY
 ----------------------------------------------------------------------------------------------------------
                                OUTER      INNER                    STEP   MAXIMUM CHANGE MODEL-(CELLID) OR
 OUTER ITERATION STEP       ITERATION  ITERATION  MAXIMUM CHANGE SUCCESS             MODEL-PACKAGE-(NUMBER)
 ----------------------------------------------------------------------------------------------------------
 Model                              1          2 -9.62268508E-02                            2_GWT-(1,37,27)
 Model                              2          1  4.20677168E-07       *                    2_GWT-(1,41,25)
 ----------------------------------------------------------------------------------------------------------


 2 CALLS TO NUMERICAL SOLUTION IN TIME STEP 133 STRESS PERIOD 2
 3 TOTAL ITERATIONS
 
    Solving:  Stress period:     2    Time step:   134
 

 SLN_1 OUTER ITERATION SUMMARY
 ----------------------------------------------------------------------------------------------------------
                                OUTER      INNER                    STEP   MAXIMUM CHANGE MODEL-(CELLID) OR
 OUTER ITERATION STEP       ITERATION  ITERATION  MAXIMUM CHANGE SUCCESS             MODEL-PACKAGE-(NUMBER)
 ----------------------------------------------------------------------------------------------------------
 Model                              1          1  1.10699863E-04       *                     1_GWF-(1,2,88)
 ----------------------------------------------------------------------------------------------------------


 1 CALLS TO NUMERICAL SOLUTION IN TIME STEP 134 STRESS PERIOD 2
 1 TOTAL ITERATIONS

 SLN_2 OUTER ITERATION SUMMARY
 ----------------------------------------------------------------------------------------------------------
                                OUTER      INNER                    STEP   MAXIMUM CHANGE MODEL-(CELLID) OR
 OUTER ITERATION STEP       ITERATION  ITERATION  MAXIMUM CHANGE SUCCESS             MODEL-PACKAGE-(NUMBER)
 ----------------------------------------------------------------------------------------------------------
 Model                              1          2  9.49771032E-02                            2_GWT-(1,37,27)
 Model                              2          1 -5.81560812E-07       *                    2_GWT-(1,41,25)
 ----------------------------------------------------------------------------------------------------------


 2 CALLS TO NUMERICAL SOLUTION IN TIME STEP 134 STRESS PERIOD 2
 3 TOTAL ITERATIONS
 
    Solving:  Stress period:     2    Time step:   135
 

 SLN_1 OUTER ITERATION SUMMARY
 ----------------------------------------------------------------------------------------------------------
                                OUTER      INNER                    STEP   MAXIMUM CHANGE MODEL-(CELLID) OR
 OUTER ITERATION STEP       ITERATION  ITERATION  MAXIMUM CHANGE SUCCESS             MODEL-PACKAGE-(NUMBER)
 ----------------------------------------------------------------------------------------------------------
 Model                              1          1  1.14107603E-04       *                     1_GWF-(1,2,85)
 ----------------------------------------------------------------------------------------------------------


 1 CALLS TO NUMERICAL SOLUTION IN TIME STEP 135 STRESS PERIOD 2
 1 TOTAL ITERATIONS

 SLN_2 OUTER ITERATION SUMMARY
 ----------------------------------------------------------------------------------------------------------
                                OUTER      INNER                    STEP   MAXIMUM CHANGE MODEL-(CELLID) OR
 OUTER ITERATION STEP       ITERATION  ITERATION  MAXIMUM CHANGE SUCCESS             MODEL-PACKAGE-(NUMBER)
 ----------------------------------------------------------------------------------------------------------
 Model                              1          2 -9.34790863E-02                            2_GWT-(1,37,27)
 Model                              2          1  4.07379332E-07       *                    2_GWT-(1,41,25)
 ----------------------------------------------------------------------------------------------------------


 2 CALLS TO NUMERICAL SOLUTION IN TIME STEP 135 STRESS PERIOD 2
 3 TOTAL ITERATIONS
 
    Solving:  Stress period:     2    Time step:   136
 

 SLN_1 OUTER ITERATION SUMMARY
 ----------------------------------------------------------------------------------------------------------
                                OUTER      INNER                    STEP   MAXIMUM CHANGE MODEL-(CELLID) OR
 OUTER ITERATION STEP       ITERATION  ITERATION  MAXIMUM CHANGE SUCCESS             MODEL-PACKAGE-(NUMBER)
 ----------------------------------------------------------------------------------------------------------
 Model                              1          1  1.09440484E-04       *                     1_GWF-(1,2,88)
 ----------------------------------------------------------------------------------------------------------


 1 CALLS TO NUMERICAL SOLUTION IN TIME STEP 136 STRESS PERIOD 2
 1 TOTAL ITERATIONS

 SLN_2 OUTER ITERATION SUMMARY
 ----------------------------------------------------------------------------------------------------------
                                OUTER      INNER                    STEP   MAXIMUM CHANGE MODEL-(CELLID) OR
 OUTER ITERATION STEP       ITERATION  ITERATION  MAXIMUM CHANGE SUCCESS             MODEL-PACKAGE-(NUMBER)
 ----------------------------------------------------------------------------------------------------------
 Model                              1          2  9.22232818E-02                            2_GWT-(1,37,27)
 Model                              2          1 -5.63422248E-07       *                    2_GWT-(1,41,25)
 ----------------------------------------------------------------------------------------------------------


 2 CALLS TO NUMERICAL SOLUTION IN TIME STEP 136 STRESS PERIOD 2
 3 TOTAL ITERATIONS
 
    Solving:  Stress period:     2    Time step:   137
 

 SLN_1 OUTER ITERATION SUMMARY
 ----------------------------------------------------------------------------------------------------------
                                OUTER      INNER                    STEP   MAXIMUM CHANGE MODEL-(CELLID) OR
 OUTER ITERATION STEP       ITERATION  ITERATION  MAXIMUM CHANGE SUCCESS             MODEL-PACKAGE-(NUMBER)
 ----------------------------------------------------------------------------------------------------------
 Model                              1          1  1.12803439E-04       *                     1_GWF-(1,2,85)
 ----------------------------------------------------------------------------------------------------------


 1 CALLS TO NUMERICAL SOLUTION IN TIME STEP 137 STRESS PERIOD 2
 1 TOTAL ITERATIONS

 SLN_2 OUTER ITERATION SUMMARY
 ----------------------------------------------------------------------------------------------------------
                                OUTER      INNER                    STEP   MAXIMUM CHANGE MODEL-(CELLID) OR
 OUTER ITERATION STEP       ITERATION  ITERATION  MAXIMUM CHANGE SUCCESS             MODEL-PACKAGE-(NUMBER)
 ----------------------------------------------------------------------------------------------------------
 Model                              1          2 -9.08075886E-02                            2_GWT-(1,37,27)
 Model                              2          1  3.94473773E-07       *                    2_GWT-(1,41,25)
 ----------------------------------------------------------------------------------------------------------


 2 CALLS TO NUMERICAL SOLUTION IN TIME STEP 137 STRESS PERIOD 2
 3 TOTAL ITERATIONS
 
    Solving:  Stress period:     2    Time step:   138
 

 SLN_1 OUTER ITERATION SUMMARY
 ----------------------------------------------------------------------------------------------------------
                                OUTER      INNER                    STEP   MAXIMUM CHANGE MODEL-(CELLID) OR
 OUTER ITERATION STEP       ITERATION  ITERATION  MAXIMUM CHANGE SUCCESS             MODEL-PACKAGE-(NUMBER)
 ----------------------------------------------------------------------------------------------------------
 Model                              1          1  1.08197456E-04       *                     1_GWF-(1,2,88)
 ----------------------------------------------------------------------------------------------------------


 1 CALLS TO NUMERICAL SOLUTION IN TIME STEP 138 STRESS PERIOD 2
 1 TOTAL ITERATIONS

 SLN_2 OUTER ITERATION SUMMARY
 ----------------------------------------------------------------------------------------------------------
                                OUTER      INNER                    STEP   MAXIMUM CHANGE MODEL-(CELLID) OR
 OUTER ITERATION STEP       ITERATION  ITERATION  MAXIMUM CHANGE SUCCESS             MODEL-PACKAGE-(NUMBER)
 ----------------------------------------------------------------------------------------------------------
 Model                              1          2  8.95500931E-02                            2_GWT-(1,37,27)
 Model                              2          1 -5.45748037E-07       *                    2_GWT-(1,41,25)
 ----------------------------------------------------------------------------------------------------------


 2 CALLS TO NUMERICAL SOLUTION IN TIME STEP 138 STRESS PERIOD 2
 3 TOTAL ITERATIONS
 
    Solving:  Stress period:     2    Time step:   139
 

 SLN_1 OUTER ITERATION SUMMARY
 ----------------------------------------------------------------------------------------------------------
                                OUTER      INNER                    STEP   MAXIMUM CHANGE MODEL-(CELLID) OR
 OUTER ITERATION STEP       ITERATION  ITERATION  MAXIMUM CHANGE SUCCESS             MODEL-PACKAGE-(NUMBER)
 ----------------------------------------------------------------------------------------------------------
 Model                              1          1  1.11516347E-04       *                     1_GWF-(1,2,85)
 ----------------------------------------------------------------------------------------------------------


 1 CALLS TO NUMERICAL SOLUTION IN TIME STEP 139 STRESS PERIOD 2
 1 TOTAL ITERATIONS

 SLN_2 OUTER ITERATION SUMMARY
 ----------------------------------------------------------------------------------------------------------
                                OUTER      INNER                    STEP   MAXIMUM CHANGE MODEL-(CELLID) OR
 OUTER ITERATION STEP       ITERATION  ITERATION  MAXIMUM CHANGE SUCCESS             MODEL-PACKAGE-(NUMBER)
 ----------------------------------------------------------------------------------------------------------
 Model                              1          2 -8.82103663E-02                            2_GWT-(1,37,27)
 Model                              2          1  3.81949746E-07       *                    2_GWT-(1,41,25)
 ----------------------------------------------------------------------------------------------------------


 2 CALLS TO NUMERICAL SOLUTION IN TIME STEP 139 STRESS PERIOD 2
 3 TOTAL ITERATIONS
 
    Solving:  Stress period:     2    Time step:   140
 

 SLN_1 OUTER ITERATION SUMMARY
 ----------------------------------------------------------------------------------------------------------
                                OUTER      INNER                    STEP   MAXIMUM CHANGE MODEL-(CELLID) OR
 OUTER ITERATION STEP       ITERATION  ITERATION  MAXIMUM CHANGE SUCCESS             MODEL-PACKAGE-(NUMBER)
 ----------------------------------------------------------------------------------------------------------
 Model                              1          1  1.06970543E-04       *                     1_GWF-(1,2,88)
 ----------------------------------------------------------------------------------------------------------


 1 CALLS TO NUMERICAL SOLUTION IN TIME STEP 140 STRESS PERIOD 2
 1 TOTAL ITERATIONS

 SLN_2 OUTER ITERATION SUMMARY
 ----------------------------------------------------------------------------------------------------------
                                OUTER      INNER                    STEP   MAXIMUM CHANGE MODEL-(CELLID) OR
 OUTER ITERATION STEP       ITERATION  ITERATION  MAXIMUM CHANGE SUCCESS             MODEL-PACKAGE-(NUMBER)
 ----------------------------------------------------------------------------------------------------------
 Model                              1          2  8.69551777E-02                            2_GWT-(1,37,27)
 Model                              2          1 -5.28532439E-07       *                    2_GWT-(1,41,25)
 ----------------------------------------------------------------------------------------------------------


 2 CALLS TO NUMERICAL SOLUTION IN TIME STEP 140 STRESS PERIOD 2
 3 TOTAL ITERATIONS
 
    Solving:  Stress period:     2    Time step:   141
 

 SLN_1 OUTER ITERATION SUMMARY
 ----------------------------------------------------------------------------------------------------------
                                OUTER      INNER                    STEP   MAXIMUM CHANGE MODEL-(CELLID) OR
 OUTER ITERATION STEP       ITERATION  ITERATION  MAXIMUM CHANGE SUCCESS             MODEL-PACKAGE-(NUMBER)
 ----------------------------------------------------------------------------------------------------------
 Model                              1          1  1.10246081E-04       *                     1_GWF-(1,2,85)
 ----------------------------------------------------------------------------------------------------------


 1 CALLS TO NUMERICAL SOLUTION IN TIME STEP 141 STRESS PERIOD 2
 1 TOTAL ITERATIONS

 SLN_2 OUTER ITERATION SUMMARY
 ----------------------------------------------------------------------------------------------------------
                                OUTER      INNER                    STEP   MAXIMUM CHANGE MODEL-(CELLID) OR
 OUTER ITERATION STEP       ITERATION  ITERATION  MAXIMUM CHANGE SUCCESS             MODEL-PACKAGE-(NUMBER)
 ----------------------------------------------------------------------------------------------------------
 Model                              1          2 -8.56854709E-02                            2_GWT-(1,37,27)
 Model                              2          1  3.69796794E-07       *                    2_GWT-(1,41,25)
 ----------------------------------------------------------------------------------------------------------


 2 CALLS TO NUMERICAL SOLUTION IN TIME STEP 141 STRESS PERIOD 2
 3 TOTAL ITERATIONS
 
    Solving:  Stress period:     2    Time step:   142
 

 SLN_1 OUTER ITERATION SUMMARY
 ----------------------------------------------------------------------------------------------------------
                                OUTER      INNER                    STEP   MAXIMUM CHANGE MODEL-(CELLID) OR
 OUTER ITERATION STEP       ITERATION  ITERATION  MAXIMUM CHANGE SUCCESS             MODEL-PACKAGE-(NUMBER)
 ----------------------------------------------------------------------------------------------------------
 Model                              1          1  1.05759513E-04       *                     1_GWF-(1,2,88)
 ----------------------------------------------------------------------------------------------------------


 1 CALLS TO NUMERICAL SOLUTION IN TIME STEP 142 STRESS PERIOD 2
 1 TOTAL ITERATIONS

 SLN_2 OUTER ITERATION SUMMARY
 ----------------------------------------------------------------------------------------------------------
                                OUTER      INNER                    STEP   MAXIMUM CHANGE MODEL-(CELLID) OR
 OUTER ITERATION STEP       ITERATION  ITERATION  MAXIMUM CHANGE SUCCESS             MODEL-PACKAGE-(NUMBER)
 ----------------------------------------------------------------------------------------------------------
 Model                              1          2  8.44362494E-02                            2_GWT-(1,37,27)
 Model                              2          1 -5.11770452E-07       *                    2_GWT-(1,41,25)
 ----------------------------------------------------------------------------------------------------------


 2 CALLS TO NUMERICAL SOLUTION IN TIME STEP 142 STRESS PERIOD 2
 3 TOTAL ITERATIONS
 
    Solving:  Stress period:     2    Time step:   143
 

 SLN_1 OUTER ITERATION SUMMARY
 ----------------------------------------------------------------------------------------------------------
                                OUTER      INNER                    STEP   MAXIMUM CHANGE MODEL-(CELLID) OR
 OUTER ITERATION STEP       ITERATION  ITERATION  MAXIMUM CHANGE SUCCESS             MODEL-PACKAGE-(NUMBER)
 ----------------------------------------------------------------------------------------------------------
 Model                              1          1  1.08992400E-04       *                     1_GWF-(1,2,85)
 ----------------------------------------------------------------------------------------------------------


 1 CALLS TO NUMERICAL SOLUTION IN TIME STEP 143 STRESS PERIOD 2
 1 TOTAL ITERATIONS

 SLN_2 OUTER ITERATION SUMMARY
 ----------------------------------------------------------------------------------------------------------
                                OUTER      INNER                    STEP   MAXIMUM CHANGE MODEL-(CELLID) OR
 OUTER ITERATION STEP       ITERATION  ITERATION  MAXIMUM CHANGE SUCCESS             MODEL-PACKAGE-(NUMBER)
 ----------------------------------------------------------------------------------------------------------
 Model                              1          2 -8.32309958E-02                            2_GWT-(1,37,27)
 Model                              2          1  3.58004286E-07       *                    2_GWT-(1,41,25)
 ----------------------------------------------------------------------------------------------------------


 2 CALLS TO NUMERICAL SOLUTION IN TIME STEP 143 STRESS PERIOD 2
 3 TOTAL ITERATIONS
 
    Solving:  Stress period:     2    Time step:   144
 

 SLN_1 OUTER ITERATION SUMMARY
 ----------------------------------------------------------------------------------------------------------
                                OUTER      INNER                    STEP   MAXIMUM CHANGE MODEL-(CELLID) OR
 OUTER ITERATION STEP       ITERATION  ITERATION  MAXIMUM CHANGE SUCCESS             MODEL-PACKAGE-(NUMBER)
 ----------------------------------------------------------------------------------------------------------
 Model                              1          1  1.04564138E-04       *                     1_GWF-(1,2,88)
 ----------------------------------------------------------------------------------------------------------


 1 CALLS TO NUMERICAL SOLUTION IN TIME STEP 144 STRESS PERIOD 2
 1 TOTAL ITERATIONS

 SLN_2 OUTER ITERATION SUMMARY
 ----------------------------------------------------------------------------------------------------------
                                OUTER      INNER                    STEP   MAXIMUM CHANGE MODEL-(CELLID) OR
 OUTER ITERATION STEP       ITERATION  ITERATION  MAXIMUM CHANGE SUCCESS             MODEL-PACKAGE-(NUMBER)
 ----------------------------------------------------------------------------------------------------------
 Model                              1          2  8.19910903E-02                            2_GWT-(1,37,27)
 Model                              2          1 -4.95457130E-07       *                    2_GWT-(1,41,25)
 ----------------------------------------------------------------------------------------------------------


 2 CALLS TO NUMERICAL SOLUTION IN TIME STEP 144 STRESS PERIOD 2
 3 TOTAL ITERATIONS
 
    Solving:  Stress period:     2    Time step:   145
 

 SLN_1 OUTER ITERATION SUMMARY
 ----------------------------------------------------------------------------------------------------------
                                OUTER      INNER                    STEP   MAXIMUM CHANGE MODEL-(CELLID) OR
 OUTER ITERATION STEP       ITERATION  ITERATION  MAXIMUM CHANGE SUCCESS             MODEL-PACKAGE-(NUMBER)
 ----------------------------------------------------------------------------------------------------------
 Model                              1          1  1.07755064E-04       *                     1_GWF-(1,2,85)
 ----------------------------------------------------------------------------------------------------------


 1 CALLS TO NUMERICAL SOLUTION IN TIME STEP 145 STRESS PERIOD 2
 1 TOTAL ITERATIONS

 SLN_2 OUTER ITERATION SUMMARY
 ----------------------------------------------------------------------------------------------------------
                                OUTER      INNER                    STEP   MAXIMUM CHANGE MODEL-(CELLID) OR
 OUTER ITERATION STEP       ITERATION  ITERATION  MAXIMUM CHANGE SUCCESS             MODEL-PACKAGE-(NUMBER)
 ----------------------------------------------------------------------------------------------------------
 Model                              1          2 -8.08450767E-02                            2_GWT-(1,37,27)
 Model                              2          1  3.46562217E-07       *                    2_GWT-(1,41,25)
 ----------------------------------------------------------------------------------------------------------


 2 CALLS TO NUMERICAL SOLUTION IN TIME STEP 145 STRESS PERIOD 2
 3 TOTAL ITERATIONS
 
    Solving:  Stress period:     2    Time step:   146
 

 SLN_1 OUTER ITERATION SUMMARY
 ----------------------------------------------------------------------------------------------------------
                                OUTER      INNER                    STEP   MAXIMUM CHANGE MODEL-(CELLID) OR
 OUTER ITERATION STEP       ITERATION  ITERATION  MAXIMUM CHANGE SUCCESS             MODEL-PACKAGE-(NUMBER)
 ----------------------------------------------------------------------------------------------------------
 Model                              1          1  1.03384192E-04       *                     1_GWF-(1,2,88)
 ----------------------------------------------------------------------------------------------------------


 1 CALLS TO NUMERICAL SOLUTION IN TIME STEP 146 STRESS PERIOD 2
 1 TOTAL ITERATIONS

 SLN_2 OUTER ITERATION SUMMARY
 ----------------------------------------------------------------------------------------------------------
                                OUTER      INNER                    STEP   MAXIMUM CHANGE MODEL-(CELLID) OR
 OUTER ITERATION STEP       ITERATION  ITERATION  MAXIMUM CHANGE SUCCESS             MODEL-PACKAGE-(NUMBER)
 ----------------------------------------------------------------------------------------------------------
 Model                              1          2  7.96175499E-02                            2_GWT-(1,37,27)
 Model                              2          1 -4.79586447E-07       *                    2_GWT-(1,41,25)
 ----------------------------------------------------------------------------------------------------------


 2 CALLS TO NUMERICAL SOLUTION IN TIME STEP 146 STRESS PERIOD 2
 3 TOTAL ITERATIONS
 
    Solving:  Stress period:     2    Time step:   147
 

 SLN_1 OUTER ITERATION SUMMARY
 ----------------------------------------------------------------------------------------------------------
                                OUTER      INNER                    STEP   MAXIMUM CHANGE MODEL-(CELLID) OR
 OUTER ITERATION STEP       ITERATION  ITERATION  MAXIMUM CHANGE SUCCESS             MODEL-PACKAGE-(NUMBER)
 ----------------------------------------------------------------------------------------------------------
 Model                              1          1  1.06533839E-04       *                     1_GWF-(1,2,85)
 ----------------------------------------------------------------------------------------------------------


 1 CALLS TO NUMERICAL SOLUTION IN TIME STEP 147 STRESS PERIOD 2
 1 TOTAL ITERATIONS

 SLN_2 OUTER ITERATION SUMMARY
 ----------------------------------------------------------------------------------------------------------
                                OUTER      INNER                    STEP   MAXIMUM CHANGE MODEL-(CELLID) OR
 OUTER ITERATION STEP       ITERATION  ITERATION  MAXIMUM CHANGE SUCCESS             MODEL-PACKAGE-(NUMBER)
 ----------------------------------------------------------------------------------------------------------
 Model                              1          2 -7.85258896E-02                            2_GWT-(1,37,27)
 Model                              2          1  3.35460697E-07       *                    2_GWT-(1,41,25)
 ----------------------------------------------------------------------------------------------------------


 2 CALLS TO NUMERICAL SOLUTION IN TIME STEP 147 STRESS PERIOD 2
 3 TOTAL ITERATIONS
 
    Solving:  Stress period:     2    Time step:   148
 

 SLN_1 OUTER ITERATION SUMMARY
 ----------------------------------------------------------------------------------------------------------
                                OUTER      INNER                    STEP   MAXIMUM CHANGE MODEL-(CELLID) OR
 OUTER ITERATION STEP       ITERATION  ITERATION  MAXIMUM CHANGE SUCCESS             MODEL-PACKAGE-(NUMBER)
 ----------------------------------------------------------------------------------------------------------
 Model                              1          1  1.02219454E-04       *                     1_GWF-(1,2,88)
 ----------------------------------------------------------------------------------------------------------


 1 CALLS TO NUMERICAL SOLUTION IN TIME STEP 148 STRESS PERIOD 2
 1 TOTAL ITERATIONS

 SLN_2 OUTER ITERATION SUMMARY
 ----------------------------------------------------------------------------------------------------------
                                OUTER      INNER                    STEP   MAXIMUM CHANGE MODEL-(CELLID) OR
 OUTER ITERATION STEP       ITERATION  ITERATION  MAXIMUM CHANGE SUCCESS             MODEL-PACKAGE-(NUMBER)
 ----------------------------------------------------------------------------------------------------------
 Model                              1          2  7.73135411E-02                            2_GWT-(1,37,27)
 Model                              2          1 -4.64153572E-07       *                    2_GWT-(1,41,25)
 ----------------------------------------------------------------------------------------------------------


 2 CALLS TO NUMERICAL SOLUTION IN TIME STEP 148 STRESS PERIOD 2
 3 TOTAL ITERATIONS
 
    Solving:  Stress period:     2    Time step:   149
 

 SLN_1 OUTER ITERATION SUMMARY
 ----------------------------------------------------------------------------------------------------------
                                OUTER      INNER                    STEP   MAXIMUM CHANGE MODEL-(CELLID) OR
 OUTER ITERATION STEP       ITERATION  ITERATION  MAXIMUM CHANGE SUCCESS             MODEL-PACKAGE-(NUMBER)
 ----------------------------------------------------------------------------------------------------------
 Model                              1          1  1.05328492E-04       *                     1_GWF-(1,2,85)
 ----------------------------------------------------------------------------------------------------------


 1 CALLS TO NUMERICAL SOLUTION IN TIME STEP 149 STRESS PERIOD 2
 1 TOTAL ITERATIONS

 SLN_2 OUTER ITERATION SUMMARY
 ----------------------------------------------------------------------------------------------------------
                                OUTER      INNER                    STEP   MAXIMUM CHANGE MODEL-(CELLID) OR
 OUTER ITERATION STEP       ITERATION  ITERATION  MAXIMUM CHANGE SUCCESS             MODEL-PACKAGE-(NUMBER)
 ----------------------------------------------------------------------------------------------------------
 Model                              1          2 -7.62716525E-02                            2_GWT-(1,37,27)
 Model                              2          1  3.24689495E-07       *                    2_GWT-(1,41,25)
 ----------------------------------------------------------------------------------------------------------


 2 CALLS TO NUMERICAL SOLUTION IN TIME STEP 149 STRESS PERIOD 2
 3 TOTAL ITERATIONS
 
    Solving:  Stress period:     2    Time step:   150
 

 SLN_1 OUTER ITERATION SUMMARY
 ----------------------------------------------------------------------------------------------------------
                                OUTER      INNER                    STEP   MAXIMUM CHANGE MODEL-(CELLID) OR
 OUTER ITERATION STEP       ITERATION  ITERATION  MAXIMUM CHANGE SUCCESS             MODEL-PACKAGE-(NUMBER)
 ----------------------------------------------------------------------------------------------------------
 Model                              1          1  1.01069706E-04       *                     1_GWF-(1,2,88)
 ----------------------------------------------------------------------------------------------------------


 1 CALLS TO NUMERICAL SOLUTION IN TIME STEP 150 STRESS PERIOD 2
 1 TOTAL ITERATIONS

 SLN_2 OUTER ITERATION SUMMARY
 ----------------------------------------------------------------------------------------------------------
                                OUTER      INNER                    STEP   MAXIMUM CHANGE MODEL-(CELLID) OR
 OUTER ITERATION STEP       ITERATION  ITERATION  MAXIMUM CHANGE SUCCESS             MODEL-PACKAGE-(NUMBER)
 ----------------------------------------------------------------------------------------------------------
 Model                              1          2  7.50770380E-02                            2_GWT-(1,37,27)
 Model                              2          1 -4.49153447E-07       *                    2_GWT-(1,41,25)
 ----------------------------------------------------------------------------------------------------------


 2 CALLS TO NUMERICAL SOLUTION IN TIME STEP 150 STRESS PERIOD 2
 3 TOTAL ITERATIONS
 
    Solving:  Stress period:     2    Time step:   151
 

 SLN_1 OUTER ITERATION SUMMARY
 ----------------------------------------------------------------------------------------------------------
                                OUTER      INNER                    STEP   MAXIMUM CHANGE MODEL-(CELLID) OR
 OUTER ITERATION STEP       ITERATION  ITERATION  MAXIMUM CHANGE SUCCESS             MODEL-PACKAGE-(NUMBER)
 ----------------------------------------------------------------------------------------------------------
 Model                              1          1  1.04138794E-04       *                     1_GWF-(1,2,85)
 ----------------------------------------------------------------------------------------------------------


 1 CALLS TO NUMERICAL SOLUTION IN TIME STEP 151 STRESS PERIOD 2
 1 TOTAL ITERATIONS

 SLN_2 OUTER ITERATION SUMMARY
 ----------------------------------------------------------------------------------------------------------
                                OUTER      INNER                    STEP   MAXIMUM CHANGE MODEL-(CELLID) OR
 OUTER ITERATION STEP       ITERATION  ITERATION  MAXIMUM CHANGE SUCCESS             MODEL-PACKAGE-(NUMBER)
 ----------------------------------------------------------------------------------------------------------
 Model                              1          2 -7.40806229E-02                            2_GWT-(1,37,27)
 Model                              2          1  3.14239855E-07       *                    2_GWT-(1,41,25)
 ----------------------------------------------------------------------------------------------------------


 2 CALLS TO NUMERICAL SOLUTION IN TIME STEP 151 STRESS PERIOD 2
 3 TOTAL ITERATIONS
 
    Solving:  Stress period:     2    Time step:   152
 

 SLN_1 OUTER ITERATION SUMMARY
 ----------------------------------------------------------------------------------------------------------
                                OUTER      INNER                    STEP   MAXIMUM CHANGE MODEL-(CELLID) OR
 OUTER ITERATION STEP       ITERATION  ITERATION  MAXIMUM CHANGE SUCCESS             MODEL-PACKAGE-(NUMBER)
 ----------------------------------------------------------------------------------------------------------
 Model                              1          1  9.99347311E-05       *                     1_GWF-(1,2,88)
 ----------------------------------------------------------------------------------------------------------


 1 CALLS TO NUMERICAL SOLUTION IN TIME STEP 152 STRESS PERIOD 2
 1 TOTAL ITERATIONS

 SLN_2 OUTER ITERATION SUMMARY
 ----------------------------------------------------------------------------------------------------------
                                OUTER      INNER                    STEP   MAXIMUM CHANGE MODEL-(CELLID) OR
 OUTER ITERATION STEP       ITERATION  ITERATION  MAXIMUM CHANGE SUCCESS             MODEL-PACKAGE-(NUMBER)
 ----------------------------------------------------------------------------------------------------------
 Model                              1          2  7.29060753E-02                            2_GWT-(1,37,27)
 Model                              2          1 -4.34574645E-07       *                    2_GWT-(1,41,25)
 ----------------------------------------------------------------------------------------------------------


 2 CALLS TO NUMERICAL SOLUTION IN TIME STEP 152 STRESS PERIOD 2
 3 TOTAL ITERATIONS
 
    Solving:  Stress period:     2    Time step:   153
 

 SLN_1 OUTER ITERATION SUMMARY
 ----------------------------------------------------------------------------------------------------------
                                OUTER      INNER                    STEP   MAXIMUM CHANGE MODEL-(CELLID) OR
 OUTER ITERATION STEP       ITERATION  ITERATION  MAXIMUM CHANGE SUCCESS             MODEL-PACKAGE-(NUMBER)
 ----------------------------------------------------------------------------------------------------------
 Model                              1          1  1.02964518E-04       *                     1_GWF-(1,2,85)
 ----------------------------------------------------------------------------------------------------------


 1 CALLS TO NUMERICAL SOLUTION IN TIME STEP 153 STRESS PERIOD 2
 1 TOTAL ITERATIONS

 SLN_2 OUTER ITERATION SUMMARY
 ----------------------------------------------------------------------------------------------------------
                                OUTER      INNER                    STEP   MAXIMUM CHANGE MODEL-(CELLID) OR
 OUTER ITERATION STEP       ITERATION  ITERATION  MAXIMUM CHANGE SUCCESS             MODEL-PACKAGE-(NUMBER)
 ----------------------------------------------------------------------------------------------------------
 Model                              1          2 -7.19510993E-02                            2_GWT-(1,37,27)
 Model                              2          1  3.04103935E-07       *                    2_GWT-(1,41,25)
 ----------------------------------------------------------------------------------------------------------


 2 CALLS TO NUMERICAL SOLUTION IN TIME STEP 153 STRESS PERIOD 2
 3 TOTAL ITERATIONS
 
    Solving:  Stress period:     2    Time step:   154
 

 SLN_1 OUTER ITERATION SUMMARY
 ----------------------------------------------------------------------------------------------------------
                                OUTER      INNER                    STEP   MAXIMUM CHANGE MODEL-(CELLID) OR
 OUTER ITERATION STEP       ITERATION  ITERATION  MAXIMUM CHANGE SUCCESS             MODEL-PACKAGE-(NUMBER)
 ----------------------------------------------------------------------------------------------------------
 Model                              1          1  9.88143177E-05       *                     1_GWF-(1,2,88)
 ----------------------------------------------------------------------------------------------------------


 1 CALLS TO NUMERICAL SOLUTION IN TIME STEP 154 STRESS PERIOD 2
 1 TOTAL ITERATIONS

 SLN_2 OUTER ITERATION SUMMARY
 ----------------------------------------------------------------------------------------------------------
                                OUTER      INNER                    STEP   MAXIMUM CHANGE MODEL-(CELLID) OR
 OUTER ITERATION STEP       ITERATION  ITERATION  MAXIMUM CHANGE SUCCESS             MODEL-PACKAGE-(NUMBER)
 ----------------------------------------------------------------------------------------------------------
 Model                              1          2  7.07987455E-02                            2_GWT-(1,37,27)
 Model                              2          1 -4.20419383E-07       *                    2_GWT-(1,41,25)
 ----------------------------------------------------------------------------------------------------------


 2 CALLS TO NUMERICAL SOLUTION IN TIME STEP 154 STRESS PERIOD 2
 3 TOTAL ITERATIONS
 
    Solving:  Stress period:     2    Time step:   155
 

 SLN_1 OUTER ITERATION SUMMARY
 ----------------------------------------------------------------------------------------------------------
                                OUTER      INNER                    STEP   MAXIMUM CHANGE MODEL-(CELLID) OR
 OUTER ITERATION STEP       ITERATION  ITERATION  MAXIMUM CHANGE SUCCESS             MODEL-PACKAGE-(NUMBER)
 ----------------------------------------------------------------------------------------------------------
 Model                              1          1  1.01805442E-04       *                     1_GWF-(1,2,85)
 ----------------------------------------------------------------------------------------------------------


 1 CALLS TO NUMERICAL SOLUTION IN TIME STEP 155 STRESS PERIOD 2
 1 TOTAL ITERATIONS

 SLN_2 OUTER ITERATION SUMMARY
 ----------------------------------------------------------------------------------------------------------
                                OUTER      INNER                    STEP   MAXIMUM CHANGE MODEL-(CELLID) OR
 OUTER ITERATION STEP       ITERATION  ITERATION  MAXIMUM CHANGE SUCCESS             MODEL-PACKAGE-(NUMBER)
 ----------------------------------------------------------------------------------------------------------
 Model                              1          2 -6.98814201E-02                            2_GWT-(1,37,27)
 Model                              2          1  2.94273036E-07       *                    2_GWT-(1,41,25)
 ----------------------------------------------------------------------------------------------------------


 2 CALLS TO NUMERICAL SOLUTION IN TIME STEP 155 STRESS PERIOD 2
 3 TOTAL ITERATIONS
 
    Solving:  Stress period:     2    Time step:   156
 

 SLN_1 OUTER ITERATION SUMMARY
 ----------------------------------------------------------------------------------------------------------
                                OUTER      INNER                    STEP   MAXIMUM CHANGE MODEL-(CELLID) OR
 OUTER ITERATION STEP       ITERATION  ITERATION  MAXIMUM CHANGE SUCCESS             MODEL-PACKAGE-(NUMBER)
 ----------------------------------------------------------------------------------------------------------
 Model                              1          1  9.77082565E-05       *                     1_GWF-(1,2,88)
 ----------------------------------------------------------------------------------------------------------


 1 CALLS TO NUMERICAL SOLUTION IN TIME STEP 156 STRESS PERIOD 2
 1 TOTAL ITERATIONS

 SLN_2 OUTER ITERATION SUMMARY
 ----------------------------------------------------------------------------------------------------------
                                OUTER      INNER                    STEP   MAXIMUM CHANGE MODEL-(CELLID) OR
 OUTER ITERATION STEP       ITERATION  ITERATION  MAXIMUM CHANGE SUCCESS             MODEL-PACKAGE-(NUMBER)
 ----------------------------------------------------------------------------------------------------------
 Model                              1          2  6.87531950E-02                            2_GWT-(1,37,27)
 Model                              2          1 -4.06680044E-07       *                    2_GWT-(1,41,25)
 ----------------------------------------------------------------------------------------------------------


 2 CALLS TO NUMERICAL SOLUTION IN TIME STEP 156 STRESS PERIOD 2
 3 TOTAL ITERATIONS
 
    Solving:  Stress period:     2    Time step:   157
 

 SLN_1 OUTER ITERATION SUMMARY
 ----------------------------------------------------------------------------------------------------------
                                OUTER      INNER                    STEP   MAXIMUM CHANGE MODEL-(CELLID) OR
 OUTER ITERATION STEP       ITERATION  ITERATION  MAXIMUM CHANGE SUCCESS             MODEL-PACKAGE-(NUMBER)
 ----------------------------------------------------------------------------------------------------------
 Model                              1          1  1.00661346E-04       *                     1_GWF-(1,2,85)
 ----------------------------------------------------------------------------------------------------------


 1 CALLS TO NUMERICAL SOLUTION IN TIME STEP 157 STRESS PERIOD 2
 1 TOTAL ITERATIONS

 SLN_2 OUTER ITERATION SUMMARY
 ----------------------------------------------------------------------------------------------------------
                                OUTER      INNER                    STEP   MAXIMUM CHANGE MODEL-(CELLID) OR
 OUTER ITERATION STEP       ITERATION  ITERATION  MAXIMUM CHANGE SUCCESS             MODEL-PACKAGE-(NUMBER)
 ----------------------------------------------------------------------------------------------------------
 Model                              1          2 -6.78699625E-02                            2_GWT-(1,37,27)
 Model                              2          1  2.84731072E-07       *                    2_GWT-(1,41,25)
 ----------------------------------------------------------------------------------------------------------


 2 CALLS TO NUMERICAL SOLUTION IN TIME STEP 157 STRESS PERIOD 2
 3 TOTAL ITERATIONS
 
    Solving:  Stress period:     2    Time step:   158
 

 SLN_1 OUTER ITERATION SUMMARY
 ----------------------------------------------------------------------------------------------------------
                                OUTER      INNER                    STEP   MAXIMUM CHANGE MODEL-(CELLID) OR
 OUTER ITERATION STEP       ITERATION  ITERATION  MAXIMUM CHANGE SUCCESS             MODEL-PACKAGE-(NUMBER)
 ----------------------------------------------------------------------------------------------------------
 Model                              1          1  9.66163411E-05       *                     1_GWF-(1,2,88)
 ----------------------------------------------------------------------------------------------------------


 1 CALLS TO NUMERICAL SOLUTION IN TIME STEP 158 STRESS PERIOD 2
 1 TOTAL ITERATIONS

 SLN_2 OUTER ITERATION SUMMARY
 ----------------------------------------------------------------------------------------------------------
                                OUTER      INNER                    STEP   MAXIMUM CHANGE MODEL-(CELLID) OR
 OUTER ITERATION STEP       ITERATION  ITERATION  MAXIMUM CHANGE SUCCESS             MODEL-PACKAGE-(NUMBER)
 ----------------------------------------------------------------------------------------------------------
 Model                              1          2  6.67676242E-02                            2_GWT-(1,37,27)
 Model                              2          1 -3.93356686E-07       *                    2_GWT-(1,41,25)
 ----------------------------------------------------------------------------------------------------------


 2 CALLS TO NUMERICAL SOLUTION IN TIME STEP 158 STRESS PERIOD 2
 3 TOTAL ITERATIONS
 
    Solving:  Stress period:     2    Time step:   159
 

 SLN_1 OUTER ITERATION SUMMARY
 ----------------------------------------------------------------------------------------------------------
                                OUTER      INNER                    STEP   MAXIMUM CHANGE MODEL-(CELLID) OR
 OUTER ITERATION STEP       ITERATION  ITERATION  MAXIMUM CHANGE SUCCESS             MODEL-PACKAGE-(NUMBER)
 ----------------------------------------------------------------------------------------------------------
 Model                              1          1  9.95320130E-05       *                     1_GWF-(1,2,85)
 ----------------------------------------------------------------------------------------------------------


 1 CALLS TO NUMERICAL SOLUTION IN TIME STEP 159 STRESS PERIOD 2
 1 TOTAL ITERATIONS

 SLN_2 OUTER ITERATION SUMMARY
 ----------------------------------------------------------------------------------------------------------
                                OUTER      INNER                    STEP   MAXIMUM CHANGE MODEL-(CELLID) OR
 OUTER ITERATION STEP       ITERATION  ITERATION  MAXIMUM CHANGE SUCCESS             MODEL-PACKAGE-(NUMBER)
 ----------------------------------------------------------------------------------------------------------
 Model                              1          2 -6.59151433E-02                            2_GWT-(1,37,27)
 Model                              2          1  2.75476850E-07       *                    2_GWT-(1,41,25)
 ----------------------------------------------------------------------------------------------------------


 2 CALLS TO NUMERICAL SOLUTION IN TIME STEP 159 STRESS PERIOD 2
 3 TOTAL ITERATIONS
 
    Solving:  Stress period:     2    Time step:   160
 

 SLN_1 OUTER ITERATION SUMMARY
 ----------------------------------------------------------------------------------------------------------
                                OUTER      INNER                    STEP   MAXIMUM CHANGE MODEL-(CELLID) OR
 OUTER ITERATION STEP       ITERATION  ITERATION  MAXIMUM CHANGE SUCCESS             MODEL-PACKAGE-(NUMBER)
 ----------------------------------------------------------------------------------------------------------
 Model                              1          1  9.55383685E-05       *                     1_GWF-(1,2,88)
 ----------------------------------------------------------------------------------------------------------


 1 CALLS TO NUMERICAL SOLUTION IN TIME STEP 160 STRESS PERIOD 2
 1 TOTAL ITERATIONS

 SLN_2 OUTER ITERATION SUMMARY
 ----------------------------------------------------------------------------------------------------------
                                OUTER      INNER                    STEP   MAXIMUM CHANGE MODEL-(CELLID) OR
 OUTER ITERATION STEP       ITERATION  ITERATION  MAXIMUM CHANGE SUCCESS             MODEL-PACKAGE-(NUMBER)
 ----------------------------------------------------------------------------------------------------------
 Model                              1          2  6.48402863E-02                            2_GWT-(1,37,27)
 Model                              2          1 -3.80438223E-07       *                    2_GWT-(1,41,25)
 ----------------------------------------------------------------------------------------------------------


 2 CALLS TO NUMERICAL SOLUTION IN TIME STEP 160 STRESS PERIOD 2
 3 TOTAL ITERATIONS
 
    Solving:  Stress period:     2    Time step:   161
 

 SLN_1 OUTER ITERATION SUMMARY
 ----------------------------------------------------------------------------------------------------------
                                OUTER      INNER                    STEP   MAXIMUM CHANGE MODEL-(CELLID) OR
 OUTER ITERATION STEP       ITERATION  ITERATION  MAXIMUM CHANGE SUCCESS             MODEL-PACKAGE-(NUMBER)
 ----------------------------------------------------------------------------------------------------------
 Model                              1          1  9.84172288E-05       *                     1_GWF-(1,2,85)
 ----------------------------------------------------------------------------------------------------------


 1 CALLS TO NUMERICAL SOLUTION IN TIME STEP 161 STRESS PERIOD 2
 1 TOTAL ITERATIONS

 SLN_2 OUTER ITERATION SUMMARY
 ----------------------------------------------------------------------------------------------------------
                                OUTER      INNER                    STEP   MAXIMUM CHANGE MODEL-(CELLID) OR
 OUTER ITERATION STEP       ITERATION  ITERATION  MAXIMUM CHANGE SUCCESS             MODEL-PACKAGE-(NUMBER)
 ----------------------------------------------------------------------------------------------------------
 Model                              1          2 -6.40154168E-02                            2_GWT-(1,37,27)
 Model                              2          1  2.66500365E-07       *                    2_GWT-(1,41,25)
 ----------------------------------------------------------------------------------------------------------


 2 CALLS TO NUMERICAL SOLUTION IN TIME STEP 161 STRESS PERIOD 2
 3 TOTAL ITERATIONS
 
    Solving:  Stress period:     2    Time step:   162
 

 SLN_1 OUTER ITERATION SUMMARY
 ----------------------------------------------------------------------------------------------------------
                                OUTER      INNER                    STEP   MAXIMUM CHANGE MODEL-(CELLID) OR
 OUTER ITERATION STEP       ITERATION  ITERATION  MAXIMUM CHANGE SUCCESS             MODEL-PACKAGE-(NUMBER)
 ----------------------------------------------------------------------------------------------------------
 Model                              1          1  9.44741383E-05       *                     1_GWF-(1,2,88)
 ----------------------------------------------------------------------------------------------------------


 1 CALLS TO NUMERICAL SOLUTION IN TIME STEP 162 STRESS PERIOD 2
 1 TOTAL ITERATIONS

 SLN_2 OUTER ITERATION SUMMARY
 ----------------------------------------------------------------------------------------------------------
                                OUTER      INNER                    STEP   MAXIMUM CHANGE MODEL-(CELLID) OR
 OUTER ITERATION STEP       ITERATION  ITERATION  MAXIMUM CHANGE SUCCESS             MODEL-PACKAGE-(NUMBER)
 ----------------------------------------------------------------------------------------------------------
 Model                              1          2  6.29694825E-02                            2_GWT-(1,37,27)
 Model                              2          1 -3.67918574E-07       *                    2_GWT-(1,41,25)
 ----------------------------------------------------------------------------------------------------------


 2 CALLS TO NUMERICAL SOLUTION IN TIME STEP 162 STRESS PERIOD 2
 3 TOTAL ITERATIONS
 
    Solving:  Stress period:     2    Time step:   163
 

 SLN_1 OUTER ITERATION SUMMARY
 ----------------------------------------------------------------------------------------------------------
                                OUTER      INNER                    STEP   MAXIMUM CHANGE MODEL-(CELLID) OR
 OUTER ITERATION STEP       ITERATION  ITERATION  MAXIMUM CHANGE SUCCESS             MODEL-PACKAGE-(NUMBER)
 ----------------------------------------------------------------------------------------------------------
 Model                              1          1  9.73167829E-05       *                     1_GWF-(1,2,85)
 ----------------------------------------------------------------------------------------------------------


 1 CALLS TO NUMERICAL SOLUTION IN TIME STEP 163 STRESS PERIOD 2
 1 TOTAL ITERATIONS

 SLN_2 OUTER ITERATION SUMMARY
 ----------------------------------------------------------------------------------------------------------
                                OUTER      INNER                    STEP   MAXIMUM CHANGE MODEL-(CELLID) OR
 OUTER ITERATION STEP       ITERATION  ITERATION  MAXIMUM CHANGE SUCCESS             MODEL-PACKAGE-(NUMBER)
 ----------------------------------------------------------------------------------------------------------
 Model                              1          2 -6.21692760E-02                            2_GWT-(1,37,27)
 Model                              2          1 -2.59159719E-07       *                    2_GWT-(1,35,26)
 ----------------------------------------------------------------------------------------------------------


 2 CALLS TO NUMERICAL SOLUTION IN TIME STEP 163 STRESS PERIOD 2
 3 TOTAL ITERATIONS
 
    Solving:  Stress period:     2    Time step:   164
 

 SLN_1 OUTER ITERATION SUMMARY
 ----------------------------------------------------------------------------------------------------------
                                OUTER      INNER                    STEP   MAXIMUM CHANGE MODEL-(CELLID) OR
 OUTER ITERATION STEP       ITERATION  ITERATION  MAXIMUM CHANGE SUCCESS             MODEL-PACKAGE-(NUMBER)
 ----------------------------------------------------------------------------------------------------------
 Model                              1          1  9.34234533E-05       *                     1_GWF-(1,2,88)
 ----------------------------------------------------------------------------------------------------------


 1 CALLS TO NUMERICAL SOLUTION IN TIME STEP 164 STRESS PERIOD 2
 1 TOTAL ITERATIONS

 SLN_2 OUTER ITERATION SUMMARY
 ----------------------------------------------------------------------------------------------------------
                                OUTER      INNER                    STEP   MAXIMUM CHANGE MODEL-(CELLID) OR
 OUTER ITERATION STEP       ITERATION  ITERATION  MAXIMUM CHANGE SUCCESS             MODEL-PACKAGE-(NUMBER)
 ----------------------------------------------------------------------------------------------------------
 Model                              1          2  6.11535643E-02                            2_GWT-(1,37,27)
 Model                              2          1 -3.55791599E-07       *                    2_GWT-(1,41,25)
 ----------------------------------------------------------------------------------------------------------


 2 CALLS TO NUMERICAL SOLUTION IN TIME STEP 164 STRESS PERIOD 2
 3 TOTAL ITERATIONS
 
    Solving:  Stress period:     2    Time step:   165
 

 SLN_1 OUTER ITERATION SUMMARY
 ----------------------------------------------------------------------------------------------------------
                                OUTER      INNER                    STEP   MAXIMUM CHANGE MODEL-(CELLID) OR
 OUTER ITERATION STEP       ITERATION  ITERATION  MAXIMUM CHANGE SUCCESS             MODEL-PACKAGE-(NUMBER)
 ----------------------------------------------------------------------------------------------------------
 Model                              1          1  9.62304677E-05       *                     1_GWF-(1,2,85)
 ----------------------------------------------------------------------------------------------------------


 1 CALLS TO NUMERICAL SOLUTION IN TIME STEP 165 STRESS PERIOD 2
 1 TOTAL ITERATIONS

 SLN_2 OUTER ITERATION SUMMARY
 ----------------------------------------------------------------------------------------------------------
                                OUTER      INNER                    STEP   MAXIMUM CHANGE MODEL-(CELLID) OR
 OUTER ITERATION STEP       ITERATION  ITERATION  MAXIMUM CHANGE SUCCESS             MODEL-PACKAGE-(NUMBER)
 ----------------------------------------------------------------------------------------------------------
 Model                              1          2 -6.03752500E-02                            2_GWT-(1,37,27)
 Model                              2          1 -2.54402323E-07       *                    2_GWT-(1,35,26)
 ----------------------------------------------------------------------------------------------------------


 2 CALLS TO NUMERICAL SOLUTION IN TIME STEP 165 STRESS PERIOD 2
 3 TOTAL ITERATIONS
 
    Solving:  Stress period:     2    Time step:   166
 

 SLN_1 OUTER ITERATION SUMMARY
 ----------------------------------------------------------------------------------------------------------
                                OUTER      INNER                    STEP   MAXIMUM CHANGE MODEL-(CELLID) OR
 OUTER ITERATION STEP       ITERATION  ITERATION  MAXIMUM CHANGE SUCCESS             MODEL-PACKAGE-(NUMBER)
 ----------------------------------------------------------------------------------------------------------
 Model                              1          1  9.23861193E-05       *                     1_GWF-(1,2,88)
 ----------------------------------------------------------------------------------------------------------


 1 CALLS TO NUMERICAL SOLUTION IN TIME STEP 166 STRESS PERIOD 2
 1 TOTAL ITERATIONS

 SLN_2 OUTER ITERATION SUMMARY
 ----------------------------------------------------------------------------------------------------------
                                OUTER      INNER                    STEP   MAXIMUM CHANGE MODEL-(CELLID) OR
 OUTER ITERATION STEP       ITERATION  ITERATION  MAXIMUM CHANGE SUCCESS             MODEL-PACKAGE-(NUMBER)
 ----------------------------------------------------------------------------------------------------------
 Model                              1          2  5.93909319E-02                            2_GWT-(1,37,27)
 Model                              2          1 -3.44051784E-07       *                    2_GWT-(1,41,25)
 ----------------------------------------------------------------------------------------------------------


 2 CALLS TO NUMERICAL SOLUTION IN TIME STEP 166 STRESS PERIOD 2
 3 TOTAL ITERATIONS
 
    Solving:  Stress period:     2    Time step:   167
 

 SLN_1 OUTER ITERATION SUMMARY
 ----------------------------------------------------------------------------------------------------------
                                OUTER      INNER                    STEP   MAXIMUM CHANGE MODEL-(CELLID) OR
 OUTER ITERATION STEP       ITERATION  ITERATION  MAXIMUM CHANGE SUCCESS             MODEL-PACKAGE-(NUMBER)
 ----------------------------------------------------------------------------------------------------------
 Model                              1          1  9.51580784E-05       *                     1_GWF-(1,2,85)
 ----------------------------------------------------------------------------------------------------------


 1 CALLS TO NUMERICAL SOLUTION IN TIME STEP 167 STRESS PERIOD 2
 1 TOTAL ITERATIONS

 SLN_2 OUTER ITERATION SUMMARY
 ----------------------------------------------------------------------------------------------------------
                                OUTER      INNER                    STEP   MAXIMUM CHANGE MODEL-(CELLID) OR
 OUTER ITERATION STEP       ITERATION  ITERATION  MAXIMUM CHANGE SUCCESS             MODEL-PACKAGE-(NUMBER)
 ----------------------------------------------------------------------------------------------------------
 Model                              1          2 -5.86319059E-02                            2_GWT-(1,37,27)
 Model                              2          1 -2.49740367E-07       *                    2_GWT-(1,35,26)
 ----------------------------------------------------------------------------------------------------------


 2 CALLS TO NUMERICAL SOLUTION IN TIME STEP 167 STRESS PERIOD 2
 3 TOTAL ITERATIONS
 
    Solving:  Stress period:     2    Time step:   168
 

 SLN_1 OUTER ITERATION SUMMARY
 ----------------------------------------------------------------------------------------------------------
                                OUTER      INNER                    STEP   MAXIMUM CHANGE MODEL-(CELLID) OR
 OUTER ITERATION STEP       ITERATION  ITERATION  MAXIMUM CHANGE SUCCESS             MODEL-PACKAGE-(NUMBER)
 ----------------------------------------------------------------------------------------------------------
 Model                              1          1  9.13619447E-05       *                     1_GWF-(1,2,88)
 ----------------------------------------------------------------------------------------------------------


 1 CALLS TO NUMERICAL SOLUTION IN TIME STEP 168 STRESS PERIOD 2
 1 TOTAL ITERATIONS

 SLN_2 OUTER ITERATION SUMMARY
 ----------------------------------------------------------------------------------------------------------
                                OUTER      INNER                    STEP   MAXIMUM CHANGE MODEL-(CELLID) OR
 OUTER ITERATION STEP       ITERATION  ITERATION  MAXIMUM CHANGE SUCCESS             MODEL-PACKAGE-(NUMBER)
 ----------------------------------------------------------------------------------------------------------
 Model                              1          2  5.76800304E-02                            2_GWT-(1,37,27)
 Model                              2          1 -3.32692650E-07       *                    2_GWT-(1,41,25)
 ----------------------------------------------------------------------------------------------------------


 2 CALLS TO NUMERICAL SOLUTION IN TIME STEP 168 STRESS PERIOD 2
 3 TOTAL ITERATIONS
 
    Solving:  Stress period:     2    Time step:   169
 

 SLN_1 OUTER ITERATION SUMMARY
 ----------------------------------------------------------------------------------------------------------
                                OUTER      INNER                    STEP   MAXIMUM CHANGE MODEL-(CELLID) OR
 OUTER ITERATION STEP       ITERATION  ITERATION  MAXIMUM CHANGE SUCCESS             MODEL-PACKAGE-(NUMBER)
 ----------------------------------------------------------------------------------------------------------
 Model                              1          1  9.40994133E-05       *                     1_GWF-(1,2,85)
 ----------------------------------------------------------------------------------------------------------


 1 CALLS TO NUMERICAL SOLUTION IN TIME STEP 169 STRESS PERIOD 2
 1 TOTAL ITERATIONS

 SLN_2 OUTER ITERATION SUMMARY
 ----------------------------------------------------------------------------------------------------------
                                OUTER      INNER                    STEP   MAXIMUM CHANGE MODEL-(CELLID) OR
 OUTER ITERATION STEP       ITERATION  ITERATION  MAXIMUM CHANGE SUCCESS             MODEL-PACKAGE-(NUMBER)
 ----------------------------------------------------------------------------------------------------------
 Model                              1          2 -5.69378441E-02                            2_GWT-(1,37,27)
 Model                              2          1 -2.45172203E-07       *                    2_GWT-(1,35,26)
 ----------------------------------------------------------------------------------------------------------


 2 CALLS TO NUMERICAL SOLUTION IN TIME STEP 169 STRESS PERIOD 2
 3 TOTAL ITERATIONS
 
    Solving:  Stress period:     2    Time step:   170
 

 SLN_1 OUTER ITERATION SUMMARY
 ----------------------------------------------------------------------------------------------------------
                                OUTER      INNER                    STEP   MAXIMUM CHANGE MODEL-(CELLID) OR
 OUTER ITERATION STEP       ITERATION  ITERATION  MAXIMUM CHANGE SUCCESS             MODEL-PACKAGE-(NUMBER)
 ----------------------------------------------------------------------------------------------------------
 Model                              1          1  9.03507410E-05       *                     1_GWF-(1,2,88)
 ----------------------------------------------------------------------------------------------------------


 1 CALLS TO NUMERICAL SOLUTION IN TIME STEP 170 STRESS PERIOD 2
 1 TOTAL ITERATIONS

 SLN_2 OUTER ITERATION SUMMARY
 ----------------------------------------------------------------------------------------------------------
                                OUTER      INNER                    STEP   MAXIMUM CHANGE MODEL-(CELLID) OR
 OUTER ITERATION STEP       ITERATION  ITERATION  MAXIMUM CHANGE SUCCESS             MODEL-PACKAGE-(NUMBER)
 ----------------------------------------------------------------------------------------------------------
 Model                              1          2  5.60193493E-02                            2_GWT-(1,37,27)
 Model                              2          1 -3.21708171E-07       *                    2_GWT-(1,41,25)
 ----------------------------------------------------------------------------------------------------------


 2 CALLS TO NUMERICAL SOLUTION IN TIME STEP 170 STRESS PERIOD 2
 3 TOTAL ITERATIONS
 
    Solving:  Stress period:     2    Time step:   171
 

 SLN_1 OUTER ITERATION SUMMARY
 ----------------------------------------------------------------------------------------------------------
                                OUTER      INNER                    STEP   MAXIMUM CHANGE MODEL-(CELLID) OR
 OUTER ITERATION STEP       ITERATION  ITERATION  MAXIMUM CHANGE SUCCESS             MODEL-PACKAGE-(NUMBER)
 ----------------------------------------------------------------------------------------------------------
 Model                              1          1  9.30542739E-05       *                     1_GWF-(1,2,85)
 ----------------------------------------------------------------------------------------------------------


 1 CALLS TO NUMERICAL SOLUTION IN TIME STEP 171 STRESS PERIOD 2
 1 TOTAL ITERATIONS

 SLN_2 OUTER ITERATION SUMMARY
 ----------------------------------------------------------------------------------------------------------
                                OUTER      INNER                    STEP   MAXIMUM CHANGE MODEL-(CELLID) OR
 OUTER ITERATION STEP       ITERATION  ITERATION  MAXIMUM CHANGE SUCCESS             MODEL-PACKAGE-(NUMBER)
 ----------------------------------------------------------------------------------------------------------
 Model                              1          2 -5.52917023E-02                            2_GWT-(1,37,27)
 Model                              2          1 -2.40697261E-07       *                    2_GWT-(1,35,26)
 ----------------------------------------------------------------------------------------------------------


 2 CALLS TO NUMERICAL SOLUTION IN TIME STEP 171 STRESS PERIOD 2
 3 TOTAL ITERATIONS
 
    Solving:  Stress period:     2    Time step:   172
 

 SLN_1 OUTER ITERATION SUMMARY
 ----------------------------------------------------------------------------------------------------------
                                OUTER      INNER                    STEP   MAXIMUM CHANGE MODEL-(CELLID) OR
 OUTER ITERATION STEP       ITERATION  ITERATION  MAXIMUM CHANGE SUCCESS             MODEL-PACKAGE-(NUMBER)
 ----------------------------------------------------------------------------------------------------------
 Model                              1          1  8.93523225E-05       *                     1_GWF-(1,2,88)
 ----------------------------------------------------------------------------------------------------------


 1 CALLS TO NUMERICAL SOLUTION IN TIME STEP 172 STRESS PERIOD 2
 1 TOTAL ITERATIONS

 SLN_2 OUTER ITERATION SUMMARY
 ----------------------------------------------------------------------------------------------------------
                                OUTER      INNER                    STEP   MAXIMUM CHANGE MODEL-(CELLID) OR
 OUTER ITERATION STEP       ITERATION  ITERATION  MAXIMUM CHANGE SUCCESS             MODEL-PACKAGE-(NUMBER)
 ----------------------------------------------------------------------------------------------------------
 Model                              1          2  5.44074226E-02                            2_GWT-(1,37,27)
 Model                              2          1 -3.11092208E-07       *                    2_GWT-(1,41,25)
 ----------------------------------------------------------------------------------------------------------


 2 CALLS TO NUMERICAL SOLUTION IN TIME STEP 172 STRESS PERIOD 2
 3 TOTAL ITERATIONS
 
    Solving:  Stress period:     2    Time step:   173
 

 SLN_1 OUTER ITERATION SUMMARY
 ----------------------------------------------------------------------------------------------------------
                                OUTER      INNER                    STEP   MAXIMUM CHANGE MODEL-(CELLID) OR
 OUTER ITERATION STEP       ITERATION  ITERATION  MAXIMUM CHANGE SUCCESS             MODEL-PACKAGE-(NUMBER)
 ----------------------------------------------------------------------------------------------------------
 Model                              1          1  9.20224644E-05       *                     1_GWF-(1,2,85)
 ----------------------------------------------------------------------------------------------------------


 1 CALLS TO NUMERICAL SOLUTION IN TIME STEP 173 STRESS PERIOD 2
 1 TOTAL ITERATIONS

 SLN_2 OUTER ITERATION SUMMARY
 ----------------------------------------------------------------------------------------------------------
                                OUTER      INNER                    STEP   MAXIMUM CHANGE MODEL-(CELLID) OR
 OUTER ITERATION STEP       ITERATION  ITERATION  MAXIMUM CHANGE SUCCESS             MODEL-PACKAGE-(NUMBER)
 ----------------------------------------------------------------------------------------------------------
 Model                              1          2 -5.36921519E-02                            2_GWT-(1,37,27)
 Model                              2          1 -2.36314065E-07       *                    2_GWT-(1,35,26)
 ----------------------------------------------------------------------------------------------------------


 2 CALLS TO NUMERICAL SOLUTION IN TIME STEP 173 STRESS PERIOD 2
 3 TOTAL ITERATIONS
 
    Solving:  Stress period:     2    Time step:   174
 

 SLN_1 OUTER ITERATION SUMMARY
 ----------------------------------------------------------------------------------------------------------
                                OUTER      INNER                    STEP   MAXIMUM CHANGE MODEL-(CELLID) OR
 OUTER ITERATION STEP       ITERATION  ITERATION  MAXIMUM CHANGE SUCCESS             MODEL-PACKAGE-(NUMBER)
 ----------------------------------------------------------------------------------------------------------
 Model                              1          1  8.83665064E-05       *                     1_GWF-(1,2,88)
 ----------------------------------------------------------------------------------------------------------


 1 CALLS TO NUMERICAL SOLUTION IN TIME STEP 174 STRESS PERIOD 2
 1 TOTAL ITERATIONS

 SLN_2 OUTER ITERATION SUMMARY
 ----------------------------------------------------------------------------------------------------------
                                OUTER      INNER                    STEP   MAXIMUM CHANGE MODEL-(CELLID) OR
 OUTER ITERATION STEP       ITERATION  ITERATION  MAXIMUM CHANGE SUCCESS             MODEL-PACKAGE-(NUMBER)
 ----------------------------------------------------------------------------------------------------------
 Model                              1          2  5.28428254E-02                            2_GWT-(1,37,27)
 Model                              2          1 -3.00838224E-07       *                    2_GWT-(1,41,25)
 ----------------------------------------------------------------------------------------------------------


 2 CALLS TO NUMERICAL SOLUTION IN TIME STEP 174 STRESS PERIOD 2
 3 TOTAL ITERATIONS
 
    Solving:  Stress period:     2    Time step:   175
 

 SLN_1 OUTER ITERATION SUMMARY
 ----------------------------------------------------------------------------------------------------------
                                OUTER      INNER                    STEP   MAXIMUM CHANGE MODEL-(CELLID) OR
 OUTER ITERATION STEP       ITERATION  ITERATION  MAXIMUM CHANGE SUCCESS             MODEL-PACKAGE-(NUMBER)
 ----------------------------------------------------------------------------------------------------------
 Model                              1          1  9.10037921E-05       *                     1_GWF-(1,2,85)
 ----------------------------------------------------------------------------------------------------------


 1 CALLS TO NUMERICAL SOLUTION IN TIME STEP 175 STRESS PERIOD 2
 1 TOTAL ITERATIONS

 SLN_2 OUTER ITERATION SUMMARY
 ----------------------------------------------------------------------------------------------------------
                                OUTER      INNER                    STEP   MAXIMUM CHANGE MODEL-(CELLID) OR
 OUTER ITERATION STEP       ITERATION  ITERATION  MAXIMUM CHANGE SUCCESS             MODEL-PACKAGE-(NUMBER)
 ----------------------------------------------------------------------------------------------------------
 Model                              1          2 -5.21378991E-02                            2_GWT-(1,37,27)
 Model                              2          1 -2.32021478E-07       *                    2_GWT-(1,35,26)
 ----------------------------------------------------------------------------------------------------------


 2 CALLS TO NUMERICAL SOLUTION IN TIME STEP 175 STRESS PERIOD 2
 3 TOTAL ITERATIONS
 
    Solving:  Stress period:     2    Time step:   176
 

 SLN_1 OUTER ITERATION SUMMARY
 ----------------------------------------------------------------------------------------------------------
                                OUTER      INNER                    STEP   MAXIMUM CHANGE MODEL-(CELLID) OR
 OUTER ITERATION STEP       ITERATION  ITERATION  MAXIMUM CHANGE SUCCESS             MODEL-PACKAGE-(NUMBER)
 ----------------------------------------------------------------------------------------------------------
 Model                              1          1  8.73931127E-05       *                     1_GWF-(1,2,88)
 ----------------------------------------------------------------------------------------------------------


 1 CALLS TO NUMERICAL SOLUTION IN TIME STEP 176 STRESS PERIOD 2
 1 TOTAL ITERATIONS

 SLN_2 OUTER ITERATION SUMMARY
 ----------------------------------------------------------------------------------------------------------
                                OUTER      INNER                    STEP   MAXIMUM CHANGE MODEL-(CELLID) OR
 OUTER ITERATION STEP       ITERATION  ITERATION  MAXIMUM CHANGE SUCCESS             MODEL-PACKAGE-(NUMBER)
 ----------------------------------------------------------------------------------------------------------
 Model                              1          2  5.13241740E-02                            2_GWT-(1,37,27)
 Model                              2          1 -2.90939681E-07       *                    2_GWT-(1,41,25)
 ----------------------------------------------------------------------------------------------------------


 2 CALLS TO NUMERICAL SOLUTION IN TIME STEP 176 STRESS PERIOD 2
 3 TOTAL ITERATIONS
 
    Solving:  Stress period:     2    Time step:   177
 

 SLN_1 OUTER ITERATION SUMMARY
 ----------------------------------------------------------------------------------------------------------
                                OUTER      INNER                    STEP   MAXIMUM CHANGE MODEL-(CELLID) OR
 OUTER ITERATION STEP       ITERATION  ITERATION  MAXIMUM CHANGE SUCCESS             MODEL-PACKAGE-(NUMBER)
 ----------------------------------------------------------------------------------------------------------
 Model                              1          1  8.99980671E-05       *                     1_GWF-(1,2,85)
 ----------------------------------------------------------------------------------------------------------


 1 CALLS TO NUMERICAL SOLUTION IN TIME STEP 177 STRESS PERIOD 2
 1 TOTAL ITERATIONS

 SLN_2 OUTER ITERATION SUMMARY
 ----------------------------------------------------------------------------------------------------------
                                OUTER      INNER                    STEP   MAXIMUM CHANGE MODEL-(CELLID) OR
 OUTER ITERATION STEP       ITERATION  ITERATION  MAXIMUM CHANGE SUCCESS             MODEL-PACKAGE-(NUMBER)
 ----------------------------------------------------------------------------------------------------------
 Model                              1          2 -5.06276831E-02                            2_GWT-(1,37,27)
 Model                              2          1 -2.27818646E-07       *                    2_GWT-(1,35,26)
 ----------------------------------------------------------------------------------------------------------


 2 CALLS TO NUMERICAL SOLUTION IN TIME STEP 177 STRESS PERIOD 2
 3 TOTAL ITERATIONS
 
    Solving:  Stress period:     2    Time step:   178
 

 SLN_1 OUTER ITERATION SUMMARY
 ----------------------------------------------------------------------------------------------------------
                                OUTER      INNER                    STEP   MAXIMUM CHANGE MODEL-(CELLID) OR
 OUTER ITERATION STEP       ITERATION  ITERATION  MAXIMUM CHANGE SUCCESS             MODEL-PACKAGE-(NUMBER)
 ----------------------------------------------------------------------------------------------------------
 Model                              1          1  8.64319639E-05       *                     1_GWF-(1,2,88)
 ----------------------------------------------------------------------------------------------------------


 1 CALLS TO NUMERICAL SOLUTION IN TIME STEP 178 STRESS PERIOD 2
 1 TOTAL ITERATIONS

 SLN_2 OUTER ITERATION SUMMARY
 ----------------------------------------------------------------------------------------------------------
                                OUTER      INNER                    STEP   MAXIMUM CHANGE MODEL-(CELLID) OR
 OUTER ITERATION STEP       ITERATION  ITERATION  MAXIMUM CHANGE SUCCESS             MODEL-PACKAGE-(NUMBER)
 ----------------------------------------------------------------------------------------------------------
 Model                              1          2  4.98501245E-02                            2_GWT-(1,37,27)
 Model                              2          1 -2.81390044E-07       *                    2_GWT-(1,41,25)
 ----------------------------------------------------------------------------------------------------------


 2 CALLS TO NUMERICAL SOLUTION IN TIME STEP 178 STRESS PERIOD 2
 3 TOTAL ITERATIONS
 
    Solving:  Stress period:     2    Time step:   179
 

 SLN_1 OUTER ITERATION SUMMARY
 ----------------------------------------------------------------------------------------------------------
                                OUTER      INNER                    STEP   MAXIMUM CHANGE MODEL-(CELLID) OR
 OUTER ITERATION STEP       ITERATION  ITERATION  MAXIMUM CHANGE SUCCESS             MODEL-PACKAGE-(NUMBER)
 ----------------------------------------------------------------------------------------------------------
 Model                              1          1  8.90051027E-05       *                     1_GWF-(1,2,85)
 ----------------------------------------------------------------------------------------------------------


 1 CALLS TO NUMERICAL SOLUTION IN TIME STEP 179 STRESS PERIOD 2
 1 TOTAL ITERATIONS

 SLN_2 OUTER ITERATION SUMMARY
 ----------------------------------------------------------------------------------------------------------
                                OUTER      INNER                    STEP   MAXIMUM CHANGE MODEL-(CELLID) OR
 OUTER ITERATION STEP       ITERATION  ITERATION  MAXIMUM CHANGE SUCCESS             MODEL-PACKAGE-(NUMBER)
 ----------------------------------------------------------------------------------------------------------
 Model                              1          2 -4.91602766E-02                            2_GWT-(1,37,27)
 Model                              2          1 -2.23704205E-07       *                    2_GWT-(1,35,26)
 ----------------------------------------------------------------------------------------------------------


 2 CALLS TO NUMERICAL SOLUTION IN TIME STEP 179 STRESS PERIOD 2
 3 TOTAL ITERATIONS
 
    Solving:  Stress period:     2    Time step:   180
 

 SLN_1 OUTER ITERATION SUMMARY
 ----------------------------------------------------------------------------------------------------------
                                OUTER      INNER                    STEP   MAXIMUM CHANGE MODEL-(CELLID) OR
 OUTER ITERATION STEP       ITERATION  ITERATION  MAXIMUM CHANGE SUCCESS             MODEL-PACKAGE-(NUMBER)
 ----------------------------------------------------------------------------------------------------------
 Model                              1          1  8.54828855E-05       *                     1_GWF-(1,2,88)
 ----------------------------------------------------------------------------------------------------------


 1 CALLS TO NUMERICAL SOLUTION IN TIME STEP 180 STRESS PERIOD 2
 1 TOTAL ITERATIONS

 SLN_2 OUTER ITERATION SUMMARY
 ----------------------------------------------------------------------------------------------------------
                                OUTER      INNER                    STEP   MAXIMUM CHANGE MODEL-(CELLID) OR
 OUTER ITERATION STEP       ITERATION  ITERATION  MAXIMUM CHANGE SUCCESS             MODEL-PACKAGE-(NUMBER)
 ----------------------------------------------------------------------------------------------------------
 Model                              1          2  4.84193723E-02                            2_GWT-(1,37,27)
 Model                              2          1 -2.72182490E-07       *                    2_GWT-(1,41,25)
 ----------------------------------------------------------------------------------------------------------


 2 CALLS TO NUMERICAL SOLUTION IN TIME STEP 180 STRESS PERIOD 2
 3 TOTAL ITERATIONS
 
    Solving:  Stress period:     2    Time step:   181
 

 SLN_1 OUTER ITERATION SUMMARY
 ----------------------------------------------------------------------------------------------------------
                                OUTER      INNER                    STEP   MAXIMUM CHANGE MODEL-(CELLID) OR
 OUTER ITERATION STEP       ITERATION  ITERATION  MAXIMUM CHANGE SUCCESS             MODEL-PACKAGE-(NUMBER)
 ----------------------------------------------------------------------------------------------------------
 Model                              1          1  8.80247147E-05       *                     1_GWF-(1,2,85)
 ----------------------------------------------------------------------------------------------------------


 1 CALLS TO NUMERICAL SOLUTION IN TIME STEP 181 STRESS PERIOD 2
 1 TOTAL ITERATIONS

 SLN_2 OUTER ITERATION SUMMARY
 ----------------------------------------------------------------------------------------------------------
                                OUTER      INNER                    STEP   MAXIMUM CHANGE MODEL-(CELLID) OR
 OUTER ITERATION STEP       ITERATION  ITERATION  MAXIMUM CHANGE SUCCESS             MODEL-PACKAGE-(NUMBER)
 ----------------------------------------------------------------------------------------------------------
 Model                              1          2 -4.77344837E-02                            2_GWT-(1,37,27)
 Model                              2          1 -2.19677247E-07       *                    2_GWT-(1,35,26)
 ----------------------------------------------------------------------------------------------------------


 2 CALLS TO NUMERICAL SOLUTION IN TIME STEP 181 STRESS PERIOD 2
 3 TOTAL ITERATIONS
 
    Solving:  Stress period:     2    Time step:   182
 

 SLN_1 OUTER ITERATION SUMMARY
 ----------------------------------------------------------------------------------------------------------
                                OUTER      INNER                    STEP   MAXIMUM CHANGE MODEL-(CELLID) OR
 OUTER ITERATION STEP       ITERATION  ITERATION  MAXIMUM CHANGE SUCCESS             MODEL-PACKAGE-(NUMBER)
 ----------------------------------------------------------------------------------------------------------
 Model                              1          1  8.45457056E-05       *                     1_GWF-(1,2,88)
 ----------------------------------------------------------------------------------------------------------


 1 CALLS TO NUMERICAL SOLUTION IN TIME STEP 182 STRESS PERIOD 2
 1 TOTAL ITERATIONS

 SLN_2 OUTER ITERATION SUMMARY
 ----------------------------------------------------------------------------------------------------------
                                OUTER      INNER                    STEP   MAXIMUM CHANGE MODEL-(CELLID) OR
 OUTER ITERATION STEP       ITERATION  ITERATION  MAXIMUM CHANGE SUCCESS             MODEL-PACKAGE-(NUMBER)
 ----------------------------------------------------------------------------------------------------------
 Model                              1          2  4.70306492E-02                            2_GWT-(1,37,27)
 Model                              2          1 -2.63310710E-07       *                    2_GWT-(1,41,25)
 ----------------------------------------------------------------------------------------------------------


 2 CALLS TO NUMERICAL SOLUTION IN TIME STEP 182 STRESS PERIOD 2
 3 TOTAL ITERATIONS
 
    Solving:  Stress period:     2    Time step:   183
 

 SLN_1 OUTER ITERATION SUMMARY
 ----------------------------------------------------------------------------------------------------------
                                OUTER      INNER                    STEP   MAXIMUM CHANGE MODEL-(CELLID) OR
 OUTER ITERATION STEP       ITERATION  ITERATION  MAXIMUM CHANGE SUCCESS             MODEL-PACKAGE-(NUMBER)
 ----------------------------------------------------------------------------------------------------------
 Model                              1          1  8.70567221E-05       *                     1_GWF-(1,2,85)
 ----------------------------------------------------------------------------------------------------------


 1 CALLS TO NUMERICAL SOLUTION IN TIME STEP 183 STRESS PERIOD 2
 1 TOTAL ITERATIONS

 SLN_2 OUTER ITERATION SUMMARY
 ----------------------------------------------------------------------------------------------------------
                                OUTER      INNER                    STEP   MAXIMUM CHANGE MODEL-(CELLID) OR
 OUTER ITERATION STEP       ITERATION  ITERATION  MAXIMUM CHANGE SUCCESS             MODEL-PACKAGE-(NUMBER)
 ----------------------------------------------------------------------------------------------------------
 Model                              1          2 -4.63491401E-02                            2_GWT-(1,37,27)
 Model                              2          1 -2.15736065E-07       *                    2_GWT-(1,35,26)
 ----------------------------------------------------------------------------------------------------------


 2 CALLS TO NUMERICAL SOLUTION IN TIME STEP 183 STRESS PERIOD 2
 3 TOTAL ITERATIONS
 
    Solving:  Stress period:     2    Time step:   184
 

 SLN_1 OUTER ITERATION SUMMARY
 ----------------------------------------------------------------------------------------------------------
                                OUTER      INNER                    STEP   MAXIMUM CHANGE MODEL-(CELLID) OR
 OUTER ITERATION STEP       ITERATION  ITERATION  MAXIMUM CHANGE SUCCESS             MODEL-PACKAGE-(NUMBER)
 ----------------------------------------------------------------------------------------------------------
 Model                              1          1  8.36202552E-05       *                     1_GWF-(1,2,88)
 ----------------------------------------------------------------------------------------------------------


 1 CALLS TO NUMERICAL SOLUTION IN TIME STEP 184 STRESS PERIOD 2
 1 TOTAL ITERATIONS

 SLN_2 OUTER ITERATION SUMMARY
 ----------------------------------------------------------------------------------------------------------
                                OUTER      INNER                    STEP   MAXIMUM CHANGE MODEL-(CELLID) OR
 OUTER ITERATION STEP       ITERATION  ITERATION  MAXIMUM CHANGE SUCCESS             MODEL-PACKAGE-(NUMBER)
 ----------------------------------------------------------------------------------------------------------
 Model                              1          2  4.56827248E-02                            2_GWT-(1,37,27)
 Model                              2          1 -2.54767372E-07       *                    2_GWT-(1,41,25)
 ----------------------------------------------------------------------------------------------------------


 2 CALLS TO NUMERICAL SOLUTION IN TIME STEP 184 STRESS PERIOD 2
 3 TOTAL ITERATIONS
 
    Solving:  Stress period:     2    Time step:   185
 

 SLN_1 OUTER ITERATION SUMMARY
 ----------------------------------------------------------------------------------------------------------
                                OUTER      INNER                    STEP   MAXIMUM CHANGE MODEL-(CELLID) OR
 OUTER ITERATION STEP       ITERATION  ITERATION  MAXIMUM CHANGE SUCCESS             MODEL-PACKAGE-(NUMBER)
 ----------------------------------------------------------------------------------------------------------
 Model                              1          1  8.61009464E-05       *                     1_GWF-(1,2,85)
 ----------------------------------------------------------------------------------------------------------


 1 CALLS TO NUMERICAL SOLUTION IN TIME STEP 185 STRESS PERIOD 2
 1 TOTAL ITERATIONS

 SLN_2 OUTER ITERATION SUMMARY
 ----------------------------------------------------------------------------------------------------------
                                OUTER      INNER                    STEP   MAXIMUM CHANGE MODEL-(CELLID) OR
 OUTER ITERATION STEP       ITERATION  ITERATION  MAXIMUM CHANGE SUCCESS             MODEL-PACKAGE-(NUMBER)
 ----------------------------------------------------------------------------------------------------------
 Model                              1          2 -4.50031128E-02                            2_GWT-(1,37,27)
 Model                              2          1 -2.11880490E-07       *                    2_GWT-(1,35,26)
 ----------------------------------------------------------------------------------------------------------


 2 CALLS TO NUMERICAL SOLUTION IN TIME STEP 185 STRESS PERIOD 2
 3 TOTAL ITERATIONS
 
    Solving:  Stress period:     2    Time step:   186
 

 SLN_1 OUTER ITERATION SUMMARY
 ----------------------------------------------------------------------------------------------------------
                                OUTER      INNER                    STEP   MAXIMUM CHANGE MODEL-(CELLID) OR
 OUTER ITERATION STEP       ITERATION  ITERATION  MAXIMUM CHANGE SUCCESS             MODEL-PACKAGE-(NUMBER)
 ----------------------------------------------------------------------------------------------------------
 Model                              1          1  8.27063675E-05       *                     1_GWF-(1,2,88)
 ----------------------------------------------------------------------------------------------------------


 1 CALLS TO NUMERICAL SOLUTION IN TIME STEP 186 STRESS PERIOD 2
 1 TOTAL ITERATIONS

 SLN_2 OUTER ITERATION SUMMARY
 ----------------------------------------------------------------------------------------------------------
                                OUTER      INNER                    STEP   MAXIMUM CHANGE MODEL-(CELLID) OR
 OUTER ITERATION STEP       ITERATION  ITERATION  MAXIMUM CHANGE SUCCESS             MODEL-PACKAGE-(NUMBER)
 ----------------------------------------------------------------------------------------------------------
 Model                              1          2  4.43744031E-02                            2_GWT-(1,37,27)
 Model                              2          1 -2.46545937E-07       *                    2_GWT-(1,41,25)
 ----------------------------------------------------------------------------------------------------------


 2 CALLS TO NUMERICAL SOLUTION IN TIME STEP 186 STRESS PERIOD 2
 3 TOTAL ITERATIONS
 
    Solving:  Stress period:     2    Time step:   187
 

 SLN_1 OUTER ITERATION SUMMARY
 ----------------------------------------------------------------------------------------------------------
                                OUTER      INNER                    STEP   MAXIMUM CHANGE MODEL-(CELLID) OR
 OUTER ITERATION STEP       ITERATION  ITERATION  MAXIMUM CHANGE SUCCESS             MODEL-PACKAGE-(NUMBER)
 ----------------------------------------------------------------------------------------------------------
 Model                              1          1  8.51572123E-05       *                     1_GWF-(1,2,85)
 ----------------------------------------------------------------------------------------------------------


 1 CALLS TO NUMERICAL SOLUTION IN TIME STEP 187 STRESS PERIOD 2
 1 TOTAL ITERATIONS

 SLN_2 OUTER ITERATION SUMMARY
 ----------------------------------------------------------------------------------------------------------
                                OUTER      INNER                    STEP   MAXIMUM CHANGE MODEL-(CELLID) OR
 OUTER ITERATION STEP       ITERATION  ITERATION  MAXIMUM CHANGE SUCCESS             MODEL-PACKAGE-(NUMBER)
 ----------------------------------------------------------------------------------------------------------
 Model                              1          2 -4.36952983E-02                            2_GWT-(1,37,27)
 Model                              2          1 -2.08108304E-07       *                    2_GWT-(1,35,26)
 ----------------------------------------------------------------------------------------------------------


 2 CALLS TO NUMERICAL SOLUTION IN TIME STEP 187 STRESS PERIOD 2
 3 TOTAL ITERATIONS
 
    Solving:  Stress period:     2    Time step:   188
 

 SLN_1 OUTER ITERATION SUMMARY
 ----------------------------------------------------------------------------------------------------------
                                OUTER      INNER                    STEP   MAXIMUM CHANGE MODEL-(CELLID) OR
 OUTER ITERATION STEP       ITERATION  ITERATION  MAXIMUM CHANGE SUCCESS             MODEL-PACKAGE-(NUMBER)
 ----------------------------------------------------------------------------------------------------------
 Model                              1          1  8.18038787E-05       *                     1_GWF-(1,2,88)
 ----------------------------------------------------------------------------------------------------------


 1 CALLS TO NUMERICAL SOLUTION IN TIME STEP 188 STRESS PERIOD 2
 1 TOTAL ITERATIONS

 SLN_2 OUTER ITERATION SUMMARY
 ----------------------------------------------------------------------------------------------------------
                                OUTER      INNER                    STEP   MAXIMUM CHANGE MODEL-(CELLID) OR
 OUTER ITERATION STEP       ITERATION  ITERATION  MAXIMUM CHANGE SUCCESS             MODEL-PACKAGE-(NUMBER)
 ----------------------------------------------------------------------------------------------------------
 Model                              1          2  4.31045231E-02                            2_GWT-(1,37,27)
 Model                              2          1 -2.38639416E-07       *                    2_GWT-(1,41,25)
 ----------------------------------------------------------------------------------------------------------


 2 CALLS TO NUMERICAL SOLUTION IN TIME STEP 188 STRESS PERIOD 2
 3 TOTAL ITERATIONS
 
    Solving:  Stress period:     2    Time step:   189
 

 SLN_1 OUTER ITERATION SUMMARY
 ----------------------------------------------------------------------------------------------------------
                                OUTER      INNER                    STEP   MAXIMUM CHANGE MODEL-(CELLID) OR
 OUTER ITERATION STEP       ITERATION  ITERATION  MAXIMUM CHANGE SUCCESS             MODEL-PACKAGE-(NUMBER)
 ----------------------------------------------------------------------------------------------------------
 Model                              1          1  8.42253468E-05       *                     1_GWF-(1,2,85)
 ----------------------------------------------------------------------------------------------------------


 1 CALLS TO NUMERICAL SOLUTION IN TIME STEP 189 STRESS PERIOD 2
 1 TOTAL ITERATIONS

 SLN_2 OUTER ITERATION SUMMARY
 ----------------------------------------------------------------------------------------------------------
                                OUTER      INNER                    STEP   MAXIMUM CHANGE MODEL-(CELLID) OR
 OUTER ITERATION STEP       ITERATION  ITERATION  MAXIMUM CHANGE SUCCESS             MODEL-PACKAGE-(NUMBER)
 ----------------------------------------------------------------------------------------------------------
 Model                              1          2 -4.24246230E-02                            2_GWT-(1,37,27)
 Model                              2          1 -2.04418768E-07       *                    2_GWT-(1,35,26)
 ----------------------------------------------------------------------------------------------------------


 2 CALLS TO NUMERICAL SOLUTION IN TIME STEP 189 STRESS PERIOD 2
 3 TOTAL ITERATIONS
 
    Solving:  Stress period:     2    Time step:   190
 

 SLN_1 OUTER ITERATION SUMMARY
 ----------------------------------------------------------------------------------------------------------
                                OUTER      INNER                    STEP   MAXIMUM CHANGE MODEL-(CELLID) OR
 OUTER ITERATION STEP       ITERATION  ITERATION  MAXIMUM CHANGE SUCCESS             MODEL-PACKAGE-(NUMBER)
 ----------------------------------------------------------------------------------------------------------
 Model                              1          1  8.09126275E-05       *                     1_GWF-(1,2,88)
 ----------------------------------------------------------------------------------------------------------


 1 CALLS TO NUMERICAL SOLUTION IN TIME STEP 190 STRESS PERIOD 2
 1 TOTAL ITERATIONS

 SLN_2 OUTER ITERATION SUMMARY
 ----------------------------------------------------------------------------------------------------------
                                OUTER      INNER                    STEP   MAXIMUM CHANGE MODEL-(CELLID) OR
 OUTER ITERATION STEP       ITERATION  ITERATION  MAXIMUM CHANGE SUCCESS             MODEL-PACKAGE-(NUMBER)
 ----------------------------------------------------------------------------------------------------------
 Model                              1          2  4.18719572E-02                            2_GWT-(1,37,27)
 Model                              2          1 -2.31040985E-07       *                    2_GWT-(1,41,25)
 ----------------------------------------------------------------------------------------------------------


 2 CALLS TO NUMERICAL SOLUTION IN TIME STEP 190 STRESS PERIOD 2
 3 TOTAL ITERATIONS
 
    Solving:  Stress period:     2    Time step:   191
 

 SLN_1 OUTER ITERATION SUMMARY
 ----------------------------------------------------------------------------------------------------------
                                OUTER      INNER                    STEP   MAXIMUM CHANGE MODEL-(CELLID) OR
 OUTER ITERATION STEP       ITERATION  ITERATION  MAXIMUM CHANGE SUCCESS             MODEL-PACKAGE-(NUMBER)
 ----------------------------------------------------------------------------------------------------------
 Model                              1          1  8.33051801E-05       *                     1_GWF-(1,2,85)
 ----------------------------------------------------------------------------------------------------------


 1 CALLS TO NUMERICAL SOLUTION IN TIME STEP 191 STRESS PERIOD 2
 1 TOTAL ITERATIONS

 SLN_2 OUTER ITERATION SUMMARY
 ----------------------------------------------------------------------------------------------------------
                                OUTER      INNER                    STEP   MAXIMUM CHANGE MODEL-(CELLID) OR
 OUTER ITERATION STEP       ITERATION  ITERATION  MAXIMUM CHANGE SUCCESS             MODEL-PACKAGE-(NUMBER)
 ----------------------------------------------------------------------------------------------------------
 Model                              1          2 -4.11900416E-02                            2_GWT-(1,37,27)
 Model                              2          1 -2.00810348E-07       *                    2_GWT-(1,35,26)
 ----------------------------------------------------------------------------------------------------------


 2 CALLS TO NUMERICAL SOLUTION IN TIME STEP 191 STRESS PERIOD 2
 3 TOTAL ITERATIONS
 
    Solving:  Stress period:     2    Time step:   192
 

 SLN_1 OUTER ITERATION SUMMARY
 ----------------------------------------------------------------------------------------------------------
                                OUTER      INNER                    STEP   MAXIMUM CHANGE MODEL-(CELLID) OR
 OUTER ITERATION STEP       ITERATION  ITERATION  MAXIMUM CHANGE SUCCESS             MODEL-PACKAGE-(NUMBER)
 ----------------------------------------------------------------------------------------------------------
 Model                              1          1  8.00324550E-05       *                     1_GWF-(1,2,88)
 ----------------------------------------------------------------------------------------------------------


 1 CALLS TO NUMERICAL SOLUTION IN TIME STEP 192 STRESS PERIOD 2
 1 TOTAL ITERATIONS

 SLN_2 OUTER ITERATION SUMMARY
 ----------------------------------------------------------------------------------------------------------
                                OUTER      INNER                    STEP   MAXIMUM CHANGE MODEL-(CELLID) OR
 OUTER ITERATION STEP       ITERATION  ITERATION  MAXIMUM CHANGE SUCCESS             MODEL-PACKAGE-(NUMBER)
 ----------------------------------------------------------------------------------------------------------
 Model                              1          2  4.06756111E-02                            2_GWT-(1,37,27)
 Model                              2          1 -2.23743712E-07       *                    2_GWT-(1,41,25)
 ----------------------------------------------------------------------------------------------------------


 2 CALLS TO NUMERICAL SOLUTION IN TIME STEP 192 STRESS PERIOD 2
 3 TOTAL ITERATIONS
 
    Solving:  Stress period:     2    Time step:   193
 

 SLN_1 OUTER ITERATION SUMMARY
 ----------------------------------------------------------------------------------------------------------
                                OUTER      INNER                    STEP   MAXIMUM CHANGE MODEL-(CELLID) OR
 OUTER ITERATION STEP       ITERATION  ITERATION  MAXIMUM CHANGE SUCCESS             MODEL-PACKAGE-(NUMBER)
 ----------------------------------------------------------------------------------------------------------
 Model                              1          1  8.23965448E-05       *                     1_GWF-(1,2,85)
 ----------------------------------------------------------------------------------------------------------


 1 CALLS TO NUMERICAL SOLUTION IN TIME STEP 193 STRESS PERIOD 2
 1 TOTAL ITERATIONS

 SLN_2 OUTER ITERATION SUMMARY
 ----------------------------------------------------------------------------------------------------------
                                OUTER      INNER                    STEP   MAXIMUM CHANGE MODEL-(CELLID) OR
 OUTER ITERATION STEP       ITERATION  ITERATION  MAXIMUM CHANGE SUCCESS             MODEL-PACKAGE-(NUMBER)
 ----------------------------------------------------------------------------------------------------------
 Model                              1          2 -3.99905381E-02                            2_GWT-(1,37,27)
 Model                              2          1 -1.97281850E-07       *                    2_GWT-(1,35,26)
 ----------------------------------------------------------------------------------------------------------


 2 CALLS TO NUMERICAL SOLUTION IN TIME STEP 193 STRESS PERIOD 2
 3 TOTAL ITERATIONS
 
    Solving:  Stress period:     2    Time step:   194
 

 SLN_1 OUTER ITERATION SUMMARY
 ----------------------------------------------------------------------------------------------------------
                                OUTER      INNER                    STEP   MAXIMUM CHANGE MODEL-(CELLID) OR
 OUTER ITERATION STEP       ITERATION  ITERATION  MAXIMUM CHANGE SUCCESS             MODEL-PACKAGE-(NUMBER)
 ----------------------------------------------------------------------------------------------------------
 Model                              1          1  7.91632050E-05       *                     1_GWF-(1,2,88)
 ----------------------------------------------------------------------------------------------------------


 1 CALLS TO NUMERICAL SOLUTION IN TIME STEP 194 STRESS PERIOD 2
 1 TOTAL ITERATIONS

 SLN_2 OUTER ITERATION SUMMARY
 ----------------------------------------------------------------------------------------------------------
                                OUTER      INNER                    STEP   MAXIMUM CHANGE MODEL-(CELLID) OR
 OUTER ITERATION STEP       ITERATION  ITERATION  MAXIMUM CHANGE SUCCESS             MODEL-PACKAGE-(NUMBER)
 ----------------------------------------------------------------------------------------------------------
 Model                              1          2  3.95144214E-02                            2_GWT-(1,37,27)
 Model                              2          1 -2.16740489E-07       *                    2_GWT-(1,41,25)
 ----------------------------------------------------------------------------------------------------------


 2 CALLS TO NUMERICAL SOLUTION IN TIME STEP 194 STRESS PERIOD 2
 3 TOTAL ITERATIONS
 
    Solving:  Stress period:     2    Time step:   195
 

 SLN_1 OUTER ITERATION SUMMARY
 ----------------------------------------------------------------------------------------------------------
                                OUTER      INNER                    STEP   MAXIMUM CHANGE MODEL-(CELLID) OR
 OUTER ITERATION STEP       ITERATION  ITERATION  MAXIMUM CHANGE SUCCESS             MODEL-PACKAGE-(NUMBER)
 ----------------------------------------------------------------------------------------------------------
 Model                              1          1  8.14992762E-05       *                     1_GWF-(1,2,85)
 ----------------------------------------------------------------------------------------------------------


 1 CALLS TO NUMERICAL SOLUTION IN TIME STEP 195 STRESS PERIOD 2
 1 TOTAL ITERATIONS

 SLN_2 OUTER ITERATION SUMMARY
 ----------------------------------------------------------------------------------------------------------
                                OUTER      INNER                    STEP   MAXIMUM CHANGE MODEL-(CELLID) OR
 OUTER ITERATION STEP       ITERATION  ITERATION  MAXIMUM CHANGE SUCCESS             MODEL-PACKAGE-(NUMBER)
 ----------------------------------------------------------------------------------------------------------
 Model                              1          2 -3.88251230E-02                            2_GWT-(1,37,27)
 Model                              2          1 -1.93832193E-07       *                    2_GWT-(1,35,26)
 ----------------------------------------------------------------------------------------------------------


 2 CALLS TO NUMERICAL SOLUTION IN TIME STEP 195 STRESS PERIOD 2
 3 TOTAL ITERATIONS
 
    Solving:  Stress period:     2    Time step:   196
 

 SLN_1 OUTER ITERATION SUMMARY
 ----------------------------------------------------------------------------------------------------------
                                OUTER      INNER                    STEP   MAXIMUM CHANGE MODEL-(CELLID) OR
 OUTER ITERATION STEP       ITERATION  ITERATION  MAXIMUM CHANGE SUCCESS             MODEL-PACKAGE-(NUMBER)
 ----------------------------------------------------------------------------------------------------------
 Model                              1          1  7.83047235E-05       *                     1_GWF-(1,2,88)
 ----------------------------------------------------------------------------------------------------------


 1 CALLS TO NUMERICAL SOLUTION IN TIME STEP 196 STRESS PERIOD 2
 1 TOTAL ITERATIONS

 SLN_2 OUTER ITERATION SUMMARY
 ----------------------------------------------------------------------------------------------------------
                                OUTER      INNER                    STEP   MAXIMUM CHANGE MODEL-(CELLID) OR
 OUTER ITERATION STEP       ITERATION  ITERATION  MAXIMUM CHANGE SUCCESS             MODEL-PACKAGE-(NUMBER)
 ----------------------------------------------------------------------------------------------------------
 Model                              1          2  3.83873561E-02                            2_GWT-(1,37,27)
 Model                              2          1 -2.10024268E-07       *                    2_GWT-(1,41,25)
 ----------------------------------------------------------------------------------------------------------


 2 CALLS TO NUMERICAL SOLUTION IN TIME STEP 196 STRESS PERIOD 2
 3 TOTAL ITERATIONS
 
    Solving:  Stress period:     2    Time step:   197
 

 SLN_1 OUTER ITERATION SUMMARY
 ----------------------------------------------------------------------------------------------------------
                                OUTER      INNER                    STEP   MAXIMUM CHANGE MODEL-(CELLID) OR
 OUTER ITERATION STEP       ITERATION  ITERATION  MAXIMUM CHANGE SUCCESS             MODEL-PACKAGE-(NUMBER)
 ----------------------------------------------------------------------------------------------------------
 Model                              1          1  8.06132124E-05       *                     1_GWF-(1,2,85)
 ----------------------------------------------------------------------------------------------------------


 1 CALLS TO NUMERICAL SOLUTION IN TIME STEP 197 STRESS PERIOD 2
 1 TOTAL ITERATIONS

 SLN_2 OUTER ITERATION SUMMARY
 ----------------------------------------------------------------------------------------------------------
                                OUTER      INNER                    STEP   MAXIMUM CHANGE MODEL-(CELLID) OR
 OUTER ITERATION STEP       ITERATION  ITERATION  MAXIMUM CHANGE SUCCESS             MODEL-PACKAGE-(NUMBER)
 ----------------------------------------------------------------------------------------------------------
 Model                              1          2 -3.76928339E-02                            2_GWT-(1,37,27)
 Model                              2          1 -1.90459843E-07       *                    2_GWT-(1,35,26)
 ----------------------------------------------------------------------------------------------------------


 2 CALLS TO NUMERICAL SOLUTION IN TIME STEP 197 STRESS PERIOD 2
 3 TOTAL ITERATIONS
 
    Solving:  Stress period:     2    Time step:   198
 

 SLN_1 OUTER ITERATION SUMMARY
 ----------------------------------------------------------------------------------------------------------
                                OUTER      INNER                    STEP   MAXIMUM CHANGE MODEL-(CELLID) OR
 OUTER ITERATION STEP       ITERATION  ITERATION  MAXIMUM CHANGE SUCCESS             MODEL-PACKAGE-(NUMBER)
 ----------------------------------------------------------------------------------------------------------
 Model                              1          1  7.74568594E-05       *                     1_GWF-(1,2,88)
 ----------------------------------------------------------------------------------------------------------


 1 CALLS TO NUMERICAL SOLUTION IN TIME STEP 198 STRESS PERIOD 2
 1 TOTAL ITERATIONS

 SLN_2 OUTER ITERATION SUMMARY
 ----------------------------------------------------------------------------------------------------------
                                OUTER      INNER                    STEP   MAXIMUM CHANGE MODEL-(CELLID) OR
 OUTER ITERATION STEP       ITERATION  ITERATION  MAXIMUM CHANGE SUCCESS             MODEL-PACKAGE-(NUMBER)
 ----------------------------------------------------------------------------------------------------------
 Model                              1          2  3.72934126E-02                            2_GWT-(1,37,27)
 Model                              2          1 -2.03588115E-07       *                    2_GWT-(1,41,25)
 ----------------------------------------------------------------------------------------------------------


 2 CALLS TO NUMERICAL SOLUTION IN TIME STEP 198 STRESS PERIOD 2
 3 TOTAL ITERATIONS
 
    Solving:  Stress period:     2    Time step:   199
 

 SLN_1 OUTER ITERATION SUMMARY
 ----------------------------------------------------------------------------------------------------------
                                OUTER      INNER                    STEP   MAXIMUM CHANGE MODEL-(CELLID) OR
 OUTER ITERATION STEP       ITERATION  ITERATION  MAXIMUM CHANGE SUCCESS             MODEL-PACKAGE-(NUMBER)
 ----------------------------------------------------------------------------------------------------------
 Model                              1          1  7.97381938E-05       *                     1_GWF-(1,2,85)
 ----------------------------------------------------------------------------------------------------------


 1 CALLS TO NUMERICAL SOLUTION IN TIME STEP 199 STRESS PERIOD 2
 1 TOTAL ITERATIONS

 SLN_2 OUTER ITERATION SUMMARY
 ----------------------------------------------------------------------------------------------------------
                                OUTER      INNER                    STEP   MAXIMUM CHANGE MODEL-(CELLID) OR
 OUTER ITERATION STEP       ITERATION  ITERATION  MAXIMUM CHANGE SUCCESS             MODEL-PACKAGE-(NUMBER)
 ----------------------------------------------------------------------------------------------------------
 Model                              1          2 -3.65927349E-02                            2_GWT-(1,37,27)
 Model                              2          1 -1.87163607E-07       *                    2_GWT-(1,35,26)
 ----------------------------------------------------------------------------------------------------------


 2 CALLS TO NUMERICAL SOLUTION IN TIME STEP 199 STRESS PERIOD 2
 3 TOTAL ITERATIONS
 
    Solving:  Stress period:     2    Time step:   200
 

 SLN_1 OUTER ITERATION SUMMARY
 ----------------------------------------------------------------------------------------------------------
                                OUTER      INNER                    STEP   MAXIMUM CHANGE MODEL-(CELLID) OR
 OUTER ITERATION STEP       ITERATION  ITERATION  MAXIMUM CHANGE SUCCESS             MODEL-PACKAGE-(NUMBER)
 ----------------------------------------------------------------------------------------------------------
 Model                              1          1  7.66194635E-05       *                     1_GWF-(1,2,88)
 ----------------------------------------------------------------------------------------------------------


 1 CALLS TO NUMERICAL SOLUTION IN TIME STEP 200 STRESS PERIOD 2
 1 TOTAL ITERATIONS

 SLN_2 OUTER ITERATION SUMMARY
 ----------------------------------------------------------------------------------------------------------
                                OUTER      INNER                    STEP   MAXIMUM CHANGE MODEL-(CELLID) OR
 OUTER ITERATION STEP       ITERATION  ITERATION  MAXIMUM CHANGE SUCCESS             MODEL-PACKAGE-(NUMBER)
 ----------------------------------------------------------------------------------------------------------
 Model                              1          2  3.62316180E-02                            2_GWT-(1,37,27)
 Model                              2          1 -1.97425209E-07       *                    2_GWT-(1,41,25)
 ----------------------------------------------------------------------------------------------------------


 2 CALLS TO NUMERICAL SOLUTION IN TIME STEP 200 STRESS PERIOD 2
 3 TOTAL ITERATIONS
 
    Solving:  Stress period:     2    Time step:   201
 

 SLN_1 OUTER ITERATION SUMMARY
 ----------------------------------------------------------------------------------------------------------
                                OUTER      INNER                    STEP   MAXIMUM CHANGE MODEL-(CELLID) OR
 OUTER ITERATION STEP       ITERATION  ITERATION  MAXIMUM CHANGE SUCCESS             MODEL-PACKAGE-(NUMBER)
 ----------------------------------------------------------------------------------------------------------
 Model                              1          1  7.88740638E-05       *                     1_GWF-(1,2,85)
 ----------------------------------------------------------------------------------------------------------


 1 CALLS TO NUMERICAL SOLUTION IN TIME STEP 201 STRESS PERIOD 2
 1 TOTAL ITERATIONS

 SLN_2 OUTER ITERATION SUMMARY
 ----------------------------------------------------------------------------------------------------------
                                OUTER      INNER                    STEP   MAXIMUM CHANGE MODEL-(CELLID) OR
 OUTER ITERATION STEP       ITERATION  ITERATION  MAXIMUM CHANGE SUCCESS             MODEL-PACKAGE-(NUMBER)
 ----------------------------------------------------------------------------------------------------------
 Model                              1          2 -3.55239162E-02                            2_GWT-(1,37,27)
 Model                              2          1 -1.83942234E-07       *                    2_GWT-(1,35,26)
 ----------------------------------------------------------------------------------------------------------


 2 CALLS TO NUMERICAL SOLUTION IN TIME STEP 201 STRESS PERIOD 2
 3 TOTAL ITERATIONS
 
    Solving:  Stress period:     2    Time step:   202
 

 SLN_1 OUTER ITERATION SUMMARY
 ----------------------------------------------------------------------------------------------------------
                                OUTER      INNER                    STEP   MAXIMUM CHANGE MODEL-(CELLID) OR
 OUTER ITERATION STEP       ITERATION  ITERATION  MAXIMUM CHANGE SUCCESS             MODEL-PACKAGE-(NUMBER)
 ----------------------------------------------------------------------------------------------------------
 Model                              1          1  7.57923894E-05       *                     1_GWF-(1,2,88)
 ----------------------------------------------------------------------------------------------------------


 1 CALLS TO NUMERICAL SOLUTION IN TIME STEP 202 STRESS PERIOD 2
 1 TOTAL ITERATIONS

 SLN_2 OUTER ITERATION SUMMARY
 ----------------------------------------------------------------------------------------------------------
                                OUTER      INNER                    STEP   MAXIMUM CHANGE MODEL-(CELLID) OR
 OUTER ITERATION STEP       ITERATION  ITERATION  MAXIMUM CHANGE SUCCESS             MODEL-PACKAGE-(NUMBER)
 ----------------------------------------------------------------------------------------------------------
 Model                              1          2  3.52010279E-02                            2_GWT-(1,37,27)
 Model                              2          1 -1.91528784E-07       *                    2_GWT-(1,41,25)
 ----------------------------------------------------------------------------------------------------------


 2 CALLS TO NUMERICAL SOLUTION IN TIME STEP 202 STRESS PERIOD 2
 3 TOTAL ITERATIONS
 
    Solving:  Stress period:     2    Time step:   203
 

 SLN_1 OUTER ITERATION SUMMARY
 ----------------------------------------------------------------------------------------------------------
                                OUTER      INNER                    STEP   MAXIMUM CHANGE MODEL-(CELLID) OR
 OUTER ITERATION STEP       ITERATION  ITERATION  MAXIMUM CHANGE SUCCESS             MODEL-PACKAGE-(NUMBER)
 ----------------------------------------------------------------------------------------------------------
 Model                              1          1  7.80206678E-05       *                     1_GWF-(1,2,85)
 ----------------------------------------------------------------------------------------------------------


 1 CALLS TO NUMERICAL SOLUTION IN TIME STEP 203 STRESS PERIOD 2
 1 TOTAL ITERATIONS

 SLN_2 OUTER ITERATION SUMMARY
 ----------------------------------------------------------------------------------------------------------
                                OUTER      INNER                    STEP   MAXIMUM CHANGE MODEL-(CELLID) OR
 OUTER ITERATION STEP       ITERATION  ITERATION  MAXIMUM CHANGE SUCCESS             MODEL-PACKAGE-(NUMBER)
 ----------------------------------------------------------------------------------------------------------
 Model                              1          2 -3.44854919E-02                            2_GWT-(1,37,27)
 Model                              2          1 -1.80794302E-07       *                    2_GWT-(1,35,26)
 ----------------------------------------------------------------------------------------------------------


 2 CALLS TO NUMERICAL SOLUTION IN TIME STEP 203 STRESS PERIOD 2
 3 TOTAL ITERATIONS
 
    Solving:  Stress period:     2    Time step:   204
 

 SLN_1 OUTER ITERATION SUMMARY
 ----------------------------------------------------------------------------------------------------------
                                OUTER      INNER                    STEP   MAXIMUM CHANGE MODEL-(CELLID) OR
 OUTER ITERATION STEP       ITERATION  ITERATION  MAXIMUM CHANGE SUCCESS             MODEL-PACKAGE-(NUMBER)
 ----------------------------------------------------------------------------------------------------------
 Model                              1          1  7.49754928E-05       *                     1_GWF-(1,2,88)
 ----------------------------------------------------------------------------------------------------------


 1 CALLS TO NUMERICAL SOLUTION IN TIME STEP 204 STRESS PERIOD 2
 1 TOTAL ITERATIONS

 SLN_2 OUTER ITERATION SUMMARY
 ----------------------------------------------------------------------------------------------------------
                                OUTER      INNER                    STEP   MAXIMUM CHANGE MODEL-(CELLID) OR
 OUTER ITERATION STEP       ITERATION  ITERATION  MAXIMUM CHANGE SUCCESS             MODEL-PACKAGE-(NUMBER)
 ----------------------------------------------------------------------------------------------------------
 Model                              1          2  3.42007243E-02                            2_GWT-(1,37,27)
 Model                              2          1 -1.85891565E-07       *                    2_GWT-(1,41,25)
 ----------------------------------------------------------------------------------------------------------


 2 CALLS TO NUMERICAL SOLUTION IN TIME STEP 204 STRESS PERIOD 2
 3 TOTAL ITERATIONS
 
    Solving:  Stress period:     2    Time step:   205
 

 SLN_1 OUTER ITERATION SUMMARY
 ----------------------------------------------------------------------------------------------------------
                                OUTER      INNER                    STEP   MAXIMUM CHANGE MODEL-(CELLID) OR
 OUTER ITERATION STEP       ITERATION  ITERATION  MAXIMUM CHANGE SUCCESS             MODEL-PACKAGE-(NUMBER)
 ----------------------------------------------------------------------------------------------------------
 Model                              1          1  7.71778542E-05       *                     1_GWF-(1,2,85)
 ----------------------------------------------------------------------------------------------------------


 1 CALLS TO NUMERICAL SOLUTION IN TIME STEP 205 STRESS PERIOD 2
 1 TOTAL ITERATIONS

 SLN_2 OUTER ITERATION SUMMARY
 ----------------------------------------------------------------------------------------------------------
                                OUTER      INNER                    STEP   MAXIMUM CHANGE MODEL-(CELLID) OR
 OUTER ITERATION STEP       ITERATION  ITERATION  MAXIMUM CHANGE SUCCESS             MODEL-PACKAGE-(NUMBER)
 ----------------------------------------------------------------------------------------------------------
 Model                              1          2 -3.34766010E-02                            2_GWT-(1,37,27)
 Model                              2          1 -1.77718448E-07       *                    2_GWT-(1,35,26)
 ----------------------------------------------------------------------------------------------------------


 2 CALLS TO NUMERICAL SOLUTION IN TIME STEP 205 STRESS PERIOD 2
 3 TOTAL ITERATIONS
 
    Solving:  Stress period:     2    Time step:   206
 

 SLN_1 OUTER ITERATION SUMMARY
 ----------------------------------------------------------------------------------------------------------
                                OUTER      INNER                    STEP   MAXIMUM CHANGE MODEL-(CELLID) OR
 OUTER ITERATION STEP       ITERATION  ITERATION  MAXIMUM CHANGE SUCCESS             MODEL-PACKAGE-(NUMBER)
 ----------------------------------------------------------------------------------------------------------
 Model                              1          1  7.41686317E-05       *                     1_GWF-(1,2,88)
 ----------------------------------------------------------------------------------------------------------


 1 CALLS TO NUMERICAL SOLUTION IN TIME STEP 206 STRESS PERIOD 2
 1 TOTAL ITERATIONS

 SLN_2 OUTER ITERATION SUMMARY
 ----------------------------------------------------------------------------------------------------------
                                OUTER      INNER                    STEP   MAXIMUM CHANGE MODEL-(CELLID) OR
 OUTER ITERATION STEP       ITERATION  ITERATION  MAXIMUM CHANGE SUCCESS             MODEL-PACKAGE-(NUMBER)
 ----------------------------------------------------------------------------------------------------------
 Model                              1          2  3.32298169E-02                            2_GWT-(1,37,27)
 Model                              2          1 -1.80506561E-07       *                    2_GWT-(1,41,25)
 ----------------------------------------------------------------------------------------------------------


 2 CALLS TO NUMERICAL SOLUTION IN TIME STEP 206 STRESS PERIOD 2
 3 TOTAL ITERATIONS
 
    Solving:  Stress period:     2    Time step:   207
 

 SLN_1 OUTER ITERATION SUMMARY
 ----------------------------------------------------------------------------------------------------------
                                OUTER      INNER                    STEP   MAXIMUM CHANGE MODEL-(CELLID) OR
 OUTER ITERATION STEP       ITERATION  ITERATION  MAXIMUM CHANGE SUCCESS             MODEL-PACKAGE-(NUMBER)
 ----------------------------------------------------------------------------------------------------------
 Model                              1          1  7.63454735E-05       *                     1_GWF-(1,2,85)
 ----------------------------------------------------------------------------------------------------------


 1 CALLS TO NUMERICAL SOLUTION IN TIME STEP 207 STRESS PERIOD 2
 1 TOTAL ITERATIONS

 SLN_2 OUTER ITERATION SUMMARY
 ----------------------------------------------------------------------------------------------------------
                                OUTER      INNER                    STEP   MAXIMUM CHANGE MODEL-(CELLID) OR
 OUTER ITERATION STEP       ITERATION  ITERATION  MAXIMUM CHANGE SUCCESS             MODEL-PACKAGE-(NUMBER)
 ----------------------------------------------------------------------------------------------------------
 Model                              1          2 -3.24964067E-02                            2_GWT-(1,37,27)
 Model                              2          1 -1.75368882E-07       *                    2_GWT-(1,39,26)
 ----------------------------------------------------------------------------------------------------------


 2 CALLS TO NUMERICAL SOLUTION IN TIME STEP 207 STRESS PERIOD 2
 3 TOTAL ITERATIONS
 
    Solving:  Stress period:     2    Time step:   208
 

 SLN_1 OUTER ITERATION SUMMARY
 ----------------------------------------------------------------------------------------------------------
                                OUTER      INNER                    STEP   MAXIMUM CHANGE MODEL-(CELLID) OR
 OUTER ITERATION STEP       ITERATION  ITERATION  MAXIMUM CHANGE SUCCESS             MODEL-PACKAGE-(NUMBER)
 ----------------------------------------------------------------------------------------------------------
 Model                              1          1  7.33716665E-05       *                     1_GWF-(1,2,88)
 ----------------------------------------------------------------------------------------------------------


 1 CALLS TO NUMERICAL SOLUTION IN TIME STEP 208 STRESS PERIOD 2
 1 TOTAL ITERATIONS

 SLN_2 OUTER ITERATION SUMMARY
 ----------------------------------------------------------------------------------------------------------
                                OUTER      INNER                    STEP   MAXIMUM CHANGE MODEL-(CELLID) OR
 OUTER ITERATION STEP       ITERATION  ITERATION  MAXIMUM CHANGE SUCCESS             MODEL-PACKAGE-(NUMBER)
 ----------------------------------------------------------------------------------------------------------
 Model                              1          2  3.22874413E-02                            2_GWT-(1,37,27)
 Model                              2          1 -1.75367802E-07       *                    2_GWT-(1,41,25)
 ----------------------------------------------------------------------------------------------------------


 2 CALLS TO NUMERICAL SOLUTION IN TIME STEP 208 STRESS PERIOD 2
 3 TOTAL ITERATIONS
 
    Solving:  Stress period:     2    Time step:   209
 

 SLN_1 OUTER ITERATION SUMMARY
 ----------------------------------------------------------------------------------------------------------
                                OUTER      INNER                    STEP   MAXIMUM CHANGE MODEL-(CELLID) OR
 OUTER ITERATION STEP       ITERATION  ITERATION  MAXIMUM CHANGE SUCCESS             MODEL-PACKAGE-(NUMBER)
 ----------------------------------------------------------------------------------------------------------
 Model                              1          1  7.55233788E-05       *                     1_GWF-(1,2,85)
 ----------------------------------------------------------------------------------------------------------


 1 CALLS TO NUMERICAL SOLUTION IN TIME STEP 209 STRESS PERIOD 2
 1 TOTAL ITERATIONS

 SLN_2 OUTER ITERATION SUMMARY
 ----------------------------------------------------------------------------------------------------------
                                OUTER      INNER                    STEP   MAXIMUM CHANGE MODEL-(CELLID) OR
 OUTER ITERATION STEP       ITERATION  ITERATION  MAXIMUM CHANGE SUCCESS             MODEL-PACKAGE-(NUMBER)
 ----------------------------------------------------------------------------------------------------------
 Model                              1          2 -3.15440946E-02                            2_GWT-(1,37,27)
 Model                              2          1 -1.73286708E-07       *                    2_GWT-(1,39,26)
 ----------------------------------------------------------------------------------------------------------


 2 CALLS TO NUMERICAL SOLUTION IN TIME STEP 209 STRESS PERIOD 2
 3 TOTAL ITERATIONS
 
    Solving:  Stress period:     2    Time step:   210
 

 SLN_1 OUTER ITERATION SUMMARY
 ----------------------------------------------------------------------------------------------------------
                                OUTER      INNER                    STEP   MAXIMUM CHANGE MODEL-(CELLID) OR
 OUTER ITERATION STEP       ITERATION  ITERATION  MAXIMUM CHANGE SUCCESS             MODEL-PACKAGE-(NUMBER)
 ----------------------------------------------------------------------------------------------------------
 Model                              1          1  7.25844597E-05       *                     1_GWF-(1,2,88)
 ----------------------------------------------------------------------------------------------------------


 1 CALLS TO NUMERICAL SOLUTION IN TIME STEP 210 STRESS PERIOD 2
 1 TOTAL ITERATIONS

 SLN_2 OUTER ITERATION SUMMARY
 ----------------------------------------------------------------------------------------------------------
                                OUTER      INNER                    STEP   MAXIMUM CHANGE MODEL-(CELLID) OR
 OUTER ITERATION STEP       ITERATION  ITERATION  MAXIMUM CHANGE SUCCESS             MODEL-PACKAGE-(NUMBER)
 ----------------------------------------------------------------------------------------------------------
 Model                              1          2  3.13727576E-02                            2_GWT-(1,37,27)
 Model                              2          1 -1.70467615E-07       *                    2_GWT-(1,41,25)
 ----------------------------------------------------------------------------------------------------------


 2 CALLS TO NUMERICAL SOLUTION IN TIME STEP 210 STRESS PERIOD 2
 3 TOTAL ITERATIONS
 
    Solving:  Stress period:     2    Time step:   211
 

 SLN_1 OUTER ITERATION SUMMARY
 ----------------------------------------------------------------------------------------------------------
                                OUTER      INNER                    STEP   MAXIMUM CHANGE MODEL-(CELLID) OR
 OUTER ITERATION STEP       ITERATION  ITERATION  MAXIMUM CHANGE SUCCESS             MODEL-PACKAGE-(NUMBER)
 ----------------------------------------------------------------------------------------------------------
 Model                              1          1  7.47114254E-05       *                     1_GWF-(1,2,85)
 ----------------------------------------------------------------------------------------------------------


 1 CALLS TO NUMERICAL SOLUTION IN TIME STEP 211 STRESS PERIOD 2
 1 TOTAL ITERATIONS

 SLN_2 OUTER ITERATION SUMMARY
 ----------------------------------------------------------------------------------------------------------
                                OUTER      INNER                    STEP   MAXIMUM CHANGE MODEL-(CELLID) OR
 OUTER ITERATION STEP       ITERATION  ITERATION  MAXIMUM CHANGE SUCCESS             MODEL-PACKAGE-(NUMBER)
 ----------------------------------------------------------------------------------------------------------
 Model                              1          2 -3.06188735E-02                            2_GWT-(1,37,27)
 Model                              2          1 -1.71233751E-07       *                    2_GWT-(1,39,26)
 ----------------------------------------------------------------------------------------------------------


 2 CALLS TO NUMERICAL SOLUTION IN TIME STEP 211 STRESS PERIOD 2
 3 TOTAL ITERATIONS
 
    Solving:  Stress period:     2    Time step:   212
 

 SLN_1 OUTER ITERATION SUMMARY
 ----------------------------------------------------------------------------------------------------------
                                OUTER      INNER                    STEP   MAXIMUM CHANGE MODEL-(CELLID) OR
 OUTER ITERATION STEP       ITERATION  ITERATION  MAXIMUM CHANGE SUCCESS             MODEL-PACKAGE-(NUMBER)
 ----------------------------------------------------------------------------------------------------------
 Model                              1          1  7.18068762E-05       *                     1_GWF-(1,2,88)
 ----------------------------------------------------------------------------------------------------------


 1 CALLS TO NUMERICAL SOLUTION IN TIME STEP 212 STRESS PERIOD 2
 1 TOTAL ITERATIONS

 SLN_2 OUTER ITERATION SUMMARY
 ----------------------------------------------------------------------------------------------------------
                                OUTER      INNER                    STEP   MAXIMUM CHANGE MODEL-(CELLID) OR
 OUTER ITERATION STEP       ITERATION  ITERATION  MAXIMUM CHANGE SUCCESS             MODEL-PACKAGE-(NUMBER)
 ----------------------------------------------------------------------------------------------------------
 Model                              1          2  3.04849511E-02                            2_GWT-(1,37,27)
 Model                              2          1 -1.65800316E-07       *                    2_GWT-(1,41,25)
 ----------------------------------------------------------------------------------------------------------


 2 CALLS TO NUMERICAL SOLUTION IN TIME STEP 212 STRESS PERIOD 2
 3 TOTAL ITERATIONS
 
    Solving:  Stress period:     2    Time step:   213
 

 SLN_1 OUTER ITERATION SUMMARY
 ----------------------------------------------------------------------------------------------------------
                                OUTER      INNER                    STEP   MAXIMUM CHANGE MODEL-(CELLID) OR
 OUTER ITERATION STEP       ITERATION  ITERATION  MAXIMUM CHANGE SUCCESS             MODEL-PACKAGE-(NUMBER)
 ----------------------------------------------------------------------------------------------------------
 Model                              1          1  7.39094712E-05       *                     1_GWF-(1,2,85)
 ----------------------------------------------------------------------------------------------------------


 1 CALLS TO NUMERICAL SOLUTION IN TIME STEP 213 STRESS PERIOD 2
 1 TOTAL ITERATIONS

 SLN_2 OUTER ITERATION SUMMARY
 ----------------------------------------------------------------------------------------------------------
                                OUTER      INNER                    STEP   MAXIMUM CHANGE MODEL-(CELLID) OR
 OUTER ITERATION STEP       ITERATION  ITERATION  MAXIMUM CHANGE SUCCESS             MODEL-PACKAGE-(NUMBER)
 ----------------------------------------------------------------------------------------------------------
 Model                              1          2 -2.97199734E-02                            2_GWT-(1,37,27)
 Model                              2          1 -1.69209159E-07       *                    2_GWT-(1,39,26)
 ----------------------------------------------------------------------------------------------------------


 2 CALLS TO NUMERICAL SOLUTION IN TIME STEP 213 STRESS PERIOD 2
 3 TOTAL ITERATIONS
 
    Solving:  Stress period:     2    Time step:   214
 

 SLN_1 OUTER ITERATION SUMMARY
 ----------------------------------------------------------------------------------------------------------
                                OUTER      INNER                    STEP   MAXIMUM CHANGE MODEL-(CELLID) OR
 OUTER ITERATION STEP       ITERATION  ITERATION  MAXIMUM CHANGE SUCCESS             MODEL-PACKAGE-(NUMBER)
 ----------------------------------------------------------------------------------------------------------
 Model                              1          1  7.10387827E-05       *                     1_GWF-(1,2,88)
 ----------------------------------------------------------------------------------------------------------


 1 CALLS TO NUMERICAL SOLUTION IN TIME STEP 214 STRESS PERIOD 2
 1 TOTAL ITERATIONS

 SLN_2 OUTER ITERATION SUMMARY
 ----------------------------------------------------------------------------------------------------------
                                OUTER      INNER                    STEP   MAXIMUM CHANGE MODEL-(CELLID) OR
 OUTER ITERATION STEP       ITERATION  ITERATION  MAXIMUM CHANGE SUCCESS             MODEL-PACKAGE-(NUMBER)
 ----------------------------------------------------------------------------------------------------------
 Model                              1          2  2.96232305E-02                            2_GWT-(1,37,27)
 Model                              2          1 -1.61358287E-07       *                    2_GWT-(1,41,25)
 ----------------------------------------------------------------------------------------------------------


 2 CALLS TO NUMERICAL SOLUTION IN TIME STEP 214 STRESS PERIOD 2
 3 TOTAL ITERATIONS
 
    Solving:  Stress period:     2    Time step:   215
 

 SLN_1 OUTER ITERATION SUMMARY
 ----------------------------------------------------------------------------------------------------------
                                OUTER      INNER                    STEP   MAXIMUM CHANGE MODEL-(CELLID) OR
 OUTER ITERATION STEP       ITERATION  ITERATION  MAXIMUM CHANGE SUCCESS             MODEL-PACKAGE-(NUMBER)
 ----------------------------------------------------------------------------------------------------------
 Model                              1          1  7.31173761E-05       *                     1_GWF-(1,2,85)
 ----------------------------------------------------------------------------------------------------------


 1 CALLS TO NUMERICAL SOLUTION IN TIME STEP 215 STRESS PERIOD 2
 1 TOTAL ITERATIONS

 SLN_2 OUTER ITERATION SUMMARY
 ----------------------------------------------------------------------------------------------------------
                                OUTER      INNER                    STEP   MAXIMUM CHANGE MODEL-(CELLID) OR
 OUTER ITERATION STEP       ITERATION  ITERATION  MAXIMUM CHANGE SUCCESS             MODEL-PACKAGE-(NUMBER)
 ----------------------------------------------------------------------------------------------------------
 Model                              1          2 -2.88466474E-02                            2_GWT-(1,37,27)
 Model                              2          1 -1.67212932E-07       *                    2_GWT-(1,39,26)
 ----------------------------------------------------------------------------------------------------------


 2 CALLS TO NUMERICAL SOLUTION IN TIME STEP 215 STRESS PERIOD 2
 3 TOTAL ITERATIONS
 
    Solving:  Stress period:     2    Time step:   216
 

 SLN_1 OUTER ITERATION SUMMARY
 ----------------------------------------------------------------------------------------------------------
                                OUTER      INNER                    STEP   MAXIMUM CHANGE MODEL-(CELLID) OR
 OUTER ITERATION STEP       ITERATION  ITERATION  MAXIMUM CHANGE SUCCESS             MODEL-PACKAGE-(NUMBER)
 ----------------------------------------------------------------------------------------------------------
 Model                              1          1  7.02800485E-05       *                     1_GWF-(1,2,88)
 ----------------------------------------------------------------------------------------------------------


 1 CALLS TO NUMERICAL SOLUTION IN TIME STEP 216 STRESS PERIOD 2
 1 TOTAL ITERATIONS

 SLN_2 OUTER ITERATION SUMMARY
 ----------------------------------------------------------------------------------------------------------
                                OUTER      INNER                    STEP   MAXIMUM CHANGE MODEL-(CELLID) OR
 OUTER ITERATION STEP       ITERATION  ITERATION  MAXIMUM CHANGE SUCCESS             MODEL-PACKAGE-(NUMBER)
 ----------------------------------------------------------------------------------------------------------
 Model                              1          2  2.87868287E-02                            2_GWT-(1,37,27)
 Model                              2          1 -1.57135673E-07       *                    2_GWT-(1,41,25)
 ----------------------------------------------------------------------------------------------------------


 2 CALLS TO NUMERICAL SOLUTION IN TIME STEP 216 STRESS PERIOD 2
 3 TOTAL ITERATIONS
 
    Solving:  Stress period:     2    Time step:   217
 

 SLN_1 OUTER ITERATION SUMMARY
 ----------------------------------------------------------------------------------------------------------
                                OUTER      INNER                    STEP   MAXIMUM CHANGE MODEL-(CELLID) OR
 OUTER ITERATION STEP       ITERATION  ITERATION  MAXIMUM CHANGE SUCCESS             MODEL-PACKAGE-(NUMBER)
 ----------------------------------------------------------------------------------------------------------
 Model                              1          1  7.23350025E-05       *                     1_GWF-(1,2,85)
 ----------------------------------------------------------------------------------------------------------


 1 CALLS TO NUMERICAL SOLUTION IN TIME STEP 217 STRESS PERIOD 2
 1 TOTAL ITERATIONS

 SLN_2 OUTER ITERATION SUMMARY
 ----------------------------------------------------------------------------------------------------------
                                OUTER      INNER                    STEP   MAXIMUM CHANGE MODEL-(CELLID) OR
 OUTER ITERATION STEP       ITERATION  ITERATION  MAXIMUM CHANGE SUCCESS             MODEL-PACKAGE-(NUMBER)
 ----------------------------------------------------------------------------------------------------------
 Model                              1          2 -2.79981682E-02                            2_GWT-(1,37,27)
 Model                              2          1 -1.65244728E-07       *                    2_GWT-(1,39,26)
 ----------------------------------------------------------------------------------------------------------


 2 CALLS TO NUMERICAL SOLUTION IN TIME STEP 217 STRESS PERIOD 2
 3 TOTAL ITERATIONS
 
    Solving:  Stress period:     2    Time step:   218
 

 SLN_1 OUTER ITERATION SUMMARY
 ----------------------------------------------------------------------------------------------------------
                                OUTER      INNER                    STEP   MAXIMUM CHANGE MODEL-(CELLID) OR
 OUTER ITERATION STEP       ITERATION  ITERATION  MAXIMUM CHANGE SUCCESS             MODEL-PACKAGE-(NUMBER)
 ----------------------------------------------------------------------------------------------------------
 Model                              1          1  6.95305445E-05       *                     1_GWF-(1,2,88)
 ----------------------------------------------------------------------------------------------------------


 1 CALLS TO NUMERICAL SOLUTION IN TIME STEP 218 STRESS PERIOD 2
 1 TOTAL ITERATIONS

 SLN_2 OUTER ITERATION SUMMARY
 ----------------------------------------------------------------------------------------------------------
                                OUTER      INNER                    STEP   MAXIMUM CHANGE MODEL-(CELLID) OR
 OUTER ITERATION STEP       ITERATION  ITERATION  MAXIMUM CHANGE SUCCESS             MODEL-PACKAGE-(NUMBER)
 ----------------------------------------------------------------------------------------------------------
 Model                              1          2  2.79749999E-02                            2_GWT-(1,37,27)
 Model                              2          1 -1.53125939E-07       *                    2_GWT-(1,41,25)
 ----------------------------------------------------------------------------------------------------------


 2 CALLS TO NUMERICAL SOLUTION IN TIME STEP 218 STRESS PERIOD 2
 3 TOTAL ITERATIONS
 
    Solving:  Stress period:     2    Time step:   219
 

 SLN_1 OUTER ITERATION SUMMARY
 ----------------------------------------------------------------------------------------------------------
                                OUTER      INNER                    STEP   MAXIMUM CHANGE MODEL-(CELLID) OR
 OUTER ITERATION STEP       ITERATION  ITERATION  MAXIMUM CHANGE SUCCESS             MODEL-PACKAGE-(NUMBER)
 ----------------------------------------------------------------------------------------------------------
 Model                              1          1  7.15622150E-05       *                     1_GWF-(1,2,85)
 ----------------------------------------------------------------------------------------------------------


 1 CALLS TO NUMERICAL SOLUTION IN TIME STEP 219 STRESS PERIOD 2
 1 TOTAL ITERATIONS

 SLN_2 OUTER ITERATION SUMMARY
 ----------------------------------------------------------------------------------------------------------
                                OUTER      INNER                    STEP   MAXIMUM CHANGE MODEL-(CELLID) OR
 OUTER ITERATION STEP       ITERATION  ITERATION  MAXIMUM CHANGE SUCCESS             MODEL-PACKAGE-(NUMBER)
 ----------------------------------------------------------------------------------------------------------
 Model                              1          2 -2.71738288E-02                            2_GWT-(1,37,27)
 Model                              2          1 -1.63303980E-07       *                    2_GWT-(1,39,26)
 ----------------------------------------------------------------------------------------------------------


 2 CALLS TO NUMERICAL SOLUTION IN TIME STEP 219 STRESS PERIOD 2
 3 TOTAL ITERATIONS
 
    Solving:  Stress period:     2    Time step:   220
 

 SLN_1 OUTER ITERATION SUMMARY
 ----------------------------------------------------------------------------------------------------------
                                OUTER      INNER                    STEP   MAXIMUM CHANGE MODEL-(CELLID) OR
 OUTER ITERATION STEP       ITERATION  ITERATION  MAXIMUM CHANGE SUCCESS             MODEL-PACKAGE-(NUMBER)
 ----------------------------------------------------------------------------------------------------------
 Model                              1          1  6.87901441E-05       *                     1_GWF-(1,2,88)
 ----------------------------------------------------------------------------------------------------------


 1 CALLS TO NUMERICAL SOLUTION IN TIME STEP 220 STRESS PERIOD 2
 1 TOTAL ITERATIONS

 SLN_2 OUTER ITERATION SUMMARY
 ----------------------------------------------------------------------------------------------------------
                                OUTER      INNER                    STEP   MAXIMUM CHANGE MODEL-(CELLID) OR
 OUTER ITERATION STEP       ITERATION  ITERATION  MAXIMUM CHANGE SUCCESS             MODEL-PACKAGE-(NUMBER)
 ----------------------------------------------------------------------------------------------------------
 Model                              1          2  2.71870205E-02                            2_GWT-(1,37,27)
 Model                              2          1 -1.49322943E-07       *                    2_GWT-(1,41,25)
 ----------------------------------------------------------------------------------------------------------


 2 CALLS TO NUMERICAL SOLUTION IN TIME STEP 220 STRESS PERIOD 2
 3 TOTAL ITERATIONS
 
    Solving:  Stress period:     2    Time step:   221
 

 SLN_1 OUTER ITERATION SUMMARY
 ----------------------------------------------------------------------------------------------------------
                                OUTER      INNER                    STEP   MAXIMUM CHANGE MODEL-(CELLID) OR
 OUTER ITERATION STEP       ITERATION  ITERATION  MAXIMUM CHANGE SUCCESS             MODEL-PACKAGE-(NUMBER)
 ----------------------------------------------------------------------------------------------------------
 Model                              1          1  7.07988803E-05       *                     1_GWF-(1,2,85)
 ----------------------------------------------------------------------------------------------------------


 1 CALLS TO NUMERICAL SOLUTION IN TIME STEP 221 STRESS PERIOD 2
 1 TOTAL ITERATIONS

 SLN_2 OUTER ITERATION SUMMARY
 ----------------------------------------------------------------------------------------------------------
                                OUTER      INNER                    STEP   MAXIMUM CHANGE MODEL-(CELLID) OR
 OUTER ITERATION STEP       ITERATION  ITERATION  MAXIMUM CHANGE SUCCESS             MODEL-PACKAGE-(NUMBER)
 ----------------------------------------------------------------------------------------------------------
 Model                              1          2 -2.63729431E-02                            2_GWT-(1,37,27)
 Model                              2          1 -1.61390176E-07       *                    2_GWT-(1,39,26)
 ----------------------------------------------------------------------------------------------------------


 2 CALLS TO NUMERICAL SOLUTION IN TIME STEP 221 STRESS PERIOD 2
 3 TOTAL ITERATIONS
 
    Solving:  Stress period:     2    Time step:   222
 

 SLN_1 OUTER ITERATION SUMMARY
 ----------------------------------------------------------------------------------------------------------
                                OUTER      INNER                    STEP   MAXIMUM CHANGE MODEL-(CELLID) OR
 OUTER ITERATION STEP       ITERATION  ITERATION  MAXIMUM CHANGE SUCCESS             MODEL-PACKAGE-(NUMBER)
 ----------------------------------------------------------------------------------------------------------
 Model                              1          1  6.80587224E-05       *                     1_GWF-(1,2,88)
 ----------------------------------------------------------------------------------------------------------


 1 CALLS TO NUMERICAL SOLUTION IN TIME STEP 222 STRESS PERIOD 2
 1 TOTAL ITERATIONS

 SLN_2 OUTER ITERATION SUMMARY
 ----------------------------------------------------------------------------------------------------------
                                OUTER      INNER                    STEP   MAXIMUM CHANGE MODEL-(CELLID) OR
 OUTER ITERATION STEP       ITERATION  ITERATION  MAXIMUM CHANGE SUCCESS             MODEL-PACKAGE-(NUMBER)
 ----------------------------------------------------------------------------------------------------------
 Model                              1          2  2.64221884E-02                            2_GWT-(1,37,27)
 Model                              2          1 -1.45720037E-07       *                    2_GWT-(1,41,25)
 ----------------------------------------------------------------------------------------------------------


 2 CALLS TO NUMERICAL SOLUTION IN TIME STEP 222 STRESS PERIOD 2
 3 TOTAL ITERATIONS
 
    Solving:  Stress period:     2    Time step:   223
 

 SLN_1 OUTER ITERATION SUMMARY
 ----------------------------------------------------------------------------------------------------------
                                OUTER      INNER                    STEP   MAXIMUM CHANGE MODEL-(CELLID) OR
 OUTER ITERATION STEP       ITERATION  ITERATION  MAXIMUM CHANGE SUCCESS             MODEL-PACKAGE-(NUMBER)
 ----------------------------------------------------------------------------------------------------------
 Model                              1          1  7.00448673E-05       *                     1_GWF-(1,2,85)
 ----------------------------------------------------------------------------------------------------------


 1 CALLS TO NUMERICAL SOLUTION IN TIME STEP 223 STRESS PERIOD 2
 1 TOTAL ITERATIONS

 SLN_2 OUTER ITERATION SUMMARY
 ----------------------------------------------------------------------------------------------------------
                                OUTER      INNER                    STEP   MAXIMUM CHANGE MODEL-(CELLID) OR
 OUTER ITERATION STEP       ITERATION  ITERATION  MAXIMUM CHANGE SUCCESS             MODEL-PACKAGE-(NUMBER)
 ----------------------------------------------------------------------------------------------------------
 Model                              1          2 -2.55948432E-02                            2_GWT-(1,37,27)
 Model                              2          1 -1.59503372E-07       *                    2_GWT-(1,39,26)
 ----------------------------------------------------------------------------------------------------------


 2 CALLS TO NUMERICAL SOLUTION IN TIME STEP 223 STRESS PERIOD 2
 3 TOTAL ITERATIONS
 
    Solving:  Stress period:     2    Time step:   224
 

 SLN_1 OUTER ITERATION SUMMARY
 ----------------------------------------------------------------------------------------------------------
                                OUTER      INNER                    STEP   MAXIMUM CHANGE MODEL-(CELLID) OR
 OUTER ITERATION STEP       ITERATION  ITERATION  MAXIMUM CHANGE SUCCESS             MODEL-PACKAGE-(NUMBER)
 ----------------------------------------------------------------------------------------------------------
 Model                              1          1  6.73361566E-05       *                     1_GWF-(1,2,88)
 ----------------------------------------------------------------------------------------------------------


 1 CALLS TO NUMERICAL SOLUTION IN TIME STEP 224 STRESS PERIOD 2
 1 TOTAL ITERATIONS

 SLN_2 OUTER ITERATION SUMMARY
 ----------------------------------------------------------------------------------------------------------
                                OUTER      INNER                    STEP   MAXIMUM CHANGE MODEL-(CELLID) OR
 OUTER ITERATION STEP       ITERATION  ITERATION  MAXIMUM CHANGE SUCCESS             MODEL-PACKAGE-(NUMBER)
 ----------------------------------------------------------------------------------------------------------
 Model                              1          2  2.56798217E-02                            2_GWT-(1,37,27)
 Model                              2          1 -1.42311706E-07       *                    2_GWT-(1,41,25)
 ----------------------------------------------------------------------------------------------------------


 2 CALLS TO NUMERICAL SOLUTION IN TIME STEP 224 STRESS PERIOD 2
 3 TOTAL ITERATIONS
 
    Solving:  Stress period:     2    Time step:   225
 

 SLN_1 OUTER ITERATION SUMMARY
 ----------------------------------------------------------------------------------------------------------
                                OUTER      INNER                    STEP   MAXIMUM CHANGE MODEL-(CELLID) OR
 OUTER ITERATION STEP       ITERATION  ITERATION  MAXIMUM CHANGE SUCCESS             MODEL-PACKAGE-(NUMBER)
 ----------------------------------------------------------------------------------------------------------
 Model                              1          1  6.93000469E-05       *                     1_GWF-(1,2,85)
 ----------------------------------------------------------------------------------------------------------


 1 CALLS TO NUMERICAL SOLUTION IN TIME STEP 225 STRESS PERIOD 2
 1 TOTAL ITERATIONS

 SLN_2 OUTER ITERATION SUMMARY
 ----------------------------------------------------------------------------------------------------------
                                OUTER      INNER                    STEP   MAXIMUM CHANGE MODEL-(CELLID) OR
 OUTER ITERATION STEP       ITERATION  ITERATION  MAXIMUM CHANGE SUCCESS             MODEL-PACKAGE-(NUMBER)
 ----------------------------------------------------------------------------------------------------------
 Model                              1          2 -2.48388807E-02                            2_GWT-(1,37,27)
 Model                              2          1 -1.57642774E-07       *                    2_GWT-(1,39,26)
 ----------------------------------------------------------------------------------------------------------


 2 CALLS TO NUMERICAL SOLUTION IN TIME STEP 225 STRESS PERIOD 2
 3 TOTAL ITERATIONS
 
    Solving:  Stress period:     2    Time step:   226
 

 SLN_1 OUTER ITERATION SUMMARY
 ----------------------------------------------------------------------------------------------------------
                                OUTER      INNER                    STEP   MAXIMUM CHANGE MODEL-(CELLID) OR
 OUTER ITERATION STEP       ITERATION  ITERATION  MAXIMUM CHANGE SUCCESS             MODEL-PACKAGE-(NUMBER)
 ----------------------------------------------------------------------------------------------------------
 Model                              1          1  6.66223259E-05       *                     1_GWF-(1,2,88)
 ----------------------------------------------------------------------------------------------------------


 1 CALLS TO NUMERICAL SOLUTION IN TIME STEP 226 STRESS PERIOD 2
 1 TOTAL ITERATIONS

 SLN_2 OUTER ITERATION SUMMARY
 ----------------------------------------------------------------------------------------------------------
                                OUTER      INNER                    STEP   MAXIMUM CHANGE MODEL-(CELLID) OR
 OUTER ITERATION STEP       ITERATION  ITERATION  MAXIMUM CHANGE SUCCESS             MODEL-PACKAGE-(NUMBER)
 ----------------------------------------------------------------------------------------------------------
 Model                              1          2  2.49592584E-02                            2_GWT-(1,37,27)
 Model                              2          1 -1.39091242E-07       *                    2_GWT-(1,41,25)
 ----------------------------------------------------------------------------------------------------------


 2 CALLS TO NUMERICAL SOLUTION IN TIME STEP 226 STRESS PERIOD 2
 3 TOTAL ITERATIONS
 
    Solving:  Stress period:     2    Time step:   227
 

 SLN_1 OUTER ITERATION SUMMARY
 ----------------------------------------------------------------------------------------------------------
                                OUTER      INNER                    STEP   MAXIMUM CHANGE MODEL-(CELLID) OR
 OUTER ITERATION STEP       ITERATION  ITERATION  MAXIMUM CHANGE SUCCESS             MODEL-PACKAGE-(NUMBER)
 ----------------------------------------------------------------------------------------------------------
 Model                              1          1  6.85642923E-05       *                     1_GWF-(1,2,85)
 ----------------------------------------------------------------------------------------------------------


 1 CALLS TO NUMERICAL SOLUTION IN TIME STEP 227 STRESS PERIOD 2
 1 TOTAL ITERATIONS

 SLN_2 OUTER ITERATION SUMMARY
 ----------------------------------------------------------------------------------------------------------
                                OUTER      INNER                    STEP   MAXIMUM CHANGE MODEL-(CELLID) OR
 OUTER ITERATION STEP       ITERATION  ITERATION  MAXIMUM CHANGE SUCCESS             MODEL-PACKAGE-(NUMBER)
 ----------------------------------------------------------------------------------------------------------
 Model                              1          2 -2.41044246E-02                            2_GWT-(1,37,27)
 Model                              2          1 -1.55808152E-07       *                    2_GWT-(1,39,26)
 ----------------------------------------------------------------------------------------------------------


 2 CALLS TO NUMERICAL SOLUTION IN TIME STEP 227 STRESS PERIOD 2
 3 TOTAL ITERATIONS
 
    Solving:  Stress period:     2    Time step:   228
 

 SLN_1 OUTER ITERATION SUMMARY
 ----------------------------------------------------------------------------------------------------------
                                OUTER      INNER                    STEP   MAXIMUM CHANGE MODEL-(CELLID) OR
 OUTER ITERATION STEP       ITERATION  ITERATION  MAXIMUM CHANGE SUCCESS             MODEL-PACKAGE-(NUMBER)
 ----------------------------------------------------------------------------------------------------------
 Model                              1          1  6.59171114E-05       *                     1_GWF-(1,2,88)
 ----------------------------------------------------------------------------------------------------------


 1 CALLS TO NUMERICAL SOLUTION IN TIME STEP 228 STRESS PERIOD 2
 1 TOTAL ITERATIONS

 SLN_2 OUTER ITERATION SUMMARY
 ----------------------------------------------------------------------------------------------------------
                                OUTER      INNER                    STEP   MAXIMUM CHANGE MODEL-(CELLID) OR
 OUTER ITERATION STEP       ITERATION  ITERATION  MAXIMUM CHANGE SUCCESS             MODEL-PACKAGE-(NUMBER)
 ----------------------------------------------------------------------------------------------------------
 Model                              1          2  2.42598566E-02                            2_GWT-(1,37,27)
 Model                              2          1 -1.36053757E-07       *                    2_GWT-(1,41,25)
 ----------------------------------------------------------------------------------------------------------


 2 CALLS TO NUMERICAL SOLUTION IN TIME STEP 228 STRESS PERIOD 2
 3 TOTAL ITERATIONS
 
    Solving:  Stress period:     2    Time step:   229
 

 SLN_1 OUTER ITERATION SUMMARY
 ----------------------------------------------------------------------------------------------------------
                                OUTER      INNER                    STEP   MAXIMUM CHANGE MODEL-(CELLID) OR
 OUTER ITERATION STEP       ITERATION  ITERATION  MAXIMUM CHANGE SUCCESS             MODEL-PACKAGE-(NUMBER)
 ----------------------------------------------------------------------------------------------------------
 Model                              1          1  6.78374786E-05       *                     1_GWF-(1,2,85)
 ----------------------------------------------------------------------------------------------------------


 1 CALLS TO NUMERICAL SOLUTION IN TIME STEP 229 STRESS PERIOD 2
 1 TOTAL ITERATIONS

 SLN_2 OUTER ITERATION SUMMARY
 ----------------------------------------------------------------------------------------------------------
                                OUTER      INNER                    STEP   MAXIMUM CHANGE MODEL-(CELLID) OR
 OUTER ITERATION STEP       ITERATION  ITERATION  MAXIMUM CHANGE SUCCESS             MODEL-PACKAGE-(NUMBER)
 ----------------------------------------------------------------------------------------------------------
 Model                              1          2 -2.33908622E-02                            2_GWT-(1,37,27)
 Model                              2          1 -1.53998826E-07       *                    2_GWT-(1,39,26)
 ----------------------------------------------------------------------------------------------------------


 2 CALLS TO NUMERICAL SOLUTION IN TIME STEP 229 STRESS PERIOD 2
 3 TOTAL ITERATIONS
 
    Solving:  Stress period:     2    Time step:   230
 

 SLN_1 OUTER ITERATION SUMMARY
 ----------------------------------------------------------------------------------------------------------
                                OUTER      INNER                    STEP   MAXIMUM CHANGE MODEL-(CELLID) OR
 OUTER ITERATION STEP       ITERATION  ITERATION  MAXIMUM CHANGE SUCCESS             MODEL-PACKAGE-(NUMBER)
 ----------------------------------------------------------------------------------------------------------
 Model                              1          1  6.52203960E-05       *                     1_GWF-(1,2,88)
 ----------------------------------------------------------------------------------------------------------


 1 CALLS TO NUMERICAL SOLUTION IN TIME STEP 230 STRESS PERIOD 2
 1 TOTAL ITERATIONS

 SLN_2 OUTER ITERATION SUMMARY
 ----------------------------------------------------------------------------------------------------------
                                OUTER      INNER                    STEP   MAXIMUM CHANGE MODEL-(CELLID) OR
 OUTER ITERATION STEP       ITERATION  ITERATION  MAXIMUM CHANGE SUCCESS             MODEL-PACKAGE-(NUMBER)
 ----------------------------------------------------------------------------------------------------------
 Model                              1          2  2.35809920E-02                            2_GWT-(1,37,27)
 Model                              2          1 -1.33192827E-07       *                    2_GWT-(1,41,25)
 ----------------------------------------------------------------------------------------------------------


 2 CALLS TO NUMERICAL SOLUTION IN TIME STEP 230 STRESS PERIOD 2
 3 TOTAL ITERATIONS
 
    Solving:  Stress period:     2    Time step:   231
 

 SLN_1 OUTER ITERATION SUMMARY
 ----------------------------------------------------------------------------------------------------------
                                OUTER      INNER                    STEP   MAXIMUM CHANGE MODEL-(CELLID) OR
 OUTER ITERATION STEP       ITERATION  ITERATION  MAXIMUM CHANGE SUCCESS             MODEL-PACKAGE-(NUMBER)
 ----------------------------------------------------------------------------------------------------------
 Model                              1          1  6.71194830E-05       *                     1_GWF-(1,2,85)
 ----------------------------------------------------------------------------------------------------------


 1 CALLS TO NUMERICAL SOLUTION IN TIME STEP 231 STRESS PERIOD 2
 1 TOTAL ITERATIONS

 SLN_2 OUTER ITERATION SUMMARY
 ----------------------------------------------------------------------------------------------------------
                                OUTER      INNER                    STEP   MAXIMUM CHANGE MODEL-(CELLID) OR
 OUTER ITERATION STEP       ITERATION  ITERATION  MAXIMUM CHANGE SUCCESS             MODEL-PACKAGE-(NUMBER)
 ----------------------------------------------------------------------------------------------------------
 Model                              1          2 -2.26975984E-02                            2_GWT-(1,37,27)
 Model                              2          1 -1.52214909E-07       *                    2_GWT-(1,39,26)
 ----------------------------------------------------------------------------------------------------------


 2 CALLS TO NUMERICAL SOLUTION IN TIME STEP 231 STRESS PERIOD 2
 3 TOTAL ITERATIONS
 
    Solving:  Stress period:     2    Time step:   232
 

 SLN_1 OUTER ITERATION SUMMARY
 ----------------------------------------------------------------------------------------------------------
                                OUTER      INNER                    STEP   MAXIMUM CHANGE MODEL-(CELLID) OR
 OUTER ITERATION STEP       ITERATION  ITERATION  MAXIMUM CHANGE SUCCESS             MODEL-PACKAGE-(NUMBER)
 ----------------------------------------------------------------------------------------------------------
 Model                              1          1  6.45320646E-05       *                     1_GWF-(1,2,88)
 ----------------------------------------------------------------------------------------------------------


 1 CALLS TO NUMERICAL SOLUTION IN TIME STEP 232 STRESS PERIOD 2
 1 TOTAL ITERATIONS

 SLN_2 OUTER ITERATION SUMMARY
 ----------------------------------------------------------------------------------------------------------
                                OUTER      INNER                    STEP   MAXIMUM CHANGE MODEL-(CELLID) OR
 OUTER ITERATION STEP       ITERATION  ITERATION  MAXIMUM CHANGE SUCCESS             MODEL-PACKAGE-(NUMBER)
 ----------------------------------------------------------------------------------------------------------
 Model                              1          2  2.29220598E-02                            2_GWT-(1,37,27)
 Model                              2          1 -1.30502656E-07       *                    2_GWT-(1,41,25)
 ----------------------------------------------------------------------------------------------------------


 2 CALLS TO NUMERICAL SOLUTION IN TIME STEP 232 STRESS PERIOD 2
 3 TOTAL ITERATIONS
 
    Solving:  Stress period:     2    Time step:   233
 

 SLN_1 OUTER ITERATION SUMMARY
 ----------------------------------------------------------------------------------------------------------
                                OUTER      INNER                    STEP   MAXIMUM CHANGE MODEL-(CELLID) OR
 OUTER ITERATION STEP       ITERATION  ITERATION  MAXIMUM CHANGE SUCCESS             MODEL-PACKAGE-(NUMBER)
 ----------------------------------------------------------------------------------------------------------
 Model                              1          1  6.64101845E-05       *                     1_GWF-(1,2,85)
 ----------------------------------------------------------------------------------------------------------


 1 CALLS TO NUMERICAL SOLUTION IN TIME STEP 233 STRESS PERIOD 2
 1 TOTAL ITERATIONS

 SLN_2 OUTER ITERATION SUMMARY
 ----------------------------------------------------------------------------------------------------------
                                OUTER      INNER                    STEP   MAXIMUM CHANGE MODEL-(CELLID) OR
 OUTER ITERATION STEP       ITERATION  ITERATION  MAXIMUM CHANGE SUCCESS             MODEL-PACKAGE-(NUMBER)
 ----------------------------------------------------------------------------------------------------------
 Model                              1          2 -2.20240550E-02                            2_GWT-(1,37,27)
 Model                              2          1 -1.50455492E-07       *                    2_GWT-(1,39,26)
 ----------------------------------------------------------------------------------------------------------


 2 CALLS TO NUMERICAL SOLUTION IN TIME STEP 233 STRESS PERIOD 2
 3 TOTAL ITERATIONS
 
    Solving:  Stress period:     2    Time step:   234
 

 SLN_1 OUTER ITERATION SUMMARY
 ----------------------------------------------------------------------------------------------------------
                                OUTER      INNER                    STEP   MAXIMUM CHANGE MODEL-(CELLID) OR
 OUTER ITERATION STEP       ITERATION  ITERATION  MAXIMUM CHANGE SUCCESS             MODEL-PACKAGE-(NUMBER)
 ----------------------------------------------------------------------------------------------------------
 Model                              1          1  6.38520037E-05       *                     1_GWF-(1,2,88)
 ----------------------------------------------------------------------------------------------------------


 1 CALLS TO NUMERICAL SOLUTION IN TIME STEP 234 STRESS PERIOD 2
 1 TOTAL ITERATIONS

 SLN_2 OUTER ITERATION SUMMARY
 ----------------------------------------------------------------------------------------------------------
                                OUTER      INNER                    STEP   MAXIMUM CHANGE MODEL-(CELLID) OR
 OUTER ITERATION STEP       ITERATION  ITERATION  MAXIMUM CHANGE SUCCESS             MODEL-PACKAGE-(NUMBER)
 ----------------------------------------------------------------------------------------------------------
 Model                              1          2  2.22824731E-02                            2_GWT-(1,37,27)
 Model                              2          1 -1.27978353E-07       *                    2_GWT-(1,41,25)
 ----------------------------------------------------------------------------------------------------------


 2 CALLS TO NUMERICAL SOLUTION IN TIME STEP 234 STRESS PERIOD 2
 3 TOTAL ITERATIONS
 
    Solving:  Stress period:     2    Time step:   235
 

 SLN_1 OUTER ITERATION SUMMARY
 ----------------------------------------------------------------------------------------------------------
                                OUTER      INNER                    STEP   MAXIMUM CHANGE MODEL-(CELLID) OR
 OUTER ITERATION STEP       ITERATION  ITERATION  MAXIMUM CHANGE SUCCESS             MODEL-PACKAGE-(NUMBER)
 ----------------------------------------------------------------------------------------------------------
 Model                              1          1  6.57094642E-05       *                     1_GWF-(1,2,85)
 ----------------------------------------------------------------------------------------------------------


 1 CALLS TO NUMERICAL SOLUTION IN TIME STEP 235 STRESS PERIOD 2
 1 TOTAL ITERATIONS

 SLN_2 OUTER ITERATION SUMMARY
 ----------------------------------------------------------------------------------------------------------
                                OUTER      INNER                    STEP   MAXIMUM CHANGE MODEL-(CELLID) OR
 OUTER ITERATION STEP       ITERATION  ITERATION  MAXIMUM CHANGE SUCCESS             MODEL-PACKAGE-(NUMBER)
 ----------------------------------------------------------------------------------------------------------
 Model                              1          2 -2.13696699E-02                            2_GWT-(1,37,27)
 Model                              2          1 -1.48720289E-07       *                    2_GWT-(1,39,26)
 ----------------------------------------------------------------------------------------------------------


 2 CALLS TO NUMERICAL SOLUTION IN TIME STEP 235 STRESS PERIOD 2
 3 TOTAL ITERATIONS
 
    Solving:  Stress period:     2    Time step:   236
 

 SLN_1 OUTER ITERATION SUMMARY
 ----------------------------------------------------------------------------------------------------------
                                OUTER      INNER                    STEP   MAXIMUM CHANGE MODEL-(CELLID) OR
 OUTER ITERATION STEP       ITERATION  ITERATION  MAXIMUM CHANGE SUCCESS             MODEL-PACKAGE-(NUMBER)
 ----------------------------------------------------------------------------------------------------------
 Model                              1          1  6.31801019E-05       *                     1_GWF-(1,2,88)
 ----------------------------------------------------------------------------------------------------------


 1 CALLS TO NUMERICAL SOLUTION IN TIME STEP 236 STRESS PERIOD 2
 1 TOTAL ITERATIONS

 SLN_2 OUTER ITERATION SUMMARY
 ----------------------------------------------------------------------------------------------------------
                                OUTER      INNER                    STEP   MAXIMUM CHANGE MODEL-(CELLID) OR
 OUTER ITERATION STEP       ITERATION  ITERATION  MAXIMUM CHANGE SUCCESS             MODEL-PACKAGE-(NUMBER)
 ----------------------------------------------------------------------------------------------------------
 Model                              1          2  2.16616622E-02                            2_GWT-(1,37,27)
 Model                              2          1 -1.25613667E-07       *                    2_GWT-(1,41,25)
 ----------------------------------------------------------------------------------------------------------


 2 CALLS TO NUMERICAL SOLUTION IN TIME STEP 236 STRESS PERIOD 2
 3 TOTAL ITERATIONS
 
    Solving:  Stress period:     2    Time step:   237
 

 SLN_1 OUTER ITERATION SUMMARY
 ----------------------------------------------------------------------------------------------------------
                                OUTER      INNER                    STEP   MAXIMUM CHANGE MODEL-(CELLID) OR
 OUTER ITERATION STEP       ITERATION  ITERATION  MAXIMUM CHANGE SUCCESS             MODEL-PACKAGE-(NUMBER)
 ----------------------------------------------------------------------------------------------------------
 Model                              1          1  6.50172050E-05       *                     1_GWF-(1,2,85)
 ----------------------------------------------------------------------------------------------------------


 1 CALLS TO NUMERICAL SOLUTION IN TIME STEP 237 STRESS PERIOD 2
 1 TOTAL ITERATIONS

 SLN_2 OUTER ITERATION SUMMARY
 ----------------------------------------------------------------------------------------------------------
                                OUTER      INNER                    STEP   MAXIMUM CHANGE MODEL-(CELLID) OR
 OUTER ITERATION STEP       ITERATION  ITERATION  MAXIMUM CHANGE SUCCESS             MODEL-PACKAGE-(NUMBER)
 ----------------------------------------------------------------------------------------------------------
 Model                              1          2 -2.07338970E-02                            2_GWT-(1,37,27)
 Model                              2          1 -1.47008961E-07       *                    2_GWT-(1,39,26)
 ----------------------------------------------------------------------------------------------------------


 2 CALLS TO NUMERICAL SOLUTION IN TIME STEP 237 STRESS PERIOD 2
 3 TOTAL ITERATIONS
 
    Solving:  Stress period:     2    Time step:   238
 

 SLN_1 OUTER ITERATION SUMMARY
 ----------------------------------------------------------------------------------------------------------
                                OUTER      INNER                    STEP   MAXIMUM CHANGE MODEL-(CELLID) OR
 OUTER ITERATION STEP       ITERATION  ITERATION  MAXIMUM CHANGE SUCCESS             MODEL-PACKAGE-(NUMBER)
 ----------------------------------------------------------------------------------------------------------
 Model                              1          1  6.25162492E-05       *                     1_GWF-(1,2,88)
 ----------------------------------------------------------------------------------------------------------


 1 CALLS TO NUMERICAL SOLUTION IN TIME STEP 238 STRESS PERIOD 2
 1 TOTAL ITERATIONS

 SLN_2 OUTER ITERATION SUMMARY
 ----------------------------------------------------------------------------------------------------------
                                OUTER      INNER                    STEP   MAXIMUM CHANGE MODEL-(CELLID) OR
 OUTER ITERATION STEP       ITERATION  ITERATION  MAXIMUM CHANGE SUCCESS             MODEL-PACKAGE-(NUMBER)
 ----------------------------------------------------------------------------------------------------------
 Model                              1          2  2.10590726E-02                            2_GWT-(1,37,27)
 Model                              2          1 -1.23404220E-07       *                    2_GWT-(1,41,25)
 ----------------------------------------------------------------------------------------------------------


 2 CALLS TO NUMERICAL SOLUTION IN TIME STEP 238 STRESS PERIOD 2
 3 TOTAL ITERATIONS
 
    Solving:  Stress period:     2    Time step:   239
 

 SLN_1 OUTER ITERATION SUMMARY
 ----------------------------------------------------------------------------------------------------------
                                OUTER      INNER                    STEP   MAXIMUM CHANGE MODEL-(CELLID) OR
 OUTER ITERATION STEP       ITERATION  ITERATION  MAXIMUM CHANGE SUCCESS             MODEL-PACKAGE-(NUMBER)
 ----------------------------------------------------------------------------------------------------------
 Model                              1          1  6.43332918E-05       *                     1_GWF-(1,2,85)
 ----------------------------------------------------------------------------------------------------------


 1 CALLS TO NUMERICAL SOLUTION IN TIME STEP 239 STRESS PERIOD 2
 1 TOTAL ITERATIONS

 SLN_2 OUTER ITERATION SUMMARY
 ----------------------------------------------------------------------------------------------------------
                                OUTER      INNER                    STEP   MAXIMUM CHANGE MODEL-(CELLID) OR
 OUTER ITERATION STEP       ITERATION  ITERATION  MAXIMUM CHANGE SUCCESS             MODEL-PACKAGE-(NUMBER)
 ----------------------------------------------------------------------------------------------------------
 Model                              1          2 -2.01162056E-02                            2_GWT-(1,37,27)
 Model                              2          1 -1.45320882E-07       *                    2_GWT-(1,39,26)
 ----------------------------------------------------------------------------------------------------------


 2 CALLS TO NUMERICAL SOLUTION IN TIME STEP 239 STRESS PERIOD 2
 3 TOTAL ITERATIONS
 
    Solving:  Stress period:     2    Time step:   240
 

 SLN_1 OUTER ITERATION SUMMARY
 ----------------------------------------------------------------------------------------------------------
                                OUTER      INNER                    STEP   MAXIMUM CHANGE MODEL-(CELLID) OR
 OUTER ITERATION STEP       ITERATION  ITERATION  MAXIMUM CHANGE SUCCESS             MODEL-PACKAGE-(NUMBER)
 ----------------------------------------------------------------------------------------------------------
 Model                              1          1  6.18603376E-05       *                     1_GWF-(1,2,88)
 ----------------------------------------------------------------------------------------------------------


 1 CALLS TO NUMERICAL SOLUTION IN TIME STEP 240 STRESS PERIOD 2
 1 TOTAL ITERATIONS

 SLN_2 OUTER ITERATION SUMMARY
 ----------------------------------------------------------------------------------------------------------
                                OUTER      INNER                    STEP   MAXIMUM CHANGE MODEL-(CELLID) OR
 OUTER ITERATION STEP       ITERATION  ITERATION  MAXIMUM CHANGE SUCCESS             MODEL-PACKAGE-(NUMBER)
 ----------------------------------------------------------------------------------------------------------
 Model                              1          2  2.04741686E-02                            2_GWT-(1,37,27)
 Model                              2          1 -1.21344499E-07       *                    2_GWT-(1,41,25)
 ----------------------------------------------------------------------------------------------------------


 2 CALLS TO NUMERICAL SOLUTION IN TIME STEP 240 STRESS PERIOD 2
 3 TOTAL ITERATIONS
 
    Solving:  Stress period:     2    Time step:   241
 

 SLN_1 OUTER ITERATION SUMMARY
 ----------------------------------------------------------------------------------------------------------
                                OUTER      INNER                    STEP   MAXIMUM CHANGE MODEL-(CELLID) OR
 OUTER ITERATION STEP       ITERATION  ITERATION  MAXIMUM CHANGE SUCCESS             MODEL-PACKAGE-(NUMBER)
 ----------------------------------------------------------------------------------------------------------
 Model                              1          1  6.36576111E-05       *                     1_GWF-(1,2,85)
 ----------------------------------------------------------------------------------------------------------


 1 CALLS TO NUMERICAL SOLUTION IN TIME STEP 241 STRESS PERIOD 2
 1 TOTAL ITERATIONS

 SLN_2 OUTER ITERATION SUMMARY
 ----------------------------------------------------------------------------------------------------------
                                OUTER      INNER                    STEP   MAXIMUM CHANGE MODEL-(CELLID) OR
 OUTER ITERATION STEP       ITERATION  ITERATION  MAXIMUM CHANGE SUCCESS             MODEL-PACKAGE-(NUMBER)
 ----------------------------------------------------------------------------------------------------------
 Model                              1          2 -1.95160804E-02                            2_GWT-(1,37,27)
 Model                              2          1 -1.43655939E-07       *                    2_GWT-(1,39,26)
 ----------------------------------------------------------------------------------------------------------


 2 CALLS TO NUMERICAL SOLUTION IN TIME STEP 241 STRESS PERIOD 2
 3 TOTAL ITERATIONS
 
    Solving:  Stress period:     2    Time step:   242
 

 SLN_1 OUTER ITERATION SUMMARY
 ----------------------------------------------------------------------------------------------------------
                                OUTER      INNER                    STEP   MAXIMUM CHANGE MODEL-(CELLID) OR
 OUTER ITERATION STEP       ITERATION  ITERATION  MAXIMUM CHANGE SUCCESS             MODEL-PACKAGE-(NUMBER)
 ----------------------------------------------------------------------------------------------------------
 Model                              1          1  6.12122606E-05       *                     1_GWF-(1,2,88)
 ----------------------------------------------------------------------------------------------------------


 1 CALLS TO NUMERICAL SOLUTION IN TIME STEP 242 STRESS PERIOD 2
 1 TOTAL ITERATIONS

 SLN_2 OUTER ITERATION SUMMARY
 ----------------------------------------------------------------------------------------------------------
                                OUTER      INNER                    STEP   MAXIMUM CHANGE MODEL-(CELLID) OR
 OUTER ITERATION STEP       ITERATION  ITERATION  MAXIMUM CHANGE SUCCESS             MODEL-PACKAGE-(NUMBER)
 ----------------------------------------------------------------------------------------------------------
 Model                              1          2  1.99064285E-02                            2_GWT-(1,37,27)
 Model                              2          1 -1.19429444E-07       *                    2_GWT-(1,41,25)
 ----------------------------------------------------------------------------------------------------------


 2 CALLS TO NUMERICAL SOLUTION IN TIME STEP 242 STRESS PERIOD 2
 3 TOTAL ITERATIONS
 
    Solving:  Stress period:     2    Time step:   243
 

 SLN_1 OUTER ITERATION SUMMARY
 ----------------------------------------------------------------------------------------------------------
                                OUTER      INNER                    STEP   MAXIMUM CHANGE MODEL-(CELLID) OR
 OUTER ITERATION STEP       ITERATION  ITERATION  MAXIMUM CHANGE SUCCESS             MODEL-PACKAGE-(NUMBER)
 ----------------------------------------------------------------------------------------------------------
 Model                              1          1  6.29900515E-05       *                     1_GWF-(1,2,85)
 ----------------------------------------------------------------------------------------------------------


 1 CALLS TO NUMERICAL SOLUTION IN TIME STEP 243 STRESS PERIOD 2
 1 TOTAL ITERATIONS

 SLN_2 OUTER ITERATION SUMMARY
 ----------------------------------------------------------------------------------------------------------
                                OUTER      INNER                    STEP   MAXIMUM CHANGE MODEL-(CELLID) OR
 OUTER ITERATION STEP       ITERATION  ITERATION  MAXIMUM CHANGE SUCCESS             MODEL-PACKAGE-(NUMBER)
 ----------------------------------------------------------------------------------------------------------
 Model                              1          2 -1.89330206E-02                            2_GWT-(1,37,27)
 Model                              2          1 -1.42013675E-07       *                    2_GWT-(1,39,26)
 ----------------------------------------------------------------------------------------------------------


 2 CALLS TO NUMERICAL SOLUTION IN TIME STEP 243 STRESS PERIOD 2
 3 TOTAL ITERATIONS
 
    Solving:  Stress period:     2    Time step:   244
 

 SLN_1 OUTER ITERATION SUMMARY
 ----------------------------------------------------------------------------------------------------------
                                OUTER      INNER                    STEP   MAXIMUM CHANGE MODEL-(CELLID) OR
 OUTER ITERATION STEP       ITERATION  ITERATION  MAXIMUM CHANGE SUCCESS             MODEL-PACKAGE-(NUMBER)
 ----------------------------------------------------------------------------------------------------------
 Model                              1          1  6.05719136E-05       *                     1_GWF-(1,2,88)
 ----------------------------------------------------------------------------------------------------------


 1 CALLS TO NUMERICAL SOLUTION IN TIME STEP 244 STRESS PERIOD 2
 1 TOTAL ITERATIONS

 SLN_2 OUTER ITERATION SUMMARY
 ----------------------------------------------------------------------------------------------------------
                                OUTER      INNER                    STEP   MAXIMUM CHANGE MODEL-(CELLID) OR
 OUTER ITERATION STEP       ITERATION  ITERATION  MAXIMUM CHANGE SUCCESS             MODEL-PACKAGE-(NUMBER)
 ----------------------------------------------------------------------------------------------------------
 Model                              1          2  1.93553458E-02                            2_GWT-(1,37,27)
 Model                              2          1 -1.17653769E-07       *                    2_GWT-(1,41,25)
 ----------------------------------------------------------------------------------------------------------


 2 CALLS TO NUMERICAL SOLUTION IN TIME STEP 244 STRESS PERIOD 2
 3 TOTAL ITERATIONS
 
    Solving:  Stress period:     2    Time step:   245
 

 SLN_1 OUTER ITERATION SUMMARY
 ----------------------------------------------------------------------------------------------------------
                                OUTER      INNER                    STEP   MAXIMUM CHANGE MODEL-(CELLID) OR
 OUTER ITERATION STEP       ITERATION  ITERATION  MAXIMUM CHANGE SUCCESS             MODEL-PACKAGE-(NUMBER)
 ----------------------------------------------------------------------------------------------------------
 Model                              1          1  6.23305032E-05       *                     1_GWF-(1,2,85)
 ----------------------------------------------------------------------------------------------------------


 1 CALLS TO NUMERICAL SOLUTION IN TIME STEP 245 STRESS PERIOD 2
 1 TOTAL ITERATIONS

 SLN_2 OUTER ITERATION SUMMARY
 ----------------------------------------------------------------------------------------------------------
                                OUTER      INNER                    STEP   MAXIMUM CHANGE MODEL-(CELLID) OR
 OUTER ITERATION STEP       ITERATION  ITERATION  MAXIMUM CHANGE SUCCESS             MODEL-PACKAGE-(NUMBER)
 ----------------------------------------------------------------------------------------------------------
 Model                              1          2 -1.83665390E-02                            2_GWT-(1,37,27)
 Model                              2          1 -1.40393468E-07       *                    2_GWT-(1,39,26)
 ----------------------------------------------------------------------------------------------------------


 2 CALLS TO NUMERICAL SOLUTION IN TIME STEP 245 STRESS PERIOD 2
 3 TOTAL ITERATIONS
 
    Solving:  Stress period:     2    Time step:   246
 

 SLN_1 OUTER ITERATION SUMMARY
 ----------------------------------------------------------------------------------------------------------
                                OUTER      INNER                    STEP   MAXIMUM CHANGE MODEL-(CELLID) OR
 OUTER ITERATION STEP       ITERATION  ITERATION  MAXIMUM CHANGE SUCCESS             MODEL-PACKAGE-(NUMBER)
 ----------------------------------------------------------------------------------------------------------
 Model                              1          1  5.99391934E-05       *                     1_GWF-(1,2,88)
 ----------------------------------------------------------------------------------------------------------


 1 CALLS TO NUMERICAL SOLUTION IN TIME STEP 246 STRESS PERIOD 2
 1 TOTAL ITERATIONS

 SLN_2 OUTER ITERATION SUMMARY
 ----------------------------------------------------------------------------------------------------------
                                OUTER      INNER                    STEP   MAXIMUM CHANGE MODEL-(CELLID) OR
 OUTER ITERATION STEP       ITERATION  ITERATION  MAXIMUM CHANGE SUCCESS             MODEL-PACKAGE-(NUMBER)
 ----------------------------------------------------------------------------------------------------------
 Model                              1          2  1.88204295E-02                            2_GWT-(1,37,27)
 Model                              2          1 -1.16011847E-07       *                    2_GWT-(1,41,25)
 ----------------------------------------------------------------------------------------------------------


 2 CALLS TO NUMERICAL SOLUTION IN TIME STEP 246 STRESS PERIOD 2
 3 TOTAL ITERATIONS
 
    Solving:  Stress period:     2    Time step:   247
 

 SLN_1 OUTER ITERATION SUMMARY
 ----------------------------------------------------------------------------------------------------------
                                OUTER      INNER                    STEP   MAXIMUM CHANGE MODEL-(CELLID) OR
 OUTER ITERATION STEP       ITERATION  ITERATION  MAXIMUM CHANGE SUCCESS             MODEL-PACKAGE-(NUMBER)
 ----------------------------------------------------------------------------------------------------------
 Model                              1          1  6.16788581E-05       *                     1_GWF-(1,2,85)
 ----------------------------------------------------------------------------------------------------------


 1 CALLS TO NUMERICAL SOLUTION IN TIME STEP 247 STRESS PERIOD 2
 1 TOTAL ITERATIONS

 SLN_2 OUTER ITERATION SUMMARY
 ----------------------------------------------------------------------------------------------------------
                                OUTER      INNER                    STEP   MAXIMUM CHANGE MODEL-(CELLID) OR
 OUTER ITERATION STEP       ITERATION  ITERATION  MAXIMUM CHANGE SUCCESS             MODEL-PACKAGE-(NUMBER)
 ----------------------------------------------------------------------------------------------------------
 Model                              1          2 -1.78161630E-02                            2_GWT-(1,37,27)
 Model                              2          1 -1.38794633E-07       *                    2_GWT-(1,39,26)
 ----------------------------------------------------------------------------------------------------------


 2 CALLS TO NUMERICAL SOLUTION IN TIME STEP 247 STRESS PERIOD 2
 3 TOTAL ITERATIONS
 
    Solving:  Stress period:     2    Time step:   248
 

 SLN_1 OUTER ITERATION SUMMARY
 ----------------------------------------------------------------------------------------------------------
                                OUTER      INNER                    STEP   MAXIMUM CHANGE MODEL-(CELLID) OR
 OUTER ITERATION STEP       ITERATION  ITERATION  MAXIMUM CHANGE SUCCESS             MODEL-PACKAGE-(NUMBER)
 ----------------------------------------------------------------------------------------------------------
 Model                              1          1  5.93139985E-05       *                     1_GWF-(1,2,88)
 ----------------------------------------------------------------------------------------------------------


 1 CALLS TO NUMERICAL SOLUTION IN TIME STEP 248 STRESS PERIOD 2
 1 TOTAL ITERATIONS

 SLN_2 OUTER ITERATION SUMMARY
 ----------------------------------------------------------------------------------------------------------
                                OUTER      INNER                    STEP   MAXIMUM CHANGE MODEL-(CELLID) OR
 OUTER ITERATION STEP       ITERATION  ITERATION  MAXIMUM CHANGE SUCCESS             MODEL-PACKAGE-(NUMBER)
 ----------------------------------------------------------------------------------------------------------
 Model                              1          2  1.83012033E-02                            2_GWT-(1,37,27)
 Model                              2          1 -1.14500153E-07       *                    2_GWT-(1,41,25)
 ----------------------------------------------------------------------------------------------------------


 2 CALLS TO NUMERICAL SOLUTION IN TIME STEP 248 STRESS PERIOD 2
 3 TOTAL ITERATIONS
 
    Solving:  Stress period:     2    Time step:   249
 

 SLN_1 OUTER ITERATION SUMMARY
 ----------------------------------------------------------------------------------------------------------
                                OUTER      INNER                    STEP   MAXIMUM CHANGE MODEL-(CELLID) OR
 OUTER ITERATION STEP       ITERATION  ITERATION  MAXIMUM CHANGE SUCCESS             MODEL-PACKAGE-(NUMBER)
 ----------------------------------------------------------------------------------------------------------
 Model                              1          1  6.10350098E-05       *                     1_GWF-(1,2,85)
 ----------------------------------------------------------------------------------------------------------


 1 CALLS TO NUMERICAL SOLUTION IN TIME STEP 249 STRESS PERIOD 2
 1 TOTAL ITERATIONS

 SLN_2 OUTER ITERATION SUMMARY
 ----------------------------------------------------------------------------------------------------------
                                OUTER      INNER                    STEP   MAXIMUM CHANGE MODEL-(CELLID) OR
 OUTER ITERATION STEP       ITERATION  ITERATION  MAXIMUM CHANGE SUCCESS             MODEL-PACKAGE-(NUMBER)
 ----------------------------------------------------------------------------------------------------------
 Model                              1          2 -1.72814349E-02                            2_GWT-(1,37,27)
 Model                              2          1 -1.37216659E-07       *                    2_GWT-(1,39,26)
 ----------------------------------------------------------------------------------------------------------


 2 CALLS TO NUMERICAL SOLUTION IN TIME STEP 249 STRESS PERIOD 2
 3 TOTAL ITERATIONS
 
    Solving:  Stress period:     2    Time step:   250
 

 SLN_1 OUTER ITERATION SUMMARY
 ----------------------------------------------------------------------------------------------------------
                                OUTER      INNER                    STEP   MAXIMUM CHANGE MODEL-(CELLID) OR
 OUTER ITERATION STEP       ITERATION  ITERATION  MAXIMUM CHANGE SUCCESS             MODEL-PACKAGE-(NUMBER)
 ----------------------------------------------------------------------------------------------------------
 Model                              1          1  5.86962289E-05       *                     1_GWF-(1,2,88)
 ----------------------------------------------------------------------------------------------------------


 1 CALLS TO NUMERICAL SOLUTION IN TIME STEP 250 STRESS PERIOD 2
 1 TOTAL ITERATIONS

 SLN_2 OUTER ITERATION SUMMARY
 ----------------------------------------------------------------------------------------------------------
                                OUTER      INNER                    STEP   MAXIMUM CHANGE MODEL-(CELLID) OR
 OUTER ITERATION STEP       ITERATION  ITERATION  MAXIMUM CHANGE SUCCESS             MODEL-PACKAGE-(NUMBER)
 ----------------------------------------------------------------------------------------------------------
 Model                              1          2  1.77972043E-02                            2_GWT-(1,37,27)
 Model                              2          1 -1.13114652E-07       *                    2_GWT-(1,41,25)
 ----------------------------------------------------------------------------------------------------------


 2 CALLS TO NUMERICAL SOLUTION IN TIME STEP 250 STRESS PERIOD 2
 3 TOTAL ITERATIONS

 MEMORY MANAGER TOTAL STORAGE BY DATA TYPE, IN MEGABYTES
 -------------------------------
                    ALLOCATED   
 DATA TYPE           MEMORY     
 -------------------------------
 Character        1.37620000E-02
 Logical          6.40000000E-05
 Integer          5.4216120     
 Real             12.678856     
 -------------------------------
 Total            18.114294     
 Virtual          0.0000000     
 -------------------------------


 
 Run end date and time (yyyy/mm/dd hh:mm:ss): 2025/10/01 17:30:03
 Elapsed run time: 37.992 Seconds
 Normal termination of simulation.
