                                   MODFLOW 6
                U.S. GEOLOGICAL SURVEY MODULAR HYDROLOGIC MODEL
                             TRANSPORT MODEL (GWT)
                            VERSION 6.6.2 05/12/2025

   MODFLOW 6 compiled May 12 2025 12:42:18 with Intel(R) Fortran Intel(R) 64
   Compiler Classic for applications running on Intel(R) 64, Version 2021.7.0
                             Build 20220726_000000

This software has been approved for release by the U.S. Geological 
Survey (USGS). Although the software has been subjected to rigorous 
review, the USGS reserves the right to update the software as needed 
pursuant to further analysis and review. No warranty, expressed or 
implied, is made by the USGS or the U.S. Government as to the 
functionality of the software and related material nor shall the 
fact of release constitute any such warranty. Furthermore, the 
software is released on condition that neither the USGS nor the U.S. 
Government shall be held liable for any damages resulting from its 
authorized or unauthorized use. Also refer to the USGS Water 
Resources Software User Rights Notice for complete use, copyright, 
and distribution information.


As a work of the United States Government, this USGS product is 
in the public domain within the United States. You can copy, 
modify, distribute, and perform the work, even for commercial 
purposes, all without asking permission. Additionally, USGS 
waives copyright and related rights in the work worldwide 
through CC0 1.0 Universal Public Domain Dedication 
(https://creativecommons.org/publicdomain/zero/1.0/).

The following GNU Lesser General Public License (LGPL) libraries
are used in this USGS product:

    SPARSKIT version 2.0
      ilut, luson, and qsplit 
      (https://www-users.cse.umn.edu/~saad/software/SPARSKIT/)

    RCM - Reverse Cuthill McKee Ordering
      (https://people.math.sc.edu/Burkardt/f_src/rcm/rcm.html)

    BLAS - Basic Linear Algebra Subprograms Level 1
      (https://people.math.sc.edu/Burkardt/f_src/blas1_d/blas1_d.html)

    SPARSEKIT - Sparse Matrix Utility Package
      amux, dperm, dvperm, rperm, and cperm
      (https://people.sc.fsu.edu/~jburkardt/f77_src/sparsekit/sparsekit.html)

The following BSD-3 License libraries are used in this USGS product:

    Modern Fortran DAG Library
      Copyright (c) 2018, Jacob Williams
      All rights reserved.
      (https://github.com/jacobwilliams/daglib)

MODFLOW 6 compiler options: /Isrc\libmf6core.a.p /Isrc /I..\src
/Isrc\libmf6_external.a.p /MT /nologo /warn:general /warn:truncated_source
/stand:f18 /O2 /fpe:0 /heap-arrays:0 /traceback /fpp /Qdiag-disable:7416
/Qdiag-disable:7025 /Qdiag-disable:5268 /Qdiag-disable:10448
/Fdsrc\libmf6core.a.p\Utilities_compilerversion.F90.pdb
/module:src\libmf6core.a.p
/Fosrc/libmf6core.a.p/Utilities_compilerversion.F90.obj /c

System command used to initiate simulation:
C:\Users\lucialabarca\mf6.6.2_win64\bin\mf6.exe

MODFLOW was compiled using uniform precision.

Real Variables
  KIND: 8
  TINY (smallest non-zero value):    2.225074-308
  HUGE (largest value):    1.797693+308
  PRECISION: 15
  SIZE IN BITS: 64

Integer Variables
  KIND: 4
  HUGE (largest value): 2147483647
  SIZE IN BITS: 32

Long Integer Variables
  KIND: 8
  HUGE (largest value): 9223372036854775807
  SIZE IN BITS: 64

Logical Variables
  KIND: 4
  SIZE IN BITS: 32
 
 NAMEFILE OPTIONS:
 END NAMEFILE OPTIONS:

 DIS -- STRUCTURED GRID DISCRETIZATION PACKAGE, VERSION 2 : 3/27/2014 - INPUT READ FROM MEMPATH: __INPUT__/GWT_PUMPTREAT/DIS                       


 DSP-- DISPERSION PACKAGE, VERSION 1, 1/24/2018 INPUT READ FROM MEMPATH: __INPUT__/GWT_PUMPTREAT/DSP                       


 Setting Discretization Options
 End Setting Discretization Options

 Setting Discretization Dimensions
    NLAY = 1
    NROW = 101
    NCOL = 101
 End Setting Discretization Dimensions

 Setting Discretization Griddata
    DELR set from input file
    DELC set from input file
    TOP set from input file
    BOTM set from input file
 End Setting Discretization Griddata


 FMI -- FLOW MODEL INTERFACE,' VERSION 2, 8/17/2023
  FLOWS PROVIDED BY A GWF MODEL IN THIS SIMULATION

 ADV-- ADVECTION PACKAGE, VERSION 1, 8/25/2017 INPUT READ FROM UNIT 1015


 # File generated by Flopy version 3.9.3 on 07/31/2025 at 17:09:48.
 PROCESSING ADVECTION OPTIONS
    ADVECTION WEIGHTING SCHEME HAS BEEN SET TO: UPSTREAM
 END OF ADVECTION OPTIONS
 Setting DSP Options
    XT3D formulation [0=INACTIVE, 1=ACTIVE, 3=ACTIVE RHS] set to: 1
 End Setting DSP Options

 Setting DSP Griddata
    ALH set from input file
    ATH1 set from input file
 End Setting DSP Griddata


 CNC   -- CNC PACKAGE, VERSION 8, 2/22/2014 INPUT READ FROM MEMPATH: __INPUT__/GWT_PUMPTREAT/CNC                       

 PROCESSING CNC BASE OPTIONS
 END OF CNC BASE OPTIONS

 PROCESSING CNC BASE DIMENSIONS
    MAXBOUND =       6
 END OF CNC BASE DIMENSIONS
    STRT set from input file

 MST -- MOBILE STORAGE AND TRANSFER PACKAGE, VERSION 1, 7/29/2020 INPUT READ FROM UNIT 1014


 # File generated by Flopy version 3.9.3 on 07/31/2025 at 17:09:48.
 PROCESSING MOBILE STORAGE AND TRANSFER OPTIONS
 END OF MOBILE STORAGE AND TRANSFER OPTIONS
 PROCESSING GRIDDATA

   MOBILE DOMAIN POROSITY =  0.2000000    
 END PROCESSING GRIDDATA

 SSM -- SOURCE-SINK MIXING PACKAGE, VERSION 1, 8/25/2017 INPUT READ FROM UNIT 1017


 # File generated by Flopy version 3.9.3 on 07/31/2025 at 17:09:48.
 PROCESSING SSM OPTIONS
 END OF SSM OPTIONS
 PROCESSING SOURCES
 AUX SOURCE DETECTED.
    USING AUX COLUMN 1 IN PACKAGE CHD-1
 AUX SOURCE DETECTED.
    USING AUX COLUMN 1 IN PACKAGE WEL-1
 END PROCESSING SOURCES
 OPTIONAL FILEINPUT BLOCK NOT FOUND.  CONTINUING.
      THE LAST TIME STEP WILL BE PRINTED
      THE LAST TIME STEP WILL BE PRINTED
 # File generated by Flopy version 3.9.3 on 07/31/2025 at 17:09:48.

 PROCESSING OC OPTIONS

    BUDGET INFORMATION WILL BE WRITTEN TO:
      UNIT NUMBER: 1028
      FILE NAME: gwt_pumptreat.cbc

 OPENED gwt_pumptreat.cbc
 FILE TYPE:DATA(BINARY)   UNIT 1028   STATUS:REPLACE             
 FORMAT:UNFORMATTED            ACCESS:STREAM              
 ACTION:READWRITE           

    CONCENTRATION INFORMATION WILL BE WRITTEN TO:
      UNIT NUMBER: 1029
      FILE NAME: gwt_pumptreat.ucn

 OPENED gwt_pumptreat.ucn
 FILE TYPE:DATA(BINARY)   UNIT 1029   STATUS:REPLACE             
 FORMAT:UNFORMATTED            ACCESS:STREAM              
 ACTION:READWRITE           

 END OF OC OPTIONS

start timestep kper="1" kstp="1" mode="normal"


 BEGIN READING OUTPUT CONTROL FOR STRESS PERIOD 1
      THE LAST TIME STEP WILL BE SAVED
      THE LAST TIME STEP WILL BE PRINTED

 END READING OUTPUT CONTROL FOR STRESS PERIOD 1

 XT3D is active.


1
  CONCENTRATION IN LAYER   1 AT END OF TIME STEP   1 IN STRESS PERIOD    1
  ---------------------------------------------------------------------------

 ........................................................................................................................................................................................................................................................................................................................................................................................................................................................................................................................................................................................................................................................................................................................................................................................................................................................................................................................................................................................................................................
   1   9.2127E-49  2.2372E-48  5.7562E-48  1.4790E-47  3.7204E-47  9.0994E-47  2.1576E-46  4.9559E-46  1.1048E-45  2.4092E-45
       5.2532E-45  1.2011E-44  3.0640E-44  8.4371E-44  1.4523E-43 -1.3634E-42 -2.5780E-41 -2.9099E-40 -2.4976E-39 -8.9897E-39
       1.5444E-37  1.4359E-37 -2.1779E-36  1.0790E-36  6.2278E-36 -2.8668E-37 -9.6260E-36 -6.8572E-36  3.0415E-36  8.3637E-36
       7.1519E-36  3.8520E-36  1.4886E-36  4.3353E-37  1.0019E-37  1.8759E-38  2.7527E-39  3.2224E-40  3.1889E-41  2.5531E-42
       1.5418E-43  6.9892E-45  2.5123E-46  6.6008E-48  9.2127E-50  3.8134E-52  2.5295E-56  3.4774E-58  3.6565E-60 -4.1485E-63
      -4.1455E-65 -5.2601E-67 -8.2780E-69 -1.0242E-70 -1.0004E-72 -9.9861E-75 -1.1956E-76 -1.4688E-78 -1.6240E-80 -1.8546E-82
      -2.4000E-84 -3.2545E-86 -4.1926E-88 -5.0364E-90 -6.6821E-92 -9.1004E-94 -1.2093E-95 -1.5727E-97 -2.2054E-99 -3.1151-101
      -4.3002-103 -5.9002-105 -8.2556-107 -1.1879-108 -1.8063-110 -2.8101-112 -4.3449-114 -6.6373-116 -1.0709-117 -1.8720-119
      -3.3456-121 -5.2123-123 -1.0987-124 -2.2009-126 -2.6867-128 -8.3870-130 -1.9872-131 -2.7297-133 -6.5911-135 -1.4014-136
      -2.1814-138 -3.1460-140 -5.1797-142 -9.1138-144 -1.6328-145 -2.8917-147 -4.9338-149 -8.1681-151 -1.3636-152 -2.2387-154
      -3.7511-156
   2   1.4176E-47  3.4700E-47  9.0295E-47  2.3496E-46  5.9924E-46  1.4876E-45  3.5839E-45  8.3699E-45  1.8969E-44  4.1970E-44
       9.2344E-44  2.1196E-43  5.5601E-43  1.7870E-42  6.1529E-42  8.5829E-42 -2.4176E-40 -4.8494E-39 -6.3071E-38 -3.7066E-37
       4.5011E-36  4.6431E-36 -6.9721E-35  4.6806E-35  2.0757E-34 -5.1111E-35 -3.6955E-34 -2.1271E-34  1.8734E-34  3.7849E-34
       3.0603E-34  1.5961E-34  6.0524E-35  1.7411E-35  3.9005E-36  7.0116E-37  1.0116E-37  1.1528E-38  1.0536E-39  7.7232E-41
       4.3941E-42  1.8768E-43  5.5904E-45  1.0918E-46  1.1724E-48  4.3361E-51 -2.6081E-55 -3.2792E-57  2.6731E-59  1.4985E-61
       1.8566E-63  1.8954E-65  1.8886E-67  1.9127E-69  1.7741E-71  1.9485E-73  2.5311E-75  2.8968E-77  3.1093E-79  3.9183E-81
       4.9613E-83  6.3696E-85  8.3163E-87  1.0912E-88  1.4258E-90  1.8631E-92  2.4657E-94  3.3138E-96  4.4982E-98  6.1707-100
       8.5801-102  1.2139-103  1.7496-105  2.5612-107  3.8076-109  5.7758-111  8.9872-113  1.4349-114  2.3343-116  3.8099-118
       6.1313-120  1.0241-121  1.8254-123  3.5436-125  6.0864-127  1.0320-128  1.7030-130  2.8645-132  5.4775-134  9.6815-136
       1.6537-137  2.7252-139  4.5041-141  7.4900-143  1.2047-144  1.8983-146  2.9878-148  4.6775-150  7.3284-152  1.1330-153
       1.7525-155
   3   2.3035E-46  5.6840E-46  1.4960E-45  3.9421E-45  1.0191E-44  2.5669E-44  6.2813E-44  1.4913E-43  3.4370E-43  7.7218E-43
       1.7154E-42  3.9277E-42  1.0233E-41  3.4731E-41  1.5368E-40  6.9025E-40  6.0941E-40 -6.8058E-38 -1.5795E-36 -1.3368E-35
       1.3527E-34  1.4000E-34 -2.2673E-33  1.9940E-33  6.9206E-33 -3.4012E-33 -1.4060E-32 -5.9225E-33  1.0183E-32  1.6758E-32
       1.2839E-32  6.4690E-33  2.3778E-33  6.6561E-34  1.4429E-34  2.4718E-35  3.3933E-36  3.6803E-37  3.1278E-38  2.0759E-39
       1.0517E-40  3.9808E-42  1.0385E-43  1.6943E-45  1.4098E-47  4.3233E-50  1.4606E-53 -5.9084E-56 -2.3984E-58 -3.6289E-60
      -3.6288E-62 -3.0186E-64 -2.1711E-66 -1.2312E-68 -1.9474E-70 -2.8813E-72  3.3944E-75  3.4353E-76  1.5367E-78 -3.1767E-81
      -6.6777E-83 -8.3825E-85 -1.2194E-86 -1.7276E-88 -2.4495E-90 -3.7536E-92 -5.8139E-94 -8.2064E-96 -1.1112E-97 -1.4976E-99
      -2.0172-101 -2.7586-103 -3.8995-105 -5.6975-107 -8.7509-109 -1.4469-110 -2.4283-112 -3.4721-114 -3.7806-116 -5.7249-118
      -2.1158-119 -5.0241-121 -4.2688-123  1.7966-124  2.0646-126 -3.4412-128 -2.4993-130 -6.8050-132  4.2209-134 -1.7424-135
      -7.2625-137 -1.5455-138 -2.1586-140 -3.4740-142 -6.9127-144 -1.4748-145 -2.8272-147 -4.8644-149 -8.9011-151 -1.6219-152
      -2.9906-154
   4   3.7252E-45  9.2831E-45  2.4759E-44  6.6177E-44  1.7367E-43  4.4452E-43  1.1065E-42  2.6747E-42  6.2799E-42  1.4363E-41
       3.2343E-41  7.4165E-41  1.9035E-40  6.5260E-40  3.2870E-39  2.0421E-38  9.3713E-38 -1.0221E-36 -4.0627E-35 -3.7992E-34
       4.0040E-33  2.6171E-33 -6.9779E-32  8.5412E-32  2.1268E-31 -1.9077E-31 -5.0032E-31 -9.5894E-32  5.1134E-31  6.9243E-31
       4.9025E-31  2.3262E-31  8.0505E-32  2.1194E-32  4.3146E-33  6.8440E-34  8.5679E-35  8.4401E-36  6.4668E-37  3.7906E-38
       1.6589E-39  5.2976E-41  1.1415E-42  1.5606E-44  1.0796E-46  2.7603E-49  2.9427E-52  3.5404E-55  4.0152E-57  2.7541E-59
       1.2834E-61 -4.4257E-64 -2.0624E-65  4.0510E-68 -7.7680E-70 -1.7852E-70 -2.6223E-72 -2.7606E-75  1.3059E-76  1.0692E-78
       5.3902E-81  2.6026E-83  6.0922E-86 -9.1591E-88 -2.9438E-89 -9.5299E-91 -2.0450E-92 -3.0537E-94 -4.2209E-96 -6.0437E-98
      -8.6279-100 -1.2242-101 -1.7429-103 -2.5794-105 -4.3509-107 -8.4749-109 -1.6126-110 -2.1216-112 -7.1991-115 -2.2386-116
      -1.7570-117 -4.2975-119 -9.8322-121  4.1804-123  1.6902-124 -2.1096-126 -2.9286-128 -8.3176-130 -8.8304-132 -1.5676-133
      -5.7619-135 -1.1082-136 -1.4121-138 -2.3135-140 -5.4638-142 -1.1604-143 -1.8356-145 -3.0792-147 -5.7139-149 -1.0325-150
      -1.7945-152
   5   5.9820E-44  1.5083E-43  4.0842E-43  1.1093E-42  2.9602E-42  7.7114E-42  1.9554E-41  4.8202E-41  1.1549E-40  2.6950E-40
       6.1739E-40  1.4262E-39  3.6199E-39  1.2364E-38  6.7559E-38  4.8980E-37  2.6482E-36 -2.5750E-35 -1.0597E-33 -8.6576E-33
       1.1299E-31 -6.2976E-33 -1.9733E-30  3.4297E-30  5.6879E-30 -9.0869E-30 -1.5893E-29  2.3206E-30  2.2939E-29  2.5963E-29
       1.6671E-29  7.2879E-30  2.3210E-30  5.5882E-31  1.0369E-31  1.4885E-32  1.6617E-33  1.4410E-34  9.6525E-36  4.8809E-37
       1.8123E-38  4.8842E-40  8.6973E-42  9.6143E-44  5.4013E-46  1.3324E-48  1.7099E-51 -1.7680E-54 -1.7533E-56 -6.8575E-60
       1.9614E-60  3.2738E-62 -1.3490E-64  8.2313E-66  5.0072E-67  3.7940E-69 -7.2933E-71 -1.4797E-72 -1.1999E-74 -5.6936E-77
      -3.9579E-79 -7.0607E-81 -1.1614E-82 -1.5337E-84 -1.8952E-86 -2.7540E-88 -4.1870E-90 -6.0471E-92 -8.7981E-94 -1.2984E-95
      -1.9223E-97 -2.8398E-99 -4.1998-101 -6.3249-103 -9.9216-105 -1.6291-106 -2.7597-108 -4.3714-110 -5.6607-112 -9.3451-114
      -1.9653-115 -4.5900-117 -8.2127-119 -1.0670-120 -1.5529-122 -3.7048-124 -6.8519-126 -1.2275-127 -1.7835-129 -3.3132-131
      -6.2653-133 -1.0781-134 -1.6380-136 -2.7046-138 -4.8813-140 -8.3620-142 -1.3199-143 -2.1160-145 -3.5002-147 -5.5787-149
      -8.7097-151
   6   9.5194E-43  2.4331E-42  6.7027E-42  1.8532E-41  5.0378E-41  1.3378E-40  3.4616E-40  8.7146E-40  2.1340E-39  5.0905E-39
       1.1900E-38  2.7853E-38  7.0533E-38  2.3980E-37  1.3581E-36  9.9505E-36  3.8945E-35 -9.5407E-34 -2.6018E-32 -1.4672E-31
       2.9226E-30 -3.0414E-30 -4.9519E-29  1.2404E-28  1.1893E-28 -3.6897E-28 -4.2377E-28  2.9829E-28  9.0366E-28  8.6513E-28
       4.9643E-28  1.9616E-28  5.6418E-29  1.2175E-29  2.0109E-30  2.5531E-31  2.4991E-32  1.8765E-33  1.0792E-34  4.6414E-36
       1.4275E-37  3.1350E-39  4.6546E-41  4.3151E-43  2.1820E-45  6.9079E-48  1.6601E-50  2.3705E-53 -1.4765E-55 -3.3999E-57
      -3.5206E-59  2.2462E-61 -1.9110E-62 -8.0134E-64  1.5776E-66  3.4171E-67  4.4346E-69  1.5091E-71 -2.7656E-73 -6.0848E-75
      -8.2262E-77 -9.4008E-79 -9.1780E-81 -7.8976E-83 -7.5663E-85 -1.1238E-86 -1.4648E-88 -1.9793E-90 -2.9090E-92 -4.4414E-94
      -6.7388E-96 -9.9747E-98 -1.4958E-99 -2.4714-101 -4.6175-103 -8.7123-105 -1.4142-106 -1.7701-108 -1.7594-110 -4.3015-112
      -1.5367-113 -2.8991-115 -3.1086-117  6.3853-121 -2.1395-121 -2.0309-122 -3.4481-124 -2.4697-126 -3.1545-128 -9.2657-130
      -1.5653-131 -1.5026-133 -2.9449-136 -8.8037-138 -3.9862-139 -2.1515-141  8.8601-143  2.0859-144  4.0679-146  1.0170-147
       2.2633-149
   7   1.4981E-41  3.8896E-41  1.0923E-40  3.0802E-40  8.5446E-40  2.3172E-39  6.1275E-39  1.5778E-38  3.9549E-38  9.6597E-38
       2.3098E-37  5.5029E-37  1.3987E-36  4.6623E-36  2.4890E-35  1.4625E-34 -2.6882E-34 -3.2130E-32 -5.4919E-31 -1.2780E-30
       6.6667E-29 -1.5558E-28 -1.0524E-27  3.9498E-27  1.2962E-27 -1.2740E-26 -8.3790E-27  1.6389E-26  3.0963E-26  2.5263E-26
       1.2807E-26  4.5012E-27  1.1502E-27  2.1895E-28  3.1674E-29  3.4938E-30  2.9418E-31  1.8776E-32  9.1141E-34  3.3120E-35
       8.5324E-37  1.4995E-38  1.7749E-40  1.3002E-42  6.1463E-45  2.3721E-47  8.6070E-50  3.6924E-52  2.5959E-54  1.1194E-56
      -3.5142E-58  2.7532E-59  7.9250E-61 -1.4016E-62 -6.8507E-64 -6.4063E-66  7.1821E-68  2.5156E-69  3.5593E-71  4.2205E-73
       5.2324E-75  6.7180E-77  8.4661E-79  1.0285E-80  1.2208E-82  1.6061E-84  2.2903E-86  3.2784E-88  4.8093E-90  7.2030E-92
       1.0880E-93  1.6470E-95  2.5035E-97  3.8394E-99  5.9899-101  9.7568-103  1.6908-104  2.8574-106  4.4782-108  6.7039-110
       1.0432-111  2.3166-113  4.3697-115  6.7038-117  9.5381-119  1.6564-120  3.5515-122  5.7641-124  8.9111-126  1.4942-127
       2.6202-129  4.5102-131  7.3377-133  1.1350-134  1.8750-136  3.1057-138  4.8427-140  7.3837-142  1.1714-143  1.8503-145
       2.8549-147
   8   2.3269E-40  6.1497E-40  1.7641E-39  5.0839E-39  1.4418E-38  3.9999E-38  1.0827E-37  2.8560E-37  7.3380E-37  1.8380E-36
       4.5039E-36  1.0944E-35  2.7780E-35  8.5574E-35  3.4725E-34  4.6739E-34 -3.6115E-32 -8.3365E-31 -8.9906E-30  2.1014E-29
       1.2887E-27 -5.3307E-27 -1.7379E-26  1.0900E-25 -3.3010E-26 -3.7074E-25 -6.5866E-26  6.6010E-25  9.1862E-25  6.4128E-25
       2.8464E-25  8.7789E-26  1.9643E-26  3.2474E-27  4.0476E-28  3.8300E-29  2.7451E-30  1.4646E-31  5.8514E-33  1.7591E-34
       3.8412E-36  5.6536E-38  5.5068E-40  3.3497E-42  1.6162E-44  6.3162E-47  1.8196E-49 -1.2640E-52  4.5243E-54  2.0242E-55
      -2.9458E-56 -5.2132E-58  2.8135E-59  8.7769E-61  2.6235E-63 -2.8676E-64 -7.6146E-66 -1.1060E-67 -1.1925E-69 -1.2225E-71
      -1.4052E-73 -1.7851E-75 -2.3694E-77 -3.1943E-79 -4.3889E-81 -6.0859E-83 -8.6790E-85 -1.2484E-86 -1.8132E-88 -2.6511E-90
      -3.8812E-92 -5.6981E-94 -8.4326E-96 -1.2554E-97 -1.8857E-99 -2.8527-101 -4.1132-103 -6.0580-105 -9.1515-107 -1.5195-108
      -3.5317-110 -4.6818-112 -6.5502-114 -9.1556-116 -2.4713-117 -4.8616-119 -6.2847-121 -1.0751-122 -2.1690-124 -4.0131-126
      -6.7621-128 -1.0443-129 -1.7688-131 -3.2031-133 -5.5417-135 -9.1445-137 -1.5762-138 -2.7032-140 -4.3789-142 -7.1014-144
      -1.1976-145
   9   3.5597E-39  9.5975E-39  2.8186E-38  8.3171E-38  2.4159E-37  6.8681E-37  1.9062E-36  5.1587E-36  1.3607E-35  3.5003E-35
       8.8012E-35  2.1791E-34  5.4291E-34  1.3815E-33  1.8151E-33 -5.2074E-32 -1.1903E-30 -1.5651E-29 -9.1205E-29  1.2184E-27
       1.9977E-26 -1.4148E-25 -1.6568E-25  2.5661E-24 -2.6120E-24 -8.9177E-24  3.5392E-24  2.1506E-23  2.3596E-23  1.4096E-23
       5.4323E-24  1.4515E-24  2.8058E-25  3.9782E-26  4.1946E-27  3.3378E-28  2.0241E-29  9.0932E-31  2.9809E-32  7.1773E-34
       1.2827E-35  1.6228E-37  1.3692E-39  9.0011E-42  5.1112E-44  2.5980E-46  1.3260E-48 -2.6647E-51 -1.6726E-53  2.4121E-53
       1.2423E-55 -3.4111E-56 -8.0744E-58  6.5131E-60  5.8052E-61  1.2676E-62  1.6688E-64  1.4841E-66  8.5976E-69  2.7589E-71
       1.3131E-73  5.4252E-75  1.4323E-76  2.5780E-78  3.7905E-80  5.6919E-82  7.9841E-84  1.0784E-85  1.3730E-87  1.5573E-89
       1.3505E-91  4.3966E-95 -4.2222E-95 -1.5194E-96 -3.8058E-98 -7.2932-100 -1.1228-101 -2.3238-103 -6.0654-105 -1.3300-106
      -2.1171-108 -1.8476-110 -4.6542-112 -1.2007-113 -2.2232-115 -2.3110-117 -4.3140-119 -9.2153-121 -1.4871-122 -2.3877-124
      -3.4860-126 -5.5643-128 -9.3569-130 -1.4353-131 -2.1020-133 -3.5061-135 -5.5978-137 -7.5378-139 -9.8260-141 -1.3604-142
      -1.8851-144
  10   5.3518E-38  1.4755E-37  4.4462E-37  1.3461E-36  4.0123E-36  1.1709E-35  3.3378E-35  9.2824E-35  2.5175E-34  6.6606E-34
       1.7203E-33  4.3343E-33  1.0452E-32  1.9477E-32 -6.2245E-32 -1.7912E-30 -2.3230E-29 -1.8410E-28  1.6815E-28  3.0102E-26
       2.1960E-25 -3.0179E-24  1.6151E-24  5.0417E-23 -9.8739E-23 -1.6959E-22  2.1918E-22  5.8774E-22  5.2542E-22  2.6777E-22
       8.8782E-23  2.0291E-23  3.3369E-24  4.0190E-25  3.5636E-26  2.3373E-27  1.1676E-28  4.3986E-30  1.2171E-31  2.4114E-33
       3.3832E-35  3.4655E-37  2.7536E-39  1.8925E-41  1.1378E-43  5.9500E-46  8.5838E-48 -7.3793E-50 -1.5663E-50  1.5526E-52
       3.0077E-53  4.7436E-55 -1.6084E-56 -8.2467E-58 -1.6645E-59 -1.7637E-61 -4.3802E-64  2.2235E-65  5.7663E-67  9.7769E-69
       1.3812E-70  1.7269E-72  2.0018E-74  2.2079E-76  2.9895E-78  4.6315E-80  7.2801E-82  1.1828E-83  1.9652E-85  3.2992E-87
       5.5654E-89  9.4593E-91  1.6435E-92  2.9955E-94  5.7118E-96  1.0861E-97  1.9290E-99  3.0205-101  5.2099-103  1.0934-104
       2.1722-106  3.3904-108  4.4722-110  9.4034-112  1.8912-113  2.9927-115  4.4063-117  7.9935-119  1.3888-120  2.2190-122
       3.7793-124  6.0716-126  1.0181-127  1.6280-129  2.4329-131  3.8003-133  6.3493-135  1.0108-136  1.5447-138  2.3244-140
       3.5110-142
  11   7.8900E-37  2.2300E-36  6.9103E-36  2.1508E-35  6.5912E-35  1.9782E-34  5.8017E-34  1.6609E-33  4.6394E-33  1.2645E-32
       3.3605E-32  8.6454E-32  2.0533E-31  3.0782E-31 -1.7804E-30 -3.0243E-29 -2.4717E-28 -3.2738E-28  2.8373E-26  4.8157E-25
       8.8477E-25 -5.1792E-23  1.2246E-22  7.9170E-22 -2.7514E-21 -2.2147E-21  7.7058E-21  1.3714E-20  1.0152E-20  4.3891E-21
       1.2393E-21  2.3969E-22  3.2985E-23  3.3189E-24  2.4696E-25  1.3427E-26  5.4348E-28  1.6482E-29  3.7416E-31  6.2358E-33
       7.4026E-35  7.2178E-37  6.0804E-39  4.5800E-41  2.9071E-43 -9.8724E-46  1.2865E-46  7.9063E-48 -2.5908E-49 -2.0712E-50
      -1.3347E-52  2.0236E-53  8.0869E-55  1.4816E-56  9.4045E-59 -2.5552E-60 -9.6776E-62 -1.9473E-63 -3.1156E-65 -4.5413E-67
      -6.3074E-69 -8.3916E-71 -1.0692E-72 -1.4103E-74 -1.9160E-76 -2.8808E-78 -4.4886E-80 -7.2257E-82 -1.1877E-83 -1.9742E-85
      -3.3217E-87 -5.6718E-89 -9.7123E-91 -1.6479E-92 -2.8731E-94 -5.3779E-96 -1.0282E-97 -1.8324E-99 -2.8382-101 -4.8660-103
      -9.9134-105 -1.8878-106 -2.7829-108 -4.2847-110 -8.6134-112 -1.5529-113 -2.4158-115 -4.0691-117 -7.0714-119 -1.1347-120
      -1.8299-122 -2.9913-124 -5.0078-126 -8.4214-128 -1.3386-129 -2.0388-131 -3.1912-133 -5.0550-135 -8.0331-137 -1.2629-138
      -1.9531-140
  12   1.1379E-35  3.3054E-35  1.0558E-34  3.3856E-34  1.0688E-33  3.3052E-33  9.9920E-33  2.9499E-32  8.5014E-32  2.3915E-31
       6.5599E-31  1.7413E-30  4.2947E-30  7.8819E-30 -8.5173E-30 -1.6981E-28  4.8766E-28  3.7382E-26  6.0187E-25  4.6977E-24
      -2.6300E-23 -6.9456E-22  3.4388E-21  8.8112E-21 -6.1491E-20 -4.9139E-21  2.0740E-19  2.7610E-19  1.7034E-19  6.2026E-20
       1.4734E-20  2.3879E-21  2.7212E-22  2.2399E-23  1.3686E-24  6.1452E-26  2.0446E-27  5.0171E-29  9.2515E-31  1.2510E-32
       1.4230E-34  1.4266E-36  1.2399E-38  1.2105E-40  1.6704E-42 -8.6763E-44 -2.5397E-45  2.3039E-46  1.1073E-47 -8.2323E-50
      -1.8690E-50 -6.3390E-52 -9.4041E-54  3.7521E-56  5.8865E-57  1.8297E-58  3.8681E-60  6.5983E-62  9.9082E-64  1.3914E-65
       1.8867E-67  2.4956E-69  3.4322E-71  4.9031E-73  7.1589E-75  1.0924E-76  1.7029E-78  2.7328E-80  4.4823E-82  7.4534E-84
       1.2639E-85  2.2090E-87  3.9429E-89  6.9548E-91  1.1831E-92  2.0471E-94  3.8579E-96  7.4110E-98  1.3012E-99  2.0112-101
       3.5875-103  7.0766-105  1.2618-106  1.8403-108  3.1748-110  5.8813-112  9.4705-114  1.5360-115  2.6585-117  4.5603-119
       7.2904-121  1.1394-122  1.7979-124  3.0257-126  5.0491-128  8.0398-130  1.2588-131  1.9418-133  3.0131-135  4.7599-137
       7.4897-139
  13   1.6011E-34  4.7933E-34  1.5820E-33  5.2378E-33  1.7069E-32  5.4500E-32  1.7017E-31  5.1905E-31  1.5461E-30  4.4979E-30
       1.2781E-29  3.5401E-29  9.4659E-29  2.4146E-28  6.9438E-28  4.9959E-27  6.9311E-26  8.2136E-25  6.4136E-24  7.1124E-24
      -7.4669E-22 -6.6055E-21  6.7699E-20  3.1493E-20 -1.1286E-18  7.6409E-19  4.6075E-18  4.8283E-18  2.4825E-18  7.5479E-19
       1.4862E-19  1.9889E-20  1.8617E-21  1.2416E-22  6.1035E-24  2.2104E-25  6.0022E-27  1.2038E-28  1.8635E-30  2.4772E-32
       2.8879E-34  3.0169E-36  1.4490E-38  2.2972E-40  5.2731E-41  1.1091E-43 -1.4695E-43 -4.2296E-45  1.5228E-46  1.3449E-47
       3.9629E-49  3.7547E-51 -1.5189E-52 -8.3251E-54 -2.4002E-55 -5.2338E-57 -9.6015E-59 -1.5692E-60 -2.3783E-62 -3.4315E-64
      -4.7708E-66 -6.4400E-68 -8.9203E-70 -1.3481E-71 -2.1239E-73 -3.3528E-75 -5.3497E-77 -8.6741E-79 -1.4275E-80 -2.3772E-82
      -4.0211E-84 -6.9987E-86 -1.2632E-87 -2.3244E-89 -4.2105E-91 -7.2824E-93 -1.2686E-94 -2.4033E-96 -4.6131E-98 -7.9245-100
      -1.2224-101 -2.2831-103 -4.3834-105 -7.1772-107 -1.1047-108 -2.0262-110 -3.4690-112 -5.3999-114 -8.5601-116 -1.4811-117
      -2.5273-119 -4.1244-121 -6.3705-123 -9.8920-125 -1.6000-126 -2.6061-128 -4.2269-130 -6.6432-132 -1.0198-133 -1.5874-135
      -2.5041-137
  14   2.1921E-33  6.7822E-33  2.3185E-32  7.9432E-32  2.6781E-31  8.8479E-31  2.8592E-30  9.0280E-30  2.7844E-29  8.3924E-29
       2.4762E-28  7.1802E-28  2.0742E-27  6.3327E-27  2.4880E-26  1.5523E-25  1.2147E-24  7.5876E-24  7.4355E-24 -6.4266E-22
      -1.0503E-20 -2.6776E-20  1.0223E-18 -1.4353E-18 -1.6934E-17  2.8489E-17  8.7200E-17  7.3664E-17  3.1388E-17  7.8793E-18
       1.2656E-18  1.3707E-19  1.0380E-20  5.5799E-22  2.2050E-23  6.4084E-25  1.4146E-26  2.4700E-28  3.7550E-30  4.9314E-32
       6.3574E-34  1.1493E-35 -1.5319E-37 -1.8266E-38  5.9472E-40  7.3086E-41  8.5123E-43 -1.3078E-43 -7.7111E-45 -1.8346E-46
       3.5149E-49  2.0002E-49  8.9644E-51  2.6017E-52  5.9039E-54  1.1383E-55  1.9613E-57  3.1299E-59  4.7595E-61  7.0232E-63
       1.0131E-64  1.4150E-66  2.0837E-68  3.1864E-70  5.1127E-72  8.3088E-74  1.3713E-75  2.2950E-77  3.8853E-79  6.6606E-81
       1.1574E-82  2.0318E-84  3.6206E-86  6.6823E-88  1.2704E-89  2.3822E-91  4.1816E-93  7.4021E-95  1.4408E-96  2.7705E-98
       4.5638-100  7.2458-102  1.3964-103  2.5546-105  3.8326-107  6.3143-109  1.1548-110  1.8997-112  2.9452-114  4.5054-116
       7.4900-118  1.2821-119  2.1014-121  3.3049-123  5.1256-125  7.9297-127  1.2707-128  2.0375-130  3.1697-132  4.9155-134
       7.7003-136
  15   2.9117E-32  9.3361E-32  3.3137E-31  1.1775E-30  4.1170E-30  1.4106E-29  4.7276E-29  1.5482E-28  4.9530E-28  1.5490E-27
       4.7468E-27  1.4337E-26  4.3369E-26  1.3753E-25  5.0173E-25  2.1864E-24  8.2658E-24 -1.9712E-23 -9.2930E-22 -1.1615E-20
      -7.9314E-20  4.3722E-19  1.1821E-17 -4.5690E-17 -1.9938E-16  6.8495E-16  1.4291E-15  9.8247E-16  3.4320E-16  7.0070E-17
       9.0377E-18  7.7757E-19  4.6791E-20  2.0063E-21  6.3820E-23  1.5120E-24  2.9986E-26  5.2293E-28  8.1375E-30  7.4631E-32
       6.7972E-34  1.6169E-34  3.6255E-36 -4.7316E-37 -2.5554E-38  3.3583E-40  8.1742E-41  3.6553E-42  5.8708E-44 -1.9859E-45
      -1.7519E-46 -7.2011E-48 -2.1699E-49 -5.3186E-51 -1.1127E-52 -2.0677E-54 -3.5295E-56 -5.6538E-58 -8.6268E-60 -1.2708E-61
      -1.8291E-63 -2.8501E-65 -4.3095E-67 -6.8840E-69 -1.1167E-70 -1.8473E-72 -3.1308E-74 -5.4036E-76 -9.4429E-78 -1.6783E-79
      -3.0520E-81 -5.6227E-83 -1.0266E-84 -1.8689E-86 -3.5571E-88 -7.0264E-90 -1.3460E-91 -2.3568E-93 -4.3059E-95 -8.7043E-97
      -1.6547E-98 -2.6141-100 -4.5152-102 -8.6055-104 -1.4656-105 -2.1072-107 -3.5656-109 -6.3437-111 -1.0609-112 -1.6511-114
      -2.4874-116 -3.9191-118 -6.4676-120 -1.0645-121 -1.7081-123 -2.6219-125 -4.0434-127 -6.3861-129 -9.9728-131 -1.5528-132
      -2.4334-134
  16   3.7407E-31  1.2464E-30  4.6043E-30  1.7011E-29  6.1820E-29  2.2017E-28  7.6697E-28  2.6105E-27  8.6788E-27  2.8204E-26
       8.9756E-26  2.8074E-25  8.6878E-25  2.6831E-24  8.1358E-24  1.9197E-23 -4.9522E-23 -1.4503E-21 -1.4681E-20 -8.1998E-20
       9.7554E-20  1.1127E-17  9.5710E-17 -8.4931E-16 -1.5762E-15  1.3013E-14  2.0448E-14  1.1443E-14  3.2260E-15  5.2490E-16
       5.3469E-17  3.6085E-18  1.7073E-19  5.8203E-21  1.5248E-22  3.4009E-24  6.4064E-26  1.2087E-27  2.8283E-29 -1.9859E-31
      -4.6690E-32  1.0288E-33  2.2088E-34  5.2235E-36 -4.3679E-37 -3.8368E-38 -1.2819E-39 -2.6657E-42  2.0240E-42  1.2707E-43
       4.9992E-45  1.5210E-46  3.9162E-48  8.8725E-50  1.7959E-51  3.3126E-53  5.7154E-55  9.3923E-57  1.4784E-58  2.2300E-60
       3.3067E-62  5.1663E-64  8.6757E-66  1.4495E-67  2.4223E-69  4.0964E-71  7.0761E-73  1.2457E-74  2.2208E-76  4.0246E-78
       7.5123E-80  1.4445E-81  2.7962E-83  5.3067E-85  1.0019E-86  1.9959E-88  4.0855E-90  7.9013E-92  1.3967E-93  2.6580E-95
       5.3190E-97  9.4660E-99  1.4552-100  2.6432-102  4.9021-104  8.0547-106  1.1931-107  1.9012-109  3.2451-111  5.4807-113
       8.7538-115  1.3446-116  2.0577-118  3.2529-120  5.3100-122  8.4056-124  1.3009-125  2.0280-127  3.1372-129  4.8566-131
       7.6168-133
  17   4.6322E-30  1.6083E-29  6.1980E-29  2.3863E-28  9.0359E-28  3.3527E-27  1.2166E-26  4.3134E-26  1.4936E-25  5.0538E-25
       1.6727E-24  5.4209E-24  1.7184E-23  5.2637E-23  1.4638E-22  2.6082E-22 -9.1663E-22 -1.3354E-20 -5.2358E-20  5.0372E-19
       1.1157E-17  1.2709E-16  3.1375E-16 -1.1699E-14 -5.8963E-16  2.0779E-13  2.5665E-13  1.1603E-13  2.5870E-14  3.2702E-15
       2.5777E-16  1.3494E-17  5.0286E-19  1.4684E-20  3.7627E-22  8.1011E-24  1.0078E-25  2.3032E-27  3.1051E-28  6.3254E-30
      -1.0067E-30 -6.2810E-32  6.7624E-34  2.5059E-34  1.4044E-35  2.9125E-37 -1.1433E-38 -1.3492E-39 -7.2783E-41 -2.8889E-42
      -9.3183E-44 -2.5466E-45 -6.1115E-47 -1.3289E-48 -2.6543E-50 -4.9038E-52 -8.5135E-54 -1.4189E-55 -2.2965E-57 -3.5831E-59
      -5.7235E-61 -9.2605E-63 -1.5947E-64 -2.7590E-66 -4.7995E-68 -8.4470E-70 -1.5120E-71 -2.7513E-73 -5.0707E-75 -9.4598E-77
      -1.7975E-78 -3.5198E-80 -7.0974E-82 -1.4364E-83 -2.8295E-85 -5.4860E-87 -1.1152E-88 -2.2934E-90 -4.3240E-92 -7.5635E-94
      -1.4660E-95 -2.8295E-97 -4.6897E-99 -7.3216-101 -1.3045-102 -2.3567-104 -3.8999-106 -6.0856-108 -9.3440-110 -1.5217-111
      -2.5175-113 -4.0678-115 -6.3345-117 -9.6782-119 -1.5283-120 -2.4181-122 -3.7690-124 -5.8888-126 -9.1139-128 -1.4037-129
      -2.1948-131
  18   5.5087E-29  1.9983E-28  8.0522E-28  3.2382E-27  1.2804E-26  4.9607E-26  1.8796E-25  6.9583E-25  2.5159E-24  8.8874E-24
       3.0692E-23  1.0367E-22  3.4212E-22  1.0955E-21  3.3338E-21  9.2950E-21  2.5677E-20  1.4745E-19  1.8101E-18  1.9195E-17
       1.4067E-16  6.5573E-16 -5.0722E-15 -1.2318E-13  2.5699E-13  2.8635E-12  2.8335E-12  1.0182E-12  1.7489E-13  1.6701E-14
       1.0030E-15  4.1101E-17  1.3259E-18  3.6091E-20  1.0549E-21  2.6297E-23 -4.8813E-25 -4.7478E-26  2.8422E-27  3.6688E-28
       6.7427E-30 -1.0503E-30 -9.5064E-32 -3.4842E-33  1.0145E-35  9.6954E-36  7.2306E-37  3.5679E-38  1.3887E-39  4.5947E-41
       1.3472E-42  3.5335E-44  8.3302E-46  1.7938E-47  3.5928E-49  6.7377E-51  1.1854E-52  1.9784E-54  3.2241E-56  5.4774E-58
       9.0666E-60  1.5583E-61  2.7301E-63  4.8309E-65  8.6749E-67  1.5875E-68  2.9594E-70  5.6054E-72  1.0791E-73  2.1115E-75
       4.1721E-77  8.2742E-79  1.6691E-80  3.4608E-82  7.1401E-84  1.4072E-85  2.7203E-87  5.4910E-89  1.0814E-90  1.8784E-92
       3.2066E-94  6.0900E-96  1.1295E-97  1.9189E-99  3.1146-101  5.4907-103  9.7064-105  1.6399-106  2.5940-108  3.9813-110
       6.2606-112  1.0144-113  1.6261-115  2.5162-117  3.9103-119  6.0971-121  9.4174-123  1.4650-124  2.2709-126  3.4907-128
       5.4300-130
  19   6.2650E-28  2.3804E-27  1.0051E-26  4.2310E-26  1.7508E-25  7.0985E-25  2.8151E-24  1.0909E-23  4.1294E-23  1.5271E-22
       5.5217E-22  1.9546E-21  6.7873E-21  2.3205E-20  7.9022E-20  2.7939E-19  1.1447E-18  6.1078E-18  3.8073E-17  2.0307E-16
       4.9192E-16 -4.3821E-15 -1.0683E-13 -9.2412E-13  5.7621E-12  3.4425E-11  2.7477E-11  7.6566E-12  9.7730E-13  6.8675E-14
       3.2382E-15  1.2288E-16  3.3204E-18  6.7766E-20  4.2087E-21  2.6937E-22 -3.2441E-24 -1.3825E-24 -5.5284E-26  3.0026E-27
       4.5467E-28  2.3741E-29  3.3275E-31 -4.7641E-32 -5.0319E-33 -3.0801E-34 -1.4521E-35 -5.7533E-37 -1.9728E-38 -5.9709E-40
      -1.6408E-41 -4.1756E-43 -9.8178E-45 -2.1320E-46 -4.3340E-48 -8.3469E-50 -1.5227E-51 -2.6151E-53 -4.4518E-55 -7.6670E-57
      -1.3825E-58 -2.5009E-60 -4.5326E-62 -8.2456E-64 -1.5183E-65 -2.8523E-67 -5.4635E-69 -1.0611E-70 -2.0916E-72 -4.2063E-74
      -8.5702E-76 -1.7331E-77 -3.4489E-79 -6.8995E-81 -1.4013E-82 -2.7653E-84 -5.1134E-86 -9.3174E-88 -1.7379E-89 -3.2244E-91
      -5.5898E-93 -1.0309E-94 -2.1208E-96 -4.2544E-98 -7.9626-100 -1.3350-101 -2.2671-103 -3.9331-105 -6.5590-107 -1.0333-108
      -1.5676-110 -2.4208-112 -3.8392-114 -5.9543-116 -9.2292-118 -1.4319-119 -2.1844-121 -3.3505-123 -5.1632-125 -7.8969-127
      -1.2182-128
  20   6.7814E-27  2.7053E-26  1.1993E-25  5.2947E-25  2.2976E-24  9.7700E-24  4.0645E-23  1.6528E-22  6.5658E-22  2.5484E-21
       9.6717E-21  3.5958E-20  1.3137E-19  4.7439E-19  1.7143E-18  6.3465E-18  2.4806E-17  1.0162E-16  3.7192E-16  4.3484E-16
      -1.0342E-14 -1.2117E-13 -9.8526E-13 -3.0124E-12  8.5522E-11  3.6245E-10  2.3290E-10  4.8688E-11  4.4119E-12  2.3002E-13
       1.0435E-14  4.1360E-16  6.4016E-18 -3.3408E-19  9.7173E-21  4.1146E-21  2.2220E-22 -6.7706E-24 -1.6602E-24 -1.0890E-25
      -2.6009E-27  1.8337E-28  2.6523E-29  1.9267E-30  1.0528E-31  4.7777E-33  1.8776E-34  6.6184E-36  2.1361E-37  6.2960E-39
       1.6984E-40  4.2568E-42  9.9994E-44  2.1970E-45  4.5283E-47  8.8563E-49  1.6536E-50  3.0218E-52  5.3960E-54  9.7203E-56
       1.7939E-57  3.3499E-59  6.3023E-61  1.1918E-62  2.2744E-64  4.4020E-66  8.6218E-68  1.6950E-69  3.3313E-71  6.5729E-73
       1.3048E-74  2.5771E-76  4.9814E-78  9.3949E-80  1.7340E-81  3.1005E-83  5.3329E-85  8.9869E-87  1.6804E-88  3.6447E-90
       9.5932E-92  2.2267E-93  4.9974E-95  1.1584E-96  2.4149E-98  4.3959-100  7.1388-102  1.1310-103  1.8533-105  2.9858-107
       4.5857-109  6.8816-111  1.0581-112  1.6066-114  2.4568-116  3.8163-118  5.8045-120  8.7743-122  1.3373-123  2.0334-125
       3.1126-127
  21   6.9473E-26  2.9162E-25  1.3596E-24  6.3063E-24  2.8752E-23  1.2850E-22  5.6207E-22  2.4036E-21  1.0043E-20  4.0997E-20
       1.6364E-19  6.3958E-19  2.4526E-18  9.2517E-18  3.4446E-17  1.2663E-16  4.5228E-16  1.4560E-15  2.9760E-15 -9.5136E-15
      -1.5279E-13 -8.2471E-13 -1.8094E-12  4.2734E-11  9.9980E-10  3.3389E-09  1.7135E-09  2.5891E-10  1.6104E-11  6.5251E-13
       3.5382E-14  2.1128E-15  2.0786E-17 -8.2595E-18 -5.2330E-19  1.7811E-20  4.8266E-21  3.5160E-22  9.6683E-24 -6.7346E-25
      -1.1163E-25 -9.0567E-27 -5.5143E-28 -2.7886E-29 -1.2250E-30 -4.8245E-32 -1.7170E-33 -5.5778E-35 -1.6951E-36 -4.8743E-38
      -1.3167E-39 -3.3319E-41 -7.9430E-43 -1.7886E-44 -3.7938E-46 -7.5721E-48 -1.4663E-49 -2.7746E-51 -5.1841E-53 -9.6793E-55
      -1.8170E-56 -3.4360E-58 -6.5331E-60 -1.2473E-61 -2.3939E-63 -4.6109E-65 -8.8390E-67 -1.6708E-68 -3.1056E-70 -5.6716E-72
      -1.0046E-73 -1.6821E-75 -2.6019E-77 -3.5839E-79 -3.7763E-81 -1.1448E-83  1.3228E-85 -4.8022E-86 -2.6091E-87 -1.0802E-88
      -3.7141E-90 -1.0028E-91 -2.1630E-93 -4.2587E-95 -8.4284E-97 -1.5612E-98 -2.6353-100 -4.0867-102 -6.2501-104 -9.7388-106
      -1.5036-107 -2.2707-109 -3.4833-111 -5.2507-113 -7.8668-115 -1.2103-116 -1.8516-118 -2.8001-120 -4.2498-122 -6.4617-124
      -9.9078-126
  22   6.6932E-25  2.9617E-24  1.4542E-23  7.0975E-23  3.4057E-22  1.6027E-21  7.3848E-21  3.3279E-20  1.4655E-19  6.3060E-19
       2.6529E-18  1.0923E-17  4.4056E-17  1.7412E-16  6.7344E-16  2.5341E-15  9.1229E-15  3.0229E-14  8.5831E-14  2.0484E-13
       8.9961E-13  1.0891E-11  1.0687E-10  1.0099E-09  9.6597E-09  2.6679E-08  1.0871E-08  1.1790E-09  5.0253E-11  8.5107E-13
       1.1696E-13  1.8371E-14  9.2026E-16 -4.9337E-17 -1.0975E-17 -7.8948E-19 -1.7731E-20  2.4886E-21  3.7636E-22  3.1693E-23
       2.0461E-24  1.1014E-25  5.1566E-27  2.1576E-28  8.1471E-30  2.8228E-31  9.1140E-33  2.7429E-34  7.7394E-36  2.0787E-37
       5.3544E-39  1.3214E-40  3.1244E-42  7.0937E-44  1.5481E-45  3.2155E-47  6.3960E-49  1.2233E-50  2.3200E-52  4.3784E-54
       8.1877E-56  1.5011E-57  2.6579E-59  4.4747E-61  6.9925E-63  9.4994E-65  8.7470E-67 -5.0905E-69 -5.6945E-70 -2.0751E-71
      -6.1004E-73 -1.6591E-74 -4.2856E-76 -9.8060E-78 -1.6427E-79 -7.0701E-82  1.0814E-82  6.2950E-84  2.2733E-85  6.0988E-87
       1.6065E-88  3.9687E-90  8.4542E-92  1.5815E-93  2.7706E-95  4.7754E-97  8.0334E-99  1.2824-100  1.9697-102  3.0092-104
       4.5882-106  6.9061-108  1.0607-109  1.6190-111  2.4304-113  3.6987-115  5.6626-117  8.6183-119  1.3112-120  1.9982-122
       3.0773-124
  23   6.0192E-24  2.8117E-23  1.4555E-22  7.4848E-22  3.7852E-21  1.8782E-20  9.1298E-20  4.3422E-19  2.0192E-18  9.1790E-18
       4.0805E-17  1.7751E-16  7.5648E-16  3.1613E-15  1.2953E-14  5.1995E-14  2.0471E-13  7.9786E-13  3.1863E-12  1.4093E-11
       7.3610E-11  4.2552E-10  2.3308E-09  1.2922E-08  7.8381E-08  1.8076E-07  5.9661E-08  5.3545E-09  1.2488E-10 -1.1549E-11
      -3.9610E-13  1.3169E-13  1.9094E-14  1.1749E-15  2.4480E-18 -7.5501E-18 -9.6481E-19 -8.0226E-20 -5.2493E-21 -2.8787E-22
      -1.3694E-23 -5.7350E-25 -2.1306E-26 -7.0734E-28 -2.0761E-29 -5.2524E-31 -1.0953E-32 -1.5855E-34  1.9661E-38  1.0678E-37
       4.9595E-39  1.5980E-40  4.1736E-42  9.3724E-44  2.0021E-45  4.0389E-47  8.1922E-49  1.8118E-50  4.3533E-52  1.0982E-53
       2.8124E-55  7.1386E-57  1.7724E-58  4.2911E-60  1.0138E-61  2.3268E-63  5.1443E-65  1.0999E-66  2.3359E-68  5.0791E-70
       1.1062E-71  2.1240E-73  2.1887E-75 -8.3011E-77 -7.1085E-78 -3.1741E-79 -1.0851E-80 -3.4746E-82 -1.0013E-83 -2.4516E-85
      -5.2868E-87 -1.1039E-88 -2.2149E-90 -4.1188E-92 -7.0994E-94 -1.1694E-95 -1.8903E-97 -3.0004E-99 -4.6480-101 -7.1345-103
      -1.0888-104 -1.6329-106 -2.4827-108 -3.8036-110 -5.7666-112 -8.7650-114 -1.3400-115 -2.0464-117 -3.1227-119 -4.7676-121
      -7.3645-123
  24   5.0099E-23  2.4727E-22  1.3505E-21  7.3237E-21  3.9074E-20  2.0463E-19  1.0502E-18  5.2756E-18  2.5930E-17  1.2471E-16
       5.8688E-16  2.7030E-15  1.2200E-14  5.4089E-14  2.3608E-13  1.0170E-12  4.3534E-12  1.8739E-11  8.2456E-11  3.7608E-10
       1.7581E-09  7.9980E-09  3.2861E-08  1.2881E-07  5.4027E-07  9.9063E-07  3.0094E-07  2.7791E-08  5.2933E-10 -1.6422E-10
      -2.0309E-11 -8.2532E-13  7.3614E-14  1.6835E-14  1.8153E-15  1.4331E-16  9.1524E-18  4.9319E-19  2.2735E-20  8.8942E-22
       2.8614E-23  6.6998E-25  4.2390E-27 -6.7578E-28 -5.2643E-29 -2.6466E-30 -1.0853E-31 -3.9262E-33 -1.2866E-34 -3.8504E-36
      -1.0615E-37 -2.7067E-39 -6.4218E-41 -1.4592E-42 -3.2196E-44 -7.1017E-46 -1.5643E-47 -3.4233E-49 -7.4432E-51 -1.6156E-52
      -3.5093E-54 -7.5692E-56 -1.5932E-57 -3.2066E-59 -6.0726E-61 -1.0824E-62 -1.9127E-64 -3.7179E-66 -7.5498E-68 -7.5567E-70
       6.1267E-71  5.5979E-72  2.9233E-73  1.2176E-74  4.4996E-76  1.4646E-77  4.1328E-79  1.0414E-80  2.5416E-82  5.8462E-84
       1.2112E-85  2.3213E-87  4.2773E-89  7.6154E-91  1.2973E-92  2.1197E-94  3.3632E-96  5.2475E-98  8.0456-100  1.2295-101
       1.8806-103  2.8310-105  4.2716-107  6.5120-109  9.9117-111  1.5080-112  2.3016-114  3.5160-116  5.3707-118  8.2042-120
       1.2688-121
  25   3.8210E-22  1.9935E-21  1.1489E-20  6.5730E-20  3.7016E-19  2.0471E-18  1.1097E-17  5.8896E-17  3.0593E-16  1.5557E-15
       7.7458E-15  3.7748E-14  1.8016E-13  8.4395E-13  3.8900E-12  1.7683E-11  7.9583E-11  3.5627E-10  1.5884E-09  6.9967E-09
       2.9679E-08  1.1535E-07  3.8405E-07  1.1278E-06  3.2897E-06  4.0638E-06  1.5410E-06  2.0504E-07  1.3654E-08 -2.8145E-10
      -1.8182E-10 -2.5079E-11 -2.3301E-12 -1.6868E-13 -9.9678E-15 -4.8257E-16 -1.8234E-17 -4.2576E-19  6.2266E-21  1.5138E-21
       1.1608E-22  6.6844E-24  3.2630E-25  1.4098E-26  5.5601E-28  2.0174E-29  6.7578E-31  2.1241E-32  6.3306E-34  1.7914E-35
       4.8146E-37  1.2444E-38  3.0673E-40  7.2349E-42  1.6719E-43  3.8028E-45  8.4774E-47  1.8482E-48  3.9640E-50  8.3725E-52
       1.7011E-53  3.1450E-55  4.8702E-57  5.7052E-59  5.2845E-61  1.0842E-62  2.4310E-64 -2.1527E-65 -2.8072E-66 -1.8710E-67
      -9.4697E-69 -4.0098E-70 -1.4636E-71 -4.6752E-73 -1.3578E-74 -3.7401E-76 -9.5803E-78 -2.2165E-79 -4.7435E-81 -9.8353E-83
      -1.9367E-84 -3.5817E-86 -6.3028E-88 -1.0690E-89 -1.7622E-91 -2.8311E-93 -4.4503E-95 -6.8906E-97 -1.0484E-98 -1.5875-100
      -2.4172-102 -3.6546-104 -5.5119-106 -8.3628-108 -1.2727-109 -1.9376-111 -2.9540-113 -4.5090-115 -6.8877-117 -1.0520-118
      -1.6272-120
  26   2.6397E-21  1.4555E-20  8.8493E-20  5.3396E-19  3.1731E-18  1.8528E-17  1.0612E-16  5.9523E-16  3.2667E-15  1.7538E-14
       9.2123E-14  4.7339E-13  2.3787E-12  1.1690E-11  5.6258E-11  2.6515E-10  1.2230E-09  5.5174E-09  2.4235E-08  1.0210E-07
       4.0049E-07  1.3911E-06  3.9652E-06  9.3444E-06  2.0965E-05  4.8344E-05  8.4320E-06  1.7001E-06  2.2892E-07  2.2108E-08
       1.6439E-09  9.4312E-11  3.7645E-12  3.9037E-14 -1.0095E-14 -1.2276E-15 -9.5971E-17 -6.0789E-18 -3.3528E-19 -1.6685E-20
      -7.6620E-22 -3.2813E-23 -1.3278E-24 -5.1188E-26 -1.8600E-27 -6.4389E-29 -2.1181E-30 -6.3480E-32 -1.7061E-33 -4.0294E-35
      -9.3100E-37 -2.3216E-38 -7.0226E-40 -2.0712E-41 -5.4752E-43 -1.3395E-44 -3.1786E-46 -7.2816E-48 -1.4741E-49 -2.1381E-51
      -2.9692E-54  1.0475E-54  3.8965E-56  9.1806E-58  2.6167E-59  1.5702E-60  1.0696E-61  6.0238E-63  2.8106E-64  1.1256E-65
       3.9906E-67  1.2935E-68  3.8990E-70  1.0829E-71  2.7459E-73  6.5089E-75  1.4837E-76  3.1928E-78  6.3960E-80  1.2174E-81
       2.2239E-83  3.9093E-85  6.6346E-87  1.0889E-88  1.7412E-90  2.7282E-92  4.2178E-94  6.4675E-96  9.8015E-98  1.4775E-99
       2.2327-101  3.3726-103  5.0936-105  7.7100-107  1.1718-108  1.7840-110  2.7188-112  4.1473-114  6.3337-116  9.6716-118
       1.4955-119
  27   1.6288E-20  9.4858E-20  6.0800E-19  3.8668E-18  2.4228E-17  1.4924E-16  9.0245E-16  5.3493E-15  3.1028E-14  1.7583E-13
       9.7284E-13  5.2547E-12  2.7677E-11  1.4192E-10  7.0791E-10  3.4277E-09  1.6031E-08  7.2060E-08  3.0915E-07  1.2441E-06
       4.5514E-06  1.4351E-05  3.5115E-05  6.3553E-05  1.2383E-04  2.1581E-04  4.4543E-05  4.3586E-06  5.3960E-07  5.8837E-08
       5.6251E-09  4.6452E-10  3.3332E-11  2.0968E-12  1.1659E-13  5.7898E-15  2.5921E-16  1.0731E-17  4.3784E-19  1.8479E-20
       7.4898E-22  3.3764E-23  1.6822E-24  7.5067E-26  4.2092E-27  2.5550E-28  1.4133E-29  7.7109E-31  3.4178E-32  1.2777E-33
       3.7704E-35  8.1043E-37  1.3585E-38  1.9271E-40  2.6745E-42  3.6259E-44 -4.9637E-47 -4.1129E-47 -2.2572E-48 -8.0884E-50
      -2.2300E-51 -5.3295E-53 -1.4864E-54 -6.4045E-56 -3.3474E-57 -1.6412E-58 -7.1009E-60 -2.7323E-61 -9.5415E-63 -3.0562E-64
      -8.9854E-66 -2.4458E-67 -6.2894E-69 -1.5371E-70 -3.5299E-72 -7.5997E-74 -1.5527E-75 -3.0290E-77 -5.6472E-79 -1.0097E-80
      -1.7288E-82 -2.8603E-84 -4.6173E-86 -7.2817E-88 -1.1287E-89 -1.7236E-91 -2.6087E-93 -3.9246E-95 -5.8738E-97 -8.8116E-99
      -1.3215-100 -1.9841-102 -2.9923-104 -4.5219-106 -6.8634-108 -1.0444-109 -1.5917-111 -2.4280-113 -3.7083-115 -5.6623-117
      -8.7555-119
  28   8.8244E-20  5.4211E-19  3.6590E-18  2.4509E-17  1.6181E-16  1.0505E-15  6.6984E-15  4.1903E-14  2.5673E-13  1.5367E-12
       8.9673E-12  5.0948E-11  2.8131E-10  1.5051E-09  7.7822E-09  3.8753E-08  1.8452E-07  8.3307E-07  3.5330E-06  1.3850E-05
       4.8817E-05  1.4767E-04  3.4371E-04  5.0356E-04  6.4397E-04  7.7213E-04  1.3325E-04 -3.7639E-07  4.4682E-08  2.3689E-08
       5.1852E-09  6.6144E-10  6.3007E-11  4.8628E-12  3.1358E-13  1.7052E-14  7.3845E-16  2.2040E-17  3.9411E-19  1.1857E-20
       2.2210E-22  1.8253E-22  3.2769E-23  2.9836E-24  2.5073E-25  1.7176E-26  8.8755E-28  3.8066E-29  1.4051E-30  4.0835E-32
       9.7632E-34  1.9125E-35  3.0490E-37  4.2599E-39  7.4491E-41  2.2356E-42  7.6936E-44  2.2458E-45  5.3841E-47  1.1857E-48
       3.3669E-50  1.5162E-51  7.7971E-53  3.6497E-54  1.5074E-55  5.5650E-57  1.8604E-58  5.7157E-60  1.6404E-61  4.4330E-63
       1.1269E-64  2.6989E-66  6.1179E-68  1.3137E-69  2.6806E-71  5.2409E-73  9.7819E-75  1.7265E-76  2.9176E-78  4.7811E-80
       7.5646E-82  1.1649E-83  1.7565E-85  2.5926E-87  3.7872E-89  5.5001E-91  8.0117E-93  1.1623E-94  1.6784E-96  2.4621E-98
       3.6273-100  5.3561-102  7.9870-104  1.1978-105  1.8090-107  2.7430-109  4.1731-111  6.3623-113  9.7202-115  1.4854-116
       2.3002-118
  29   4.1094E-19  2.6572E-18  1.8849E-17  1.3279E-16  9.2319E-16  6.3170E-15  4.2463E-14  2.8005E-13  1.8101E-12  1.1442E-11
       7.0537E-11  4.2290E-10  2.4584E-09  1.3801E-08  7.4496E-08  3.8491E-07  1.8900E-06  8.7262E-06  3.7438E-05  1.4716E-04
       5.1810E-04  1.5845E-03  3.9998E-03  5.3948E-03  5.0304E-03  5.1984E-03  8.4666E-04 -1.0863E-04 -9.8690E-06 -6.0772E-07
      -2.5602E-08  1.8904E-10  1.8894E-10  2.5837E-11  2.5748E-12  2.2487E-13  1.7694E-14  1.3270E-15  1.0796E-16  9.7966E-18
       8.0465E-19  6.3634E-20  4.7880E-21  2.9699E-22  1.5814E-23  7.5686E-25  3.1135E-26  1.0758E-27  3.1707E-29  7.9720E-31
       1.6954E-32  2.9357E-34  3.6201E-36  1.0900E-38 -9.5790E-40 -3.3121E-41 -6.7250E-43 -1.2106E-44 -4.3866E-46 -2.6690E-47
      -1.4631E-48 -6.6775E-50 -2.6217E-51 -9.1678E-53 -2.9274E-54 -8.6375E-56 -2.3696E-57 -6.1037E-59 -1.4895E-60 -3.4437E-62
      -7.5297E-64 -1.5688E-65 -3.1265E-67 -5.8866E-69 -1.0408E-70 -1.7540E-72 -2.8278E-74 -4.3054E-76 -6.2086E-78 -8.5011E-80
      -1.0974E-81 -1.3504E-83 -1.5789E-85 -1.7171E-87 -1.6818E-89 -1.3420E-91 -5.5456E-94  9.4685E-96  3.5877E-97  8.0645E-99
       1.5330-100  2.6863-102  4.5181-104  7.3881-106  1.1879-107  1.8824-109  2.9499-111  4.5787-113  7.0506-115  1.0762-116
       1.6501-118
  30   1.6021E-18  1.0868E-17  8.0774E-17  5.9683E-16  4.3599E-15  3.1415E-14  2.2271E-13  1.5500E-12  1.0575E-11  7.0635E-11
       4.6078E-10  2.9259E-09  1.8015E-08  1.0705E-07  6.1029E-07  3.3196E-06  1.7111E-05  8.2647E-05  3.6924E-04  1.5052E-03
       5.4858E-03  1.7523E-02  4.8827E-02  6.8927E-02  7.4454E-02  8.5839E-02  1.6685E-02 -9.8470E-04 -1.2290E-04 -8.8684E-06
      -5.0851E-07 -1.1648E-08  2.5386E-09  5.6258E-10  7.8885E-11  9.2883E-12  9.5479E-13  8.8004E-14  7.4854E-15  5.9953E-16
       4.2208E-17  2.6327E-18  1.4869E-19  7.6727E-21  3.4741E-22  1.3853E-23  4.9019E-25  1.5580E-26  4.4515E-28  1.1318E-29
       2.5296E-31  4.9026E-33  8.0071E-35  1.0162E-36  7.4823E-39 -1.2759E-42  3.6235E-42  4.1458E-43  2.3941E-44  1.0449E-45
       3.8664E-47  1.2690E-48  3.7885E-50  1.0504E-51  2.7380E-53  6.7169E-55  1.5503E-56  3.3924E-58  7.0869E-60  1.4050E-61
       2.6207E-63  4.6199E-65  7.7335E-67  1.2143E-68  1.7647E-70  2.3646E-72  2.8585E-74  2.9668E-76  2.3675E-78  6.6012E-81
      -2.5731E-82 -7.8800E-84 -1.5842E-85 -2.6863E-87 -4.1471E-89 -5.9564E-91 -8.3826E-93 -1.1618E-94 -1.5551E-96 -2.0848E-98
      -2.8044-100 -3.7771-102 -5.1370-104 -7.0659-106 -9.9032-108 -1.4121-109 -2.0504-111 -3.0336-113 -4.5755-115 -7.0161-117
      -1.1067-118
  31   5.0584E-18  3.5833E-17  2.7787E-16  2.1445E-15  1.6392E-14  1.2389E-13  9.2407E-13  6.7850E-12  4.8928E-11  3.4597E-10
       2.3942E-09  1.6167E-08  1.0614E-07  6.7425E-07  4.1175E-06  2.4020E-05  1.3289E-04  6.8977E-04  3.3186E-03  1.4587E-02
       5.7516E-02  0.1999      0.6180      0.8050      0.9018       1.191      0.2470      4.5283E-03 -5.1976E-04 -5.4146E-05
      -1.4617E-06  5.1732E-07  1.2871E-07  1.9846E-08  2.4882E-09  2.7099E-10  2.5585E-11  2.1282E-12  1.5879E-13  1.0770E-14
       6.7193E-16  3.7521E-17  1.8722E-18  8.3712E-20  3.3915E-21  1.2492E-22  4.1867E-24  1.2865E-25  3.6434E-27  9.4490E-29
       2.2150E-30  4.6240E-32  8.3417E-34  1.1474E-35  2.6215E-38 -6.6273E-39 -3.6616E-40 -1.4372E-41 -4.8479E-43 -1.4835E-44
      -4.1919E-46 -1.0991E-47 -2.6938E-49 -6.2473E-51 -1.3798E-52 -2.8896E-54 -5.7183E-56 -1.0773E-57 -1.9462E-59 -3.3488E-61
      -5.4354E-63 -8.3456E-65 -1.2172E-66 -1.6796E-68 -2.2119E-70 -2.8421E-72 -3.5915E-74 -4.5999E-76 -6.4417E-78 -9.8633E-80
      -1.5468E-81 -2.4712E-83 -3.9472E-85 -6.2218E-87 -9.6551E-89 -1.4289E-90 -2.1059E-92 -3.1198E-94 -4.5014E-96 -6.5190E-98
      -9.4849-100 -1.3829-101 -2.0296-103 -2.9925-105 -4.4562-107 -6.6745-109 -1.0047-110 -1.5185-112 -2.3044-114 -3.5029-116
      -5.3988-118
  32   1.2412E-17  9.1115E-17  7.3233E-16  5.8683E-15  4.6652E-14  3.6751E-13  2.8667E-12  2.2104E-11  1.6803E-10  1.2566E-09
       9.2308E-09  6.6464E-08  4.6776E-07  3.2036E-06  2.1222E-05  1.3523E-04  8.2272E-04  4.7277E-03  2.5398E-02  0.1258    
       0.5636       2.225       7.560       7.716       7.017       7.927       1.909      0.1410      9.9869E-03  1.1480E-03
       1.8203E-04  2.8229E-05  3.7459E-06  4.2333E-07  4.2555E-08  3.8622E-09  3.1885E-10  2.3628E-11  1.5853E-12  9.6337E-14
       5.3204E-15  2.7071E-16  1.2705E-17  5.4541E-19  2.1390E-20  7.6762E-22  2.5213E-23  7.6143E-25  2.1345E-26  5.5981E-28
       1.3859E-29  3.3179E-31  8.0639E-33  2.0938E-34  5.8669E-36  1.7074E-37  4.9078E-39  1.3495E-40  3.5115E-42  8.6296E-44
       1.9934E-45  4.3038E-47  8.7086E-49  1.6660E-50  3.0117E-52  5.0628E-54  7.7637E-56  1.0657E-57  1.2349E-59  9.3610E-62
      -4.9159E-64 -4.1426E-65 -1.1744E-66 -2.5533E-68 -4.8387E-70 -8.4695E-72 -1.3809E-73 -2.1068E-75 -3.1236E-77 -4.5511E-79
      -6.4621E-81 -9.1177E-83 -1.2716E-84 -1.7740E-86 -2.5199E-88 -3.5062E-90 -4.8985E-92 -6.9863E-94 -9.8814E-96 -1.4110E-97
      -2.0322E-99 -2.9479-101 -4.3170-103 -6.3566-105 -9.4532-107 -1.4137-108 -2.1229-110 -3.1968-112 -4.8262-114 -7.2844-116
      -1.1122-117
  33   2.2728E-17  1.7131E-16  1.4150E-15  1.1684E-14  9.5986E-14  7.8306E-13  6.3379E-12  5.0865E-11  4.0434E-10  3.1785E-09
       2.4661E-08  1.8844E-07  1.4153E-06  1.0422E-05  7.4970E-05  5.2459E-04  3.5504E-03  2.3099E-02  0.1433      0.8387    
        4.541       21.86       87.33       56.75       36.20       33.23       12.25       1.788      0.2450      3.1577E-02
       3.7737E-03  4.2008E-04  4.3312E-05  4.0846E-06  3.5099E-07  2.7738E-08  2.0222E-09  1.3589E-10  8.4637E-12  4.8815E-13
       2.5949E-14  1.2784E-15  5.8658E-17  2.4917E-18  9.7343E-20  3.4885E-21  1.1414E-22  3.3815E-24  8.9602E-26  2.0666E-27
       3.8468E-29  4.2938E-31 -5.5341E-33 -5.4587E-34 -2.2155E-35 -6.9100E-37 -1.8341E-38 -4.3030E-40 -9.1335E-42 -1.7700E-43
      -3.0906E-45 -4.6934E-47 -5.7680E-49 -4.2436E-51  4.6195E-53  3.0278E-54  8.8626E-56  2.0446E-57  4.1320E-59  7.5000E-61
       1.2316E-62  1.8488E-64  2.5005E-66  2.8690E-68  2.4529E-70  5.5366E-73 -3.8725E-74 -1.1987E-75 -2.5353E-77 -4.5674E-79
      -7.4511E-81 -1.1574E-82 -1.7085E-84 -2.4470E-86 -3.5256E-88 -4.9517E-90 -6.9117E-92 -9.7934E-94 -1.3805E-95 -1.9646E-97
      -2.8167E-99 -4.0698-101 -5.9414-103 -8.7235-105 -1.2932-106 -1.9272-108 -2.8826-110 -4.3204-112 -6.4850-114 -9.7196-116
      -1.4710-117
  34   2.9696E-17  2.2713E-16  1.9041E-15  1.5977E-14  1.3366E-13  1.1131E-12  9.2172E-12  7.5848E-11  6.2012E-10  5.0358E-09
       4.0583E-08  3.2406E-07  2.5609E-06  2.0020E-05  1.5462E-04  1.1784E-03  8.8546E-03  6.5515E-02  0.4764       3.395    
        23.60       158.3       1000.       309.7       150.7       1000.       43.83       9.035       1.384      0.1732    
       1.8982E-02  1.8872E-03  1.7360E-04  1.4905E-05  1.1978E-06  9.0307E-08  6.3820E-09  4.2158E-10  2.6061E-11  1.5085E-12
       8.1472E-14  4.1083E-15  1.9414E-16  8.5849E-18  3.5412E-19  1.3627E-20  4.8965E-22  1.6426E-23  5.1428E-25  1.4999E-26
       4.0546E-28  1.0104E-29  2.3173E-31  4.8831E-33  9.3264E-35  1.5487E-36  2.0162E-38  1.2898E-40 -3.1641E-42 -1.6877E-43
      -5.0639E-45 -1.2241E-46 -2.5922E-48 -5.0085E-50 -8.9565E-52 -1.4683E-53 -2.1779E-55 -2.8886E-57 -3.2482E-59 -2.4692E-61
       6.3749E-64  7.4970E-65  1.9654E-66  3.7546E-68  5.9332E-70  8.0518E-72  9.0565E-74  7.3438E-76  9.8468E-79 -1.2436E-79
      -3.5347E-81 -7.1899E-83 -1.2428E-84 -1.9613E-86 -3.0178E-88 -4.4463E-90 -6.4087E-92 -9.2587E-94 -1.3239E-95 -1.9047E-97
      -2.7500E-99 -3.9910-101 -5.8425-103 -8.5903-105 -1.2734-106 -1.8948-108 -2.8258-110 -4.2167-112 -6.2917-114 -9.3570-116
      -1.4021-117
  35   2.6362E-17  2.0053E-16  1.6694E-15  1.3882E-14  1.1487E-13  9.4490E-13  7.7140E-12  6.2372E-11  4.9889E-10  3.9465E-09
       3.0850E-08  2.3769E-07  1.7991E-06  1.3350E-05  9.6855E-05  6.8386E-04  4.6792E-03  3.0852E-02  0.1942       1.150    
        6.234       29.05       92.71       57.64       46.27       80.84       17.42       3.242      0.5410      7.6341E-02
       9.4345E-03  1.0498E-03  1.0695E-04  1.0059E-05  8.7711E-07  7.1131E-08  5.3755E-09  3.7791E-10  2.4731E-11  1.5114E-12
       8.6280E-14  4.5970E-15  2.2890E-16  1.0653E-17  4.6272E-19  1.8759E-20  7.1176E-22  2.5366E-23  8.5069E-25  2.6791E-26
       7.8825E-28  2.1604E-29  5.5379E-31  1.3385E-32  3.0583E-34  6.5514E-36  1.3000E-37  2.3785E-39  4.0192E-41  6.2088E-43
       8.3576E-45  8.5467E-47  2.6160E-49 -1.7494E-50 -6.6668E-52 -1.6822E-53 -3.5352E-55 -6.6632E-57 -1.1580E-58 -1.8420E-60
      -2.6685E-62 -3.5689E-64 -4.3759E-66 -4.6918E-68 -4.1830E-70 -2.8108E-72 -7.5113E-75  1.2061E-76  1.4244E-78 -2.2095E-80
      -1.2164E-81 -3.2528E-83 -6.6088E-85 -1.1551E-86 -1.9151E-88 -2.9863E-90 -4.4910E-92 -6.6865E-94 -9.7746E-96 -1.4314E-97
      -2.0939E-99 -3.0669-101 -4.5181-103 -6.6687-105 -9.9011-107 -1.4724-108 -2.1900-110 -3.2525-112 -4.8201-114 -7.1035-116
      -1.0519-117
  36   1.7277E-17  1.2965E-16  1.0638E-15  8.7005E-15  7.0601E-14  5.6784E-13  4.5225E-12  3.5596E-11  2.7613E-10  2.1069E-09
       1.5800E-08  1.1622E-07  8.3478E-07  5.8306E-06  3.9457E-05  2.5710E-04  1.5996E-03  9.4255E-03  5.1888E-02  0.2608    
        1.152       4.110       9.548       9.677       23.73       184.0       25.75       2.358      0.2818      3.5794E-02
       4.3767E-03  5.0099E-04  5.3320E-05  5.2714E-06  4.8351E-07  4.1194E-08  3.2663E-09  2.4082E-10  1.6480E-11  1.0497E-12
       6.2480E-14  3.4765E-15  1.8084E-16  8.7993E-18  3.9984E-19  1.6933E-20  6.6966E-22  2.4885E-23  8.7315E-25  2.8895E-26
       8.9675E-28  2.6013E-29  7.0844E-31  1.8277E-32  4.4875E-34  1.0436E-35  2.2824E-37  4.7018E-39  9.2127E-41  1.7248E-42
       3.0560E-44  5.0583E-46  7.8052E-48  1.1210E-49  1.4478E-51  1.5155E-53  8.7073E-56 -1.1989E-57 -5.8780E-59 -1.4766E-60
      -2.9453E-62 -5.1785E-64 -8.3018E-66 -1.2073E-67 -1.6152E-69 -2.0329E-71 -2.3704E-73 -2.5810E-75 -2.7875E-77 -3.0226E-79
      -3.3717E-81 -4.2859E-83 -5.9941E-85 -8.6386E-87 -1.3040E-88 -1.9576E-90 -2.9109E-92 -4.3335E-94 -6.3579E-96 -9.3663E-98
      -1.3783E-99 -2.0283-101 -2.9972-103 -4.4296-105 -6.5735-107 -9.7513-109 -1.4439-110 -2.1304-112 -3.1297-114 -4.5607-116
      -6.6576-118
  37   9.0234E-18  6.6650E-17  5.3783E-16  4.3198E-15  3.4352E-14  2.6983E-13  2.0905E-12  1.5966E-11  1.1999E-10  8.8368E-10
       6.3582E-09  4.4629E-08  3.0431E-07  2.0033E-06  1.2672E-05  7.6513E-05  4.3633E-04  2.3234E-03  1.1390E-02  5.0273E-02
       0.1940      0.6382       1.947       8.690       72.02       1000.       58.16       3.824      0.3471      3.5321E-02
       3.6823E-03  3.7727E-04  3.7204E-05  3.4932E-06  3.1011E-07  2.5911E-08  2.0356E-09  1.5015E-10  1.0351E-11  6.6619E-13
       4.0158E-14  2.2704E-15  1.2045E-16  6.0007E-18  2.8032E-19  1.2239E-20  4.9960E-22  1.9171E-23  6.9513E-25  2.3806E-26
       7.6635E-28  2.3131E-29  6.5761E-31  1.7759E-32  4.5733E-34  1.1183E-35  2.5835E-37  5.6626E-39  1.1916E-40  2.4186E-42
       4.6901E-44  8.6097E-46  1.5078E-47  2.5555E-49  4.1672E-51  6.3680E-53  8.9929E-55  1.1796E-56  1.4069E-58  1.3814E-60
       8.0271E-63 -6.7238E-65 -3.4783E-66 -7.9328E-68 -1.4171E-69 -2.2294E-71 -3.1282E-73 -3.9958E-75 -4.9109E-77 -5.7576E-79
      -6.3936E-81 -7.2253E-83 -8.3810E-85 -9.8709E-87 -1.2344E-88 -1.6026E-90 -2.1528E-92 -2.9949E-94 -4.2016E-96 -6.0127E-98
      -8.6826-100 -1.2613-101 -1.8458-103 -2.7054-105 -3.9835-107 -5.8608-109 -8.5993-111 -1.2555-112 -1.8220-114 -2.6171-116
      -3.7546-118
  38   3.9588E-18  2.8817E-17  2.2877E-16  1.8043E-15  1.4070E-14  1.0817E-13  8.1720E-13  6.0575E-12  4.4072E-11  3.1377E-10
       2.1741E-09  1.4618E-08  9.5096E-08  5.9418E-07  3.5426E-06  2.0027E-05  1.0637E-04  5.2483E-04  2.3834E-03  9.8888E-03
       3.7711E-02  0.1386      0.5472       2.516       12.74       39.07       5.679      0.9025      0.1250      1.6020E-02
       1.9060E-03  2.1089E-04  2.1733E-05  2.0919E-06  1.8837E-07  1.5857E-08  1.2490E-09  9.2218E-11  6.3739E-12  4.1179E-13
       2.4907E-14  1.4136E-15  7.5388E-17  3.7796E-18  1.7798E-19  7.8615E-21  3.2617E-22  1.2768E-23  4.7322E-25  1.6584E-26
       5.4716E-28  1.6970E-29  4.9743E-31  1.3895E-32  3.7102E-34  9.4171E-36  2.2602E-37  5.1604E-39  1.1368E-40  2.4300E-42
       4.9857E-44  9.7125E-46  1.8119E-47  3.2957E-49  5.8342E-51  9.8325E-53  1.5658E-54  2.3954E-56  3.5301E-58  4.8685E-60
       6.1670E-62  7.1958E-64  7.4368E-66  5.9744E-68  2.2596E-70 -4.0566E-72 -1.3126E-73 -2.4229E-75 -3.7240E-77 -5.0892E-79
      -6.2970E-81 -7.5527E-83 -8.8721E-85 -1.0201E-86 -1.1993E-88 -1.4325E-90 -1.7637E-92 -2.2638E-94 -2.9677E-96 -4.0200E-98
      -5.5626-100 -7.8179-102 -1.1145-103 -1.5989-105 -2.3115-107 -3.3446-109 -4.8293-111 -6.9374-113 -9.8970-115 -1.3954-116
      -1.9602-118
  39   1.5337E-18  1.1037E-17  8.6504E-17  6.7199E-16  5.1514E-15  3.8909E-14  2.8871E-13  2.0957E-12  1.4869E-11  1.0315E-10
       6.9703E-10  4.5666E-09  2.8970E-08  1.7741E-07  1.0449E-06  5.9171E-06  3.2289E-05  1.7058E-04  8.8132E-04  4.4953E-03
       2.2531E-02  0.1070      0.4404       1.316       3.323       16.78       2.418      0.3429      7.3454E-02  1.0414E-02
       1.1858E-03  1.1980E-04  1.1316E-05  1.0258E-06  9.0086E-08  7.6254E-09  6.1446E-10  4.6736E-11  3.3372E-12  2.2265E-13
       1.3862E-14  8.0695E-16  4.3989E-17  2.2438E-18  1.0697E-19  4.7699E-21  1.9979E-22  7.9057E-24  2.9655E-25  1.0530E-26
       3.5248E-28  1.1110E-29  3.3177E-31  9.4727E-33  2.5941E-34  6.7694E-36  1.6718E-37  3.9292E-39  8.9283E-41  1.9764E-42
       4.2177E-44  8.5688E-46  1.6693E-47  3.1751E-49  5.8962E-51  1.0480E-52  1.7735E-54  2.9073E-56  4.6271E-58  6.9678E-60
       9.8592E-62  1.3386E-63  1.7228E-65  2.0101E-67  2.1314E-69  2.0752E-71  1.6845E-73  8.9087E-76 -1.9270E-78 -1.5020E-79
      -2.9182E-81 -4.4160E-83 -5.9269E-85 -7.3889E-87 -9.0363E-89 -1.0861E-90 -1.3150E-92 -1.6328E-94 -2.0561E-96 -2.6690E-98
      -3.5458-100 -4.8038-102 -6.6287-104 -9.2414-106 -1.3022-107 -1.8407-109 -2.5996-111 -3.6543-113 -5.1000-115 -7.0272-117
      -9.6271-119
  40   5.8625E-19  4.2222E-18  3.3138E-17  2.5788E-16  1.9809E-15  1.5018E-14  1.1247E-13  8.3108E-13  6.0466E-12  4.3419E-11
       3.0878E-10  2.1781E-09  1.5285E-08  1.0716E-07  7.5305E-07  5.3125E-06  3.7607E-05  2.6577E-04  1.8577E-03  1.2642E-02
       8.1947E-02  0.4865       2.457       8.832       19.10       89.27       17.72       2.955      0.4926      5.7939E-02
       5.4697E-03  4.4089E-04  3.1270E-05  1.9840E-06  1.1449E-07  6.1856E-09  3.2655E-10  1.7840E-11  1.0593E-12  6.7829E-14
       4.4359E-15  2.8181E-16  1.6893E-17  9.4110E-19  4.8405E-20  2.2989E-21  1.0136E-22  4.1809E-24  1.6225E-25  5.9295E-27
       2.0351E-28  6.5573E-30  1.9972E-31  5.8131E-33  1.6251E-34  4.3375E-36  1.0968E-37  2.6388E-39  6.1374E-41  1.3923E-42
       3.0525E-44  6.3889E-46  1.2849E-47  2.5257E-49  4.8480E-51  8.9155E-53  1.5667E-54  2.6821E-56  4.4748E-58  7.0679E-60
       1.0528E-61  1.5217E-63  2.1158E-65  2.7076E-67  3.2287E-69  3.7114E-71  3.9394E-73  3.7163E-75  3.1958E-77  2.3752E-79
       1.2274E-81 -8.0076E-85 -1.4658E-85 -2.8808E-87 -4.3645E-89 -5.8939E-91 -7.6156E-93 -9.7443E-95 -1.2372E-96 -1.5949E-98
      -2.0845-100 -2.7645-102 -3.7246-104 -5.0664-106 -6.9656-108 -9.6087-110 -1.3245-111 -1.8168-113 -2.4724-115 -3.3175-117
      -4.4153-119
  41   3.0517E-19  2.2801E-18  1.8652E-17  1.5251E-16  1.2416E-15  1.0058E-14  8.1263E-14  6.5646E-13  5.3029E-12  4.2855E-11
       3.4705E-10  2.8166E-09  2.2877E-08  1.8575E-07  1.5040E-06  1.2096E-05  9.6273E-05  7.5519E-04  5.8067E-03  4.3391E-02
       0.3109       2.085       12.49       60.61       113.0       1000.       76.29       15.71       2.232      0.2480    
       2.3282E-02  1.9267E-03  1.4353E-04  9.7184E-06  6.0190E-07  3.4289E-08  1.8005E-09  8.7150E-11  3.8993E-12  1.6264E-13
       6.4390E-15  2.5035E-16  1.0004E-17  4.2486E-19  1.9092E-20  8.7567E-22  3.9452E-23  1.7045E-24  6.9818E-26  2.6923E-27
       9.7134E-29  3.2715E-30  1.0352E-31  3.1141E-33  8.9684E-35  2.4624E-36  6.3992E-38  1.5804E-39  3.7671E-41  8.7441E-43
       1.9597E-44  4.1945E-46  8.6416E-48  1.7435E-49  3.4349E-51  6.4725E-53  1.1655E-54  2.0531E-56  3.5402E-58  5.7791E-60
       8.8831E-62  1.3297E-63  1.9307E-65  2.5955E-67  3.2663E-69  3.9972E-71  4.5969E-73  4.8330E-75  4.8407E-77  4.5670E-79
       3.8971E-81  3.0418E-83  2.0410E-85  9.2256E-88 -2.2931E-90 -1.4116E-91 -2.6656E-93 -4.0699E-95 -5.6860E-97 -7.7215E-99
      -1.0348-100 -1.3840-102 -1.8589-104 -2.5027-106 -3.3885-108 -4.5872-110 -6.1891-112 -8.2904-114 -1.0993-115 -1.4334-117
      -1.8472-119
  42   2.7773E-19  2.1875E-18  1.8862E-17  1.6306E-16  1.4095E-15  1.2168E-14  1.0481E-13  9.0158E-13  7.7464E-12  6.6467E-11
       5.6927E-10  4.8630E-09  4.1369E-08  3.5023E-07  2.9465E-06  2.4556E-05  2.0210E-04  1.6384E-03  1.3034E-02  0.1012    
       0.7597       5.448       36.78       232.5       206.0       443.2       96.20       14.68       2.022      0.2403    
       2.4722E-02  2.2420E-03  1.8226E-04  1.3431E-05  9.0371E-07  5.5881E-08  3.1899E-09  1.6822E-10  8.1947E-12  3.6926E-13
       1.5425E-14  5.9941E-16  2.1796E-17  7.4827E-19  2.4589E-20  7.9082E-22  2.5682E-23  8.6657E-25  3.0584E-26  1.1053E-27
       3.9518E-29  1.3601E-30  4.4601E-32  1.3971E-33  4.1906E-35  1.1964E-36  3.2261E-38  8.2498E-40  2.0318E-41  4.8601E-43
       1.1184E-44  2.4497E-46  5.1590E-48  1.0654E-49  2.1505E-51  4.1412E-53  7.5967E-55  1.3643E-56  2.4089E-58  4.0328E-60
       6.3420E-62  9.7079E-64  1.4482E-65  2.0106E-67  2.6177E-69  3.3203E-71  3.9822E-73  4.4125E-75  4.7095E-77  4.7967E-79
       4.5397E-81  4.1277E-83  3.5558E-85  2.8307E-87  2.0785E-89  1.2809E-91  4.5612E-94 -4.0533E-96 -1.3480E-97 -2.4430E-99
      -3.7662-101 -5.4337-103 -7.5982-105 -1.0424-106 -1.4179-108 -1.9093-110 -2.5435-112 -3.3443-114 -4.3304-116 -5.4857-118
      -6.8271-120
  43   3.1372E-19  2.5627E-18  2.2866E-17  2.0429E-16  1.8241E-15  1.6281E-14  1.4503E-13  1.2883E-12  1.1422E-11  1.0111E-10
       8.9363E-10  7.8778E-09  6.9177E-08  6.0469E-07  5.2621E-06  4.5499E-05  3.9022E-04  3.3138E-03  2.7851E-02  0.2313    
        1.895       15.33       123.1       1000.       314.8       1000.       114.2       13.41       1.567      0.1741    
       1.7836E-02  1.6660E-03  1.4181E-04  1.1036E-05  7.8746E-07  5.1732E-08  3.1408E-09  1.7641E-10  9.1691E-12  4.4176E-13
       1.9778E-14  8.2454E-16  3.2066E-17  1.1645E-18  3.9482E-20  1.2508E-21  3.7281E-23  1.0622E-24  2.9592E-26  8.2417E-28
       2.3288E-29  6.7134E-31  1.9729E-32  5.8725E-34  1.7441E-35  5.0516E-37  1.3991E-38  3.6967E-40  9.4353E-42  2.3408E-43
       5.5745E-45  1.2577E-46  2.7176E-48  5.7539E-50  1.1919E-51  2.3514E-53  4.3983E-55  8.0317E-57  1.4447E-58  2.4701E-60
       3.9613E-62  6.1685E-64  9.3736E-66  1.3309E-67  1.7762E-69  2.3096E-71  2.8458E-73  3.2582E-75  3.6131E-77  3.8383E-79
       3.8198E-81  3.6978E-83  3.4449E-85  3.0548E-87  2.6406E-89  2.1742E-91  1.6947E-93  1.2162E-95  7.0750E-98  1.6065-100
      -4.5747-102 -1.1903-103 -2.0884-105 -3.2090-107 -4.6328-109 -6.4222-111 -8.6359-113 -1.1301-114 -1.4404-116 -1.7782-118
      -2.1346-120
  44   3.0918E-19  2.5711E-18  2.3314E-17  2.1127E-16  1.9079E-15  1.7191E-14  1.5451E-13  1.3824E-12  1.2309E-11  1.0906E-10
       9.6135E-10  8.4248E-09  7.3260E-08  6.3024E-07  5.3571E-06  4.4886E-05  3.6908E-04  2.9620E-03  2.3062E-02  0.1726    
        1.223       7.937       43.53       133.8       75.92       179.0       33.92       5.164      0.6862      8.1705E-02
       8.8062E-03  8.6257E-04  7.7052E-05  6.3020E-06  4.7357E-07  3.2801E-08  2.1001E-09  1.2447E-10  6.8312E-12  3.4764E-13
       1.6447E-14  7.2572E-16  2.9944E-17  1.1560E-18  4.1663E-20  1.3986E-21  4.3806E-23  1.2897E-24  3.6037E-26  9.6142E-28
       2.4556E-29  6.0477E-31  1.4651E-32  3.5911E-34  9.0636E-36  2.3399E-37  6.0526E-39  1.5506E-40  3.9447E-42  9.9413E-44
       2.4303E-45  5.6430E-47  1.2529E-48  2.7236E-50  5.7997E-52  1.1765E-53  2.2540E-55  4.1962E-57  7.6855E-59  1.3404E-60
       2.1917E-62  3.4706E-64  5.3557E-66  7.7381E-68  1.0531E-69  1.3969E-71  1.7561E-73  2.0578E-75  2.3440E-77  2.5622E-79
       2.6324E-81  2.6440E-83  2.5677E-85  2.3934E-87  2.2007E-89  1.9625E-91  1.7158E-93  1.4763E-95  1.2238E-97  9.7078-100
       7.0214-102  4.0426-104  6.3295-107 -3.3933-108 -8.2177-110 -1.3980-111 -2.0740-113 -2.8400-115 -3.6661-117 -4.4755-119
      -5.2019-121
  45   2.4210E-19  2.0296E-18  1.8518E-17  1.6865E-16  1.5263E-15  1.3721E-14  1.2266E-13  1.0891E-12  9.5974E-12  8.3837E-11
       7.2474E-10  6.1969E-09  5.2335E-08  4.3448E-07  3.5320E-06  2.8020E-05  2.1555E-04  1.5935E-03  1.1190E-02  7.3323E-02
       0.4349       2.197       8.242       18.00       14.34       27.09       6.683       1.204      0.1866      2.5110E-02
       2.9800E-03  3.1591E-04  3.0202E-05  2.6253E-06  2.0886E-07  1.5276E-08  1.0308E-09  6.4326E-11  3.7166E-12  1.9897E-13
       9.8952E-15  4.5901E-16  1.9932E-17  8.1086E-19  3.0827E-20  1.0925E-21  3.6153E-23  1.1243E-24  3.3082E-26  9.2244E-28
       2.4274E-29  6.0175E-31  1.4183E-32  3.2409E-34  7.3071E-36  1.6350E-37  3.6309E-39  8.0855E-41  1.8423E-42  4.3225E-44
       1.0197E-45  2.3429E-47  5.2212E-49  1.1489E-50  2.4938E-52  5.1833E-54  1.0181E-55  1.9375E-57  3.6189E-59  6.4395E-61
       1.0748E-62  1.7340E-64  2.7194E-66  3.9926E-68  5.5302E-70  7.4689E-72  9.5545E-74  1.1408E-75  1.3272E-77  1.4829E-79
       1.5594E-81  1.6072E-83  1.6038E-85  1.5411E-87  1.4663E-89  1.3590E-91  1.2458E-93  1.1370E-95  1.0208E-97  9.1113-100
       8.0024-102  6.8518-104  5.6282-106  4.2713-108  2.7637-110  1.0714-112 -7.9168-115 -2.7522-116 -4.6683-118 -6.2945-120
      -7.3799-122
  46   1.5135E-19  1.2736E-18  1.1618E-17  1.0561E-16  9.5261E-16  8.5072E-15  7.5205E-14  6.5792E-13  5.6926E-12  4.8678E-11
       4.1006E-10  3.3949E-09  2.7594E-08  2.1913E-07  1.6894E-06  1.2573E-05  8.9628E-05  6.0452E-04  3.7949E-03  2.1618E-02
       0.1074      0.4338       1.280       2.350       2.278       3.617       1.045      0.2135      3.6577E-02  5.4975E-03
       7.2409E-04  8.4252E-05  8.7456E-06  8.1781E-07  6.9492E-08  5.3998E-09  3.8555E-10  2.5386E-11  1.5444E-12  8.6935E-14
       4.5409E-15  2.2111E-16  1.0075E-17  4.2999E-19  1.7150E-20  6.3818E-22  2.2203E-23  7.2683E-25  2.2526E-26  6.6129E-28
       1.8289E-29  4.7464E-31  1.1625E-32  2.7253E-34  6.1846E-36  1.3568E-37  2.8594E-39  5.8336E-41  1.1835E-42  2.4466E-44
       5.1415E-46  1.0778E-47  2.2487E-49  4.7450E-51  1.0092E-52  2.0921E-54  4.1458E-56  7.9996E-58  1.5175E-59  2.7474E-61
       4.6747E-63  7.6904E-65  1.2276E-66  1.8323E-68  2.5823E-70  3.5510E-72  4.6212E-74  5.6144E-76  6.6553E-78  7.5774E-80
       8.1239E-82  8.5451E-84  8.7033E-86  8.5441E-88  8.3146E-90  7.8869E-92  7.4193E-94  6.9652E-96  6.4623E-98  6.0064-100
       5.5563-102  5.1124-104  4.6675-106  4.2006-108  3.7210-110  3.2128-112  2.6832-114  2.1562-116  1.6759-118  1.2934-120
       1.0760-122
  47   7.7276E-20  6.5163E-19  5.9335E-18  5.3617E-17  4.7983E-16  4.2436E-15  3.7030E-14  3.1844E-13  2.6942E-12  2.2432E-11
       1.8340E-10  1.4649E-09  1.1399E-08  8.6121E-08  6.2702E-07  4.3613E-06  2.8694E-05  1.7597E-04  9.8619E-04  4.9050E-03
       2.0766E-02  7.0389E-02  0.1761      0.2923      0.3159      0.4357      0.1387      3.1249E-02  5.7223E-03  9.2950E-04
       1.3384E-04  1.7032E-05  1.9255E-06  1.9483E-07  1.7792E-08  1.4776E-09  1.1222E-10  7.8269E-12  5.0260E-13  2.9790E-14
       1.6361E-15  8.3665E-17  3.9990E-18  1.7883E-19  7.4708E-21  2.9123E-22  1.0621E-23  3.6463E-25  1.1856E-26  3.6538E-28
       1.0616E-29  2.8946E-31  7.4391E-33  1.8246E-34  4.3111E-36  9.7805E-38  2.1089E-39  4.3262E-41  8.6060E-43  1.6935E-44
       3.2992E-46  6.2994E-48  1.1882E-49  2.2739E-51  4.4510E-53  8.6834E-55  1.6563E-56  3.1319E-58  5.8959E-60  1.0687E-61
       1.8338E-63  3.0572E-65  4.9539E-67  7.5071E-69  1.0755E-70  1.5055E-72  1.9936E-74  2.4643E-76  2.9746E-78  3.4477E-80
       3.7620E-82  4.0288E-84  4.1744E-86  4.1681E-88  4.1248E-90  3.9747E-92  3.7996E-94  3.6229E-96  3.4152E-98  3.2293-100
       3.0438-102  2.8643-104  2.6876-106  2.5064-108  2.3277-110  2.1420-112  1.9496-114  1.7551-116  1.5691-118  1.3961-120
       1.2521-122
  48   3.2901E-20  2.7785E-19  2.5273E-18  2.2712E-17  2.0121E-16  1.7561E-15  1.5082E-14  1.2733E-13  1.0527E-12  8.5106E-12
       6.7266E-11  5.1745E-10  3.8494E-09  2.7589E-08  1.8907E-07  1.2260E-06  7.4336E-06  4.1473E-05  2.0829E-04  9.1435E-04
       3.3752E-03  9.9565E-03  2.2057E-02  3.4306E-02  3.9127E-02  4.7944E-02  1.6145E-02  3.8980E-03  7.6229E-04  1.2913E-04
       1.9815E-05  2.7191E-06  3.3257E-07  3.6353E-08  3.5733E-09  3.1813E-10  2.5797E-11  1.9126E-12  1.3004E-13  8.1377E-15
       4.7086E-16  2.5320E-17  1.2705E-18  5.9573E-20  2.6080E-21  1.0652E-22  4.0684E-24  1.4620E-25  4.9750E-27  1.6053E-28
       4.8890E-30  1.3987E-31  3.7715E-33  9.6933E-35  2.3959E-36  5.6771E-38  1.2762E-39  2.7184E-41  5.5661E-43  1.1118E-44
       2.1600E-46  4.0341E-48  7.2871E-50  1.3065E-51  2.3557E-53  4.2087E-55  7.3943E-57  1.3048E-58  2.3300E-60  4.0727E-62
       6.8395E-64  1.1304E-65  1.8324E-67  2.7925E-69  4.0405E-71  5.7342E-73  7.7103E-75  9.6840E-77  1.1893E-78  1.4023E-80
       1.5559E-82  1.6946E-84  1.7834E-86  1.8069E-88  1.8129E-90  1.7675E-92  1.7081E-94  1.6435E-96  1.5612E-98  1.4863-100
       1.4086-102  1.3323-104  1.2557-106  1.1765-108  1.0979-110  1.0150-112  9.2717-115  8.3494-117  7.4099-119  6.4449-121
       5.5055-123
  49   1.1830E-20  1.0004E-19  9.0903E-19  8.1429E-18  7.1590E-17  6.1710E-16  5.2079E-15  4.3040E-14  3.4736E-13  2.7271E-12
       2.0797E-11  1.5362E-10  1.0910E-09  7.4082E-09  4.7735E-08  2.8842E-07  1.6127E-06  8.2076E-06  3.7203E-05  1.4598E-04
       4.7956E-04  1.2638E-03  2.5487E-03  3.7781E-03  4.3872E-03  4.8506E-03  1.6789E-03  4.2446E-04  8.7425E-05  1.5525E-05
       2.4602E-06  3.5586E-07  4.6452E-08  5.4440E-09  5.7411E-10  5.4757E-11  4.7445E-12  3.7464E-13  2.7041E-14  1.7912E-15
       1.0942E-16  6.1971E-18  3.2694E-19  1.6101E-20  7.3990E-22  3.1694E-23  1.2682E-24  4.7690E-26  1.6972E-27  5.7285E-29
       1.8264E-30  5.4746E-32  1.5468E-33  4.1629E-35  1.0761E-36  2.6641E-38  6.2567E-40  1.3920E-41  2.9710E-43  6.1539E-45
       1.2304E-46  2.3442E-48  4.2738E-50  7.6201E-52  1.3401E-53  2.2891E-55  3.7828E-57  6.2134E-59  1.0297E-60  1.6776E-62
       2.6530E-64  4.1883E-66  6.5838E-68  9.8485E-70  1.4127E-71  2.0057E-73  2.7137E-75  3.4415E-77  4.2819E-79  5.1229E-81
       5.7678E-83  6.3783E-85  6.8090E-87  6.9887E-89  7.0949E-91  6.9820E-93  6.8002E-95  6.5784E-97  6.2682E-99  5.9749-101
       5.6548-103  5.3321-105  4.9973-107  4.6463-109  4.2910-111  3.9134-113  3.5104-115  3.0842-117  2.6458-119  2.1937-121
       1.7510-123
  50   3.6565E-21  3.1000E-20  2.8118E-19  2.5074E-18  2.1885E-17  1.8665E-16  1.5512E-15  1.2551E-14  9.8757E-14  7.5245E-13
       5.5342E-12  3.9177E-11  2.6511E-10  1.7036E-09  1.0318E-08  5.8171E-08  3.0066E-07  1.4015E-06  5.7778E-06  2.0515E-05
       6.0935E-05  1.4616E-04  2.7331E-04  3.8972E-04  4.5007E-04  4.5334E-04  1.5774E-04  4.0952E-05  8.7553E-06  1.6179E-06
       2.6636E-07  3.9636E-08  5.3983E-09  6.6995E-10  7.5253E-11  7.6558E-12  7.0721E-13  5.9458E-14  4.5607E-15  3.2023E-16
       2.0682E-17  1.2358E-18  6.8688E-20  3.5607E-21  1.7206E-22  7.7396E-24  3.2473E-25  1.2790E-26  4.7643E-28  1.6828E-29
       5.6148E-31  1.7617E-32  5.2112E-34  1.4679E-35  3.9679E-37  1.0260E-38  2.5149E-40  5.8418E-42  1.3019E-43  2.8110E-45
       5.8374E-47  1.1501E-48  2.1596E-50  3.9437E-52  7.0362E-54  1.2032E-55  1.9614E-57  3.1298E-59  4.9629E-61  7.6366E-63
       1.1316E-64  1.6727E-66  2.4777E-68  3.5274E-70  4.8710E-72  6.7440E-74  8.9977E-76  1.1343E-77  1.4133E-79  1.7015E-81
       1.9323E-83  2.1603E-85  2.3319E-87  2.4182E-89  2.4787E-91  2.4567E-93  2.4058E-95  2.3341E-97  2.2242E-99  2.1155-101
       1.9915-103  1.8634-105  1.7271-107  1.5834-109  1.4368-111  1.2819-113  1.1186-115  9.4898-118  7.7825-120  6.0816-122
       4.4835-124
  51   9.8294E-22  8.3799E-21  7.6098E-20  6.7599E-19  5.8566E-18  4.9393E-17  4.0425E-16  3.2006E-15  2.4512E-14  1.8097E-13
       1.2832E-12  8.7093E-12  5.6168E-11  3.4147E-10  1.9425E-09  1.0230E-08  4.9069E-08  2.1078E-07  7.9649E-07  2.5856E-06
       7.0297E-06  1.5545E-05  2.7278E-05  3.7590E-05  4.2546E-05  3.9301E-05  1.3489E-05  3.5362E-06  7.7438E-07  1.4753E-07
       2.5102E-08  3.8598E-09  5.4010E-10  6.9347E-11  8.1962E-12  8.8289E-13  8.6561E-14  7.7294E-15  6.2929E-16  4.6823E-17
       3.1988E-18  2.0195E-19  1.1850E-20  6.4792E-22  3.2971E-23  1.5592E-24  6.8679E-26  2.8379E-27  1.1086E-28  4.1033E-30
       1.4333E-31  4.7047E-33  1.4562E-34  4.2941E-36  1.2147E-37  3.2820E-39  8.3934E-41  2.0332E-42  4.7277E-44  1.0649E-45
       2.3022E-47  4.7081E-49  9.1561E-51  1.7287E-52  3.1770E-54  5.5582E-56  9.1930E-58  1.4752E-59  2.3267E-61  3.5126E-63
       5.0351E-65  7.1127E-67  9.9856E-69  1.3425E-70  1.7528E-72  2.3099E-74  2.9627E-76  3.6257E-78  4.4311E-80  5.2798E-82
       5.9687E-84  6.6784E-86  7.2354E-88  7.5368E-90  7.7650E-92  7.7235E-94  7.5812E-96  7.3569E-98  6.9920-100  6.6180-102
       6.1790-104  5.7186-106  5.2237-108  4.7044-110  4.1770-112  3.6292-114  3.0653-116  2.4967-118  1.9448-120  1.4212-122
       9.5770-125
  52   2.3408E-22  2.0057E-21  1.8248E-20  1.6163E-19  1.3889E-18  1.1573E-17  9.3302E-17  7.2338E-16  5.3878E-15  3.8487E-14
       2.6257E-13  1.7064E-12  1.0496E-11  6.0466E-11  3.2346E-10  1.5926E-09  7.1109E-09  2.8298E-08  9.8751E-08  2.9593E-07
       7.4452E-07  1.5330E-06  2.5418E-06  3.3847E-06  3.7167E-06  3.1649E-06  1.0539E-06  2.7500E-07  6.0951E-08  1.1860E-08
       2.0710E-09  3.2787E-10  4.7271E-11  6.2383E-12  7.5624E-13  8.5239E-14  8.8103E-15  8.3177E-16  7.1639E-17  5.6371E-18
       4.0718E-19  2.7184E-20  1.6866E-21  9.7397E-23  5.2247E-24  2.5998E-25  1.2038E-26  5.2291E-28  2.1472E-29  8.3453E-31
       3.0544E-32  1.0488E-33  3.3959E-35  1.0487E-36  3.1085E-38  8.7892E-40  2.3464E-41  5.9243E-43  1.4363E-44  3.3751E-46
       7.6015E-48  1.6151E-49  3.2567E-51  6.3716E-53  1.2117E-54  2.1854E-56  3.7079E-58  6.0776E-60  9.7391E-62  1.4815E-63
       2.1179E-65  2.9531E-67  4.0478E-69  5.2550E-71  6.5653E-73  8.2405E-75  1.0062E-76  1.1754E-78  1.3803E-80  1.5940E-82
       1.7594E-84  1.9370E-86  2.0773E-88  2.1489E-90  2.2055E-92  2.1859E-94  2.1382E-96  2.0660E-98  1.9506-100  1.8311-102
       1.6905-104  1.5429-106  1.3851-108  1.2218-110  1.0586-112  8.9314-115  7.2801-117  5.6742-119  4.1803-121  2.8381-123
       1.7296-125
  53   4.9907E-23  4.2995E-22  3.9185E-21  3.4666E-20  2.9559E-19  2.4273E-18  1.9221E-17  1.4594E-16  1.0574E-15  7.3077E-15
       4.7950E-14  2.9775E-13  1.7450E-12  9.5455E-12  4.8174E-11  2.2233E-10  9.2687E-10  3.4328E-09  1.1125E-08  3.0994E-08
       7.2813E-08  1.4093E-07  2.2195E-07  2.8483E-07  3.0077E-07  2.3676E-07  7.5282E-08  1.9303E-08  4.2834E-09  8.4417E-10
       1.5030E-10  2.4375E-11  3.6105E-12  4.8989E-13  6.1066E-14  7.0513E-15  7.5612E-16  7.4852E-17  6.7836E-18  5.6261E-19
       4.2905E-20  3.0288E-21  1.9880E-22  1.2133E-23  6.8643E-25  3.5960E-26  1.7524E-27  8.0176E-29  3.4693E-30  1.4191E-31
       5.4509E-33  1.9591E-34  6.6352E-36  2.1468E-37  6.6768E-39  1.9791E-40  5.5224E-42  1.4539E-43  3.6745E-45  9.0082E-47
       2.1148E-48  4.6704E-50  9.7656E-52  1.9803E-53  3.9013E-55  7.2693E-57  1.2696E-58  2.1373E-60  3.5096E-62  5.4443E-64
       7.8872E-66  1.1082E-67  1.5204E-69  1.9570E-71  2.4006E-73  2.9340E-75  3.4610E-77  3.8805E-79  4.3638E-81  4.8322E-83
       5.1276E-85  5.4569E-87  5.6913E-89  5.7513E-91  5.7956E-93  5.6543E-95  5.4547E-97  5.2047E-99  4.8478-101  4.4881-103
       4.0778-105  3.6561-107  3.2146-109  2.7694-111  2.3355-113  1.9097-115  1.4995-117  1.1161-119  7.7550-122  4.8645-124
       2.6495-126
  54   9.6330E-24  8.3440E-23  7.6060E-22  6.7142E-21  5.6955E-20  4.6138E-19  3.5747E-18  2.6485E-17  1.8639E-16  1.2458E-15
       7.8795E-15  4.6818E-14  2.6085E-13  1.3537E-12  6.4591E-12  2.8056E-11  1.0972E-10  3.8027E-10  1.1506E-09  2.9935E-09
       6.6001E-09  1.2087E-08  1.8174E-08  2.2435E-08  2.2620E-08  1.6462E-08  4.9118E-09  1.2224E-09  2.6897E-10  5.3291E-11
       9.6185E-12  1.5894E-12  2.4079E-13  3.3511E-14  4.2941E-15  5.0984E-16  5.6160E-17  5.7061E-18  5.3898E-19  4.6877E-20
       3.7640E-21  2.8058E-22  1.9474E-23  1.2560E-24  7.4958E-26  4.1358E-27  2.1224E-28  1.0239E-29  4.6779E-31  2.0187E-32
       8.1561E-34  3.0727E-35  1.0893E-36  3.6945E-38  1.2069E-39  3.7561E-41  1.0972E-42  3.0145E-44  7.9458E-46  2.0331E-47
       4.9778E-49  1.1431E-50  2.4783E-52  5.2081E-54  1.0631E-55  2.0473E-57  3.6831E-59  6.3767E-61  1.0761E-62  1.7099E-64
       2.5259E-66  3.6096E-68  5.0219E-70  6.5133E-72  7.9977E-74  9.7332E-76  1.1343E-77  1.2450E-79  1.3616E-81  1.4580E-83
       1.4885E-85  1.5219E-87  1.5263E-89  1.4847E-91  1.4455E-93  1.3663E-95  1.2806E-97  1.1910E-99  1.0820-101  9.7859-104
       8.6827-106  7.5976-108  6.5090-110  5.4532-112  4.4627-114  3.5285-116  2.6653-118  1.8929-120  1.2385-122  7.1438-125
       3.4318-127
  55   1.7003E-24  1.4805E-23  1.3486E-22  1.1816E-21  9.9396E-21  7.9613E-20  6.0438E-19  4.3611E-18  2.9772E-17  1.9192E-16
       1.1684E-15  6.6655E-15  3.5402E-14  1.7433E-13  7.8709E-13  3.2229E-12  1.1859E-11  3.8660E-11  1.0995E-10  2.6860E-10
       5.5763E-10  9.6918E-10  1.3951E-09  1.6542E-09  1.5835E-09  1.0635E-09  2.9163E-10  6.9647E-11  1.5075E-11  2.9833E-12
       5.4285E-13  9.0931E-14  1.4025E-14  1.9956E-15  2.6238E-16  3.2024E-17  3.6267E-18  3.7903E-19  3.6740E-20  3.2945E-21
       2.7660E-22  2.1700E-23  1.5901E-24  1.0834E-25  6.8224E-27  3.9648E-28  2.1421E-29  1.0898E-30  5.2618E-32  2.4006E-33
       1.0229E-34  4.0488E-36  1.5048E-37  5.3553E-39  1.8394E-40  6.0182E-42  1.8427E-43  5.2892E-45  1.4551E-46  3.8882E-48
       9.9338E-50  2.3723E-51  5.3324E-53  1.1611E-54  2.4555E-56  4.8867E-58  9.0512E-60  1.6115E-61  2.7967E-63  4.5571E-65
       6.8746E-67  1.0023E-68  1.4220E-70  1.8720E-72  2.3235E-74  2.8541E-76  3.3403E-78  3.6537E-80  3.9621E-82  4.1785E-84
       4.1634E-86  4.1290E-88  3.9942E-90  3.7275E-92  3.4761E-94  3.1435E-96  2.8200E-98  2.5169-100  2.1962-102  1.9134-104
       1.6378-106  1.3840-108  1.1454-110  9.2659-113  7.3205-115  5.5772-117  4.0450-119  2.7396-121  1.6878-123  8.9220-126
       3.7240-128
  56   2.7530E-25  2.4106E-24  2.1988E-23  1.9131E-22  1.5867E-21  1.2515E-20  9.3134E-20  6.5429E-19  4.3350E-18  2.6957E-17
       1.5757E-16  8.6217E-16  4.3784E-15  2.0521E-14  8.7906E-14  3.4019E-13  1.1792E-12  3.6228E-12  9.7299E-12  2.2459E-11
       4.4108E-11  7.2911E-11  1.0053E-10  1.1422E-10  1.0328E-10  6.3729E-11  1.5625E-11  3.5439E-12  7.5082E-13  1.4775E-13
       2.6980E-14  4.5604E-15  7.1309E-16  1.0336E-16  1.3904E-17  1.7414E-18  2.0265E-19  2.1782E-20  2.1709E-21  2.0046E-22
       1.7323E-23  1.4105E-24  1.0864E-25  7.8128E-27  5.1906E-28  3.1758E-29  1.8046E-30  9.6723E-32  4.9357E-33  2.3843E-34
       1.0742E-35  4.4788E-37  1.7489E-38  6.5416E-40  2.3655E-41  8.1469E-43  2.6179E-44  7.8576E-46  2.2580E-47  6.3065E-49
       1.6821E-50  4.1774E-52  9.7305E-54  2.1948E-55  4.8089E-57  9.8855E-59  1.8832E-60  3.4449E-62  6.1468E-64  1.0268E-65
       1.5807E-67  2.3519E-69  3.4082E-71  4.5658E-73  5.7481E-75  7.1741E-77  8.5079E-79  9.3736E-81  1.0219E-82  1.0783E-84
       1.0654E-86  1.0411E-88  9.8449E-91  8.8921E-93  7.9736E-95  6.8847E-97  5.8667E-99  4.9670-101  4.1011-103  3.3867-105
       2.7517-107  2.2112-109  1.7444-111  1.3464-113  1.0175-115  7.4188-118  5.1460-120  3.3203-122  1.9286-124  9.3307-127
       3.3287-129
  57   4.1199E-26  3.6170E-25  3.2955E-24  2.8537E-23  2.3339E-22  1.8047E-21  1.3132E-20  8.9706E-20  5.7695E-19  3.4715E-18
       1.9511E-17  1.0222E-16  4.9568E-16  2.2134E-15  9.0229E-15  3.3160E-14  1.0870E-13  3.1521E-13  8.0081E-13  1.7537E-12
       3.2724E-12  5.1549E-12  6.8058E-12  7.3928E-12  6.2842E-12  3.5368E-12  7.4403E-13  1.5881E-13  3.2946E-14  6.4419E-15
       1.1777E-15  2.0015E-16  3.1598E-17  4.6476E-18  6.3743E-19  8.1753E-20  9.7646E-21  1.0783E-21  1.1046E-22  1.0496E-23
       9.3516E-25  7.8737E-26  6.2772E-27  4.7338E-28  3.3114E-29  2.1295E-30  1.2703E-31  7.1620E-33  3.8618E-34  1.9774E-35
       9.4359E-37  4.1534E-38  1.7076E-39  6.7266E-41  2.5658E-42  9.3165E-44  3.1450E-45  9.8785E-47  2.9676E-48  8.6711E-50
       2.4157E-51  6.2373E-53  1.5044E-54  3.5139E-56  7.9759E-58  1.6926E-59  3.3112E-61  6.2143E-63  1.1391E-64  1.9485E-66
       3.0552E-68  4.6326E-70  6.8579E-72  9.3479E-74  1.1941E-75  1.5184E-77  1.8326E-79  2.0437E-81  2.2573E-83  2.4077E-85
       2.3846E-87  2.3261E-89  2.1797E-91  1.9294E-93  1.6824E-95  1.3973E-97  1.1342E-99  9.0875-102  7.0408-104  5.4396-106
       4.1265-108  3.0946-110  2.2835-112  1.6509-114  1.1748-116  8.0926-119  5.3201-121  3.2567-123  1.7862-125  7.9219-128
       2.3771-130
  58   5.7128E-27  5.0230E-26  4.5586E-25  3.9187E-24  3.1662E-23  2.4027E-22  1.7086E-21  1.1328E-20  7.0433E-20  4.0988E-19
       2.2219E-18  1.1184E-17  5.1841E-17  2.2038E-16  8.5449E-16  2.9897E-15  9.3149E-15  2.5599E-14  6.1642E-14  1.2833E-13
       2.2817E-13  3.4293E-13  4.3294E-13  4.4846E-13  3.5697E-13  1.8140E-13  3.0538E-14  6.1147E-15  1.2584E-15  2.4595E-16
       4.5018E-17  7.6663E-18  1.2163E-18  1.8079E-19  2.5206E-20  3.3050E-21  4.0461E-22  4.5808E-23  4.8117E-24  4.6944E-25
       4.3120E-26  3.7640E-27  3.1242E-28  2.4503E-29  1.7814E-30  1.1974E-31  7.4722E-33  4.4252E-34  2.5218E-35  1.3701E-36
       6.9333E-38  3.2248E-39  1.3976E-40  5.8100E-42  2.3434E-43  8.9885E-45  3.1908E-46  1.0493E-47  3.2972E-49  1.0088E-50
       2.9374E-52  7.8815E-54  1.9664E-55  4.7528E-57  1.1175E-58  2.4460E-60  4.9036E-62  9.4223E-64  1.7723E-65  3.0988E-67
       4.9332E-69  7.6054E-71  1.1492E-72  1.5916E-74  2.0598E-76  2.6711E-78  3.2876E-80  3.7170E-82  4.1760E-84  4.5285E-86
       4.5217E-88  4.4379E-90  4.1600E-92  3.6425E-94  3.1213E-96  2.5174E-98  1.9610-100  1.4944-102  1.0857-104  7.7992-107
       5.4553-109  3.7468-111  2.5280-113  1.6679-115  1.0900-117  6.9291-120  4.2343-122  2.4274-124  1.2525-126  5.0925-129
       1.2708-131
  59   7.3863E-28  6.4973E-27  5.8692E-26  4.9882E-25  3.9632E-24  2.9459E-23  2.0512E-22  1.3260E-21  7.9615E-21  4.4641E-20
       2.3307E-19  1.1289E-18  5.0243E-18  2.0398E-17  7.5256E-17  2.5063E-16  7.4397E-16  1.9451E-15  4.4506E-15  8.8240E-15
       1.4984E-14  2.1513E-14  2.5912E-14  2.5493E-14  1.8910E-14  8.5570E-15  9.9862E-16  1.9281E-16  4.1350E-17  8.2102E-18
       1.5051E-18  2.5532E-19  4.0461E-20  6.0549E-21  8.5647E-22  1.1476E-22  1.4374E-23  1.6615E-24  1.7825E-25  1.7800E-26
       1.6858E-27  1.5307E-28  1.3288E-29  1.0889E-30  8.2353E-32  5.7262E-33  3.6952E-34  2.2844E-35  1.3759E-36  7.9419E-38
       4.2636E-39  2.0946E-40  9.5695E-42  4.2045E-43  1.7978E-44  7.3007E-46  2.7278E-47  9.3893E-49  3.0867E-50  9.8983E-52
       3.0142E-53  8.3988E-55  2.1642E-56  5.4081E-58  1.3168E-59  2.9693E-61  6.0826E-63  1.1933E-64  2.2991E-66  4.0991E-68
       6.5968E-70  1.0306E-71  1.5874E-73  2.2287E-75  2.9137E-77  3.8546E-79  4.8430E-81  5.5499E-83  6.3556E-85  7.0314E-87
       7.0940E-89  7.0344E-91  6.6301E-93  5.7675E-95  4.8868E-97  3.8484E-99  2.8913-101  2.1060-103  1.4356-105  9.5630-108
       6.1098-110  3.7749-112  2.2684-114  1.3173-116  7.5978-119  4.2699-121  2.3275-123  1.2072-125  5.7353-128  2.0669-130
       3.9783-133
  60   8.9023E-29  7.8282E-28  7.0329E-27  5.9211E-26  4.6238E-25  3.3467E-24  2.2678E-23  1.4338E-22  8.3668E-22  4.5245E-21
       2.2712E-20  1.0560E-19  4.5161E-19  1.7582E-18  6.1923E-18  1.9648E-17  5.5620E-17  1.3868E-16  3.0221E-16  5.7122E-16
       9.2773E-16  1.2744E-15  1.4620E-15  1.3589E-15  9.3281E-16  3.6798E-16  1.8638E-17  4.4521E-18  1.1791E-18  2.4321E-19
       4.4188E-20  7.3566E-21  1.1532E-21  1.7337E-22  2.4894E-23  3.4128E-24  4.3599E-25  5.1103E-26  5.5680E-27  5.6722E-28
       5.5507E-29  5.2702E-30  4.8075E-31  4.1259E-32  3.2439E-33  2.3301E-34  1.5547E-35  9.9935E-37  6.2989E-38  3.8593E-39
       2.1963E-40  1.1375E-41  5.4705E-43  2.5427E-44  1.1557E-45  4.9796E-47  1.9589E-48  7.0508E-50  2.4237E-51  8.1515E-53
       2.5974E-54  7.5076E-56  1.9934E-57  5.1434E-59  1.2964E-60  3.0060E-62  6.2655E-64  1.2499E-65  2.4614E-67  4.4596E-69
       7.2103E-71  1.1365E-72  1.7815E-74  2.5268E-76  3.3227E-78  4.4860E-80  5.7591E-82  6.6791E-84  7.8082E-86  8.8377E-88
       9.0103E-90  9.0437E-92  8.5898E-94  7.4218E-96  6.2257E-98  4.7830-100  3.4581-102  2.4028-104  1.5251-106  9.3269-109
       5.3479-111  2.8873-113  1.4793-115  7.0705-118  3.3127-120  1.4782-122  6.3405-125  2.7016-127  1.0859-129  3.6318-132
      -2.0827-136
  61   1.0025E-29  8.7977E-29  7.8289E-28  6.5206E-27  5.0359E-26  3.5662E-25  2.3366E-24  1.4339E-23  8.1513E-23  4.2723E-22
       2.0682E-21  9.2284E-21  3.7855E-20  1.4144E-19  4.7686E-19  1.4445E-18  3.9048E-18  9.3076E-18  1.9366E-17  3.4914E-17
       5.4215E-17  7.1285E-17  7.7821E-17  6.8006E-17  4.2784E-17  1.4207E-17 -5.7059E-19  5.1641E-20  3.2674E-20  6.7699E-21
       1.1508E-21  1.8076E-22  2.7642E-23  4.1962E-24  6.1586E-25  8.6785E-26  1.1234E-26  1.3184E-27  1.4482E-28  1.5012E-29
       1.5287E-30  1.5322E-31  1.4767E-32  1.3274E-33  1.0801E-34  7.9772E-36  5.4946E-37  3.6918E-38  2.4557E-39  1.5837E-40
       9.4964E-42  5.1608E-43  2.6051E-44  1.2817E-45  6.2096E-47  2.8443E-48  1.1774E-49  4.4213E-51  1.5869E-52  5.6003E-54
       1.8677E-55  5.5890E-57  1.5237E-58  4.0507E-60  1.0560E-61  2.5107E-63  5.2909E-65  1.0672E-66  2.1417E-68  3.9238E-70
       6.3141E-72  9.9771E-74  1.5893E-75  2.2658E-77  2.9777E-79  4.1078E-81  5.3973E-83  6.3173E-85  7.5550E-87  8.7786E-89
       9.0318E-91  9.1838E-93  8.7935E-95  7.5111E-97  6.2148E-99  4.6155-101  3.1675-103  2.0671-105  1.2104-107  6.4937-110
       3.2605-112  1.3731-114  5.3379-117  1.6556-119  3.5478-122 -1.8396-125 -8.0342-127 -5.8951-129 -2.8823-131 -1.3550-133
      -4.3133-136
  62   1.0603E-30  9.2742E-30  8.1634E-29  6.6712E-28  5.0773E-27  3.5488E-26  2.2657E-25  1.3427E-24  7.3984E-24  3.7597E-23
       1.7597E-22  7.5561E-22  2.9739E-21  1.0667E-20  3.4486E-20  9.9907E-20  2.5810E-19  5.8905E-19  1.1736E-18  2.0211E-18
       2.9972E-18  3.7674E-18  3.9087E-18  3.1962E-18  1.8201E-18  4.7762E-19 -8.6839E-20 -4.1968E-24  1.2040E-21  1.9441E-22
       2.5985E-23  3.5275E-24  5.2716E-25  8.4459E-26  1.2978E-26  1.8963E-27  2.4412E-28  2.7912E-29  3.0657E-30  3.2403E-31
       3.5043E-32  3.7728E-33  3.8607E-34  3.6191E-35  3.0167E-36  2.2687E-37  1.6084E-38  1.1381E-39  8.0827E-41  5.5413E-42
       3.4864E-43  1.9700E-44  1.0339E-45  5.3725E-47  2.7814E-48  1.3564E-49  5.8964E-51  2.3001E-52  8.5996E-54  3.1855E-55
       1.1119E-56  3.4325E-58  9.5532E-60  2.6078E-61  7.0217E-63  1.7040E-64  3.5938E-66  7.2657E-68  1.4801E-69  2.7218E-71
       4.2926E-73  6.7359E-75  1.0891E-76  1.5487E-78  2.0128E-80  2.8483E-82  3.8444E-84  4.5207E-86  5.5542E-88  6.6645E-90
       6.8981E-92  7.1106E-94  6.8563E-96  5.7261E-98  4.6260-100  3.2450-102  2.0392-104  1.1934-106  6.2918-109  2.5293-111
       9.0693-114  1.3124-116 -7.3423-119 -9.1045-121 -5.2759-123 -2.2956-125 -6.3139-128 -2.2691-131  1.1352-132  8.4448-135
       3.3486-137
  63   1.0543E-31  9.1937E-31  8.0364E-30  6.4409E-29  4.7768E-28  3.2798E-27  2.0557E-26  1.1820E-25  6.3010E-25  3.0995E-24
       1.4022E-23  5.8045E-23  2.1949E-22  7.5645E-22  2.3498E-21  6.5257E-21  1.6121E-20  3.5222E-20  6.7309E-20  1.1100E-19
       1.5715E-19  1.8840E-19  1.8528E-19  1.4100E-19  7.1460E-20  1.2937E-20 -6.0073E-21  1.3919E-22  6.3607E-23  5.4844E-24
       3.6095E-25  3.3634E-26  6.6469E-27  1.4388E-27  2.4243E-28  3.6539E-29  4.3836E-30  4.5532E-31  5.0270E-32  5.5507E-33
       6.7577E-34  8.0199E-35  8.6854E-36  8.3584E-37  6.9809E-38  5.2517E-39  3.8236E-40  2.8953E-41  2.2333E-42  1.6425E-43
       1.0851E-44  6.3436E-46  3.4525E-47  1.8836E-48  1.0380E-49  5.3840E-51  2.4460E-52  9.8404E-54  3.8178E-55  1.4855E-56
       5.4239E-58  1.7169E-59  4.8313E-61  1.3471E-62  3.7391E-64  9.1907E-66  1.9066E-67  3.8087E-69  7.8371E-71  1.4288E-72
       2.1457E-74  3.2918E-76  5.4124E-78  7.5693E-80  9.5409E-82  1.4020E-83  1.9623E-85  2.2986E-87  2.9311E-89  3.6755E-91
       3.8028E-93  3.9787E-95  3.8513E-97  3.1104E-99  2.3814-101  1.5113-103  8.1485-106  3.5450-108  1.0700-110 -1.3673-113
      -3.8533-115 -3.0660-117 -1.5224-119 -4.3394-122  8.3510-125  1.9148-126  1.4571-128  7.8674-131  3.1119-133  1.0122-135
       3.4980-138
  64   9.8497E-33  8.5419E-32  7.4165E-31  5.8738E-30  4.2465E-29  2.8392E-28  1.7427E-27  9.7654E-27  5.0445E-26  2.4028E-25
       1.0512E-24  4.1999E-24  1.5272E-23  5.0566E-23  1.5108E-22  4.0336E-22  9.5483E-22  1.9965E-21  3.6592E-21  5.7878E-21
       7.8283E-21  8.9305E-21  8.2927E-21  5.8307E-21  2.5647E-21  2.0463E-22 -3.1854E-22  2.1832E-23  3.3432E-24  6.7273E-26
      -1.2326E-26 -1.2795E-27  3.4965E-29  2.8953E-29  4.7397E-30  6.5369E-31  5.7793E-32  4.2008E-33  5.6488E-34  7.4819E-35
       1.1837E-35  1.5524E-36  1.7117E-37  1.6220E-38  1.2954E-39  9.4518E-41  7.1405E-42  6.0389E-43  5.1990E-44  4.1265E-45
       2.8449E-46  1.7011E-47  9.5461E-49  5.5128E-50  3.2437E-51  1.7754E-52  8.3413E-54  3.4239E-55  1.3691E-56  5.6042E-58
       2.1383E-59  6.8650E-61  1.9202E-62  5.4254E-64  1.5493E-65  3.8057E-67  7.5248E-69  1.4456E-70  2.9882E-72  5.2712E-74
       7.3112E-76  1.0585E-77  1.7646E-79  2.3482E-81  2.8346E-83  4.3986E-85  6.4935E-87  7.6083E-89  1.0166E-90  1.3593E-92
       1.4090E-94  1.4810E-96  1.4193E-98  1.0781-100  7.2187-103  3.5177-105  9.1158-108 -3.0549-110 -7.0560-112 -5.0068-114
      -2.1540-116  1.0930-119  1.0357-120  1.0347-122  6.4517-125  2.8133-127  5.8144-130 -2.5589-132 -3.8049-134 -2.6719-136
      -1.4844-138
  65   8.6775E-34  7.4586E-33  6.4023E-32  5.0187E-31  3.5633E-30  2.3199E-29  1.3896E-28  7.5967E-28  3.8061E-27  1.7546E-26
       7.4281E-26  2.8700E-25  1.0057E-24  3.1987E-24  9.1862E-24  2.3614E-23  5.3724E-23  1.0762E-22  1.8903E-22  2.8681E-22
       3.7076E-22  4.0166E-22  3.5049E-22  2.2546E-22  8.2663E-23 -4.8730E-24 -1.4225E-23  1.8829E-24  1.3051E-25 -8.7541E-27
      -1.4348E-27 -6.7594E-29  4.4648E-30  1.2163E-30  1.1182E-31  9.7806E-33 -1.9062E-35 -5.8847E-35  3.9739E-36  1.0413E-36
       2.3299E-37  2.9357E-38  2.9265E-39  2.4970E-40  1.7116E-41  1.1512E-42  9.9164E-44  1.0565E-44  1.0461E-45  8.8762E-47
       6.2473E-48  3.7263E-49  2.1365E-50  1.3253E-51  8.4617E-53  4.8938E-54  2.3473E-55  9.6633E-57  3.9487E-58  1.6862E-59
       6.6872E-61  2.1365E-62  5.8339E-64  1.6402E-65  4.7818E-67  1.1399E-68  2.0580E-70  3.6443E-72  7.3724E-74  1.1920E-75
       1.2336E-77  1.5431E-79  2.8675E-81  3.2404E-83  2.9151E-85  6.4215E-87  1.1120E-88  1.2116E-90  1.8872E-92  2.8966E-94
       2.8760E-96  3.0358E-98  2.7696-100  1.5358-102  5.4291-105 -3.7117-107 -7.0035-109 -4.8511-111 -2.0491-113  1.0419-115
       2.2389-117  1.9417-119  9.9559-122  8.2486-125 -4.3769-126 -5.5776-128 -4.5177-130 -3.0255-132 -1.7657-134 -1.0346-136
      -6.4560-139
  66   7.2340E-35  6.1636E-34  5.2170E-33  4.0309E-32  2.8167E-31  1.7901E-30  1.0455E-29  5.5829E-29  2.7178E-28  1.2115E-27
       4.9568E-27  1.8535E-26  6.2775E-26  1.9217E-25  5.3017E-25  1.3117E-24  2.8741E-24  5.5272E-24  9.3014E-24  1.3526E-23
       1.6704E-23  1.7152E-23  1.3988E-23  8.1214E-24  2.3033E-24 -6.5020E-25 -5.4904E-25  1.2192E-25  1.9904E-27 -9.8453E-28
      -6.7357E-29  1.2999E-30  6.0299E-31  5.6058E-32  1.2948E-33 -7.4518E-35 -4.4524E-35 -3.8462E-36  2.0376E-37  3.0891E-38
       5.7889E-39  5.0698E-40  3.5532E-41  2.1942E-42  6.8213E-44  4.0285E-45  1.0445E-45  1.7694E-46  1.9335E-47  1.6591E-48
       1.1305E-49  6.3827E-51  3.7121E-52  2.5771E-53  1.8303E-54  1.1159E-55  5.3254E-57  2.1227E-58  8.8155E-60  3.9979E-61
       1.6337E-62  5.0136E-64  1.2504E-65  3.4533E-67  1.0300E-68  2.2547E-70  2.8930E-72  3.6936E-74  8.0344E-76  8.1912E-78
      -1.1683E-79 -2.0994E-81 -6.6688E-84 -3.1152E-85 -6.7982E-87 -8.1493E-90  4.5895E-91 -1.2894E-93  9.3277E-95  2.5319E-96
       1.3677E-98  1.5627-100  8.6113-103 -2.0705-104 -2.5828-106 -2.6111-108 -7.6361-111  1.4248-112  2.4294-114  2.0072-116
       7.6440-119 -5.9741-121 -1.3306-122 -1.3522-124 -8.9915-127 -3.8110-129  7.6643-133  1.9295-133  2.3579-135  2.1042-137
       1.6420-139
  67   5.7070E-36  4.8276E-35  4.0299E-34  3.0627E-33  2.1051E-32  1.3071E-31  7.4300E-31  3.8746E-30  1.8386E-29  7.9395E-29
       3.1369E-28  1.1336E-27  3.7160E-27  1.0982E-26  2.9138E-26  6.9328E-26  1.4635E-25  2.7070E-25  4.3669E-25  6.0794E-25
       7.1647E-25  6.9572E-25  5.2691E-25  2.7080E-25  4.9983E-26 -3.8716E-26 -1.8237E-26  6.5465E-27 -2.0656E-28 -6.2078E-29
      -8.3443E-31  3.6772E-31  3.6351E-32  9.7532E-34 -1.6996E-34 -1.6766E-35 -2.0048E-36 -3.9766E-38  1.9694E-38  1.0854E-39
       1.2881E-40  3.3581E-42 -1.5570E-43 -2.5062E-44 -3.5944E-45 -1.1481E-46  1.9681E-47  3.6375E-48  3.4432E-49  2.6392E-50
       1.5637E-51  7.3876E-53  4.5541E-54  4.0538E-55  3.3106E-56  2.0834E-57  9.3062E-59  3.3077E-60  1.4039E-61  7.1122E-63
       2.9794E-64  7.8597E-66  1.4175E-67  3.7975E-69  1.2699E-70  1.8696E-72 -2.4048E-74 -7.8768E-76 -7.1769E-78 -2.3999E-79
      -7.3406E-81 -4.1194E-83  2.8842E-85  1.1250E-87  5.0017E-89  1.8927E-90  1.7247E-92 -1.5598E-95  9.6114E-97  1.4663E-98
      -2.5443-100 -1.8554-102 -2.5154-104 -4.6570-106  8.7821-109  6.2164-110  1.1452-111  9.0305-114  2.9681-117 -1.0449-117
      -1.6700-119 -1.4503-121 -6.4294-124  3.0361-126  9.7926-128  1.2306-129  1.1406-131  9.3302-134  7.0560-136  5.5095-138
       4.6009-140
  68   4.2634E-37  3.5802E-36  2.9471E-35  2.2020E-34  1.4898E-33  9.0655E-33  5.0116E-32  2.5435E-31  1.1775E-30  4.9443E-30
       1.8898E-29  6.5919E-29  2.0894E-28  5.9721E-28  1.5276E-27  3.4957E-27  7.1060E-27  1.2655E-26  1.9588E-26  2.6084E-26
       2.9282E-26  2.6806E-26  1.8703E-26  8.2617E-27  4.7499E-28 -1.7800E-27 -5.0041E-28  3.0433E-28 -2.5029E-29 -2.6897E-30
       1.4835E-31  2.6611E-32  8.9032E-34 -9.9859E-35 -1.5685E-35 -5.7234E-37 -2.1889E-38  5.9184E-39  1.0395E-39  4.8401E-42
       5.9062E-43 -2.7753E-43 -2.3290E-44 -1.0394E-45 -7.2843E-47  2.9416E-48  8.6650E-49  8.2886E-50  4.9739E-51  2.8761E-52
       1.0804E-53  1.4928E-55  3.1395E-56  5.6937E-57  5.2345E-58  3.1389E-59  1.0999E-60  2.5132E-62  1.2933E-63  9.0152E-65
       3.7117E-66  4.7245E-68 -9.7759E-70 -1.2289E-71  3.9526E-73 -2.4707E-74 -1.6457E-75 -1.4935E-77  1.3961E-79  1.8600E-81
       6.9513E-83  4.0772E-84  5.3594E-86  3.0134E-88  2.3948E-90  1.6119E-92 -3.5785E-94 -8.7292E-96 -3.6590E-98 -2.6793-100
      -7.4308-102  8.0113-105  2.9071-106  5.7871-108  1.7028-109  9.6568-112 -1.3362-113 -5.3077-115 -7.9572-117 -5.1139-119
       2.0177-121  1.0936-122  1.6781-124  1.6898-126  1.1713-128  4.6730-131 -1.8514-133 -6.2114-135 -8.4279-137 -9.1765-139
      -9.0406-141
  69   3.0232E-38  2.5183E-37  2.0452E-36  1.4995E-35  9.9743E-35  5.9735E-34  3.2221E-33  1.5873E-32  7.1510E-32  2.9249E-31
       1.0851E-30  3.6562E-30  1.1190E-29  3.0939E-29  7.6469E-29  1.6852E-28  3.2974E-28  5.6546E-28  8.4032E-28  1.0697E-27
       1.1412E-27  9.8084E-28  6.2386E-28  2.2548E-28 -2.8229E-29 -6.9693E-29 -9.7250E-30  1.2503E-29 -1.7597E-30 -6.7071E-32
       1.5746E-32  1.0702E-33 -4.6140E-35 -1.0370E-35 -5.8533E-37  2.3608E-38  2.8845E-39  4.0959E-40  2.6751E-41 -2.6184E-42
      -9.7811E-44 -1.3698E-44 -3.0470E-46  2.5094E-47  1.3628E-48  2.9535E-49  2.4660E-50  1.0364E-51  1.9401E-54 -7.2160E-55
      -1.6977E-55 -1.4318E-56  2.8829E-58  9.9492E-59  7.7556E-60  3.5200E-61  2.7251E-63 -3.2793E-64  2.5499E-66  9.3131E-67
       2.6639E-68 -1.1905E-69 -6.2892E-71 -3.1061E-73  9.8543E-75 -5.0828E-76 -1.1715E-77  8.0889E-79  1.9057E-80  1.1582E-82
       6.4340E-85  5.6979E-87 -1.7502E-87 -4.4771E-89 -5.4426E-91 -4.7889E-93 -4.1204E-95 -2.0367E-97  1.6275E-99  1.7872-101
       1.4819-103  3.0552-105  1.4058-107  1.0570-110 -1.0409-111 -7.4259-113 -9.5523-115 -1.0511-117  2.5703-118  6.0696-120
       7.7185-122  4.6727-124 -2.9004-126 -1.2551-127 -2.0692-129 -2.5448-131 -2.6354-133 -2.5704-135 -2.4161-137 -2.3615-139
      -2.4491-141
  70   2.0382E-39  1.6835E-38  1.3520E-37  9.7216E-37  6.3323E-36  3.7326E-35  1.9740E-34  9.4541E-34  4.1348E-33  1.6457E-32
       5.9382E-32  1.9375E-31  5.7254E-31  1.5302E-30  3.6587E-30  7.7783E-30  1.4652E-29  2.4183E-29  3.4506E-29  4.1961E-29
       4.2441E-29  3.4064E-29  1.9463E-29  5.2304E-30 -2.3266E-30 -2.3951E-30 -1.3526E-32  4.5753E-31 -9.7461E-32  1.1396E-33
       9.5992E-34  1.0142E-35 -6.4384E-36 -4.6503E-37  6.2864E-39  3.7337E-39  1.6482E-40  8.1315E-42 -4.7042E-43 -1.9814E-43
      -1.1868E-45 -1.1255E-46  3.0189E-47  2.5356E-48  4.5568E-50  5.7706E-51  1.0309E-52 -2.4441E-53 -2.5521E-54 -7.6739E-56
      -4.4590E-57 -1.6086E-58  2.3846E-59  2.2525E-60  9.3463E-62  1.0581E-63 -2.6869E-64 -1.2973E-65  1.5581E-67  1.7083E-68
      -8.3148E-72 -4.1506E-71 -5.6280E-73  3.7712E-74  7.9900E-76 -5.9605E-78  2.0481E-79  2.2809E-80 -1.4597E-82 -1.5428E-83
      -2.6156E-85 -3.0922E-87 -4.9202E-89  3.9233E-91  3.0126E-92  4.9481E-94  5.6519E-96  6.3481E-98  4.9385-100  2.1337-102
       6.4961-105 -3.9963-108 -1.1216-108 -1.2780-110 -7.3748-113 -3.2345-115  3.2135-116  7.2093-118  6.9875-120 -9.0624-122
      -4.4168-123 -8.3676-125 -1.0293-126 -7.8567-129 -5.1363-132  9.8554-133  2.1155-134  3.2042-136  4.1283-138  4.9554-140
       5.6876-142
  71   1.3075E-40  1.0698E-39  8.5091E-39  6.0220E-38  3.8331E-37  2.2145E-36  1.1505E-35  5.3794E-35  2.2850E-34  8.8334E-34
       3.1001E-33  9.8168E-33  2.8049E-32  7.2433E-32  1.6756E-31  3.4411E-31  6.2437E-31  9.9126E-31  1.3574E-30  1.5754E-30
       1.5066E-30  1.1218E-30  5.6360E-31  8.7793E-32 -1.1374E-31 -7.2558E-32  1.0688E-32  1.4878E-32 -4.6041E-33  2.6491E-34
       4.1370E-35 -2.1791E-36 -3.8276E-37 -4.1855E-39  2.1885E-39  1.9599E-40 -1.9324E-42 -5.3458E-43 -7.0050E-44 -6.8115E-45
       4.1864E-46  1.6408E-47  1.7598E-48  3.4880E-50 -4.8521E-51 -1.1219E-52 -1.4857E-53 -1.2324E-54 -4.0516E-56  2.1230E-57
       7.7310E-59  5.4220E-60  8.8185E-61  3.0608E-62 -3.6113E-64 -9.1817E-65 -7.8731E-66 -6.8547E-68  1.5360E-68  3.6676E-70
      -1.0756E-71 -8.1622E-73  2.1250E-74  1.3705E-75 -5.2733E-78 -8.8615E-79 -2.4219E-81  6.0610E-83 -2.1687E-83 -2.8038E-85
       9.0401E-87  3.0183E-88  4.8863E-90  9.1903E-92  8.4347E-94 -9.2123E-96 -3.3629E-97 -5.7902E-99 -6.7460-101 -6.0730-103
      -5.0287-105 -3.0223-107 -1.6077-109 -4.9169-112  3.5534-114  6.2571-116  7.5287-118 -1.1541-119 -5.2224-121 -8.6174-123
      -2.7259-125  2.4007-126  7.3074-128  1.3181-129  1.7718-131  1.9563-133  1.7871-135  1.4235-137  9.6445-140  6.5897-142
       7.1664-144
  72   7.9966E-42  6.4715E-41  5.0921E-40  3.5620E-39  2.2215E-38  1.2531E-37  6.3834E-37  2.9234E-36  1.2093E-35  4.5378E-35
       1.5470E-34  4.7597E-34  1.3174E-33  3.2881E-33  7.3564E-33  1.4604E-32  2.5543E-32  3.8996E-32  5.1201E-32  5.6643E-32
       5.1054E-32  3.4977E-32  1.4947E-32  9.7359E-35 -4.4938E-33 -1.9041E-33  6.8447E-34  4.2316E-34 -1.9172E-34  2.0137E-35
       1.1584E-36 -2.0929E-37 -1.3005E-38  1.0133E-39  1.3979E-40  2.9503E-42 -7.7038E-43 -4.2868E-44 -1.7375E-45  8.7034E-48
       3.6958E-47  3.7632E-49  6.1878E-51 -4.3217E-51 -3.6096E-52 -2.1857E-55 -8.0451E-56  4.0423E-57  1.8812E-57  1.7454E-58
       1.5313E-60  1.2157E-62  9.7921E-63 -5.4968E-64 -5.9696E-65 -2.3245E-66 -7.0213E-68  7.5260E-69  4.6949E-70 -3.7282E-72
      -6.1562E-73 -9.6411E-75  1.1134E-75  1.2065E-77 -1.3240E-78 -2.3016E-80  6.6916E-82  1.2033E-83 -1.7198E-85  1.7664E-86
       6.1747E-88  1.0344E-90 -2.2052E-91 -6.0083E-93 -1.3610E-94 -1.8597E-96 -1.0518E-98  1.0935-100  3.7401-102  5.6206-104
       7.0609-106  6.4404-108  5.0189-110  4.0894-112  2.4887-114  1.3917-116  5.5596-119 -2.0560-121  3.5415-123  3.3622-124
       8.6279-126  1.0282-127 -2.7940-130 -4.1778-131 -1.1036-132 -2.0431-134 -3.1261-136 -4.3731-138 -5.7204-140 -7.3807-142
      -9.5710-144
  73   4.6751E-43  3.7389E-42  2.9029E-41  2.0091E-40  1.2333E-39  6.7932E-39  3.3830E-38  1.5181E-37  6.1314E-37  2.2354E-36
       7.3952E-36  2.2106E-35  5.9370E-35  1.4336E-34  3.1011E-34  5.9511E-34  1.0040E-33  1.4739E-33  1.8538E-33  1.9513E-33
       1.6513E-33  1.0296E-33  3.5351E-34 -7.6836E-35 -1.5427E-34 -4.0768E-35  3.0377E-35  1.0065E-35 -7.1498E-36  1.1291E-36
       2.1821E-39 -1.1933E-38 -4.8416E-41  8.9693E-41  4.1445E-42 -3.3609E-43 -5.1075E-44 -3.4284E-46  1.1017E-46  1.1776E-47
       1.4270E-48 -6.6179E-50 -3.4898E-51 -2.4728E-52 -3.9282E-54  9.0133E-55  2.4920E-56  9.7889E-58  5.8547E-59  1.2276E-60
      -2.9130E-61 -9.0149E-63 -9.4365E-66 -2.7646E-65 -8.2803E-67  2.7108E-68  2.4579E-69  2.7251E-70  2.4004E-72 -6.0357E-73
      -1.4051E-74  4.1292E-76  3.4665E-77 -6.8609E-79 -4.0862E-80  7.3741E-82  4.7398E-83 -2.1145E-86 -1.5873E-86  1.8645E-88
      -1.2166E-89 -8.0821E-91 -1.1707E-92  4.4200E-95  5.1501E-96  1.4451E-97  2.6078E-99  3.2144-101  1.8901-103 -7.6362-106
      -3.6976-107 -5.8721-109 -6.8707-111 -7.4651-113 -6.5724-115 -5.9427-117 -5.0089-119 -3.7219-121 -2.8835-123 -2.2957-125
      -3.9286-127 -8.6688-129 -1.5076-130 -1.6154-132 -7.6820-136  4.1091-136  1.1625-137  2.2813-139  3.7210-141  5.4674-143
       7.4178-145
  74   2.6160E-44  2.0696E-43  1.5829E-42  1.0811E-41  6.5484E-41  3.5337E-40  1.7182E-39  7.5431E-39  2.9783E-38  1.0570E-37
       3.3932E-37  9.8497E-37  2.5691E-36  6.0094E-36  1.2571E-35  2.3316E-35  3.7951E-35  5.3571E-35  6.4480E-35  6.4438E-35
       5.0949E-35  2.8481E-35  7.0042E-36 -4.4644E-36 -4.7166E-36 -5.6250E-37  1.1164E-36  1.7272E-37 -2.4040E-37  5.2975E-38
      -2.2802E-39 -4.9164E-40  2.7772E-41  4.3387E-42 -6.3722E-44 -3.1246E-44 -1.4792E-45  1.3509E-46  1.0419E-47  3.3183E-49
       6.1093E-51 -6.5355E-51 -1.0282E-52  1.6162E-54  7.1672E-55  5.5081E-56 -2.8425E-58 -5.1105E-59 -2.4258E-60 -1.6533E-61
      -1.2564E-62  1.2746E-64  2.0017E-65 -1.1031E-67  2.7951E-68  2.2859E-69  4.2332E-71  1.6283E-72 -3.3065E-73 -1.8055E-74
       3.1336E-76  3.0202E-77  3.8499E-79 -4.9543E-80 -3.5020E-82  5.7600E-83  4.1492E-85 -5.5947E-86 -8.8559E-88  9.9255E-90
      -2.1053E-91  4.0103E-93  8.1377E-94  2.2472E-95  2.5534E-97 -1.0487E-99 -1.1511-100 -3.0403-102 -4.5382-104 -4.4474-106
      -3.1244-108 -8.9233-112  3.2541-112  6.3264-114  8.1783-116  9.8754-118  1.0908-119  1.0916-121  1.1789-123  1.1421-125
       1.2190-127  1.3863-129  1.8987-131  2.8552-133  4.0879-135  5.2728-137  5.7798-139  5.4639-141  4.3261-143  3.6247-145
       5.6901-147
  75   1.4009E-45  1.0983E-44  8.2791E-44  5.5615E-43  3.3237E-42  1.7636E-41  8.3810E-41  3.5936E-40  1.3867E-39  4.7988E-39
       1.4968E-38  4.2181E-38  1.0686E-37  2.4238E-37  4.9057E-37  8.7934E-37  1.3807E-36  1.8736E-36  2.1559E-36  2.0403E-36
       1.4982E-36  7.3505E-37  9.3239E-38 -1.8263E-37 -1.2912E-37  4.6326E-39  3.5740E-38  4.0972E-40 -7.2857E-39  2.1771E-39
      -1.8660E-40 -1.3898E-41  2.2931E-42  1.1884E-43 -1.5047E-44 -1.3401E-45  2.8762E-47  1.1065E-47  2.2813E-49 -2.2178E-50
      -2.0338E-51 -2.6260E-52  1.0066E-53  7.2912E-55  3.6090E-56  2.6865E-58 -1.5488E-58 -4.8353E-60 -5.3887E-62  8.9569E-64
       1.3539E-64  3.2509E-65  8.4918E-67 -2.2350E-68  2.5943E-70 -1.8311E-72 -3.0936E-72 -9.9798E-74 -9.5521E-75  5.7196E-77
       3.1665E-77  4.7417E-79 -3.2308E-80 -1.7006E-81  3.8665E-83  1.7545E-84 -5.0698E-86 -1.9453E-87  3.6667E-89  1.7757E-90
       1.1088E-92  4.3866E-94  7.4471E-96 -6.5221E-97 -2.9914E-98 -5.5160-100 -5.0424-102  3.1019-104  2.2743-105  4.7171-107
       6.9069-109  6.8001-111  4.7273-113  1.7529-115 -2.5075-117 -6.8929-119 -1.1247-120 -1.5116-122 -2.0268-124 -2.4347-126
      -3.0747-128 -3.7675-130 -4.8235-132 -6.4627-134 -8.9425-136 -1.2899-137 -1.8591-139 -2.7164-141 -3.9144-143 -5.6933-145
      -8.4030-147
  76   7.1849E-47  5.5855E-46  4.1578E-45  2.7441E-44  1.6148E-43  8.4421E-43  3.9305E-42  1.6450E-41  6.1980E-41  2.0936E-40
       6.3547E-40  1.7390E-39  4.2778E-39  9.4129E-39  1.8445E-38  3.1953E-38  4.8388E-38  6.3091E-38  6.9321E-38  6.1951E-38
       4.1935E-38  1.7483E-38 -5.2837E-40 -6.2823E-39 -3.1349E-39  7.2454E-40  1.0125E-39 -1.3221E-40 -1.9731E-40  8.0055E-41
      -1.0392E-41 -1.1882E-43  1.1891E-43 -6.1829E-46 -9.6101E-46 -1.9312E-47  5.4797E-48  4.2381E-49 -1.9171E-50 -2.2793E-51
      -6.3011E-53 -1.4187E-54  1.0845E-54  2.2616E-56 -7.1500E-58 -1.2711E-58 -8.0960E-60  8.3654E-62  1.3711E-62  5.0537E-64
       1.3083E-65  6.2950E-67 -3.9089E-68 -2.9561E-69 -1.3956E-71 -7.5655E-73 -6.1635E-74  2.6387E-75  7.1068E-77  1.7231E-77
       6.4452E-79 -3.2843E-80 -1.7426E-81 -7.5731E-85  2.9389E-84  8.9245E-87 -3.0454E-87  3.9532E-90  3.0737E-90  1.2034E-92
      -2.1220E-93 -4.1031E-95 -9.8446E-97 -2.6362E-98  1.5833-100  2.6960-101  7.5954-103  1.2777-104  1.0208-106 -6.7436-109
      -3.7588-110 -7.0806-112 -9.4131-114 -1.0632-115 -8.5964-118 -5.4532-120 -6.3199-123  5.9145-124  1.3969-125  2.3346-127
       3.6547-129  5.2996-131  7.6804-133  1.1160-134  1.6212-136  2.4174-138  3.6090-140  5.4938-142  8.2629-144  1.2452-145
       1.8720-147
  77   3.5365E-48  2.7233E-47  2.0055E-46  1.3023E-45  7.5319E-45  3.8784E-44  1.7726E-43  7.2473E-43  2.6644E-42  8.7860E-42
       2.5982E-41  6.9092E-41  1.6500E-40  3.5224E-40  6.6857E-40  1.1196E-39  1.6347E-39  2.0468E-39  2.1446E-39  1.8041E-39
       1.1152E-39  3.7437E-40 -9.8536E-41 -1.9148E-40 -6.5299E-41  3.4778E-41  2.5309E-41 -7.5686E-42 -4.6687E-42  2.6619E-42
      -4.7407E-43  1.6149E-44  4.5470E-45 -2.9067E-46 -3.7545E-47  1.6718E-48  3.0157E-49  2.5541E-51 -2.0290E-51 -7.0944E-53
       3.9826E-54  3.5840E-55  4.3186E-56 -1.5035E-57 -1.4002E-58 -5.2074E-60  3.8899E-62  2.5539E-62  7.8060E-64 -3.5218E-66
      -1.0482E-66 -4.4475E-68 -3.1487E-69 -4.0642E-71  4.7029E-72  1.0902E-73  2.5996E-75  2.0399E-76  3.1073E-79  1.2820E-79
      -1.7423E-80 -1.8134E-81  9.3389E-86  2.7721E-84  8.0266E-86 -3.1206E-87 -9.9829E-89  2.8641E-90  6.8251E-92 -3.1410E-93
      -8.5848E-95  1.0675E-96  5.6516E-98  1.7572E-99  5.4168-101  6.3791-103 -1.4592-104 -7.8987-106 -1.7255-107 -2.2958-109
      -1.8021-111  8.0837-114  5.0556-115  1.0080-116  1.3788-118  1.6812-120  1.7793-122  1.5537-124  1.2713-126  5.6999-129
      -3.8838-131 -1.8638-132 -4.1008-134 -7.5403-136 -1.2787-137 -2.1144-139 -3.3952-141 -5.4364-143 -8.4782-145 -1.3078-146
      -1.9983-148
  78   1.6739E-49  1.2747E-48  9.2929E-48  5.9520E-47  3.3812E-46  1.7120E-45  7.6880E-45  3.0754E-44  1.1034E-43  3.5507E-43
       1.0236E-42  2.6469E-42  6.1376E-42  1.2712E-41  2.3379E-41  3.7854E-41  5.3283E-41  6.4024E-41  6.3875E-41  5.0396E-41
       2.8104E-41  6.8482E-42 -4.6921E-42 -5.2767E-42 -1.0549E-42  1.2525E-42  5.4495E-43 -2.9598E-43 -9.1115E-44  8.0410E-44
      -1.8783E-44  1.3924E-45  1.2292E-46 -2.0089E-47 -7.7132E-49  1.5808E-49  8.3696E-51 -7.4736E-52 -9.2462E-53  1.9466E-54
       4.3716E-55  1.1883E-56  1.7166E-58 -1.6880E-58 -4.1449E-60  1.8335E-61  2.2290E-62  1.0856E-63 -2.1776E-65 -2.6533E-66
      -8.0128E-68 -3.4494E-70  3.8912E-71  7.0353E-72  3.1306E-73 -9.6607E-76 -1.9296E-76 -6.0097E-78 -4.8995E-79 -8.0974E-81
      -5.9485E-82 -3.3863E-84  3.0589E-84  8.7469E-86 -2.0161E-87 -1.9591E-88  3.8741E-91  1.8486E-91 -4.4430E-94 -1.3185E-94
       1.4138E-96  1.4136E-97  1.1467E-99 -3.8890-101 -2.1645-102 -7.6866-104 -1.5844-105 -9.6092-108  4.6090-109  1.6796-110
       3.3278-112  4.0891-114  2.9731-116 -1.7600-119 -5.7293-120 -1.2737-121 -2.0247-123 -2.6752-125 -3.4908-127 -3.9982-129
      -4.7270-131 -5.2921-133 -5.9846-135 -6.7998-137 -7.6677-139 -8.9433-141 -1.0640-142 -1.3674-144 -1.8982-146 -2.9883-148
      -5.3129-150
  79   7.6274E-51  5.7379E-50  4.1387E-49  2.6195E-48  1.4628E-47  7.2712E-47  3.2078E-46  1.2574E-45  4.4067E-45  1.3836E-44
       3.8882E-44  9.7839E-44  2.2038E-43  4.4294E-43  7.8942E-43  1.2360E-42  1.6769E-42  1.9323E-42  1.8327E-42  1.3503E-42
       6.6837E-43  9.0615E-44 -1.6803E-43 -1.3234E-43 -7.5090E-45  3.8292E-44  9.3890E-45 -9.5647E-45 -1.1983E-45  2.2068E-45
      -6.6362E-46  7.5105E-47  1.3430E-48 -9.2632E-49  1.5146E-50  7.6858E-51 -5.2679E-53 -5.2871E-53 -1.6954E-54  3.1482E-55
       1.6220E-56 -6.1358E-58 -6.1724E-59 -6.3948E-60  2.2354E-61  2.4267E-62  6.9970E-64 -2.0790E-65 -3.9721E-66 -1.0380E-67
       2.3978E-69  2.5084E-70  7.8376E-72  2.1595E-73 -5.0243E-75 -7.5931E-76 -1.7246E-77 -7.3298E-80  3.3830E-81  8.4988E-82
       2.3340E-83  1.4796E-84  7.0290E-86 -2.8443E-87 -2.1498E-88 -2.6422E-90  2.6778E-91  6.0802E-93 -1.6649E-94 -3.3409E-96
       1.3511E-97  1.5009E-99 -1.4169-100 -3.7883-102 -2.7370-104  1.3789-105  8.3260-107  2.4626-108  3.6640-110  6.5595-113
      -1.0555-113 -3.0407-115 -5.2476-117 -6.8985-119 -5.9414-121 -2.8711-123  2.8808-125  1.1273-126  2.2434-128  3.5187-130
       5.3176-132  7.5192-134  1.0683-135  1.5303-137  2.1999-139  3.2649-141  4.8944-143  7.5753-145  1.1759-146  1.8560-148
       2.9643-150
  80   3.3482E-52  2.4878E-51  1.7732E-50  1.1096E-49  6.1003E-49  2.9762E-48  1.2892E-47  4.9568E-47  1.6987E-46  5.2043E-46
       1.4257E-45  3.4922E-45  7.6453E-45  1.4915E-44  2.5762E-44  3.9004E-44  5.0994E-44  5.6315E-44  5.0689E-44  3.4710E-44
       1.4911E-44  3.2805E-47 -5.1718E-45 -3.0150E-45  3.2234E-46  1.0346E-45  9.3940E-47 -2.6962E-46  4.2446E-48  5.4755E-47
      -2.1196E-47  3.2555E-48 -9.2282E-50 -3.2115E-50  2.3598E-51  2.3840E-52 -1.9307E-53 -1.9206E-54  7.2389E-56  1.6389E-56
      -6.9622E-59 -7.2494E-59 -2.1135E-60 -6.2075E-63  2.4505E-62  6.4612E-64 -3.7221E-65 -3.5994E-66 -1.2466E-67  4.9525E-69
       4.4016E-70  1.0150E-71 -2.0321E-73 -1.9503E-74 -9.9957E-76 -2.3084E-77  8.0160E-79  5.1844E-80  1.3158E-81  3.1285E-83
      -6.4126E-85 -3.8610E-86 -2.6708E-87 -2.0282E-88 -1.3530E-90  2.9955E-91  1.2692E-92 -1.0761E-94 -1.2157E-95 -8.2069E-99
       5.5143E-99 -6.5615-101 -3.8354-102  8.2477-104  5.3139-105  1.0763-106  4.8283-109 -5.7289-110 -2.4873-111 -5.4195-113
      -6.9439-115 -9.2590-118  1.6681-118  4.5325-120  7.5608-122  1.0388-123  1.1840-125  1.0656-127  8.4797-130  2.9392-132
      -4.5986-134 -1.5562-135 -3.1270-137 -5.4403-139 -8.8579-141 -1.4200-142 -2.2255-144 -3.4897-146 -5.3383-148 -8.0663-150
      -1.2046-151
  81   1.4177E-53  1.0406E-52  7.3213E-52  4.5260E-51  2.4531E-50  1.1756E-49  4.9994E-49  1.8858E-48  6.3246E-48  1.8916E-47
       5.0516E-47  1.2048E-46  2.5647E-46  4.8575E-46  8.1322E-46  1.1905E-45  1.4997E-45  1.5863E-45  1.3528E-45  8.5629E-46
       3.0908E-46 -5.3781E-47 -1.4313E-46 -6.1673E-47  1.9769E-47  2.5079E-47 -1.4336E-48 -6.7619E-48  9.9507E-49  1.2131E-48
      -6.1660E-49  1.2161E-49 -8.0931E-51 -8.0323E-52  1.3486E-52  3.1726E-54 -1.1704E-54 -2.6147E-56  7.4138E-57  4.2047E-58
      -4.0846E-59 -2.9617E-60  7.9691E-62  9.8778E-63  8.5326E-64 -3.2391E-65 -3.7246E-66 -8.1189E-68  5.1493E-69  5.6323E-70
       1.0685E-71 -6.3082E-73 -4.4531E-74 -9.7766E-76  4.3915E-78  1.8993E-78  1.0309E-79  1.4300E-81 -5.3425E-83 -3.2653E-84
      -1.3340E-85 -2.0936E-87 -4.3404E-90  2.4264E-90  3.6854E-91  1.2377E-92 -1.0700E-94 -2.2214E-95 -3.6239E-97  1.0341E-98
       2.5234-100 -2.8642-102  5.8948-105  5.1322-105  2.6818-107 -4.2899-108 -1.5869-109 -2.9278-111 -6.5643-115  1.6802-114
       5.5925-116  1.0178-117  1.1288-119  4.7125-122 -1.5053-123 -4.6199-125 -8.5311-127 -1.2424-128 -1.7273-130 -2.1026-132
      -2.6550-134 -3.2565-136 -4.1688-138 -5.5662-140 -7.6841-142 -1.1295-143 -1.7216-145 -2.7661-147 -4.5086-149 -7.5098-151
      -1.2748-152
  82   5.7990E-55  4.2049E-54  2.9180E-53  1.7800E-52  9.5178E-52  4.4868E-51  1.8734E-50  6.9318E-50  2.2759E-49  6.6486E-49
       1.7314E-48  4.0217E-48  8.3263E-48  1.5314E-47  2.4853E-47  3.5185E-47  4.2701E-47  4.3242E-47  3.4888E-47  2.0289E-47
       5.8505E-48 -2.5237E-48 -3.6358E-48 -1.0992E-48  7.1832E-49  5.4667E-49 -1.2064E-49 -1.5150E-49  4.3974E-50  2.3338E-50
      -1.6395E-50  4.0348E-51 -4.1111E-52 -9.2894E-54  5.4255E-54 -1.5368E-55 -4.4148E-56  1.5648E-57  3.2136E-58 -2.9337E-60
      -2.4001E-60 -2.2793E-62  1.0311E-62  3.3791E-64 -2.3825E-66 -3.2594E-66 -8.5367E-68  6.2986E-69  5.0939E-70  1.1115E-71
      -9.3940E-73 -6.3064E-74 -9.0442E-76  6.4332E-77  3.8402E-78  1.0934E-79 -2.4785E-83 -1.9497E-82 -8.0622E-84 -1.1701E-85
       2.0302E-87  2.6723E-88  9.6951E-90  2.4137E-91  4.4588E-93 -3.8874E-94 -2.8702E-95 -6.2514E-97  1.6382E-98  8.9994-100
       5.9199-102 -2.2343-103 -4.0765-106  1.8802-107 -4.9877-108 -1.2421-109  1.4604-111  1.4647-112  4.1637-114  5.6080-116
      -2.3879-118 -3.2843-119 -8.8519-121 -1.5588-122 -1.8312-124 -1.5512-126 -4.3534-129  1.5689-130  4.1511-132  7.0697-134
       1.0797-135  1.5098-137  2.0971-139  2.9192-141  4.0437-143  5.7353-145  8.2234-147  1.2067-148  1.7507-150  2.5318-152
       3.6134-154
  83   2.2937E-56  1.6423E-55  1.1241E-54  6.7604E-54  3.5665E-53  1.6555E-52  6.7902E-52  2.4642E-51  7.9224E-51  2.2617E-50
       5.7458E-50  1.3003E-49  2.6189E-49  4.6788E-49  7.3621E-49  1.0081E-48  1.1788E-48  1.1427E-48  8.7097E-49  4.6227E-49
       9.7514E-50 -8.5066E-50 -8.5717E-50 -1.5706E-50  2.1205E-50  1.0617E-50 -4.5656E-51 -3.0075E-51  1.4195E-51  3.6315E-52
      -3.9882E-52  1.2079E-52 -1.6514E-53  3.9662E-55  1.6720E-55 -1.3988E-56 -1.0551E-57  1.3572E-58  7.3976E-60 -8.2202E-61
      -7.3083E-62  4.3288E-63  4.4316E-64 -8.5272E-66 -1.4089E-66 -1.0180E-67  4.3666E-69  4.9458E-70  7.3683E-72 -9.2552E-73
      -7.0253E-74 -6.7489E-76  1.1879E-76  6.2375E-78  7.2341E-80 -4.9882E-81 -3.5494E-82 -1.1177E-83  1.8432E-86  1.4365E-86
       5.6316E-88  1.2023E-89 -9.4467E-92 -1.6096E-92 -6.9412E-94 -2.5423E-95 -2.1186E-97  3.2040E-98  1.6380E-99  1.7162-101
      -7.8299-103 -2.3946-104 -1.6842-106 -2.4124-108 -9.1063-110  2.6786-111  1.6177-112  1.9266-114 -6.7895-116 -3.6181-117
      -8.5408-119 -9.8174-121  3.1680-123  3.9138-124  9.7751-126  1.7025-127  2.3804-129  2.7865-131  3.3555-133  3.7186-135
       4.6276-137  5.9647-139  8.4844-141  1.2511-142  1.8736-144  2.8805-146  4.4734-148  7.2095-150  1.1708-151  1.9422-153
       3.2699-155
  84   8.7793E-58  6.2024E-57  4.1880E-56  2.4833E-55  1.2923E-54  5.9098E-54  2.3823E-53  8.4812E-53  2.6707E-52  7.4550E-52
       1.8486E-51  4.0770E-51  7.9908E-51  1.3871E-50  2.1170E-50  2.8048E-50  3.1611E-50  2.9329E-50  2.1095E-50  1.0144E-50
       1.2969E-51 -2.4533E-51 -1.8875E-51 -1.2239E-52  5.4962E-52  1.7867E-52 -1.3443E-52 -5.1478E-53  3.8620E-53  3.4518E-54
      -8.8622E-54  3.2946E-54 -5.6802E-55  3.4351E-56  3.7918E-57 -6.5775E-58 -5.8205E-60  5.9415E-60 -3.2140E-62 -4.1728E-62
      -5.4347E-64  2.8959E-64  6.4435E-66 -1.2460E-66 -4.7145E-68  6.5332E-70  3.8617E-70  9.3731E-72 -8.9141E-73 -6.1346E-74
      -5.9509E-76  1.4445E-76  7.5034E-78  2.4935E-80 -1.2046E-80 -5.2898E-82 -7.5515E-84  3.9562E-85  3.1978E-86  8.8989E-88
       5.7742E-91 -8.7237E-91 -4.2688E-92 -9.8678E-94 -2.6234E-96  7.9569E-97  5.4401E-98  1.7602E-99  5.5082-102 -1.9303-102
      -6.8138-104 -5.9637-106  1.5025-107  4.4761-109  1.0138-110  2.6291-112  2.4553-114 -8.6294-116 -2.9418-117 -6.8285-120
       1.8026-120  6.4444-122  1.2520-123  1.5717-125  7.0132-128 -1.4174-129 -4.5614-131 -7.9214-133 -1.1673-134 -1.4553-136
      -1.8130-138 -2.2165-140 -2.9633-142 -4.2527-144 -6.3248-146 -9.6998-148 -1.4726-149 -2.2363-151 -3.3044-153 -4.7773-155
      -6.6162-157
  85   3.2553E-59  2.2671E-58  1.5107E-57  8.8353E-57  4.5344E-56  2.0432E-55  8.0991E-55  2.8300E-54  8.7327E-54  2.3847E-53
       5.7748E-53  1.2416E-52  2.3689E-52  3.9970E-52  5.9193E-52  7.5915E-52  8.2499E-52  7.3278E-52  4.9700E-52  2.1488E-52
       8.2251E-54 -6.4001E-53 -3.8972E-53  2.3344E-54  1.2913E-53  2.4058E-54 -3.4137E-54 -7.0268E-55  9.2833E-55 -3.3890E-56
      -1.7909E-55  8.2382E-56 -1.7301E-56  1.6031E-57  4.4388E-59 -2.2775E-59  9.0744E-61  1.7465E-61 -1.1525E-62 -1.1968E-63
       6.8212E-65  9.7606E-66 -3.5857E-67 -5.4709E-68  7.0551E-70  1.7283E-70  1.0689E-71 -5.1994E-73 -5.5562E-74 -4.3946E-76
       1.2928E-76  7.4182E-78 -1.2952E-80 -1.6907E-80 -6.7210E-82  8.6775E-85  1.0206E-84  4.6799E-86  8.0963E-88 -2.9178E-89
      -2.2867E-90 -6.5714E-92 -5.6714E-94  4.5711E-95  2.5382E-96  6.8732E-98  9.0281-100 -4.0462-101 -3.1342-102 -8.7304-104
      -2.4677-109  7.4097-107  2.1477-108  2.7713-110  1.4100-112 -5.4902-114 -3.0498-115 -7.4475-117 -6.2792-119  1.0290-120
       2.6110-122 -3.3917-124 -2.9104-125 -8.0620-127 -1.4122-128 -2.0003-130 -2.4661-132 -2.7946-134 -3.6967-136 -4.9794-138
      -6.7681-140 -8.4881-142 -1.0651-143 -1.3401-145 -1.6838-147 -2.2196-149 -3.0250-151 -4.4195-153 -6.7323-155 -1.1019-156
      -1.9354-158
  86   1.1716E-60  8.0361E-60  5.2851E-59  3.0498E-58  1.5434E-57  6.8521E-57  2.6721E-56  9.1701E-56  2.7744E-55  7.4154E-55
       1.7543E-54  3.6785E-54  6.8344E-54  1.1214E-53  1.6123E-53  2.0029E-53  2.1000E-53  1.7868E-53  1.1426E-53  4.4092E-54
      -2.5641E-55 -1.5506E-54 -7.5657E-55  1.5008E-55  2.7974E-55  1.8059E-56 -7.7754E-56 -5.3881E-57  2.0141E-56 -2.9597E-57
      -3.2607E-57  1.8970E-57 -4.7520E-58  5.8416E-59 -1.1259E-60 -6.1635E-61  5.7037E-62  3.1056E-63 -5.9966E-64 -1.3620E-65
       4.2063E-66  1.4636E-67 -2.8407E-68 -1.0171E-69  1.2567E-70  5.6129E-72 -9.5506E-74 -3.9385E-74 -8.3918E-76  1.0361E-76
       6.1622E-78 -1.1197E-80 -1.7465E-80 -7.0386E-82  7.5892E-84  1.5979E-84  5.3721E-86  7.6319E-90 -7.8378E-89 -3.7458E-90
      -6.5304E-92  1.5876E-93  1.4215E-94  4.7868E-96  6.6242E-98 -1.5530E-99 -1.2615-100 -4.4440-102 -6.8400-104  1.7757-105
       1.4282-106  3.5073-108  3.5143-111 -1.9556-111 -6.3542-113 -1.2543-114 -1.7809-116 -1.1095-118  3.0061-120  8.6937-122
       8.5486-124 -1.9746-126  1.2239-128  7.0720-129  2.4146-130  4.9568-132  7.7981-134  1.0061-135  1.2485-137  1.5755-139
       2.3616-141  3.7203-143  5.9967-145  9.5191-147  1.4733-148  2.2954-150  3.5529-152  5.5728-154  8.5734-156  1.3077-157
       1.9724-159
  87   4.1020E-62  2.7687E-61  1.7963E-60  1.0228E-59  5.1035E-59  2.2326E-58  8.5700E-58  2.8903E-57  8.5784E-57  2.2449E-56
       5.1905E-56  1.0619E-55  1.9222E-55  3.0688E-55  4.2866E-55  5.1617E-55  5.2261E-55  4.2637E-55  2.5728E-55  8.8076E-56
      -1.4178E-56 -3.5442E-56 -1.3835E-56  4.9804E-57  5.6486E-57 -2.8555E-58 -1.6203E-57  8.0068E-59  3.9879E-58 -1.0178E-58
      -5.2447E-59  4.0363E-59 -1.1903E-59  1.8142E-60 -9.8115E-62 -1.2612E-62  2.2051E-63 -7.7368E-66 -1.9874E-65  6.0063E-67
       1.3740E-67 -3.6048E-69 -1.0213E-69  2.0835E-71  5.5400E-72 -3.5632E-74 -1.7531E-74 -9.6608E-76  5.1774E-77  5.1691E-78
       7.9137E-81 -1.3999E-80 -6.3717E-82  9.2842E-84  1.8045E-84  5.4074E-86 -9.8467E-88 -1.2864E-88 -4.3604E-90 -1.6465E-92
       5.2194E-93  2.5671E-94  5.5427E-96 -2.8831E-98 -6.9595E-99 -2.7148-100 -5.5467-102 -4.1391-105  4.8502-105  2.0171-106
       3.5769-108 -5.1022-110 -4.5582-111 -1.0656-112 -6.9772-115  3.4442-116  1.5024-117  3.9172-119  7.1499-121  9.2590-123
       1.0253-124  1.0685-126  1.5476-128  2.4717-130  2.6755-132  2.1945-134  1.8700-136  4.2785-138  6.3091-140  1.7646-142
      -1.1024-143 -3.9489-145 -9.4675-147 -1.9604-148 -3.7742-150 -7.0277-152 -1.2436-153 -2.1005-155 -3.2934-157 -4.8969-159
      -7.0015-161
  88   1.3995E-63  9.2875E-63  5.9397E-62  3.3359E-61  1.6415E-60  7.0784E-60  2.6757E-59  8.8733E-59  2.5849E-58  6.6263E-58
       1.4980E-57  2.9919E-57  5.2800E-57  8.2076E-57  1.1147E-56  1.3023E-56  1.2748E-56  9.9877E-57  5.6978E-57  1.7243E-57
      -4.6238E-58 -7.7307E-58 -2.3858E-58  1.3321E-58  1.0719E-58 -1.7753E-59 -3.1272E-59  5.0619E-60  7.2490E-60 -2.6925E-60
      -7.1197E-61  7.9564E-61 -2.7407E-61  4.9798E-62 -4.1478E-63 -1.5260E-64  6.5159E-65 -3.1480E-66 -4.5836E-67  4.3790E-68
       2.5580E-69 -3.1937E-70 -1.9727E-71  2.2110E-72  1.1671E-73 -1.0168E-74 -5.5290E-76  9.0699E-78  3.3236E-78  6.1704E-80
      -9.5336E-81 -5.0609E-82  5.8369E-84  1.6016E-84  4.9966E-86 -1.4154E-87 -1.5233E-88 -3.9647E-90  6.6697E-92  8.8566E-93
       3.0840E-94  2.4692E-96 -2.6565E-97 -1.4930E-98 -3.8365-100 -2.2602-102  2.4983-103  1.2802-104  3.3195-106  3.4677-108
      -1.1286-109 -6.4561-111 -1.0928-112  1.4383-114  1.1895-115  2.9547-117  3.4929-119 -1.8586-121 -2.3842-122 -7.3664-124
      -1.6238-125 -2.8160-127 -4.3933-129 -6.9857-131 -9.8975-133 -1.4295-134 -2.0143-136 -2.6863-138 -3.9089-140 -5.3425-142
      -7.6137-144 -1.0319-145 -1.4003-147 -1.8801-149 -2.4326-151 -3.0851-153 -3.7562-155 -4.7115-157 -6.2300-159 -9.0870-161
      -1.4815-162
  89   4.6563E-65  3.0356E-64  1.9122E-63  1.0591E-62  5.1411E-62  2.1863E-61  8.1434E-61  2.6569E-60  7.6006E-60  1.9097E-59
       4.2241E-59  8.2417E-59  1.4190E-58  2.1496E-58  2.8412E-58  3.2243E-58  3.0560E-58  2.3042E-58  1.2465E-58  3.3370E-59
      -1.2516E-59 -1.6239E-59 -3.8814E-60  3.1615E-60  1.9250E-60 -5.4968E-61 -5.6384E-61  1.5530E-61  1.2128E-61 -6.1448E-62
      -7.0703E-63  1.4564E-62 -5.8380E-63  1.2319E-63 -1.3474E-64  1.5122E-66  1.5418E-66 -1.4796E-67 -6.0875E-69  1.6122E-69
      -7.9792E-73 -1.1534E-71  2.7800E-74  8.3247E-74 -4.6282E-76 -4.4740E-76 -6.2554E-79  1.3956E-78  7.3114E-80 -4.0442E-81
      -3.8880E-82  9.7404E-85  1.1354E-84  4.3002E-86 -1.1622E-87 -1.4105E-88 -3.2335E-90  1.2617E-91  1.0811E-92  2.7706E-94
      -3.1612E-96 -5.1675E-97 -1.9921E-98 -2.9223-100  8.9828-102  6.9168-103  2.2247-104  3.5681-106 -3.4361-108 -4.1048-109
      -1.3997-110 -2.4399-112  3.6257-115  1.1558-115  1.9545-117 -3.5805-119 -2.5672-120 -7.2208-122 -1.2341-123 -1.0289-125
       8.8728-128  6.0424-129  1.5288-130  3.0627-132  5.0481-134  7.8175-136  1.1029-137  1.5906-139  2.5721-141  3.9305-143
       6.2238-145  9.6138-147  1.5259-148  2.4357-150  3.7797-152  5.7543-154  8.4597-156  1.2487-157  1.8282-159  2.6746-161
       3.8258-163
  90   1.5122E-66  9.6746E-66  5.9995E-65  3.2772E-64  1.5700E-63  6.5886E-63  2.4193E-62  7.7702E-62  2.1842E-61  5.3826E-61
       1.1658E-60  2.2239E-60  3.7390E-60  5.5246E-60  7.1141E-60  7.8529E-60  7.2197E-60  5.2517E-60  2.7056E-60  6.4518E-61
      -3.0544E-61 -3.3106E-61 -5.9569E-62  6.9252E-62  3.2940E-62 -1.3643E-62 -9.5670E-63  3.7865E-63  1.8668E-63 -1.2640E-63
      -1.2377E-65  2.4812E-64 -1.1569E-64  2.7815E-65 -3.7090E-66  1.6514E-67  2.8785E-68 -4.7127E-69  4.6459E-71  4.1755E-71
      -2.0519E-72 -2.5931E-73  1.7044E-74  1.8181E-75 -1.2821E-76 -1.0135E-77  6.0928E-79  4.2790E-80 -5.2660E-82 -2.2200E-82
      -3.9960E-84  6.5348E-85  3.3058E-86 -5.5995E-88 -1.0676E-88 -2.6791E-90  1.2415E-91  1.0246E-92  2.0933E-94 -7.5550E-96
      -6.3201E-97 -1.7759E-98  1.8062-101  2.3282-101  1.0189-102  2.0376-104 -9.5722-107 -2.3830-107 -9.5684-109 -2.1700-110
      -2.0786-112  6.7907-114  3.6418-115  8.2665-117  1.0207-118  4.3000-121  1.8651-122  1.6138-123  6.3481-125  1.6347-126
       3.3696-128  5.4841-130  7.6399-132  1.0481-133  1.3248-135  2.1238-137  3.3352-139  4.2183-141  5.1355-143  4.5606-145
       1.8148-147 -7.4808-149 -2.8954-150 -6.9513-152 -1.3494-153 -2.3762-155 -3.9842-157 -6.5276-159 -1.0064-160 -1.4512-162
      -1.9166-164
  91   4.8005E-68  3.0108E-67  1.8376E-66  9.9014E-66  4.6836E-65  1.9404E-64  7.0276E-64  2.2231E-63  6.1445E-63  1.4864E-62
       3.1547E-62  5.8889E-62  9.6768E-62  1.3961E-61  1.7536E-61  1.8858E-61  1.6851E-61  1.1862E-61  5.8509E-62  1.2617E-62
      -6.9509E-63 -6.5954E-63 -8.6356E-64  1.4301E-63  5.4128E-64 -2.9984E-64 -1.5386E-64  8.1192E-65  2.6334E-65 -2.3986E-65
       1.7260E-66  3.9440E-66 -2.1441E-66  5.7842E-67 -8.9992E-68  6.3640E-69  3.7813E-70 -1.1848E-70  5.8423E-72  7.8190E-73
      -8.9224E-74 -3.0073E-75  6.9129E-76  1.5700E-77 -5.0743E-78 -5.9300E-80  2.7047E-80  3.1253E-82 -8.1732E-83 -4.5108E-84
       2.2479E-85  2.2733E-86 -4.0776E-89 -6.4946E-89 -2.2277E-90  7.8107E-92  7.8621E-93  1.5185E-94 -8.3103E-96 -5.9615E-97
      -1.2279E-98  3.1074-100  3.0840-101  9.9886-103  6.8493-105 -8.0220-106 -4.3437-107 -1.1865-108 -1.1904-110  4.8889-112
       3.0593-113  9.3327-115  1.6885-116  1.4031-118 -2.2291-120 -1.1114-121 -2.3123-123 -4.8948-125 -1.4353-126 -4.5098-128
      -1.2515-129 -2.8562-131 -5.6698-133 -1.0553-134 -1.6878-136 -2.6762-138 -4.2426-140 -6.3398-142 -9.9613-144 -1.4761-145
      -2.3031-147 -3.3842-149 -4.7166-151 -6.1600-153 -7.5602-155 -8.7243-157 -8.7008-159 -8.0432-161 -7.1488-163 -7.9192-165
      -1.6668-166
  92   1.4927E-69  9.1705E-69  5.5079E-68  2.9276E-67  1.3675E-66  5.5947E-66  1.9994E-65  6.2331E-65  1.6952E-64  4.0283E-64
       8.3853E-64  1.5330E-63  2.4645E-63  3.4755E-63  4.2643E-63  4.4749E-63  3.8954E-63  2.6623E-63  1.2654E-63  2.5281E-64
      -1.5000E-64 -1.2918E-64 -1.1918E-65  2.8229E-65  8.6259E-66 -6.0758E-66 -2.3653E-66  1.5957E-66  3.3717E-67 -4.2650E-67
       5.9245E-68  5.8669E-68 -3.7374E-68  1.1160E-68 -1.9650E-69  1.8180E-70  1.2938E-72 -2.4585E-72  2.1675E-73  8.9476E-75
      -2.4860E-75  3.4814E-77  1.7061E-77 -5.0303E-79 -1.1826E-79  4.6588E-81  6.3912E-82 -2.3598E-83 -2.4403E-84  1.0425E-86
       1.0998E-86  2.4660E-88 -3.0062E-89 -1.6230E-90  2.6468E-92  4.9683E-93  1.1656E-94 -5.9630E-96 -4.6098E-97 -8.2652E-99
       3.8675-100  2.8263-101  7.0231-103 -6.8952-105 -1.1872-105 -4.4147-107 -7.2456-109  1.3108-110  1.3136-111  4.5322-113
       8.8771-115  2.3018-117 -5.4515-118 -2.3382-119 -6.2767-121 -1.1777-122 -1.7377-124 -2.5761-126 -3.4530-128 -2.9099-130
       4.0571-132  3.2251-133  9.8241-135  2.0536-136  2.9457-138  4.3259-140  6.6334-142  1.0527-143  2.1069-145  4.5843-147
       9.7069-149  1.7830-150  2.9967-152  4.9181-154  8.1079-156  1.2859-157  1.8310-159  2.6005-161  3.5162-163  4.4499-165
       6.2603-167
  93   4.5565E-71  2.7403E-70  1.6191E-69  8.4882E-69  3.9153E-68  1.5819E-67  5.5805E-67  1.7155E-66  4.5939E-66  1.0732E-65
       2.1927E-65  3.9296E-65  6.1865E-65  8.5388E-65  1.0249E-64  1.0515E-64  8.9390E-65  5.9533E-65  2.7461E-65  5.2478E-66
      -3.0967E-66 -2.5007E-66 -1.6101E-67  5.3781E-67  1.3510E-67 -1.1604E-67 -3.5147E-68  2.9407E-68  3.8380E-69 -7.1921E-69
       1.4008E-69  8.2009E-70 -6.1619E-70  2.0102E-70 -3.9114E-71  4.3407E-72 -1.1086E-73 -4.2576E-74  5.7113E-75 -2.6132E-77
      -5.2074E-77  2.8951E-78  2.8109E-79 -2.6737E-80 -1.6442E-81  2.0816E-82  7.6118E-84 -1.1123E-84 -2.9140E-86  3.1759E-87
       2.1727E-88 -7.1247E-90 -9.4523E-91 -4.1834E-93  2.4481E-93  8.8669E-95 -2.7482E-96 -2.9185E-97 -6.0419E-99  2.7846-100
       2.0513-101  4.0344-103 -1.2561-104 -1.1097-105 -3.1909-107 -9.0927-110  3.1152-110  1.5205-111  3.4431-113  3.2613-116
      -2.8865-116 -1.3159-117 -3.4412-119 -5.4922-121 -6.3708-124  3.0972-124  1.1892-125  3.1975-127  7.0995-129  1.4106-130
       2.7963-132  5.0061-134  8.7163-136  1.6321-137  2.7691-139  4.6734-141  7.7067-143  1.1750-144  1.8315-146  2.4503-148
       3.0770-150  3.1686-152  2.0085-154 -2.6622-156 -1.3605-157 -2.9213-159 -4.2629-161 -7.3937-163 -1.4452-164 -2.0732-166
      -2.4258-168
  94   1.3676E-72  8.0479E-72  4.6758E-71  2.4168E-70  1.1006E-69  4.3927E-69  1.5302E-68  4.6411E-68  1.2246E-67  2.8144E-67
       5.6488E-67  9.9329E-67  1.5332E-66  2.0740E-66  2.4392E-66  2.4515E-66  2.0404E-66  1.3293E-66  5.9962E-67  1.1351E-67
      -6.1367E-68 -4.8045E-68 -2.2888E-69  9.9636E-69  2.1162E-69 -2.1184E-69 -5.1279E-70  5.1583E-70  3.7074E-71 -1.1623E-70
       2.7975E-71  1.0845E-71 -9.6691E-72  3.3997E-72 -7.1614E-73  9.0540E-74 -4.4128E-75 -6.0865E-76  1.2167E-76 -4.5279E-78
      -8.4645E-79  8.9133E-80  2.4557E-81 -7.0354E-82 -4.0940E-84  5.0514E-84 -4.8425E-86 -2.6800E-86  3.9500E-88  9.3533E-89
       1.0103E-90 -3.4989E-91 -1.2241E-92  8.0447E-94  5.5487E-95 -4.5293E-97 -1.4680E-97 -4.2935E-99  1.2482-100  1.2347-101
       2.4502-103 -1.0001-104 -7.7700-106 -1.9298-107  1.7522-109  3.0071-110  1.1078-111  1.4275-113 -6.1297-115 -4.0510-116
      -1.2440-117 -2.0247-119  1.6950-121  2.2707-122  8.4977-124  2.0149-125  3.4665-127  4.4430-129 -7.4774-133 -2.0435-132
      -7.1498-134 -1.6650-135 -3.1273-137 -5.6004-139 -9.1762-141 -1.4540-142 -2.4933-144 -4.8049-146 -9.2448-148 -1.5167-149
      -2.5041-151 -4.1721-153 -7.0290-155 -1.0626-156 -1.2966-158 -1.5117-160 -1.8673-162 -2.1497-164 -2.1617-166 -1.7148-168
      -2.4158-170
  95   4.0411E-74  2.3256E-73  1.3279E-72  6.7645E-72  3.0414E-71  1.1994E-70  4.1278E-70  1.2359E-69  3.2152E-69  7.2751E-69
       1.4357E-68  2.4797E-68  3.7573E-68  4.9884E-68  5.7585E-68  5.6808E-68  4.6412E-68  2.9690E-68  1.3195E-68  2.5559E-69
      -1.1656E-69 -9.1866E-70 -3.8560E-71  1.8048E-70  3.3858E-71 -3.7327E-71 -7.5065E-72  8.7061E-72  2.6708E-73 -1.8172E-72
       5.0210E-73  1.3729E-73 -1.4538E-73  5.4268E-74 -1.2140E-74  1.6860E-75 -1.1122E-76 -6.8781E-78  2.2013E-78 -1.4175E-79
      -1.0386E-80  1.9380E-81 -2.0424E-83 -1.2982E-83  4.6141E-85  8.3566E-86 -4.5278E-87 -4.0760E-88  2.5728E-89  1.4188E-90
      -5.9610E-92 -7.0316E-93  5.6886E-95  2.4402E-95  4.0770E-97 -5.2225E-98 -2.5782E-99  2.2308-101  5.8506-102  1.6346-103
      -4.5125-105 -4.3062-106 -1.0682-107  1.4040-109  1.9210-110  6.0147-112  1.6644-114 -6.6363-115 -3.0342-116 -6.4832-118
      -1.1124-120  5.7298-121  2.6116-122  6.3437-124  8.2109-126 -7.0891-128 -7.4962-129 -2.7560-130 -7.2179-132 -1.4944-133
      -3.0275-135 -5.7347-137 -9.8770-139 -1.6618-140 -2.8486-142 -5.4029-144 -8.6984-146 -1.2850-147 -2.0594-149 -2.4552-151
      -1.4768-153  1.3079-155  5.9758-157  1.8305-158  4.2339-160  6.8481-162  1.0827-163  1.5511-165  2.1344-167  3.1300-169
       3.8243-171
  96   1.1767E-75  6.6185E-75  3.7117E-74  1.8632E-73  8.2719E-73  3.2241E-72  1.0968E-71  3.2438E-71  8.3258E-71  1.8562E-70
       3.6050E-70  6.1227E-70  9.1192E-70  1.1901E-69  1.3507E-69  1.3105E-69  1.0536E-69  6.6426E-70  2.9293E-70  5.9529E-71
      -2.1038E-71 -1.7498E-71 -8.2061E-73  3.2079E-72  5.6456E-73 -6.3915E-73 -1.1319E-73  1.4254E-73  6.6795E-76 -2.7727E-74
       8.3307E-75  1.6996E-75 -2.1097E-75  8.2163E-76 -1.9154E-76  2.8372E-77 -2.2299E-78 -5.3408E-80  3.4807E-80 -3.0750E-81
      -8.3291E-83  3.3503E-83 -1.3098E-84 -1.8045E-85  1.4557E-86  9.5099E-88 -1.1735E-88 -3.5058E-90  6.2134E-91  8.3369E-93
      -1.8930E-93 -7.4046E-95  5.4534E-96  3.6351E-97 -8.2167E-99 -1.1293E-99 -1.4323-101  1.9102-102  9.2097-104 -6.6623-106
      -1.8625-106 -5.6528-108  3.9883-110  9.0484-111  2.9169-112 -8.8135-115 -4.1321-115 -1.6559-116 -2.5918-118  4.9058-120
       4.6382-121  1.5277-122  1.8976-124 -4.0593-126 -2.9499-127 -9.8231-129 -2.1680-130 -3.1442-132 -1.4159-134  4.0503-136
       1.4862-137  5.2238-139  1.5278-140  3.0498-142  4.9404-144  8.4256-146  1.3273-147  2.0183-149  4.5047-151  9.2116-153
       1.6400-154  2.7151-156  4.3390-158  5.5841-160  4.7732-162  2.3259-164 -5.9229-167 -1.3614-167 -3.5389-169 -4.9633-171
      -6.4277-173
  97   3.3813E-77  1.8573E-76  1.0226E-75  5.0581E-75  2.2176E-74  8.5458E-74  2.8748E-73  8.4024E-73  2.1292E-72  4.6810E-72
       8.9563E-72  1.4976E-71  2.1954E-71  2.8202E-71  3.1520E-71  3.0134E-71  2.3897E-71  1.4901E-71  6.5611E-72  1.4218E-72
      -3.5304E-73 -3.3161E-73 -2.0435E-74  5.6041E-74  9.9314E-75 -1.0680E-74 -1.8012E-75  2.2768E-75 -1.6416E-77 -4.1604E-76
       1.2972E-76  2.1293E-77 -2.9763E-77  1.1852E-77 -2.8235E-78  4.3458E-79 -3.7861E-80 -9.2658E-83  4.9298E-82 -5.3563E-83
      -8.5103E-86  4.8616E-85 -3.0482E-86 -1.9238E-87  2.7917E-88  6.2749E-90 -2.0290E-90  1.9506E-93  9.9445E-93 -1.3407E-94
      -3.1644E-95 -1.2348E-97  1.1560E-97  2.7324E-99 -2.7754-100 -1.3127-101  2.5963-103  3.5474-104  5.3137-106 -5.3457-107
      -2.6507-108 -1.5872-110  2.9242-111  1.2795-112  2.0291-115 -1.7308-115 -7.2370-117 -1.1916-118  2.4618-120  2.1570-121
       5.8991-123  1.3666-125 -4.6800-126 -2.0102-127 -5.0924-129 -4.7864-131  1.5663-132  7.8923-134  2.1822-135  4.8037-137
       9.5953-139  1.8410-140  4.0725-142  9.0302-144  1.6414-145  3.1572-147  6.1861-149  1.0465-150  1.5647-152  2.1306-154
       3.3687-156  3.7972-158  1.9501-160 -5.9845-163 -3.4404-164 -7.8466-166 -1.2287-167 -1.9584-169 -1.6627-171 -1.0011-173
      -1.6398-175
  98   9.6032E-79  5.1482E-78  2.7822E-77  1.3557E-76  5.8701E-76  2.2368E-75  7.4431E-75  2.1509E-74  5.3845E-74  1.1684E-73
       2.2045E-73  3.6333E-73  5.2492E-73  6.6472E-73  7.3276E-73  6.9153E-73  5.4214E-73  3.3542E-73  1.4826E-73  3.4543E-74
      -5.2034E-75 -6.2292E-75 -5.3209E-76  9.6160E-76  1.8410E-76 -1.7443E-76 -3.0579E-77  3.5600E-77 -2.0039E-79 -6.1745E-78
       1.9109E-78  2.8176E-79 -4.1094E-79  1.6346E-79 -3.8981E-80  6.0789E-81 -5.5679E-82  4.8925E-84  6.4251E-84 -7.8740E-85
       9.7044E-87  6.1870E-87 -4.9947E-88 -1.6016E-89  4.0842E-90 -5.5225E-93 -2.7209E-92  5.5977E-94  1.2108E-94 -4.3005E-96
      -3.6582E-97  9.4166E-99  1.5331E-99  1.5161-102 -4.1348-102 -9.0733-104  7.0256-105  3.7781-106 -4.5079-108 -8.5464-109
      -2.1510-110  3.8874-112  4.1185-113  6.4433-115 -4.4747-116 -2.5406-117 -5.9481-119  1.2233-121  6.6686-122  1.9299-123
       7.6234-127 -1.7156-126 -7.2179-128 -1.3841-129  1.1119-131  1.5710-132  5.4211-134  1.3889-135  2.2636-137  2.3020-139
       3.4845-141  9.2675-143  2.4817-144  7.5814-146  1.8568-147  4.6216-149  8.4186-151  1.3191-152  2.2766-154  2.7751-156
       2.8627-158  2.2898-160 -4.3299-163 -3.1304-164 -4.3588-166 -4.9612-168 -3.3262-170  4.6653-172  8.5982-174  2.1921-175
       2.7204-177
  99   2.7004E-80  1.4124E-79  7.4888E-79  3.5942E-78  1.5366E-77  5.7897E-77  1.9059E-76  5.4478E-76  1.3482E-75  2.8897E-75
       5.3825E-75  8.7540E-75  1.2480E-74  1.5601E-74  1.6988E-74  1.5853E-74  1.2313E-74  7.5807E-75  3.3789E-75  8.4848E-76
      -5.4975E-77 -1.1510E-76 -1.3605E-77  1.6149E-77  3.5491E-78 -2.7805E-78 -5.4952E-79  5.4525E-79  4.9763E-81 -9.0924E-80
       2.6697E-80  4.0638E-81 -5.5799E-81  2.1604E-81 -5.0430E-82  7.7615E-83 -7.1201E-84  7.9348E-86  7.9277E-86 -9.9486E-87
       1.6306E-88  7.2249E-89 -6.4489E-90 -1.2110E-91  4.9638E-92 -6.1693E-94 -3.0945E-94  8.9630E-96  1.2409E-96 -6.4172E-98
      -3.3731E-99  1.7516-100  1.5951-101 -1.2763-103 -4.1611-104 -3.3247-106  9.2564-107  2.9240-108 -1.0091-109 -8.3957-111
      -1.5030-112  6.1344-114  3.3374-115 -2.0573-117 -5.7714-118 -2.2529-119 -3.4805-121  1.1666-122  6.6996-124  1.0469-125
      -1.2627-127 -1.3698-128 -2.3752-130  6.9306-132  5.2645-133  1.8744-134  4.0019-136  5.9584-138  3.2011-140 -8.0192-142
      -1.9160-143 -1.4450-145  3.4481-147  3.1089-148  9.6374-150  2.1870-151  6.5590-153  9.4586-155  1.3108-156  2.3449-158
       3.0756-160  2.5926-162  1.0339-164  7.2683-167  3.4458-168  9.4525-170  1.6399-171  2.3816-173  2.7010-175  2.8707-177
       3.4929-179
 100   7.5333E-82  3.8455E-81  1.9997E-80  9.4413E-80  3.9826E-79  1.4836E-78  4.8322E-78  1.3667E-77  3.3456E-77  7.0896E-77
       1.3050E-76  2.0968E-76  2.9537E-76  3.6499E-76  3.9316E-76  3.6339E-76  2.8018E-76  1.7212E-76  7.7647E-77  2.0985E-77
       1.7860E-79 -2.0628E-78 -3.3352E-79  2.6348E-79  6.9840E-80 -4.3024E-80 -1.0235E-80  8.1585E-81  3.0452E-82 -1.3286E-81
       3.5241E-82  6.3706E-83 -7.4662E-83  2.7355E-83 -6.0983E-84  8.9932E-85 -7.8100E-86  2.3334E-88  9.4224E-88 -1.0733E-88
       1.0158E-90  7.9948E-91 -6.7356E-92 -1.3670E-93  5.2608E-94 -4.2955E-96 -3.1934E-96  7.1333E-98  1.1659E-98 -6.6216-100
      -3.1394-101  1.6910-102  1.6089-103  4.5204-106 -3.0866-106  7.7477-109  9.2882-109  2.9935-110 -4.3999-112 -6.0143-113
      -8.4818-115  6.7288-116  2.8619-117  8.0212-120 -3.4820-120 -1.3205-121 -1.0090-125  1.5774-124  6.6296-126  1.4504-127
       8.7042-130 -3.4409-131  4.9065-134  7.4490-134  3.8816-135  1.1361-136  2.2382-138  3.7995-140  4.6853-142  3.5685-144
       4.8056-146  1.7337-147  5.8340-149  2.4270-150  7.3231-152  1.7810-153  4.0651-155  9.3097-157  1.9980-158  2.9922-160
       5.5034-162  6.2801-164  6.3582-166  8.0130-168  1.0137-169  1.1730-171  9.0672-174  1.0826-175 -7.7224-178 -1.0733-179
      -1.7686-181
 101   2.1486E-83  1.0733E-82  5.4865E-82  2.5498E-81  1.0583E-80  3.8814E-80  1.2483E-79  3.4949E-79  8.4692E-79  1.7755E-78
       3.2312E-78  5.1318E-78  7.1454E-78  8.7306E-78  9.3059E-78  8.5212E-78  6.5233E-78  3.9984E-78  1.8239E-78  5.2458E-79
       3.4834E-80 -3.5703E-80 -7.6470E-81  4.2562E-81  1.3690E-81 -6.6081E-82 -1.9057E-82  1.2188E-82  8.5559E-84 -1.9531E-83
       4.5860E-84  1.0149E-84 -1.0034E-84  3.4420E-85 -7.2621E-86  1.0159E-86 -8.1294E-88 -9.0747E-90  1.1056E-89 -1.0716E-90
      -3.3529E-93  8.6242E-93 -6.6165E-94 -1.8417E-95  5.3754E-96  2.9537E-98 -3.1254E-98  3.0531-100  1.0357-100 -6.6168-102
      -3.3310-103  1.1221-104  1.6534-105  3.4416-107 -1.5979-108  6.0716-110  9.9380-111  4.6591-112  9.4486-114 -8.9959-116
       1.0899-116  1.1368-117  4.8902-119  1.2779-120  9.5111-123  5.5714-124  5.2246-125  2.5187-126  8.8525-128  1.4753-129
      -1.6736-132 -3.2306-133 -1.8289-135  4.0395-136  1.1918-137  6.0420-139  8.9229-141 -5.5228-143 -4.2120-144 -1.5843-145
      -3.5053-147 -7.3744-149 -1.3690-150 -1.7991-152 -3.8300-154 -7.1144-156 -2.6830-158  1.2547-159  2.7552-161 -3.9520-163
      -8.8185-165 -1.1360-165 -3.6286-167 -7.5798-169 -1.3708-170 -2.1729-172 -2.8444-174 -3.2696-176 -4.4626-178 -5.5435-180
      -5.7182-182

 CONCENTRATION WILL BE SAVED ON UNIT 1029 AT END OF TIME STEP    1, STRESS PERIOD    1


  MASS BUDGET FOR ENTIRE MODEL AT END OF TIME STEP    1, STRESS PERIOD   1
  ---------------------------------------------------------------------------------------------------

     CUMULATIVE MASS      M       RATES FOR THIS TIME STEP      M/T          PACKAGE NAME    
     ------------------                 ------------------------                     ----------------

           IN:                                      IN:
           ---                                      ---
     STORAGE-AQUEOUS =       1.0871E-02       STORAGE-AQUEOUS =       1.0871E-02     MST                              
                 WEL =           0.0000                   WEL =           0.0000     SSM_WEL-1                        
                 CHD =           0.0000                   CHD =           0.0000     SSM_CHD-1                        
                 CNC =       29548.7760                   CNC =       29548.7760     CNC                              

            TOTAL IN =       29548.7869              TOTAL IN =       29548.7869

          OUT:                                     OUT:
          ----                                     ----
     STORAGE-AQUEOUS =       26669.0298       STORAGE-AQUEOUS =       26669.0298     MST                              
                 WEL =       1.2086E-03                   WEL =       1.2086E-03     SSM_WEL-1                        
                 CHD =      3.3243E-139                   CHD =      3.3243E-139     SSM_CHD-1                        
                 CNC =        2879.7558                   CNC =        2879.7558     CNC                              

           TOTAL OUT =       29548.7869             TOTAL OUT =       29548.7869

            IN - OUT =       1.7604E-08              IN - OUT =       1.7604E-08

 PERCENT DISCREPANCY =           0.00     PERCENT DISCREPANCY =           0.00




         TIME SUMMARY AT END OF TIME STEP    1 IN STRESS PERIOD    1
                    SECONDS     MINUTES      HOURS       DAYS        YEARS
                    -----------------------------------------------------------
   TIME STEP LENGTH  86400.      1440.0      24.000      1.0000     2.73785E-03
 STRESS PERIOD TIME  86400.      1440.0      24.000      1.0000     2.73785E-03
         TOTAL TIME  86400.      1440.0      24.000      1.0000     2.73785E-03


end timestep


start timestep kper="2" kstp="1" mode="normal"


 END OF FILE DETECTED IN OUTPUT CONTROL.
 CURRENT OUTPUT CONTROL SETTINGS WILL BE 
 REPEATED UNTIL THE END OF THE SIMULATION.

 OUTPUT CONTROL FOR STRESS PERIOD 2 IS REPEATED USING SETTINGS FROM A PREVIOUS STRESS PERIOD.

end timestep


start timestep kper="2" kstp="2" mode="normal"


end timestep


start timestep kper="2" kstp="3" mode="normal"


end timestep


start timestep kper="2" kstp="4" mode="normal"


end timestep


start timestep kper="2" kstp="5" mode="normal"


end timestep


start timestep kper="2" kstp="6" mode="normal"


end timestep


start timestep kper="2" kstp="7" mode="normal"


end timestep


start timestep kper="2" kstp="8" mode="normal"


end timestep


start timestep kper="2" kstp="9" mode="normal"


end timestep


start timestep kper="2" kstp="10" mode="normal"


end timestep


start timestep kper="2" kstp="11" mode="normal"


end timestep


start timestep kper="2" kstp="12" mode="normal"


end timestep


start timestep kper="2" kstp="13" mode="normal"


end timestep


start timestep kper="2" kstp="14" mode="normal"


end timestep


start timestep kper="2" kstp="15" mode="normal"


end timestep


start timestep kper="2" kstp="16" mode="normal"


end timestep


start timestep kper="2" kstp="17" mode="normal"


end timestep


start timestep kper="2" kstp="18" mode="normal"


end timestep


start timestep kper="2" kstp="19" mode="normal"


end timestep


start timestep kper="2" kstp="20" mode="normal"


end timestep


start timestep kper="2" kstp="21" mode="normal"


end timestep


start timestep kper="2" kstp="22" mode="normal"


end timestep


start timestep kper="2" kstp="23" mode="normal"


end timestep


start timestep kper="2" kstp="24" mode="normal"


end timestep


start timestep kper="2" kstp="25" mode="normal"


end timestep


start timestep kper="2" kstp="26" mode="normal"


end timestep


start timestep kper="2" kstp="27" mode="normal"


end timestep


start timestep kper="2" kstp="28" mode="normal"


end timestep


start timestep kper="2" kstp="29" mode="normal"


end timestep


start timestep kper="2" kstp="30" mode="normal"


end timestep


start timestep kper="2" kstp="31" mode="normal"


end timestep


start timestep kper="2" kstp="32" mode="normal"


end timestep


start timestep kper="2" kstp="33" mode="normal"


end timestep


start timestep kper="2" kstp="34" mode="normal"


end timestep


start timestep kper="2" kstp="35" mode="normal"


end timestep


start timestep kper="2" kstp="36" mode="normal"


end timestep


start timestep kper="2" kstp="37" mode="normal"


end timestep


start timestep kper="2" kstp="38" mode="normal"


end timestep


start timestep kper="2" kstp="39" mode="normal"


end timestep


start timestep kper="2" kstp="40" mode="normal"


end timestep


start timestep kper="2" kstp="41" mode="normal"


end timestep


start timestep kper="2" kstp="42" mode="normal"


end timestep


start timestep kper="2" kstp="43" mode="normal"


end timestep


start timestep kper="2" kstp="44" mode="normal"


end timestep


start timestep kper="2" kstp="45" mode="normal"


end timestep


start timestep kper="2" kstp="46" mode="normal"


end timestep


start timestep kper="2" kstp="47" mode="normal"


end timestep


start timestep kper="2" kstp="48" mode="normal"


end timestep


start timestep kper="2" kstp="49" mode="normal"


end timestep


start timestep kper="2" kstp="50" mode="normal"


end timestep


start timestep kper="2" kstp="51" mode="normal"


end timestep


start timestep kper="2" kstp="52" mode="normal"


end timestep


start timestep kper="2" kstp="53" mode="normal"


end timestep


start timestep kper="2" kstp="54" mode="normal"


end timestep


start timestep kper="2" kstp="55" mode="normal"


end timestep


start timestep kper="2" kstp="56" mode="normal"


end timestep


start timestep kper="2" kstp="57" mode="normal"


end timestep


start timestep kper="2" kstp="58" mode="normal"


end timestep


start timestep kper="2" kstp="59" mode="normal"


end timestep


start timestep kper="2" kstp="60" mode="normal"


end timestep


start timestep kper="2" kstp="61" mode="normal"


end timestep


start timestep kper="2" kstp="62" mode="normal"


end timestep


start timestep kper="2" kstp="63" mode="normal"


end timestep


start timestep kper="2" kstp="64" mode="normal"


end timestep


start timestep kper="2" kstp="65" mode="normal"


end timestep


start timestep kper="2" kstp="66" mode="normal"


end timestep


start timestep kper="2" kstp="67" mode="normal"


end timestep


start timestep kper="2" kstp="68" mode="normal"


end timestep


start timestep kper="2" kstp="69" mode="normal"


end timestep


start timestep kper="2" kstp="70" mode="normal"


end timestep


start timestep kper="2" kstp="71" mode="normal"


end timestep


start timestep kper="2" kstp="72" mode="normal"


end timestep


start timestep kper="2" kstp="73" mode="normal"


end timestep


start timestep kper="2" kstp="74" mode="normal"


end timestep


start timestep kper="2" kstp="75" mode="normal"


end timestep


start timestep kper="2" kstp="76" mode="normal"


end timestep


start timestep kper="2" kstp="77" mode="normal"


end timestep


start timestep kper="2" kstp="78" mode="normal"


end timestep


start timestep kper="2" kstp="79" mode="normal"


end timestep


start timestep kper="2" kstp="80" mode="normal"


end timestep


start timestep kper="2" kstp="81" mode="normal"


end timestep


start timestep kper="2" kstp="82" mode="normal"


end timestep


start timestep kper="2" kstp="83" mode="normal"


end timestep


start timestep kper="2" kstp="84" mode="normal"


end timestep


start timestep kper="2" kstp="85" mode="normal"


end timestep


start timestep kper="2" kstp="86" mode="normal"


end timestep


start timestep kper="2" kstp="87" mode="normal"


end timestep


start timestep kper="2" kstp="88" mode="normal"


end timestep


start timestep kper="2" kstp="89" mode="normal"


end timestep


start timestep kper="2" kstp="90" mode="normal"


end timestep


start timestep kper="2" kstp="91" mode="normal"


end timestep


start timestep kper="2" kstp="92" mode="normal"


end timestep


start timestep kper="2" kstp="93" mode="normal"


end timestep


start timestep kper="2" kstp="94" mode="normal"


end timestep


start timestep kper="2" kstp="95" mode="normal"


end timestep


start timestep kper="2" kstp="96" mode="normal"


end timestep


start timestep kper="2" kstp="97" mode="normal"


end timestep


start timestep kper="2" kstp="98" mode="normal"


end timestep


start timestep kper="2" kstp="99" mode="normal"


end timestep


start timestep kper="2" kstp="100" mode="normal"


end timestep


start timestep kper="2" kstp="101" mode="normal"


end timestep


start timestep kper="2" kstp="102" mode="normal"


end timestep


start timestep kper="2" kstp="103" mode="normal"


end timestep


start timestep kper="2" kstp="104" mode="normal"


end timestep


start timestep kper="2" kstp="105" mode="normal"


end timestep


start timestep kper="2" kstp="106" mode="normal"


end timestep


start timestep kper="2" kstp="107" mode="normal"


end timestep


start timestep kper="2" kstp="108" mode="normal"


end timestep


start timestep kper="2" kstp="109" mode="normal"


end timestep


start timestep kper="2" kstp="110" mode="normal"


end timestep


start timestep kper="2" kstp="111" mode="normal"


end timestep


start timestep kper="2" kstp="112" mode="normal"


end timestep


start timestep kper="2" kstp="113" mode="normal"


end timestep


start timestep kper="2" kstp="114" mode="normal"


end timestep


start timestep kper="2" kstp="115" mode="normal"


end timestep


start timestep kper="2" kstp="116" mode="normal"


end timestep


start timestep kper="2" kstp="117" mode="normal"


end timestep


start timestep kper="2" kstp="118" mode="normal"


end timestep


start timestep kper="2" kstp="119" mode="normal"


end timestep


start timestep kper="2" kstp="120" mode="normal"


end timestep


start timestep kper="2" kstp="121" mode="normal"


end timestep


start timestep kper="2" kstp="122" mode="normal"


end timestep


start timestep kper="2" kstp="123" mode="normal"


end timestep


start timestep kper="2" kstp="124" mode="normal"


end timestep


start timestep kper="2" kstp="125" mode="normal"


end timestep


start timestep kper="2" kstp="126" mode="normal"


end timestep


start timestep kper="2" kstp="127" mode="normal"


end timestep


start timestep kper="2" kstp="128" mode="normal"


end timestep


start timestep kper="2" kstp="129" mode="normal"


end timestep


start timestep kper="2" kstp="130" mode="normal"


end timestep


start timestep kper="2" kstp="131" mode="normal"


end timestep


start timestep kper="2" kstp="132" mode="normal"


end timestep


start timestep kper="2" kstp="133" mode="normal"


end timestep


start timestep kper="2" kstp="134" mode="normal"


end timestep


start timestep kper="2" kstp="135" mode="normal"


end timestep


start timestep kper="2" kstp="136" mode="normal"


end timestep


start timestep kper="2" kstp="137" mode="normal"


end timestep


start timestep kper="2" kstp="138" mode="normal"


end timestep


start timestep kper="2" kstp="139" mode="normal"


end timestep


start timestep kper="2" kstp="140" mode="normal"


end timestep


start timestep kper="2" kstp="141" mode="normal"


end timestep


start timestep kper="2" kstp="142" mode="normal"


end timestep


start timestep kper="2" kstp="143" mode="normal"


end timestep


start timestep kper="2" kstp="144" mode="normal"


end timestep


start timestep kper="2" kstp="145" mode="normal"


end timestep


start timestep kper="2" kstp="146" mode="normal"


end timestep


start timestep kper="2" kstp="147" mode="normal"


end timestep


start timestep kper="2" kstp="148" mode="normal"


end timestep


start timestep kper="2" kstp="149" mode="normal"


end timestep


start timestep kper="2" kstp="150" mode="normal"


end timestep


start timestep kper="2" kstp="151" mode="normal"


end timestep


start timestep kper="2" kstp="152" mode="normal"


end timestep


start timestep kper="2" kstp="153" mode="normal"


end timestep


start timestep kper="2" kstp="154" mode="normal"


end timestep


start timestep kper="2" kstp="155" mode="normal"


end timestep


start timestep kper="2" kstp="156" mode="normal"


end timestep


start timestep kper="2" kstp="157" mode="normal"


end timestep


start timestep kper="2" kstp="158" mode="normal"


end timestep


start timestep kper="2" kstp="159" mode="normal"


end timestep


start timestep kper="2" kstp="160" mode="normal"


end timestep


start timestep kper="2" kstp="161" mode="normal"


end timestep


start timestep kper="2" kstp="162" mode="normal"


end timestep


start timestep kper="2" kstp="163" mode="normal"


end timestep


start timestep kper="2" kstp="164" mode="normal"


end timestep


start timestep kper="2" kstp="165" mode="normal"


end timestep


start timestep kper="2" kstp="166" mode="normal"


end timestep


start timestep kper="2" kstp="167" mode="normal"


end timestep


start timestep kper="2" kstp="168" mode="normal"


end timestep


start timestep kper="2" kstp="169" mode="normal"


end timestep


start timestep kper="2" kstp="170" mode="normal"


end timestep


start timestep kper="2" kstp="171" mode="normal"


end timestep


start timestep kper="2" kstp="172" mode="normal"


end timestep


start timestep kper="2" kstp="173" mode="normal"


end timestep


start timestep kper="2" kstp="174" mode="normal"


end timestep


start timestep kper="2" kstp="175" mode="normal"


end timestep


start timestep kper="2" kstp="176" mode="normal"


end timestep


start timestep kper="2" kstp="177" mode="normal"


end timestep


start timestep kper="2" kstp="178" mode="normal"


end timestep


start timestep kper="2" kstp="179" mode="normal"


end timestep


start timestep kper="2" kstp="180" mode="normal"


end timestep


start timestep kper="2" kstp="181" mode="normal"


end timestep


start timestep kper="2" kstp="182" mode="normal"


end timestep


start timestep kper="2" kstp="183" mode="normal"


end timestep


start timestep kper="2" kstp="184" mode="normal"


end timestep


start timestep kper="2" kstp="185" mode="normal"


end timestep


start timestep kper="2" kstp="186" mode="normal"


end timestep


start timestep kper="2" kstp="187" mode="normal"


end timestep


start timestep kper="2" kstp="188" mode="normal"


end timestep


start timestep kper="2" kstp="189" mode="normal"


end timestep


start timestep kper="2" kstp="190" mode="normal"


end timestep


start timestep kper="2" kstp="191" mode="normal"


end timestep


start timestep kper="2" kstp="192" mode="normal"


end timestep


start timestep kper="2" kstp="193" mode="normal"


end timestep


start timestep kper="2" kstp="194" mode="normal"


end timestep


start timestep kper="2" kstp="195" mode="normal"


end timestep


start timestep kper="2" kstp="196" mode="normal"


end timestep


start timestep kper="2" kstp="197" mode="normal"


end timestep


start timestep kper="2" kstp="198" mode="normal"


end timestep


start timestep kper="2" kstp="199" mode="normal"


end timestep


start timestep kper="2" kstp="200" mode="normal"


end timestep


start timestep kper="2" kstp="201" mode="normal"


end timestep


start timestep kper="2" kstp="202" mode="normal"


end timestep


start timestep kper="2" kstp="203" mode="normal"


end timestep


start timestep kper="2" kstp="204" mode="normal"


end timestep


start timestep kper="2" kstp="205" mode="normal"


end timestep


start timestep kper="2" kstp="206" mode="normal"


end timestep


start timestep kper="2" kstp="207" mode="normal"


end timestep


start timestep kper="2" kstp="208" mode="normal"


end timestep


start timestep kper="2" kstp="209" mode="normal"


end timestep


start timestep kper="2" kstp="210" mode="normal"


end timestep


start timestep kper="2" kstp="211" mode="normal"


end timestep


start timestep kper="2" kstp="212" mode="normal"


end timestep


start timestep kper="2" kstp="213" mode="normal"


end timestep


start timestep kper="2" kstp="214" mode="normal"


end timestep


start timestep kper="2" kstp="215" mode="normal"


end timestep


start timestep kper="2" kstp="216" mode="normal"


end timestep


start timestep kper="2" kstp="217" mode="normal"


end timestep


start timestep kper="2" kstp="218" mode="normal"


end timestep


start timestep kper="2" kstp="219" mode="normal"


end timestep


start timestep kper="2" kstp="220" mode="normal"


end timestep


start timestep kper="2" kstp="221" mode="normal"


end timestep


start timestep kper="2" kstp="222" mode="normal"


end timestep


start timestep kper="2" kstp="223" mode="normal"


end timestep


start timestep kper="2" kstp="224" mode="normal"


end timestep


start timestep kper="2" kstp="225" mode="normal"


end timestep


start timestep kper="2" kstp="226" mode="normal"


end timestep


start timestep kper="2" kstp="227" mode="normal"


end timestep


start timestep kper="2" kstp="228" mode="normal"


end timestep


start timestep kper="2" kstp="229" mode="normal"


end timestep


start timestep kper="2" kstp="230" mode="normal"


end timestep


start timestep kper="2" kstp="231" mode="normal"


end timestep


start timestep kper="2" kstp="232" mode="normal"


end timestep


start timestep kper="2" kstp="233" mode="normal"


end timestep


start timestep kper="2" kstp="234" mode="normal"


end timestep


start timestep kper="2" kstp="235" mode="normal"


end timestep


start timestep kper="2" kstp="236" mode="normal"


end timestep


start timestep kper="2" kstp="237" mode="normal"


end timestep


start timestep kper="2" kstp="238" mode="normal"


end timestep


start timestep kper="2" kstp="239" mode="normal"


end timestep


start timestep kper="2" kstp="240" mode="normal"


end timestep


start timestep kper="2" kstp="241" mode="normal"


end timestep


start timestep kper="2" kstp="242" mode="normal"


end timestep


start timestep kper="2" kstp="243" mode="normal"


end timestep


start timestep kper="2" kstp="244" mode="normal"


end timestep


start timestep kper="2" kstp="245" mode="normal"


end timestep


start timestep kper="2" kstp="246" mode="normal"


end timestep


start timestep kper="2" kstp="247" mode="normal"


end timestep


start timestep kper="2" kstp="248" mode="normal"


end timestep


start timestep kper="2" kstp="249" mode="normal"


end timestep


start timestep kper="2" kstp="250" mode="normal"

1
  CONCENTRATION IN LAYER   1 AT END OF TIME STEP 250 IN STRESS PERIOD    2
  ---------------------------------------------------------------------------

 ........................................................................................................................................................................................................................................................................................................................................................................................................................................................................................................................................................................................................................................................................................................................................................................................................................................................................................................................................................................................................................................
   1   7.7800E-13  1.3785E-12  2.2700E-12  3.5525E-12  5.3499E-12  7.8128E-12  1.1122E-11  1.5490E-11  2.1168E-11  2.8443E-11
       3.7647E-11  4.9158E-11  6.3408E-11  8.0890E-11  1.0218E-10  1.2794E-10  1.5900E-10  1.9639E-10  2.4143E-10  2.9594E-10
       3.6248E-10  4.4477E-10  5.4830E-10  6.8132E-10  8.5623E-10  1.0915E-09  1.4144E-09  1.8637E-09  2.4936E-09  3.3761E-09
       4.6025E-09  6.2813E-09  8.5323E-09  1.1475E-08  1.5215E-08  1.9825E-08  2.5330E-08  3.1696E-08  3.8825E-08  4.6564E-08
       5.4704E-08  6.2966E-08  7.0737E-08  7.5184E-08  5.7671E-08  1.4651E-08  3.5162E-09  1.1358E-09  4.2736E-10  1.7396E-10
       7.4085E-11  3.2468E-11  1.4509E-11  6.5747E-12  3.0104E-12  1.3892E-12  6.4504E-13  3.0097E-13  1.4100E-13  6.6289E-14
       3.1271E-14  1.4805E-14  7.0390E-15  3.3656E-15  1.6215E-15  7.8941E-16  3.8974E-16  1.9592E-16  1.0068E-16  5.3062E-17
       2.8727E-17  1.5966E-17  9.0811E-18  5.2578E-18  3.0820E-18  1.8192E-18  1.0761E-18  6.3566E-19  3.7373E-19  2.1796E-19
       1.2593E-19  7.2044E-20  4.0784E-20  2.2845E-20  1.2660E-20  6.9303E-21  3.7476E-21  2.0038E-21  1.0596E-21  5.5427E-22
       2.8695E-22  1.4688E-22  7.4333E-23  3.7237E-23  1.8474E-23  9.0780E-24  4.4246E-24  2.1405E-24  1.0301E-24  4.9580E-25
       2.4113E-25
   2   1.1336E-12  2.0040E-12  3.2886E-12  5.1251E-12  7.6821E-12  1.1162E-11  1.5807E-11  2.1896E-11  2.9756E-11  3.9759E-11
       5.2326E-11  6.7937E-11  8.7134E-11  1.1053E-10  1.3885E-10  1.7293E-10  2.1382E-10  2.6284E-10  3.2175E-10  3.9302E-10
       4.8021E-10  5.8863E-10  7.2637E-10  9.0586E-10  1.1462E-09  1.4768E-09  1.9412E-09  2.6036E-09  3.5534E-09  4.9100E-09
       6.8222E-09  9.4609E-09  1.3003E-08  1.7603E-08  2.3367E-08  3.0317E-08  3.8374E-08  4.7350E-08  5.6958E-08  6.6826E-08
       7.6491E-08  8.5261E-08  9.1518E-08  8.9511E-08  6.1332E-08  1.8624E-08  4.9850E-09  1.5556E-09  5.5499E-10  2.1582E-10
       8.8713E-11  3.7848E-11  1.6572E-11  7.3941E-12  3.3457E-12  1.5302E-12  7.0570E-13  3.2766E-13  1.5299E-13  7.1789E-14
       3.3853E-14  1.6051E-14  7.6601E-15  3.6868E-15  1.7947E-15  8.8682E-16  4.4683E-16  2.3060E-16  1.2233E-16  6.6808E-17
       3.7527E-17  2.1609E-17  1.2691E-17  7.5561E-18  4.5312E-18  2.7204E-18  1.6282E-18  9.6880E-19  5.7199E-19  3.3476E-19
       1.9391E-19  1.1099E-19  6.2732E-20  3.5030E-20  1.9336E-20  1.0555E-20  5.6967E-21  3.0379E-21  1.6004E-21  8.3330E-22
       4.2925E-22  2.1885E-22  1.1046E-22  5.5172E-23  2.7267E-23  1.3344E-23  6.4745E-24  3.1193E-24  1.4961E-24  7.1796E-25
       3.4838E-25
   3   2.0161E-12  3.5533E-12  5.8055E-12  9.0006E-12  1.3414E-11  1.9373E-11  2.7258E-11  3.7511E-11  5.0634E-11  6.7193E-11
       8.7823E-11  1.1323E-10  1.4422E-10  1.8170E-10  2.2671E-10  2.8052E-10  3.4471E-10  4.2133E-10  5.1324E-10  6.2454E-10
       7.6138E-10  9.3328E-10  1.1552E-09  1.4510E-09  1.8584E-09  2.4369E-09  3.2785E-09  4.5197E-09  6.3544E-09  9.0394E-09
       1.2886E-08  1.8228E-08  2.5367E-08  3.4492E-08  4.5603E-08  5.8456E-08  7.2539E-08  8.7110E-08  1.0125E-07  1.1393E-07
       1.2395E-07  1.2959E-07  1.2741E-07  1.0971E-07  6.6038E-08  2.2820E-08  6.8428E-09  2.1493E-09  7.4273E-10  2.7868E-10
       1.1109E-10  4.6243E-11  1.9862E-11  8.7308E-12  3.9054E-12  1.7707E-12  8.1154E-13  3.7524E-13  1.7484E-13  8.2051E-14
       3.8794E-14  1.8500E-14  8.9169E-15  4.3581E-15  2.1689E-15  1.1045E-15  5.7835E-16  3.1248E-16  1.7441E-16  1.0038E-16
       5.9277E-17  3.5680E-17  2.1737E-17  1.3314E-17  8.1547E-18  4.9739E-18  3.0104E-18  1.8033E-18  1.0680E-18  6.2515E-19
       3.6164E-19  2.0671E-19  1.1667E-19  6.4993E-20  3.5742E-20  1.9416E-20  1.0426E-20  5.5351E-21  2.9051E-21  1.5070E-21
       7.7271E-22  3.9192E-22  1.9675E-22  9.7790E-23  4.8134E-23  2.3465E-23  1.1337E-23  5.4381E-24  2.5970E-24  1.2416E-24
       6.0088E-25
   4   3.8564E-12  6.7792E-12  1.1035E-11  1.7033E-11  2.5264E-11  3.6301E-11  5.0808E-11  6.9543E-11  9.3358E-11  1.2320E-10
       1.6014E-10  2.0534E-10  2.6011E-10  3.2595E-10  4.0461E-10  4.9824E-10  6.0956E-10  7.4229E-10  9.0173E-10  1.0958E-09
       1.3367E-09  1.6442E-09  2.0501E-09  2.6071E-09  3.4014E-09  4.5734E-09  6.3456E-09  9.0556E-09  1.3184E-08  1.9357E-08
       2.8287E-08  4.0649E-08  5.6873E-08  7.6925E-08  1.0014E-07  1.2516E-07  1.5006E-07  1.7258E-07  1.9041E-07  2.0139E-07
       2.0351E-07  1.9454E-07  1.7130E-07  1.2959E-07  7.0070E-08  2.6507E-08  8.7873E-09  2.8894E-09  9.9994E-10  3.6872E-10
       1.4382E-10  5.8659E-11  2.4764E-11  1.0734E-11  4.7496E-12  2.1359E-12  9.7333E-13  4.4856E-13  2.0884E-13  9.8226E-14
       4.6716E-14  2.2516E-14  1.1036E-14  5.5278E-15  2.8447E-15  1.5119E-15  8.3248E-16  4.7502E-16  2.7996E-16  1.6939E-16
       1.0444E-16  6.5100E-17  4.0737E-17  2.5437E-17  1.5779E-17  9.6982E-18  5.8965E-18  3.5416E-18  2.0991E-18  1.2272E-18
       7.0788E-19  4.0307E-19  2.2662E-19  1.2580E-19  6.8944E-20  3.7303E-20  1.9936E-20  1.0530E-20  5.5000E-21  2.8410E-21
       1.4512E-21  7.3307E-22  3.6636E-22  1.8125E-22  8.8804E-23  4.3108E-23  2.0745E-23  9.9114E-24  4.7149E-24  2.2465E-24
       1.0846E-24
   5   7.5632E-12  1.3267E-11  2.1530E-11  3.3118E-11  4.8936E-11  7.0041E-11  9.7643E-11  1.3311E-10  1.7798E-10  2.3395E-10
       3.0291E-10  3.8695E-10  4.8840E-10  6.0997E-10  7.5488E-10  9.2713E-10  1.1320E-09  1.3770E-09  1.6729E-09  2.0366E-09
       2.4952E-09  3.0930E-09  3.9047E-09  5.0576E-09  6.7677E-09  9.3976E-09  1.3537E-08  2.0092E-08  3.0337E-08  4.5851E-08
       6.8235E-08  9.8602E-08  1.3694E-07  1.8162E-07  2.2922E-07  2.7495E-07  3.1350E-07  3.3994E-07  3.5061E-07  3.4356E-07
       3.1840E-07  2.7596E-07  2.1767E-07  1.4634E-07  7.3693E-08  2.9701E-08  1.0651E-08  3.7010E-09  1.3120E-09  4.8497E-10
       1.8761E-10  7.5606E-11  3.1531E-11  1.3521E-11  5.9301E-12  2.6493E-12  1.2022E-12  5.5312E-13  2.5789E-13  1.2194E-13
       5.8599E-14  2.8726E-14  1.4439E-14  7.4860E-15  4.0249E-15  2.2513E-15  1.3092E-15  7.8796E-16  4.8710E-16  3.0660E-16
       1.9491E-16  1.2428E-16  7.9035E-17  4.9878E-17  3.1126E-17  1.9175E-17  1.1655E-17  6.9891E-18  4.1334E-18  2.4102E-18
       1.3856E-18  7.8561E-19  4.3956E-19  2.4283E-19  1.3248E-19  7.1383E-20  3.7990E-20  1.9975E-20  1.0382E-20  5.3367E-21
       2.7139E-21  1.3654E-21  6.7971E-22  3.3489E-22  1.6340E-22  7.8991E-23  3.7864E-23  1.8022E-23  8.5419E-24  4.0567E-24
       1.9542E-24
   6   1.4986E-11  2.6242E-11  4.2484E-11  6.5171E-11  9.6025E-11  1.3704E-10  1.9050E-10  2.5898E-10  3.4536E-10  4.5282E-10
       5.8491E-10  7.4558E-10  9.3931E-10  1.1713E-09  1.4480E-09  1.7776E-09  2.1711E-09  2.6446E-09  3.2223E-09  3.9428E-09
       4.8694E-09  6.1096E-09  7.8503E-09  1.0420E-08  1.4395E-08  2.0774E-08  3.1212E-08  4.8249E-08  7.5325E-08  1.1629E-07
       1.7415E-07  2.4937E-07  3.3829E-07  4.3267E-07  5.2094E-07  5.9068E-07  6.3164E-07  6.3793E-07  6.0897E-07  5.4888E-07
       4.6504E-07  3.6617E-07  2.6092E-07  1.5799E-07  7.7539E-08  3.2545E-08  1.2392E-08  4.5355E-09  1.6624E-09  6.2434E-10
       2.4246E-10  9.7447E-11  4.0413E-11  1.7223E-11  7.5124E-12  3.3429E-12  1.5141E-12  6.9734E-13  3.2668E-13  1.5598E-13
       7.6205E-14  3.8303E-14  1.9934E-14  1.0803E-14  6.1148E-15  3.6101E-15  2.2106E-15  1.3919E-15  8.9252E-16  5.7759E-16
       3.7445E-16  2.4185E-16  1.5497E-16  9.8193E-17  6.1353E-17  3.7767E-17  2.2898E-17  1.3677E-17  8.0521E-18  4.6739E-18
       2.6751E-18  1.5099E-18  8.4071E-19  4.6201E-19  2.5072E-19  1.3442E-19  7.1213E-20  3.7281E-20  1.9291E-20  9.8700E-21
       4.9958E-21  2.5024E-21  1.2406E-21  6.0882E-22  2.9587E-22  1.4247E-22  6.8028E-23  3.2258E-23  1.5236E-23  7.2130E-24
       3.4671E-24
   7   2.9861E-11  5.2218E-11  8.4380E-11  1.2918E-10  1.8996E-10  2.7058E-10  3.7546E-10  5.0960E-10  6.7861E-10  8.8871E-10
       1.1469E-09  1.4610E-09  1.8402E-09  2.2952E-09  2.8395E-09  3.4909E-09  4.2743E-09  5.2263E-09  6.4038E-09  7.8994E-09
       9.8696E-09  1.2588E-08  1.6543E-08  2.2627E-08  3.2455E-08  4.8899E-08  7.6762E-08  1.2324E-07  1.9734E-07  3.0726E-07
       4.5587E-07  6.3597E-07  8.2854E-07  1.0059E-06  1.1390E-06  1.2058E-06  1.1972E-06  1.1178E-06  9.8306E-07  8.1398E-07
       6.3201E-07  4.5506E-07  2.9581E-07  1.6573E-07  8.0944E-08  3.5049E-08  1.3991E-08  5.3616E-09  2.0363E-09  7.8260E-10
       3.0774E-10  1.2433E-10  5.1609E-11  2.1971E-11  9.5704E-12  4.2565E-12  1.9309E-12  8.9351E-13  4.2260E-13  2.0509E-13
       1.0272E-13  5.3460E-14  2.9092E-14  1.6604E-14  9.9201E-15  6.1622E-15  3.9408E-15  2.5674E-15  1.6879E-15  1.1114E-15
       7.2857E-16  4.7351E-16  3.0410E-16  1.9249E-16  1.1994E-16  7.3571E-17  4.4419E-17  2.6402E-17  1.5458E-17  8.9209E-18
       5.0769E-18  2.8501E-18  1.5788E-18  8.6314E-19  4.6593E-19  2.4846E-19  1.3094E-19  6.8223E-20  3.5144E-20  1.7902E-20
       9.0208E-21  4.4983E-21  2.2205E-21  1.0853E-21  5.2537E-22  2.5200E-22  1.1987E-22  5.6635E-23  2.6657E-23  1.2581E-23
       6.0343E-24
   8   5.9727E-11  1.0434E-10  1.6839E-10  2.5746E-10  3.7816E-10  5.3814E-10  7.4621E-10  1.0124E-09  1.3479E-09  1.7655E-09
       2.2795E-09  2.9064E-09  3.6655E-09  4.5803E-09  5.6810E-09  7.0081E-09  8.6196E-09  1.0603E-08  1.3098E-08  1.6335E-08
       2.0716E-08  2.6960E-08  3.6401E-08  5.1542E-08  7.7069E-08  1.2146E-07  1.9881E-07  3.2908E-07  5.3378E-07  8.2505E-07
       1.1919E-06  1.5928E-06  1.9623E-06  2.2309E-06  2.3493E-06  2.3024E-06  2.1098E-06  1.8151E-06  1.4699E-06  1.1209E-06
       8.0183E-07  5.3205E-07  3.1889E-07  1.7217E-07  8.3897E-08  3.7232E-08  1.5441E-08  6.1586E-09  2.4212E-09  9.5511E-10
       3.8231E-10  1.5618E-10  6.5253E-11  2.7889E-11  1.2185E-11  5.4394E-12  2.4823E-12  1.1604E-12  5.5794E-13  2.7765E-13
       1.4406E-13  7.8466E-14  4.5007E-14  2.7127E-14  1.7050E-14  1.1052E-14  7.3032E-15  4.8698E-15  3.2506E-15  2.1595E-15
       1.4220E-15  9.2535E-16  5.9338E-16  3.7406E-16  2.3185E-16  1.4137E-16  8.4844E-17  5.0131E-17  2.9174E-17  1.6731E-17
       9.4612E-18  5.2787E-18  2.9070E-18  1.5806E-18  8.4872E-19  4.5021E-19  2.3602E-19  1.2234E-19  6.2715E-20  3.1803E-20
       1.5955E-20  7.9219E-21  3.8938E-21  1.8953E-21  9.1386E-22  4.3668E-22  2.0695E-22  9.7420E-23  4.5696E-23  2.1501E-23
       1.0291E-23
   9   1.1979E-10  2.0912E-10  3.3726E-10  5.1542E-10  7.5687E-10  1.0772E-09  1.4943E-09  2.0288E-09  2.7044E-09  3.5477E-09
       4.5895E-09  5.8656E-09  7.4191E-09  9.3033E-09  1.1588E-08  1.4370E-08  1.7789E-08  2.2061E-08  2.7536E-08  3.4809E-08
       4.4936E-08  5.9871E-08  8.3337E-08  1.2255E-07  1.9140E-07  3.1518E-07  5.3475E-07  9.0246E-07  1.4603E-06  2.2027E-06
       3.0469E-06  3.8412E-06  4.4167E-06  4.6534E-06  4.5217E-06  4.0803E-06  3.4417E-06  2.7281E-06  2.0395E-06  1.4391E-06
       9.5464E-07  5.8803E-07  3.3502E-07  1.7710E-07  8.6364E-08  3.9113E-08  1.6741E-08  6.9131E-09  2.8069E-09  1.1374E-09
       4.6477E-10  1.9276E-10  8.1425E-11  3.5095E-11  1.5450E-11  6.9575E-12  3.2132E-12  1.5289E-12  7.5458E-13  3.8945E-13
       2.1178E-13  1.2178E-13  7.3875E-14  4.6871E-14  3.0730E-14  2.0561E-14  1.3888E-14  9.3889E-15  6.3144E-15  4.2069E-15
       2.7688E-15  1.7964E-15  1.1461E-15  7.1806E-16  4.4203E-16  2.6757E-16  1.5939E-16  9.3498E-17  5.4038E-17  3.0785E-17
       1.7295E-17  9.5871E-18  5.2463E-18  2.8354E-18  1.5140E-18  7.9887E-19  4.1665E-19  2.1486E-19  1.0960E-19  5.5316E-20
       2.7629E-20  1.3659E-20  6.6858E-21  3.2411E-21  1.5566E-21  7.4098E-22  3.4987E-22  1.6411E-22  7.6720E-23  3.5990E-23
       1.7189E-23
  10   2.4065E-10  4.2002E-10  6.7739E-10  1.0356E-09  1.5219E-09  2.1685E-09  3.0132E-09  4.0996E-09  5.4784E-09  7.2081E-09
       9.3569E-09  1.2006E-08  1.5254E-08  1.9227E-08  2.4091E-08  3.0082E-08  3.7548E-08  4.7033E-08  5.9437E-08  7.6320E-08
       1.0052E-07  1.3744E-07  1.9768E-07  3.0239E-07  4.9302E-07  8.4482E-07  1.4724E-06  2.4988E-06  3.9680E-06  5.7440E-06
       7.4921E-06  8.7958E-06  9.3424E-06  9.0518E-06  8.0752E-06  6.6937E-06  5.1974E-06  3.8049E-06  2.6372E-06  1.7320E-06
       1.0727E-06  6.2603E-07  3.4668E-07  1.8071E-07  8.8355E-08  4.0714E-08  1.7897E-08  7.6177E-09  3.1860E-09  1.3255E-09
       5.5368E-10  2.3376E-10  1.0019E-10  4.3735E-11  1.9500E-11  8.9138E-12  4.2003E-12  2.0557E-12  1.0545E-12  5.7170E-13
       3.2904E-13  2.0055E-13  1.2824E-13  8.4915E-14  5.7437E-14  3.9232E-14  2.6823E-14  1.8243E-14  1.2288E-14  8.1732E-15
       5.3567E-15  3.4539E-15  2.1860E-15  1.3583E-15  8.2932E-16  4.9788E-16  2.9415E-16  1.7117E-16  9.8168E-17  5.5519E-17
       3.0977E-17  1.7059E-17  9.2753E-18  4.9818E-18  2.6443E-18  1.3875E-18  7.1988E-19  3.6938E-19  1.8750E-19  9.4182E-20
       4.6829E-20  2.3052E-20  1.1237E-20  5.4254E-21  2.5956E-21  1.2309E-21  5.7910E-22  2.7069E-22  1.2612E-22  5.8989E-23
       2.8115E-23
  11   4.8385E-10  8.4467E-10  1.3632E-09  2.0867E-09  3.0722E-09  4.3879E-09  6.1150E-09  8.3488E-09  1.1201E-08  1.4804E-08
       1.9313E-08  2.4918E-08  3.1853E-08  4.0420E-08  5.1030E-08  6.4266E-08  8.1009E-08  1.0266E-07  1.3155E-07  1.7186E-07
       2.3130E-07  3.2499E-07  4.8342E-07  7.6894E-07  1.3052E-06  2.3121E-06  4.0930E-06  6.8809E-06  1.0550E-05  1.4432E-05
       1.7517E-05  1.8947E-05  1.8442E-05  1.6347E-05  1.3354E-05  1.0168E-05  7.2835E-06  4.9446E-06  3.1954E-06  1.9662E-06
       1.1551E-06  6.5392E-07  3.5466E-07  1.8320E-07  8.9909E-08  4.2063E-08  1.8918E-08  8.2697E-09  3.5537E-09  1.5164E-09
       6.4792E-10  2.7901E-10  1.2173E-10  5.4062E-11  2.4566E-11  1.1497E-11  5.5899E-12  2.8526E-12  1.5425E-12  8.8830E-13
       5.4354E-13  3.4992E-13  2.3370E-13  1.5961E-13  1.1012E-13  7.6041E-14  5.2221E-14  3.5512E-14  2.3843E-14  1.5775E-14
       1.0267E-14  6.5592E-15  4.1095E-15  2.5282E-15  1.5288E-15  9.0940E-16  5.3258E-16  3.0729E-16  1.7480E-16  9.8088E-17
       5.4328E-17  2.9712E-17  1.6051E-17  8.5678E-18  4.5205E-18  2.3584E-18  1.2170E-18  6.2131E-19  3.1386E-19  1.5692E-19
       7.7671E-20  3.8070E-20  1.8482E-20  8.8882E-21  4.2359E-21  2.0014E-21  9.3824E-22  4.3706E-22  2.0297E-22  9.4658E-23
       4.5024E-23
  12   9.7259E-10  1.6991E-09  2.7463E-09  4.2132E-09  6.2215E-09  8.9189E-09  1.2483E-08  1.7128E-08  2.3107E-08  3.0725E-08
       4.0349E-08  5.2430E-08  6.7537E-08  8.6417E-08  1.1009E-07  1.4004E-07  1.7851E-07  2.2913E-07  2.9810E-07  3.9656E-07
       5.4575E-07  7.8814E-07  1.2117E-06  1.9999E-06  3.5179E-06  6.3883E-06  1.1345E-05  1.8611E-05  2.7129E-05  3.4593E-05
       3.8626E-05  3.8159E-05  3.3839E-05  2.7355E-05  2.0456E-05  1.4334E-05  9.5093E-06  6.0194E-06  3.6508E-06  2.1368E-06
       1.2176E-06  6.7342E-07  3.5973E-07  1.8477E-07  9.1090E-08  4.3195E-08  1.9819E-08  8.8716E-09  3.9082E-09  1.7088E-09
       7.4712E-10  3.2882E-10  1.4659E-10  6.6631E-11  3.1128E-11  1.5096E-11  7.6869E-12  4.1543E-12  2.3970E-12  1.4732E-12
       9.5462E-13  6.4255E-13  4.4253E-13  3.0795E-13  2.1450E-13  1.4857E-13  1.0187E-13  6.8941E-14  4.5962E-14  3.0145E-14
       1.9424E-14  1.2266E-14  7.5981E-15  4.6228E-15  2.7657E-15  1.6287E-15  9.4488E-16  5.4034E-16  3.0478E-16  1.6966E-16
       9.3259E-17  5.0639E-17  2.7173E-17  1.4414E-17  7.5599E-18  3.9216E-18  2.0127E-18  1.0223E-18  5.1391E-19  2.5576E-19
       1.2604E-19  6.1513E-20  2.9741E-20  1.4248E-20  6.7648E-21  3.1847E-21  1.4877E-21  6.9070E-22  3.1974E-22  1.4869E-22
       7.0585E-23
  13   1.9524E-09  3.4151E-09  5.5329E-09  8.5166E-09  1.2630E-08  1.8197E-08  2.5619E-08  3.5380E-08  4.8073E-08  6.4417E-08
       8.5294E-08  1.1181E-07  1.4536E-07  1.8782E-07  2.4179E-07  3.1104E-07  4.0138E-07  5.2231E-07  6.9024E-07  9.3522E-07
       1.3157E-06  1.9509E-06  3.0937E-06  5.2791E-06  9.5655E-06  1.7644E-05  3.1035E-05  4.8961E-05  6.6899E-05  7.8529E-05
       7.9875E-05  7.1573E-05  5.7593E-05  4.2414E-05  2.9079E-05  1.8824E-05  1.1628E-05  6.9094E-06  4.0004E-06  2.2715E-06
       1.2635E-06  6.8632E-07  3.6261E-07  1.8567E-07  9.1986E-08  4.4157E-08  2.0626E-08  9.4321E-09  4.2527E-09  1.9042E-09
       8.5283E-10  3.8479E-10  1.7628E-10  8.2758E-11  4.0266E-11  2.0565E-11  1.1155E-11  6.4681E-12  4.0003E-12  2.6107E-12
       1.7705E-12  1.2286E-12  8.6128E-13  6.0417E-13  4.2134E-13  2.9085E-13  1.9815E-13  1.3297E-13  8.7771E-14  5.6920E-14
       3.6184E-14  2.2546E-14  1.3791E-14  8.2909E-15  4.9046E-15  2.8577E-15  1.6413E-15  9.2987E-16  5.1995E-16  2.8709E-16
       1.5660E-16  8.4414E-17  4.4988E-17  2.3711E-17  1.2362E-17  6.3768E-18  3.2552E-18  1.6449E-18  8.2292E-19  4.0769E-19
       2.0003E-19  9.7224E-20  4.6819E-20  2.2344E-20  1.0570E-20  4.9586E-21  2.3085E-21  1.0682E-21  4.9298E-22  2.2862E-22
       1.0831E-22
  14   3.9091E-09  6.8505E-09  1.1135E-08  1.7218E-08  2.5676E-08  3.7239E-08  5.2818E-08  7.3543E-08  1.0082E-07  1.3637E-07
       1.8237E-07  2.4154E-07  3.1743E-07  4.1479E-07  5.4025E-07  7.0355E-07  9.1984E-07  1.2140E-06  1.6297E-06  2.2479E-06
       3.2285E-06  4.9051E-06  7.9960E-06  1.4039E-05  2.6027E-05  4.8309E-05  8.3132E-05  1.2437E-04  1.5717E-04  1.6793E-04
       1.5427E-04  1.2471E-04  9.0865E-05  6.1021E-05  3.8502E-05  2.3158E-05  1.3411E-05  7.6369E-06  4.2887E-06  2.3759E-06
       1.2963E-06  6.9452E-07  3.6407E-07  1.8616E-07  9.2721E-08  4.5020E-08  2.1375E-08  9.9722E-09  4.5987E-09  2.1104E-09
       9.7101E-10  4.5179E-10  2.1477E-10  1.0562E-10  5.4479E-11  2.9841E-11  1.7473E-11  1.0908E-11  7.1801E-12  4.9065E-12
       3.4278E-12  2.4175E-12  1.7054E-12  1.1956E-12  8.2942E-13  5.6778E-13  3.8281E-13  2.5388E-13  1.6545E-13  1.0575E-13
       6.6194E-14  4.0651E-14  2.4530E-14  1.4563E-14  8.5139E-15  4.9064E-15  2.7891E-15  1.5650E-15  8.6730E-16  4.7491E-16
       2.5704E-16  1.3756E-16  7.2812E-17  3.8130E-17  1.9760E-17  1.0136E-17  5.1469E-18  2.5877E-18  1.2885E-18  6.3546E-19
       3.1047E-19  1.5029E-19  7.2092E-20  3.4277E-20  1.6157E-20  7.5536E-21  3.5050E-21  1.6167E-21  7.4384E-22  3.4402E-22
       1.6268E-22
  15   7.7965E-09  1.3697E-08  2.2360E-08  3.4775E-08  5.2227E-08  7.6368E-08  1.0931E-07  1.5372E-07  2.1298E-07  2.9132E-07
       3.9414E-07  5.2832E-07  7.0291E-07  9.3010E-07  1.2270E-06  1.6191E-06  2.1457E-06  2.8726E-06  3.9150E-06  5.4904E-06
       8.0338E-06  1.2465E-05  2.0797E-05  3.7360E-05  7.0383E-05  1.3028E-04  2.1673E-04  3.0338E-04  3.5005E-04  3.3685E-04
       2.7750E-04  2.0163E-04  1.3302E-04  8.1737E-05  4.7768E-05  2.6917E-05  1.4986E-05  8.2690E-06  4.5274E-06  2.4580E-06
       1.3206E-06  7.0007E-07  3.6498E-07  1.8664E-07  9.3496E-08  4.5904E-08  2.2144E-08  1.0540E-08  4.9779E-09  2.3496E-09
       1.1183E-09  5.4259E-10  2.7197E-10  1.4286E-10  7.9622E-11  4.7361E-11  2.9963E-11  1.9932E-11  1.3729E-11  9.6486E-12
       6.8365E-12  4.8412E-12  3.4056E-12  2.3703E-12  1.6276E-12  1.1005E-12  7.3190E-13  4.7830E-13  3.0683E-13  1.9271E-13
       1.1867E-13  7.1772E-14  4.2700E-14  2.5019E-14  1.4451E-14  8.2344E-15  4.6324E-15  2.5742E-15  1.4137E-15  7.6762E-16
       4.1224E-16  2.1903E-16  1.1515E-16  5.9920E-17  3.0868E-17  1.5745E-17  7.9538E-18  3.9795E-18  1.9722E-18  9.6840E-19
       4.7116E-19  2.2717E-19  1.0856E-19  5.1431E-20  2.4159E-20  1.1257E-20  5.2067E-21  2.3942E-21  1.0983E-21  5.0662E-22
       2.3912E-22
  16   1.5466E-08  2.7258E-08  4.4739E-08  7.0079E-08  1.0616E-07  1.5677E-07  2.2685E-07  3.2280E-07  4.5283E-07  6.2750E-07
       8.6037E-07  1.1691E-06  1.5770E-06  2.1157E-06  2.8301E-06  3.7863E-06  5.0880E-06  6.9071E-06  9.5486E-06  1.3590E-05
       2.0200E-05  3.1877E-05  5.4147E-05  9.8919E-05  1.8812E-04  3.4444E-04  5.4758E-04  7.0750E-04  7.3600E-04  6.3169E-04
       4.6396E-04  3.0260E-04  1.8127E-04  1.0260E-04  5.6286E-05  3.0496E-05  1.6434E-05  8.8321E-06  4.7345E-06  2.5282E-06
       1.3417E-06  7.0557E-07  3.6660E-07  1.8777E-07  9.4700E-08  4.7059E-08  2.3099E-08  1.1249E-08  5.4700E-09  2.6797E-09
       1.3375E-09  6.8939E-10  3.7218E-10  2.1281E-10  1.2941E-10  8.3305E-11  5.6098E-11  3.8951E-11  2.7511E-11  1.9553E-11
       1.3873E-11  9.7728E-12  6.8091E-12  4.6805E-12  3.1683E-12  2.1094E-12  1.3798E-12  8.8643E-13  5.5755E-13  3.4369E-13
       2.0805E-13  1.2387E-13  7.2634E-14  4.1992E-14  2.3957E-14  1.3497E-14  7.5135E-15  4.1349E-15  2.2505E-15  1.2118E-15
       6.4573E-16  3.4061E-16  1.7788E-16  9.1988E-17  4.7112E-17  2.3900E-17  1.2011E-17  5.9808E-18  2.9508E-18  1.4427E-18
       6.9908E-19  3.3577E-19  1.5987E-19  7.5474E-20  3.5335E-20  1.6411E-20  7.5670E-21  3.4691E-21  1.5869E-21  7.3012E-22
       3.4399E-22
  17   3.0463E-08  5.3903E-08  8.9056E-08  1.4070E-07  2.1535E-07  3.2174E-07  4.7155E-07  6.8021E-07  9.6797E-07  1.3613E-06
       1.8949E-06  2.6143E-06  3.5804E-06  4.8766E-06  6.6205E-06  8.9864E-06  1.2246E-05  1.6850E-05  2.3597E-05  3.4006E-05
       5.1163E-05  8.1720E-05  1.4048E-04  2.5935E-04  4.9491E-04  8.8982E-04  1.3364E-03  1.5717E-03  1.4554E-03  1.1045E-03
       7.2089E-04  4.2288E-04  2.3164E-04  1.2335E-04  6.4898E-05  3.4008E-05  1.7834E-05  9.3752E-06  4.9380E-06  2.6015E-06
       1.3674E-06  7.1516E-07  3.7121E-07  1.9089E-07  9.7196E-08  4.9066E-08  2.4640E-08  1.2381E-08  6.2774E-09  3.2477E-09
       1.7368E-09  9.7227E-10  5.7468E-10  3.5919E-10  2.3590E-10  1.6094E-10  1.1257E-10  7.9785E-11  5.6767E-11  4.0269E-11
       2.8343E-11  1.9726E-11  1.3543E-11  9.1571E-12  6.0903E-12  3.9806E-12  2.5556E-12  1.6066E-12  9.8949E-13  5.9842E-13
       3.5600E-13  2.0862E-13  1.2056E-13  6.8776E-14  3.8757E-14  2.1588E-14  1.1893E-14  6.4820E-15  3.4967E-15  1.8674E-15
       9.8750E-16  5.1720E-16  2.6833E-16  1.3792E-16  7.0237E-17  3.5442E-17  1.7724E-17  8.7839E-18  4.3148E-18  2.1009E-18
       1.0140E-18  4.8524E-19  2.3023E-19  1.0832E-19  5.0549E-20  2.3404E-20  1.0759E-20  4.9183E-21  2.2436E-21  1.0297E-21
       4.8429E-22
  18   5.9468E-08  1.0573E-07  1.7605E-07  2.8099E-07  4.3525E-07  6.5911E-07  9.8027E-07  1.4362E-06  2.0771E-06  2.9700E-06
       4.2042E-06  5.8989E-06  8.2147E-06  1.1373E-05  1.5686E-05  2.1615E-05  2.9874E-05  4.1640E-05  5.8991E-05  8.5858E-05
       1.3024E-04  2.0940E-04  3.6193E-04  6.7085E-04  1.2776E-03  2.2415E-03  3.1425E-03  3.3141E-03  2.6978E-03  1.7984E-03
       1.0444E-03  5.5518E-04  2.8649E-04  1.4587E-04  7.4075E-05  3.7739E-05  1.9346E-05  9.9854E-06  5.1850E-06  2.7035E-06
       1.4121E-06  7.3711E-07  3.8383E-07  1.9920E-07  1.0311E-07  5.3380E-08  2.7785E-08  1.4657E-08  7.9169E-09  4.4273E-09
       2.5879E-09  1.5889E-09  1.0230E-09  6.8567E-10  4.7336E-10  3.3292E-10  2.3625E-10  1.6787E-10  1.1876E-10  8.3311E-11
       5.7777E-11  3.9527E-11  2.6634E-11  1.7655E-11  1.1503E-11  7.3632E-12  4.6173E-12  2.8362E-12  1.7107E-12  1.0151E-12
       5.9354E-13  3.4238E-13  1.9503E-13  1.0980E-13  6.1126E-14  3.3670E-14  1.8359E-14  9.9117E-15  5.3003E-15  2.8079E-15
       1.4739E-15  7.6662E-16  3.9519E-16  2.0192E-16  1.0227E-16  5.1341E-17  2.5551E-17  1.2606E-17  6.1662E-18  2.9904E-18
       1.4380E-18  6.8565E-19  3.2421E-19  1.5204E-19  7.0731E-20  3.2651E-20  1.4966E-20  6.8225E-21  3.1039E-21  1.4212E-21
       6.6726E-22
  19   1.1482E-07  2.0528E-07  3.4496E-07  5.5708E-07  8.7486E-07  1.3453E-06  2.0342E-06  3.0327E-06  4.4658E-06  6.5043E-06
       9.3793E-06  1.3405E-05  1.9010E-05  2.6787E-05  3.7574E-05  5.2601E-05  7.3754E-05  1.0410E-04  1.4899E-04  2.1845E-04
       3.3270E-04  5.3536E-04  9.2379E-04  1.7073E-03  3.2293E-03  5.4987E-03  7.1044E-03  6.6106E-03  4.6767E-03  2.7339E-03
       1.4278E-03  7.1376E-04  3.5102E-04  1.7221E-04  8.4935E-05  4.2283E-05  2.1283E-05  1.0832E-05  5.5692E-06  2.8877E-06
       1.5073E-06  7.9086E-07  4.1683E-07  2.2085E-07  1.1794E-07  6.3789E-08  3.5180E-08  1.9947E-08  1.1717E-08  7.1677E-09
       4.5694E-09  3.0237E-09  2.0615E-09  1.4352E-09  1.0116E-09  7.1651E-10  5.0698E-10  3.5673E-10  2.4876E-10  1.7146E-10
       1.1659E-10  7.8099E-11  5.1476E-11  3.3354E-11  2.1241E-11  1.3254E-11  8.1022E-12  4.8648E-12  2.8747E-12  1.6745E-12
       9.6272E-13  5.4685E-13  3.0715E-13  1.7069E-13  9.3911E-14  5.1171E-14  2.7624E-14  1.4777E-14  7.8354E-15  4.1186E-15
       2.1463E-15  1.1090E-15  5.6818E-16  2.8865E-16  1.4541E-16  7.2642E-17  3.5986E-17  1.7678E-17  8.6120E-18  4.1606E-18
       1.9935E-18  9.4727E-19  4.4646E-19  2.0872E-19  9.6810E-20  4.4561E-20  2.0369E-20  9.2603E-21  4.2022E-21  1.9195E-21
       8.9978E-22
  20   2.1874E-07  3.9363E-07  6.6844E-07  1.0940E-06  1.7449E-06  2.7296E-06  4.2039E-06  6.3893E-06  9.5972E-06  1.4262E-05
       2.0987E-05  3.0604E-05  4.4263E-05  6.3572E-05  9.0805E-05  1.2927E-04  1.8399E-04  2.6297E-04  3.7987E-04  5.5981E-04
       8.5274E-04  1.3651E-03  2.3338E-03  4.2680E-03  7.9785E-03  1.3124E-02  1.5404E-02  1.2433E-02  7.5904E-03  3.9463E-03
       1.9262E-03  9.1690E-04  4.3447E-04  2.0713E-04  9.9917E-05  4.8911E-05  2.4325E-05  1.2291E-05  6.3062E-06  3.2824E-06
       1.7320E-06  9.2638E-07  5.0274E-07  2.7748E-07  1.5634E-07  9.0348E-08  5.3798E-08  3.3118E-08  2.1092E-08  1.3866E-08
       9.3618E-09  6.4502E-09  4.5041E-09  3.1674E-09  2.2308E-09  1.5666E-09  1.0930E-09  7.5553E-10  5.1623E-10  3.4803E-10
       2.3118E-10  1.5112E-10  9.7135E-11  6.1400E-11  3.8034E-11  2.3089E-11  1.3773E-11  8.0903E-12  4.6874E-12  2.6820E-12
       1.5171E-12  8.4906E-13  4.7046E-13  2.5823E-13  1.4046E-13  7.5739E-14  4.0495E-14  2.1473E-14  1.1293E-14  5.8917E-15
       3.0492E-15  1.5655E-15  7.9733E-16  4.0286E-16  2.0192E-16  1.0039E-16  4.9515E-17  2.4224E-17  1.1755E-17  5.6586E-18
       2.7019E-18  1.2797E-18  6.0127E-19  2.8027E-19  1.2962E-19  5.9499E-20  2.7125E-20  1.2300E-20  5.5675E-21  2.5375E-21
       1.1876E-21
  21   4.1012E-07  7.4350E-07  1.2776E-06  2.1224E-06  3.4440E-06  5.4905E-06  8.6281E-06  1.3392E-05  2.0553E-05  3.1218E-05
       4.6953E-05  6.9969E-05  1.0338E-04  1.5157E-04  2.2078E-04  3.2006E-04  4.6290E-04  6.7034E-04  9.7720E-04  1.4455E-03
       2.1952E-03  3.4766E-03  5.8411E-03  1.0475E-02  1.9241E-02  3.0439E-02  3.1943E-02  2.2019E-02  1.1744E-02  5.6653E-03
       2.6299E-03  1.2092E-03  5.5873E-04  2.6154E-04  1.2460E-04  6.0572E-05  3.0093E-05  1.5288E-05  7.9440E-06  4.2221E-06
       2.2959E-06  1.2783E-06  7.2971E-07  4.2771E-07  2.5780E-07  1.5991E-07  1.0203E-07  6.6812E-08  4.4743E-08  3.0503E-08
       2.1061E-08  1.4656E-08  1.0231E-08  7.1363E-09  4.9568E-09  3.4185E-09  2.3354E-09  1.5773E-09  1.0515E-09  6.9092E-10
       4.4690E-10  2.8422E-10  1.7790E-10  1.0911E-10  6.5631E-11  3.8823E-11  2.2631E-11  1.3022E-11  7.4046E-12  4.1656E-12
       2.3202E-12  1.2804E-12  7.0037E-13  3.7991E-13  2.0442E-13  1.0914E-13  5.7820E-14  3.0403E-14  1.5867E-14  8.2188E-15
       4.2256E-15  2.1563E-15  1.0921E-15  5.4895E-16  2.7382E-16  1.3553E-16  6.6566E-17  3.2439E-17  1.5684E-17  7.5238E-18
       3.5807E-18  1.6907E-18  7.9202E-19  3.6813E-19  1.6979E-19  7.7733E-20  3.5346E-20  1.5988E-20  7.2196E-21  3.2834E-21
       1.5342E-21
  22   7.5458E-07  1.3793E-06  2.4015E-06  4.0556E-06  6.7062E-06  1.0913E-05  1.7527E-05  2.7824E-05  4.3701E-05  6.7946E-05
       1.0462E-04  1.5957E-04  2.4123E-04  3.6164E-04  5.3812E-04  7.9573E-04  1.1714E-03  1.7213E-03  2.5349E-03  3.7641E-03
       5.6894E-03  8.8751E-03  1.4535E-02  2.5276E-02  4.5221E-02  6.8364E-02  6.3184E-02  3.7187E-02  1.8207E-02  8.3547E-03
       3.7645E-03  1.6994E-03  7.7675E-04  3.6196E-04  1.7277E-04  8.4743E-05  4.2801E-05  2.2283E-05  1.1963E-05  6.6212E-06
       3.7766E-06  2.2181E-06  1.3400E-06  8.3151E-07  5.2889E-07  3.4394E-07  2.2795E-07  1.5342E-07  1.0446E-07  7.1685E-08
       4.9397E-08  3.4065E-08  2.3439E-08  1.6047E-08  1.0906E-08  7.3426E-09  4.8884E-09  3.2133E-09  2.0828E-09  1.3300E-09
       8.3540E-10  5.1637E-10  3.1271E-10  1.8598E-10  1.0889E-10  6.2894E-11  3.5888E-11  2.0256E-11  1.1319E-11  6.2678E-12
       3.4411E-12  1.8740E-12  1.0128E-12  5.4331E-13  2.8938E-13  1.5306E-13  8.0394E-14  4.1939E-14  2.1728E-14  1.1180E-14
       5.7125E-15  2.8985E-15  1.4602E-15  7.3039E-16  3.6267E-16  1.7875E-16  8.7447E-17  4.2458E-17  2.0457E-17  9.7813E-18
       4.6407E-18  2.1847E-18  1.0206E-18  4.7307E-19  2.1763E-19  9.9380E-20  4.5078E-20  2.0340E-20  9.1640E-21  4.1588E-21
       1.9403E-21
  23   1.3580E-06  2.5052E-06  4.4247E-06  7.6070E-06  1.2836E-05  2.1352E-05  3.5095E-05  5.7064E-05  9.1847E-05  1.4638E-04
       2.3105E-04  3.6126E-04  5.5964E-04  8.5931E-04  1.3085E-03  1.9776E-03  2.9699E-03  4.4392E-03  6.6207E-03  9.8913E-03
       1.4897E-02  2.2851E-02  3.6236E-02  6.0296E-02  0.1035      0.1473      0.1194      6.3240E-02  2.9479E-02  1.3249E-02
       5.9204E-03  2.6692E-03  1.2260E-03  5.7802E-04  2.8121E-04  1.4167E-04  7.4016E-05  4.0100E-05  2.2496E-05  1.3039E-05
       7.7869E-06  4.7765E-06  2.9999E-06  1.9231E-06  1.2542E-06  8.2958E-07  5.5475E-07  3.7390E-07  2.5325E-07  1.7189E-07
       1.1660E-07  7.8851E-08  5.3043E-08  3.5421E-08  2.3436E-08  1.5339E-08  9.9160E-09  6.3226E-09  3.9722E-09  2.4591E-09
       1.4971E-09  8.9349E-10  5.2447E-10  3.0350E-10  1.7345E-10  9.8036E-11  5.4862E-11  3.0425E-11  1.6732E-11  9.1309E-12
       4.9465E-12  2.6612E-12  1.4222E-12  7.5512E-13  3.9842E-13  2.0890E-13  1.0885E-13  5.6366E-14  2.9005E-14  1.4831E-14
       7.5342E-15  3.8024E-15  1.9061E-15  9.4905E-16  4.6924E-16  2.3037E-16  1.1228E-16  5.4325E-17  2.6090E-17  1.2436E-17
       5.8828E-18  2.7618E-18  1.2867E-18  5.9489E-19  2.7298E-19  1.2435E-19  5.6272E-20  2.5333E-20  1.1387E-20  5.1572E-21
       2.4026E-21
  24   2.3823E-06  4.4383E-06  7.9611E-06  1.3950E-05  2.4051E-05  4.0943E-05  6.8949E-05  1.1496E-04  1.8982E-04  3.1047E-04
       5.0298E-04  8.0715E-04  1.2831E-03  2.0209E-03  3.1545E-03  4.8825E-03  7.4983E-03  1.1436E-02  1.7342E-02  2.6194E-02
       3.9517E-02  5.9836E-02  9.1731E-02  0.1442      0.2314      0.2970      0.2238      0.1138      5.2924E-02  2.3937E-02
       1.0777E-02  4.9089E-03  2.2901E-03  1.1041E-03  5.5309E-04  2.8845E-04  1.5649E-04  8.8082E-05  5.1239E-05  3.0676E-05
       1.8823E-05  1.1792E-05  7.5158E-06  4.8581E-06  3.1752E-06  2.0927E-06  1.3872E-06  9.2266E-07  6.1425E-07  4.0841E-07
       2.7063E-07  1.7836E-07  1.1671E-07  7.5687E-08  4.8571E-08  3.0798E-08  1.9277E-08  1.1885E-08  7.2317E-09  4.3225E-09
       2.5383E-09  1.4686E-09  8.3892E-10  4.7391E-10  2.6508E-10  1.4695E-10  8.0808E-11  4.4107E-11  2.3908E-11  1.2875E-11
       6.8906E-12  3.6660E-12  1.9392E-12  1.0200E-12  5.3350E-13  2.7750E-13  1.4353E-13  7.3821E-14  3.7748E-14  1.9189E-14
       9.6964E-15  4.8694E-15  2.4298E-15  1.2046E-15  5.9324E-16  2.9016E-16  1.4094E-16  6.7968E-17  3.2541E-17  1.5466E-17
       7.2961E-18  3.4162E-18  1.5875E-18  7.3217E-19  3.3517E-19  1.5233E-19  6.8773E-20  3.0890E-20  1.3855E-20  6.2622E-21
       2.9131E-21
  25   4.0577E-06  7.6395E-06  1.3929E-05  2.4900E-05  4.3900E-05  7.6549E-05  1.3219E-04  2.2617E-04  3.8347E-04  6.4423E-04
       1.0723E-03  1.7678E-03  2.8868E-03  4.6691E-03  7.4809E-03  1.1876E-02  1.8687E-02  2.9160E-02  4.5149E-02  6.9390E-02
       0.1059      0.1602      0.2402      0.3564      0.5182      0.5322      0.4487      0.2368      0.1137      5.2042E-02
       2.3514E-02  1.0765E-02  5.0824E-03  2.4982E-03  1.2830E-03  6.8771E-04  3.8322E-04  2.2086E-04  1.3095E-04  7.9471E-05
       4.9158E-05  3.0877E-05  1.9632E-05  1.2600E-05  8.1422E-06  5.2857E-06  3.4396E-06  2.2390E-06  1.4550E-06  9.4221E-07
       6.0688E-07  3.8813E-07  2.4609E-07  1.5445E-07  9.5832E-08  5.8678E-08  3.5495E-08  2.1166E-08  1.2392E-08  7.1487E-09
       4.0721E-09  2.2942E-09  1.2801E-09  7.0808E-10  3.8865E-10  2.1180E-10  1.1468E-10  6.1713E-11  3.3021E-11  1.7572E-11
       9.3026E-12  4.8998E-12  2.5679E-12  1.3392E-12  6.9498E-13  3.5886E-13  1.8437E-13  9.4238E-14  4.7912E-14  2.4227E-14
       1.2181E-14  6.0893E-15  3.0257E-15  1.4941E-15  7.3309E-16  3.5733E-16  1.7300E-16  8.3176E-17  3.9709E-17  1.8821E-17
       8.8554E-18  4.1359E-18  1.9173E-18  8.8219E-19  4.0292E-19  1.8271E-19  8.2304E-20  3.6886E-20  1.6509E-20  7.4468E-21
       3.4592E-21
  26   6.6823E-06  1.2720E-05  2.3589E-05  4.3044E-05  7.7645E-05  1.3874E-04  2.4580E-04  4.3180E-04  7.5215E-04  1.2987E-03
       2.2222E-03  3.7667E-03  6.3233E-03  1.0510E-02  1.7296E-02  2.8178E-02  4.5457E-02  7.2630E-02  0.1150      0.1804    
       0.2806      0.4316      0.6519      0.9523       1.319       1.879       1.094      0.6107      0.2972      0.1338    
       5.9203E-02  2.6809E-02  1.2671E-02  6.2941E-03  3.2826E-03  1.7880E-03  1.0101E-03  5.8774E-04  3.5014E-04  2.1249E-04
       1.3083E-04  8.1453E-05  5.1136E-05  3.2294E-05  2.0471E-05  1.2999E-05  8.2536E-06  5.2304E-06  3.3025E-06  2.0741E-06
       1.2936E-06  8.0004E-07  4.8998E-07  2.9668E-07  1.7757E-07  1.0504E-07  6.1147E-08  3.5073E-08  1.9872E-08  1.1140E-08
       6.1881E-09  3.4092E-09  1.8644E-09  1.0129E-09  5.4693E-10  2.9367E-10  1.5686E-10  8.3369E-11  4.4102E-11  2.3225E-11
       1.2176E-11  6.3563E-12  3.3039E-12  1.7099E-12  8.8109E-13  4.5199E-13  2.3081E-13  1.1731E-13  5.9332E-14  2.9856E-14
       1.4944E-14  7.4390E-15  3.6819E-15  1.8116E-15  8.8582E-16  4.3039E-16  2.0774E-16  9.9597E-17  4.7419E-17  2.2417E-17
       1.0522E-17  4.9023E-18  2.2673E-18  1.0409E-18  4.7435E-19  2.1462E-19  9.6471E-20  4.3142E-20  1.9268E-20  8.6741E-21
       4.0235E-21
  27   1.0592E-05  2.0390E-05  3.8466E-05  7.1660E-05  1.3227E-04  2.4221E-04  4.4025E-04  7.9420E-04  1.4216E-03  2.5237E-03
       4.4413E-03  7.7442E-03  1.3372E-02  2.2853E-02  3.8635E-02  6.4587E-02  0.1067      0.1742      0.2810      0.4475    
       0.7029       1.085       1.631       2.377       3.513       4.915       2.958       1.356      0.6537      0.3020    
       0.1381      6.4598E-02  3.1465E-02  1.6046E-02  8.5457E-03  4.7242E-03  2.6914E-03  1.5698E-03  9.3228E-04  5.6129E-04
       3.4142E-04  2.0923E-04  1.2887E-04  7.9619E-05  4.9247E-05  3.0443E-05  1.8777E-05  1.1538E-05  7.0523E-06  4.2805E-06
       2.5774E-06  1.5364E-06  9.0671E-07  5.2994E-07  3.0547E-07  1.7359E-07  9.7552E-08  5.4291E-08  2.9959E-08  1.6409E-08
       8.9269E-09  4.8271E-09  2.5958E-09  1.3888E-09  7.3951E-10  3.9204E-10  2.0697E-10  1.0882E-10  5.7000E-11  2.9743E-11
       1.5462E-11  8.0086E-12  4.1325E-12  2.1243E-12  1.0878E-12  5.5478E-13  2.8176E-13  1.4248E-13  7.1724E-14  3.5933E-14
       1.7913E-14  8.8827E-15  4.3808E-15  2.1482E-15  1.0471E-15  5.0725E-16  2.4415E-16  1.1674E-16  5.5440E-17  2.6145E-17
       1.2242E-17  5.6910E-18  2.6262E-18  1.2030E-18  5.4704E-19  2.4698E-19  1.1078E-19  4.9434E-20  2.2031E-20  9.8986E-21
       4.5848E-21
  28   1.6082E-05  3.1306E-05  6.0069E-05  1.1420E-04  2.1557E-04  4.0435E-04  7.5372E-04  1.3958E-03  2.5671E-03  4.6860E-03
       8.4843E-03  1.5225E-02  2.7059E-02  4.7583E-02  8.2706E-02  0.1419      0.2402      0.4001      0.6550       1.051    
        1.648       2.504       3.627       4.973       6.775       8.393       5.246       2.136       1.067      0.5415    
       0.2730      0.1392      7.2640E-02  3.8951E-02  2.1449E-02  1.2089E-02  6.9434E-03  4.0476E-03  2.3863E-03  1.4186E-03
       8.4833E-04  5.0932E-04  3.0641E-04  1.8439E-04  1.1084E-04  6.6453E-05  3.9673E-05  2.3559E-05  1.3901E-05  8.1265E-06
       4.7152E-06  2.7131E-06  1.5421E-06  8.6552E-07  4.8116E-07  2.6524E-07  1.4513E-07  7.8894E-08  4.2633E-08  2.2915E-08
       1.2257E-08  6.5266E-09  3.4609E-09  1.8281E-09  9.6207E-10  5.0456E-10  2.6373E-10  1.3741E-10  7.1362E-11  3.6945E-11
       1.9067E-11  9.8087E-12  5.0294E-12  2.5702E-12  1.3088E-12  6.6409E-13  3.3566E-13  1.6897E-13  8.4699E-14  4.2266E-14
       2.0991E-14  1.0373E-14  5.0991E-15  2.4927E-15  1.2115E-15  5.8526E-16  2.8096E-16  1.3400E-16  6.3484E-17  2.9869E-17
       1.3954E-17  6.4725E-18  2.9804E-18  1.3623E-18  6.1817E-19  2.7851E-19  1.2465E-19  5.5506E-20  2.4684E-20  1.1069E-20
       5.1193E-21
  29   2.3280E-05  4.5801E-05  8.9303E-05  1.7307E-04  3.3371E-04  6.4041E-04  1.2229E-03  2.3230E-03  4.3869E-03  8.2313E-03
       1.5334E-02  2.8335E-02  5.1881E-02  9.4009E-02  0.1683      0.2972      0.5164      0.8804       1.468       2.383    
        3.749       5.677       8.189       10.97       13.79       17.31       10.27       3.365       1.777      0.9615    
       0.5256      0.2896      0.1610      9.0412E-02  5.1268E-02  2.9332E-02  1.6910E-02  9.8085E-03  5.7148E-03  3.3397E-03
       1.9552E-03  1.1455E-03  6.7063E-04  3.9167E-04  2.2803E-04  1.3223E-04  7.6169E-05  4.3570E-05  2.4811E-05  1.4018E-05
       7.8284E-06  4.3292E-06  2.3760E-06  1.2952E-06  7.0169E-07  3.7808E-07  2.0271E-07  1.0819E-07  5.7506E-08  3.0449E-08
       1.6065E-08  8.4478E-09  4.4285E-09  2.3147E-09  1.2064E-09  6.2703E-10  3.2504E-10  1.6805E-10  8.6656E-11  4.4565E-11
       2.2857E-11  1.1690E-11  5.9619E-12  3.0312E-12  1.5362E-12  7.7595E-13  3.9054E-13  1.9581E-13  9.7785E-14  4.8622E-14
       2.4067E-14  1.1855E-14  5.8101E-15  2.8321E-15  1.3727E-15  6.6144E-16  3.1674E-16  1.5071E-16  7.1234E-17  3.3440E-17
       1.5589E-17  7.2150E-18  3.3152E-18  1.5122E-18  6.8472E-19  3.0783E-19  1.3748E-19  6.1086E-20  2.7107E-20  1.2130E-20
       5.6018E-21
  30   3.1981E-05  6.3523E-05  1.2565E-04  2.4775E-04  4.8697E-04  9.5411E-04  1.8629E-03  3.6232E-03  7.0162E-03  1.3519E-02
       2.5901E-02  4.9293E-02  9.3081E-02  0.1741      0.3222      0.5880       1.056       1.856       3.183       5.287    
        8.453       12.92       18.77       25.94       34.94       45.14       26.46       7.870       3.607       1.927    
        1.082      0.6175      0.3539      0.2029      0.1163      6.6598E-02  3.8137E-02  2.1836E-02  1.2494E-02  7.1389E-03
       4.0729E-03  2.3201E-03  1.3179E-03  7.4433E-04  4.1835E-04  2.3451E-04  1.3076E-04  7.2315E-05  3.9618E-05  2.1569E-05
       1.1677E-05  6.2890E-06  3.3711E-06  1.7993E-06  9.5653E-07  5.0665E-07  2.6745E-07  1.4074E-07  7.3841E-08  3.8636E-08
       2.0163E-08  1.0497E-08  5.4521E-09  2.8254E-09  1.4610E-09  7.5382E-10  3.8811E-10  1.9940E-10  1.0221E-10  5.2277E-11
       2.6674E-11  1.3576E-11  6.8919E-12  3.4888E-12  1.7609E-12  8.8597E-13  4.4425E-13  2.2196E-13  1.1047E-13  5.4753E-14
       2.7019E-14  1.3270E-14  6.4855E-15  3.1529E-15  1.5243E-15  7.3267E-16  3.5002E-16  1.6616E-16  7.8362E-17  3.6706E-17
       1.7074E-17  7.8858E-18  3.6158E-18  1.6458E-18  7.4363E-19  3.3360E-19  1.4866E-19  6.5908E-20  2.9182E-20  1.3031E-20
       6.0085E-21
  31   4.1537E-05  8.3152E-05  1.6644E-04  3.3286E-04  6.6480E-04  1.3255E-03  2.6379E-03  5.2375E-03  1.0372E-02  2.0477E-02
       4.0280E-02  7.8884E-02  0.1537      0.2973      0.5702       1.082       2.023       3.712       6.645       11.51    
        19.10       30.02       44.25       60.18       79.18       92.31       48.49       17.82       7.950       4.166    
        2.330       1.330      0.7607      0.4333      0.2454      0.1383      7.7684E-02  4.3507E-02  2.4280E-02  1.3482E-02
       7.4576E-03  4.1192E-03  2.2699E-03  1.2455E-03  6.7863E-04  3.6716E-04  1.9772E-04  1.0606E-04  5.6666E-05  3.0164E-05
       1.6001E-05  8.4605E-06  4.4599E-06  2.3443E-06  1.2290E-06  6.4264E-07  3.3525E-07  1.7451E-07  9.0645E-08  4.6991E-08
       2.4315E-08  1.2559E-08  6.4751E-09  3.3328E-09  1.7126E-09  8.7849E-10  4.4985E-10  2.2994E-10  1.1731E-10  5.9732E-11
       3.0349E-11  1.5385E-11  7.7803E-12  3.9242E-12  1.9737E-12  9.8969E-13  4.9465E-13  2.4636E-13  1.2224E-13  6.0413E-14
       2.9728E-14  1.4561E-14  7.0977E-15  3.4418E-15  1.6599E-15  7.9596E-16  3.7938E-16  1.7969E-16  8.4556E-17  3.9521E-17
       1.8344E-17  8.4543E-18  3.8682E-18  1.7569E-18  7.9211E-19  3.5456E-19  1.5765E-19  6.9732E-20  3.0804E-20  1.3725E-20
       6.3182E-21
  32   5.0900E-05  1.0245E-04  2.0675E-04  4.1764E-04  8.4370E-04  1.7039E-03  3.4394E-03  6.9381E-03  1.3985E-02  2.8165E-02
       5.6657E-02  0.1138      0.2281      0.4560      0.9079       1.797       3.527       6.838       13.02       24.15    
        42.99       72.03       110.3       139.2       160.7       152.8       77.76       34.19       16.72       8.916    
        4.926       2.745       1.527      0.8443      0.4635      0.2532      0.1381      7.5137E-02  4.0804E-02  2.2083E-02
       1.1893E-02  6.3719E-03  3.4011E-03  1.8113E-03  9.6213E-04  5.0963E-04  2.6921E-04  1.4184E-04  7.4546E-05  3.9084E-05
       2.0444E-05  1.0671E-05  5.5579E-06  2.8891E-06  1.4990E-06  7.7634E-07  4.0141E-07  2.0722E-07  1.0682E-07  5.4982E-08
       2.8263E-08  1.4509E-08  7.4386E-09  3.8088E-09  1.9477E-09  9.9461E-10  5.0718E-10  2.5823E-10  1.3126E-10  6.6599E-11
       3.3725E-11  1.7042E-11  8.5911E-12  4.3200E-12  2.1663E-12  1.0831E-12  5.3980E-13  2.6810E-13  1.3266E-13  6.5384E-14
       3.2089E-14  1.5677E-14  7.6224E-15  3.6872E-15  1.7740E-15  8.4866E-16  4.0357E-16  1.9072E-16  8.9546E-17  4.1761E-17
       1.9342E-17  8.8945E-18  4.0607E-18  1.8402E-18  8.2782E-19  3.6970E-19  1.6400E-19  7.2365E-20  3.1889E-20  1.4176E-20
       6.5144E-21
  33   5.8926E-05  1.1893E-04  2.4106E-04  4.8959E-04  9.9530E-04  2.0245E-03  4.1199E-03  8.3882E-03  1.7089E-02  3.4841E-02
       7.1104E-02  0.1453      0.2973      0.6093       1.251       2.573       5.301       10.93       22.48       45.91    
        91.89       175.6       301.7       315.7       295.2       223.0       127.7       64.69       33.90       17.94    
        9.496       5.028       2.668       1.417      0.7521      0.3985      0.2107      0.1113      5.8768E-02  3.1019E-02
       1.6356E-02  8.6105E-03  4.5248E-03  2.3735E-03  1.2427E-03  6.4948E-04  3.3879E-04  1.7640E-04  9.1681E-05  4.7566E-05
       2.4637E-05  1.2741E-05  6.5786E-06  3.3919E-06  1.7465E-06  8.9814E-07  4.6131E-07  2.3668E-07  1.2130E-07  6.2107E-08
       3.1769E-08  1.6235E-08  8.2889E-09  4.2279E-09  2.1543E-09  1.0965E-09  5.5745E-10  2.8301E-10  1.4347E-10  7.2603E-11
       3.6672E-11  1.8485E-11  9.2954E-12  4.6626E-12  2.3323E-12  1.1631E-12  5.7820E-13  2.8643E-13  1.4137E-13  6.9497E-14
       3.4020E-14  1.6579E-14  8.0406E-15  3.8799E-15  1.8622E-15  8.8873E-16  4.2163E-16  1.9879E-16  9.3123E-17  4.3331E-17
       2.0023E-17  9.1869E-18  4.1845E-18  1.8920E-18  8.4908E-19  3.7828E-19  1.6739E-19  7.3674E-20  3.2382E-20  1.4360E-20
       6.5867E-21
  34   6.4755E-05  1.3078E-04  2.6536E-04  5.3962E-04  1.0986E-03  2.2383E-03  4.5634E-03  9.3108E-03  1.9016E-02  3.8889E-02
       7.9668E-02  0.1636      0.3370      0.6970       1.450       3.039       6.439       13.84       30.35       68.36    
        159.6       390.0       1000.       657.8       518.6       1000.       193.9       110.6       58.03       29.41    
        14.80       7.483       3.811       1.957       1.013      0.5270      0.2749      0.1436      7.4993E-02  3.9163E-02
       2.0435E-02  1.0651E-02  5.5432E-03  2.8806E-03  1.4946E-03  7.7428E-04  4.0049E-04  2.0684E-04  1.0667E-04  5.4934E-05
       2.8254E-05  1.4514E-05  7.4471E-06  3.8170E-06  1.9545E-06  9.9987E-07  5.1108E-07  2.6104E-07  1.3323E-07  6.7957E-08
       3.4640E-08  1.7646E-08  8.9838E-09  4.5705E-09  2.3234E-09  1.1801E-09  5.9873E-10  3.0340E-10  1.5353E-10  7.7557E-11
       3.9105E-11  1.9675E-11  9.8749E-12  4.9433E-12  2.4674E-12  1.2278E-12  6.0892E-13  3.0092E-13  1.4815E-13  7.2644E-14
       3.5470E-14  1.7241E-14  8.3400E-15  4.0141E-15  1.9217E-15  9.1485E-16  4.3295E-16  2.0363E-16  9.5159E-17  4.4171E-17
       2.0362E-17  9.3199E-18  4.2348E-18  1.9099E-18  8.5500E-19  3.7994E-19  1.6768E-19  7.3601E-20  3.2261E-20  1.4268E-20
       6.5316E-21
  35   6.8010E-05  1.3724E-04  2.7812E-04  5.6466E-04  1.1474E-03  2.3323E-03  4.7422E-03  9.6449E-03  1.9624E-02  3.9950E-02
       8.1396E-02  0.1660      0.3391      0.6941       1.424       2.930       6.045       12.50       25.87       53.27    
        107.7       207.4       346.9       376.3       392.1       425.1       235.4       118.6       61.76       32.03    
        16.54       8.541       4.423       2.297       1.196      0.6233      0.3250      0.1694      8.8180E-02  4.5842E-02
       2.3795E-02  1.2330E-02  6.3791E-03  3.2948E-03  1.6991E-03  8.7486E-04  4.4983E-04  2.3098E-04  1.1846E-04  6.0683E-05
       3.1053E-05  1.5875E-05  8.1084E-06  4.1383E-06  2.1106E-06  1.0757E-06  5.4799E-07  2.7902E-07  1.4201E-07  7.2255E-08
       3.6750E-08  1.8685E-08  9.4970E-09  4.8247E-09  2.4497E-09  1.2429E-09  6.3000E-10  3.1896E-10  1.6126E-10  8.1384E-11
       4.0990E-11  2.0597E-11  1.0323E-11  5.1594E-12  2.5706E-12  1.2765E-12  6.3167E-13  3.1141E-13  1.5293E-13  7.4790E-14
       3.6418E-14  1.7653E-14  8.5160E-15  4.0875E-15  1.9515E-15  9.2651E-16  4.3730E-16  2.0513E-16  9.5606E-17  4.4263E-17
       2.0351E-17  9.2905E-18  4.2103E-18  1.8939E-18  8.4550E-19  3.7467E-19  1.6488E-19  7.2163E-20  3.1536E-20  1.3908E-20
       6.3529E-21
  36   6.8773E-05  1.3853E-04  2.7994E-04  5.6636E-04  1.1460E-03  2.3183E-03  4.6870E-03  9.4694E-03  1.9116E-02  3.8554E-02
       7.7674E-02  0.1563      0.3139      0.6293       1.258       2.504       4.955       9.715       18.78       35.48    
        64.61       110.5       170.1       228.6       317.4       534.1       279.4       123.1       61.14       31.80    
        16.79       8.906       4.720       2.496       1.315      0.6907      0.3614      0.1885      9.8022E-02  5.0831E-02
       2.6294E-02  1.3571E-02  6.9906E-03  3.5943E-03  1.8451E-03  9.4577E-04  4.8415E-04  2.4754E-04  1.2643E-04  6.4515E-05
       3.2892E-05  1.6757E-05  8.5314E-06  4.3412E-06  2.2080E-06  1.1227E-06  5.7065E-07  2.9001E-07  1.4737E-07  7.4881E-08
       3.8046E-08  1.9330E-08  9.8195E-09  4.9872E-09  2.5319E-09  1.2846E-09  6.5123E-10  3.2973E-10  1.6670E-10  8.4115E-11
       4.2349E-11  2.1266E-11  1.0648E-11  5.3147E-12  2.6436E-12  1.3102E-12  6.4686E-13  3.1810E-13  1.5579E-13  7.5970E-14
       3.6883E-14  1.7824E-14  8.5717E-15  4.1015E-15  1.9522E-15  9.2401E-16  4.3481E-16  2.0336E-16  9.4505E-17  4.3627E-17
       2.0001E-17  9.1045E-18  4.1141E-18  1.8452E-18  8.2133E-19  3.6287E-19  1.5919E-19  6.9451E-20  3.0253E-20  1.3300E-20
       6.0610E-21
  37   6.7496E-05  1.3566E-04  2.7319E-04  5.5034E-04  1.1081E-03  2.2287E-03  4.4765E-03  8.9760E-03  1.7962E-02  3.5858E-02
       7.1375E-02  0.1416      0.2795      0.5489       1.070       2.067       3.943       7.403       13.60       24.29    
        41.83       68.91       108.9       173.3       324.8       1000.       320.4       121.0       58.81       31.10    
        16.86       9.159       4.945       2.647       1.405      0.7403      0.3877      0.2020      0.1048      5.4153E-02
       2.7911E-02  1.4350E-02  7.3627E-03  3.7709E-03  1.9284E-03  9.8484E-04  5.0239E-04  2.5603E-04  1.3037E-04  6.6331E-05
       3.3729E-05  1.7142E-05  8.7086E-06  4.4229E-06  2.2459E-06  1.1403E-06  5.7898E-07  2.9401E-07  1.4932E-07  7.5858E-08
       3.8547E-08  1.9592E-08  9.9591E-09  5.0625E-09  2.5729E-09  1.3069E-09  6.6329E-10  3.3620E-10  1.7012E-10  8.5896E-11
       4.3257E-11  2.1719E-11  1.0868E-11  5.4186E-12  2.6911E-12  1.3310E-12  6.5556E-13  3.2148E-13  1.5696E-13  7.6289E-14
       3.6910E-14  1.7774E-14  8.5170E-15  4.0608E-15  1.9259E-15  9.0840E-16  4.2600E-16  1.9857E-16  9.1973E-17  4.2320E-17
       1.9339E-17  8.7750E-18  3.9525E-18  1.7670E-18  7.8398E-19  3.4522E-19  1.5094E-19  6.5619E-20  2.8482E-20  1.2479E-20
       5.6722E-21
  38   6.4787E-05  1.2994E-04  2.6086E-04  5.2348E-04  1.0494E-03  2.1005E-03  4.1964E-03  8.3648E-03  1.6629E-02  3.2954E-02
       6.5056E-02  0.1278      0.2498      0.4848      0.9326       1.775       3.332       6.148       11.10       19.48    
        33.06       53.90       84.30       128.1       196.7       304.7       177.4       93.09       53.81       30.98    
        17.49       9.670       5.250       2.809       1.486      0.7794      0.4060      0.2104      0.1086      5.5852E-02
       2.8653E-02  1.4668E-02  7.4957E-03  3.8249E-03  1.9494E-03  9.9248E-04  5.0486E-04  2.5663E-04  1.3038E-04  6.6202E-05
       3.3604E-05  1.7053E-05  8.6526E-06  4.3901E-06  2.2277E-06  1.1306E-06  5.7401E-07  2.9155E-07  1.4816E-07  7.5335E-08
       3.8329E-08  1.9512E-08  9.9372E-09  5.0621E-09  2.5786E-09  1.3129E-09  6.6786E-10  3.3925E-10  1.7198E-10  8.6960E-11
       4.3834E-11  2.2017E-11  1.1014E-11  5.4861E-12  2.7202E-12  1.3425E-12  6.5936E-13  3.2230E-13  1.5679E-13  7.5908E-14
       3.6574E-14  1.7537E-14  8.3680E-15  3.9727E-15  1.8763E-15  8.8134E-16  4.1165E-16  1.9113E-16  8.8190E-17  4.0428E-17
       1.8407E-17  8.3219E-18  3.7349E-18  1.6637E-18  7.3549E-19  3.2268E-19  1.4056E-19  6.0872E-20  2.6319E-20  1.1488E-20
       5.2068E-21
  39   6.1212E-05  1.2259E-04  2.4554E-04  4.9146E-04  9.8251E-04  1.9611E-03  3.9072E-03  7.7675E-03  1.5403E-02  3.0458E-02
       6.0024E-02  0.1178      0.2302      0.4474      0.8637       1.654       3.137       5.878       10.84       19.59    
        34.40       57.90       91.40       131.4       179.4       244.5       154.2       93.57       59.12       34.87    
        19.57       10.64       5.674       2.985       1.556      0.8062      0.4156      0.2135      0.1094      5.5905E-02
       2.8527E-02  1.4537E-02  7.3992E-03  3.7627E-03  1.9120E-03  9.7099E-04  4.9286E-04  2.5007E-04  1.2685E-04  6.4332E-05
       3.2624E-05  1.6544E-05  8.3915E-06  4.2573E-06  2.1608E-06  1.0973E-06  5.5760E-07  2.8358E-07  1.4435E-07  7.3552E-08
       3.7515E-08  1.9152E-08  9.7855E-09  5.0022E-09  2.5573E-09  1.3069E-09  6.6718E-10  3.4003E-10  1.7288E-10  8.7617E-11
       4.4237E-11  2.2238E-11  1.1124E-11  5.5361E-12  2.7402E-12  1.3488E-12  6.6033E-13  3.2152E-13  1.5572E-13  7.5031E-14
       3.5971E-14  1.7159E-14  8.1450E-15  3.8469E-15  1.8076E-15  8.4492E-16  3.9276E-16  1.8152E-16  8.3382E-17  3.8058E-17
       1.7255E-17  7.7691E-18  3.4727E-18  1.5407E-18  6.7834E-19  2.9640E-19  1.2857E-19  5.5447E-20  2.3870E-20  1.0376E-20
       4.6879E-21
  40   5.7160E-05  1.1438E-04  2.2884E-04  4.5754E-04  9.1389E-04  1.8232E-03  3.6325E-03  7.2265E-03  1.4353E-02  2.8460E-02
       5.6325E-02  0.1112      0.2193      0.4311      0.8455       1.653       3.223       6.255       12.07       23.06    
        43.35       78.96       135.2       204.5       268.1       335.8       214.6       132.3       78.49       43.05    
        22.75       11.81       6.079       3.115       1.591      0.8115      0.4133      0.2102      0.1069      5.4274E-02
       2.7553E-02  1.3981E-02  7.0919E-03  3.5963E-03  1.8233E-03  9.2425E-04  4.6847E-04  2.3745E-04  1.2036E-04  6.1014E-05
       3.0938E-05  1.5693E-05  7.9637E-06  4.0437E-06  2.0548E-06  1.0451E-06  5.3214E-07  2.7129E-07  1.3849E-07  7.0805E-08
       3.6253E-08  1.8587E-08  9.5413E-09  4.9018E-09  2.5189E-09  1.2939E-09  6.6386E-10  3.3990E-10  1.7350E-10  8.8222E-11
       4.4647E-11  2.2473E-11  1.1244E-11  5.5907E-12  2.7617E-12  1.3553E-12  6.6085E-13  3.2024E-13  1.5427E-13  7.3895E-14
       3.5207E-14  1.6688E-14  7.8709E-15  3.6940E-15  1.7251E-15  8.0152E-16  3.7045E-16  1.7027E-16  7.7802E-17  3.5332E-17
       1.5941E-17  7.1435E-18  3.1783E-18  1.4036E-18  6.1519E-19  2.6758E-19  1.1554E-19  4.9592E-20  2.1248E-20  9.1939E-21
       4.1393E-21
  41   5.2820E-05  1.0567E-04  2.1136E-04  4.2261E-04  8.4452E-04  1.6867E-03  3.3667E-03  6.7165E-03  1.3394E-02  2.6700E-02
       5.3220E-02  0.1061      0.2116      0.4222      0.8436       1.688       3.387       6.809       13.72       27.67    
        55.65       110.5       211.6       369.1       482.5       1000.       323.8       189.7       99.46       50.02    
        24.91       12.41       6.197       3.106       1.560      0.7853      0.3959      0.1998      0.1009      5.1013E-02
       2.5797E-02  1.3050E-02  6.6042E-03  3.3431E-03  1.6927E-03  8.5732E-04  4.3434E-04  2.2011E-04  1.1159E-04  5.6599E-05
       2.8723E-05  1.4586E-05  7.4128E-06  3.7709E-06  1.9205E-06  9.7939E-07  5.0024E-07  2.5595E-07  1.3122E-07  6.7405E-08
       3.4697E-08  1.7895E-08  9.2440E-09  4.7807E-09  2.4736E-09  1.2793E-09  6.6062E-10  3.4026E-10  1.7460E-10  8.9157E-11
       4.5260E-11  2.2822E-11  1.1424E-11  5.6744E-12  2.7964E-12  1.3674E-12  6.6354E-13  3.1968E-13  1.5298E-13  7.2751E-14
       3.4398E-14  1.6177E-14  7.5699E-15  3.5251E-15  1.6338E-15  7.5359E-16  3.4588E-16  1.5793E-16  7.1711E-17  3.2372E-17
       1.4523E-17  6.4721E-18  2.8643E-18  1.2584E-18  5.4872E-19  2.3745E-19  1.0200E-19  4.3553E-20  1.8563E-20  7.9909E-21
       3.5836E-21
  42   4.8238E-05  9.6500E-05  1.9304E-04  3.8614E-04  7.7234E-04  1.5448E-03  3.0904E-03  6.1843E-03  1.2382E-02  2.4814E-02
       4.9783E-02  0.1000      0.2015      0.4068      0.8244       1.678       3.433       7.066       14.65       30.59    
        64.31       135.6       284.1       579.6       651.1       784.3       399.7       195.2       97.59       48.48    
        23.94       11.82       5.848       2.905       1.448      0.7244      0.3633      0.1826      9.1944E-02  4.6358E-02
       2.3401E-02  1.1823E-02  5.9785E-03  3.0252E-03  1.5318E-03  7.7605E-04  3.9341E-04  1.9956E-04  1.0129E-04  5.1454E-05
       2.6160E-05  1.3313E-05  6.7828E-06  3.4605E-06  1.7683E-06  9.0529E-07  4.6443E-07  2.3883E-07  1.2313E-07  6.3655E-08
       3.2997E-08  1.7148E-08  8.9308E-09  4.6581E-09  2.4310E-09  1.2680E-09  6.6011E-10  3.4253E-10  1.7690E-10  9.0807E-11
       4.6275E-11  2.3387E-11  1.1714E-11  5.8126E-12  2.8568E-12  1.3909E-12  6.7115E-13  3.2110E-13  1.5244E-13  7.1859E-14
       3.3661E-14  1.5679E-14  7.2659E-15  3.3514E-15  1.5389E-15  7.0353E-16  3.2018E-16  1.4503E-16  6.5362E-17  2.9298E-17
       1.3056E-17  5.7812E-18  2.5429E-18  1.1106E-18  4.8145E-19  2.0714E-19  8.8469E-20  3.7556E-20  1.5913E-20  6.8115E-21
       3.0414E-21
  43   4.3410E-05  8.6824E-05  1.7366E-04  3.4737E-04  6.9504E-04  1.3913E-03  2.7866E-03  5.5861E-03  1.1211E-02  2.2531E-02
       4.5365E-02  9.1549E-02  0.1853      0.3762      0.7672       1.572       3.243       6.739       14.15       30.10    
        65.42       147.4       357.0       1000.       704.9       1000.       388.8       175.5       84.61       41.72    
        20.68       10.27       5.103       2.542       1.269      0.6353      0.3188      0.1603      8.0730E-02  4.0725E-02
       2.0571E-02  1.0403E-02  5.2658E-03  2.6679E-03  1.3528E-03  6.8654E-04  3.4869E-04  1.7725E-04  9.0184E-05  4.5932E-05
       2.3421E-05  1.1958E-05  6.1150E-06  3.1326E-06  1.6082E-06  8.2756E-07  4.2704E-07  2.2104E-07  1.1479E-07  5.9823E-08
       3.1285E-08  1.6413E-08  8.6343E-09  4.5504E-09  2.3997E-09  1.2645E-09  6.6474E-10  3.4799E-10  1.8110E-10  9.3547E-11
       4.7891E-11  2.4272E-11  1.2169E-11  6.0317E-12  2.9557E-12  1.4321E-12  6.8651E-13  3.2580E-13  1.5322E-13  7.1477E-14
       3.3110E-14  1.5244E-14  6.9819E-15  3.1831E-15  1.4452E-15  6.5354E-16  2.9439E-16  1.3207E-16  5.8984E-17  2.6216E-17
       1.1590E-17  5.0941E-18  2.2248E-18  9.6505E-19  4.1560E-19  1.7765E-19  7.5385E-20  3.1795E-20  1.3384E-20  5.6928E-21
       2.5296E-21
  44   3.8356E-05  7.6664E-05  1.5319E-04  3.0613E-04  6.1196E-04  1.2240E-03  2.4500E-03  4.9088E-03  9.8470E-03  1.9782E-02
       3.9812E-02  8.0292E-02  0.1623      0.3292      0.6696       1.368       2.806       5.787       12.01       25.07    
        52.71       111.0       228.2       396.4       397.7       469.3       256.7       128.8       64.57       32.52    
        16.40       8.261       4.159       2.093       1.054      0.5309      0.2678      0.1353      6.8399E-02  3.4625E-02
       1.7546E-02  8.9003E-03  4.5189E-03  2.2963E-03  1.1680E-03  5.9458E-04  3.0296E-04  1.5453E-04  7.8909E-05  4.0344E-05
       2.0657E-05  1.0595E-05  5.4444E-06  2.8042E-06  1.4482E-06  7.5018E-07  3.8996E-07  2.0349E-07  1.0664E-07  5.6124E-08
       2.9665E-08  1.5742E-08  8.3804E-09  4.4709E-09  2.3867E-09  1.2727E-09  6.7654E-10  3.5778E-10  1.8784E-10  9.7725E-11
       5.0299E-11  2.5579E-11  1.2840E-11  6.3586E-12  3.1063E-12  1.4973E-12  7.1254E-13  3.3510E-13  1.5591E-13  7.1860E-14
       3.2855E-14  1.4921E-14  6.7386E-15  3.0295E-15  1.3567E-15  6.0554E-16  2.6939E-16  1.1945E-16  5.2773E-17  2.3220E-17
       1.0170E-17  4.4308E-18  1.9192E-18  8.2597E-19  3.5303E-19  1.4980E-19  6.3105E-20  2.6422E-20  1.1042E-20  4.6636E-21
       2.0610E-21
  45   3.3164E-05  6.6198E-05  1.3201E-04  2.6318E-04  5.2477E-04  1.0468E-03  2.0892E-03  4.1727E-03  8.3415E-03  1.6692E-02
       3.3441E-02  6.7081E-02  0.1347      0.2710      0.5459       1.101       2.222       4.483       9.027       18.07    
        35.66       68.09       120.4       179.7       204.0       221.4       148.6       83.24       44.50       23.33    
        12.10       6.237       3.199       1.635      0.8339      0.4248      0.2163      0.1101      5.6061E-02  2.8555E-02
       1.4551E-02  7.4195E-03  3.7856E-03  1.9328E-03  9.8762E-04  5.0509E-04  2.5856E-04  1.3251E-04  6.7997E-05  3.4945E-05
       1.7990E-05  9.2803E-06  4.7989E-06  2.4886E-06  1.2947E-06  6.7618E-07  3.5465E-07  1.8690E-07  9.8998E-08  5.2715E-08
       2.8214E-08  1.5171E-08  8.1875E-09  4.4290E-09  2.3971E-09  1.2952E-09  6.9710E-10  3.7280E-10  1.9765E-10  1.0365E-10
       5.3676E-11  2.7405E-11  1.3780E-11  6.8205E-12  3.3221E-12  1.5929E-12  7.5230E-13  3.5036E-13  1.6111E-13  7.3265E-14
       3.3005E-14  1.4754E-14  6.5552E-15  2.8987E-15  1.2772E-15  5.6113E-16  2.4593E-16  1.0752E-16  4.6888E-17  2.0384E-17
       8.8285E-18  3.8069E-18  1.6332E-18  6.9652E-19  2.9514E-19  1.2419E-19  5.1890E-20  2.1551E-20  8.9326E-21  3.7432E-21
       1.6441E-21
  46   2.7987E-05  5.5748E-05  1.1082E-04  2.2009E-04  4.3696E-04  8.6752E-04  1.7226E-03  3.4211E-03  6.7960E-03  1.3503E-02
       2.6832E-02  5.3316E-02  0.1059      0.2103      0.4168      0.8245       1.625       3.181       6.162       11.73    
        21.68       38.05       61.21       85.72       100.8       105.6       80.25       50.22       28.61       15.71    
        8.439       4.471       2.345       1.222      0.6335      0.3273      0.1687      8.6778E-02  4.4601E-02  2.2910E-02
       1.1765E-02  6.0416E-03  3.1031E-03  1.5945E-03  8.1979E-04  4.2181E-04  2.1724E-04  1.1201E-04  5.7839E-05  2.9917E-05
       1.5506E-05  8.0567E-06  4.1982E-06  2.1951E-06  1.1523E-06  6.0766E-07  3.2210E-07  1.7171E-07  9.2090E-08  4.9695E-08
       2.6977E-08  1.4721E-08  8.0659E-09  4.4299E-09  2.4335E-09  1.3338E-09  7.2748E-10  3.9376E-10  2.1095E-10  1.1160E-10
       5.8185E-11  2.9845E-11  1.5043E-11  7.4453E-12  3.6175E-12  1.7259E-12  8.0901E-13  3.7303E-13  1.6944E-13  7.5953E-14
       3.3666E-14  1.4787E-14  6.4489E-15  2.7979E-15  1.2095E-15  5.2160E-16  2.2456E-16  9.6549E-17  4.1449E-17  1.7761E-17
       7.5915E-18  3.2339E-18  1.3718E-18  5.7893E-19  2.4288E-19  1.0123E-19  4.1909E-20  1.7247E-20  7.0838E-21  2.9425E-21
       1.2836E-21
  47   2.3012E-05  4.5710E-05  9.0471E-05  1.7874E-04  3.5278E-04  6.9586E-04  1.3719E-03  2.7032E-03  5.3231E-03  1.0473E-02
       2.0583E-02  4.0388E-02  7.9075E-02  0.1544      0.3000      0.5798       1.111       2.103       3.912       7.092    
        12.37       20.36       30.80       41.58       49.09       50.78       41.74       28.76       17.57       10.10    
        5.630       3.074       1.654      0.8805      0.4650      0.2442      0.1276      6.6509E-02  3.4575E-02  1.7944E-02
       9.3023E-03  4.8191E-03  2.4958E-03  1.2926E-03  6.6966E-04  3.4714E-04  1.8011E-04  9.3567E-05  4.8683E-05  2.5379E-05
       1.3262E-05  6.9497E-06  3.6544E-06  1.9294E-06  1.0234E-06  5.4581E-07  2.9285E-07  1.5816E-07  8.6015E-08  4.7107E-08
       2.5970E-08  1.4400E-08  8.0182E-09  4.4749E-09  2.4969E-09  1.3891E-09  7.6818E-10  4.2104E-10  2.2807E-10  1.2179E-10
       6.3968E-11  3.2987E-11  1.6679E-11  8.2618E-12  4.0074E-12  1.9037E-12  8.8620E-13  4.0470E-13  1.8158E-13  8.0202E-14
       3.4949E-14  1.5062E-14  6.4361E-15  2.7333E-15  1.1562E-15  4.8793E-16  2.0571E-16  8.6703E-17  3.6537E-17  1.5390E-17
       6.4751E-18  2.7189E-18  1.1382E-18  4.7449E-19  1.9680E-19  8.1140E-20  3.3240E-20  1.3539E-20  5.5046E-21  2.2640E-21
       9.8002E-22
  48   1.8420E-05  3.6463E-05  7.1787E-05  1.4091E-04  2.7609E-04  5.4021E-04  1.0557E-03  2.0600E-03  4.0135E-03  7.8037E-03
       1.5135E-02  2.9260E-02  5.6334E-02  0.1079      0.2052      0.3865      0.7193       1.317       2.356       4.085    
        6.787       10.64       15.42       20.27       23.79       24.58       21.29       15.80       10.40       6.285    
        3.635       2.047       1.131      0.6159      0.3319      0.1774      9.4197E-02  4.9787E-02  2.6219E-02  1.3769E-02
       7.2167E-03  3.7772E-03  1.9752E-03  1.0325E-03  5.3974E-04  2.8227E-04  1.4774E-04  7.7427E-05  4.0646E-05  2.1384E-05
       1.1281E-05  5.9708E-06  3.1728E-06  1.6939E-06  9.0922E-07  4.9106E-07  2.6705E-07  1.4631E-07  8.0783E-08  4.4947E-08
       2.5188E-08  1.4200E-08  8.0401E-09  4.5615E-09  2.5861E-09  1.4606E-09  8.1916E-10  4.5478E-10  2.4918E-10  1.3437E-10
       7.1146E-11  3.6915E-11  1.8741E-11  9.2997E-12  4.5080E-12  2.1346E-12  9.8781E-13  4.4716E-13  1.9831E-13  8.6327E-14
       3.6976E-14  1.5625E-14  6.5330E-15  2.7106E-15  1.1191E-15  4.6086E-16  1.8966E-16  7.8099E-17  3.2197E-17  1.3289E-17
       5.4876E-18  2.2653E-18  9.3363E-19  3.8370E-19  1.5705E-19  6.3951E-20  2.5888E-20  1.0423E-20  4.1893E-21  1.7041E-21
       7.3124E-22
  49   1.4352E-05  2.8299E-05  5.5372E-05  1.0788E-04  2.0959E-04  4.0628E-04  7.8589E-04  1.5167E-03  2.9193E-03  5.6010E-03
       1.0704E-02  2.0360E-02  3.8493E-02  7.2230E-02  0.1343      0.2465      0.4458      0.7900       1.364       2.275    
        3.632       5.476       7.686       9.895       11.52       11.94       10.74       8.440       5.925       3.806    
        2.290       1.330      0.7547      0.4208      0.2315      0.1261      6.8101E-02  3.6553E-02  1.9523E-02  1.0388E-02
       5.5114E-03  2.9180E-03  1.5427E-03  8.1495E-04  4.3039E-04  2.2736E-04  1.2020E-04  6.3628E-05  3.3745E-05  1.7940E-05
       9.5667E-06  5.1208E-06  2.7534E-06  1.4883E-06  8.0941E-07  4.4325E-07  2.4458E-07  1.3606E-07  7.6332E-08  4.3174E-08
       2.4603E-08  1.4106E-08  8.1219E-09  4.6841E-09  2.6979E-09  1.5468E-09  8.7980E-10  4.9480E-10  2.7429E-10  1.4943E-10
       7.9813E-11  4.1701E-11  2.1278E-11  1.0590E-11  5.1367E-12  2.4278E-12  1.1184E-12  5.0249E-13  2.2052E-13  9.4697E-14
       3.9888E-14  1.6527E-14  6.7575E-15  2.7357E-15  1.1002E-15  4.4095E-16  1.7658E-16  7.0792E-17  2.8448E-17  1.1463E-17
       4.6304E-18  1.8733E-18  7.5804E-19  3.0637E-19  1.2349E-19  4.9568E-20  1.9795E-20  7.8661E-21  3.1211E-21  1.2538E-21
       5.3275E-22
  50   1.0889E-05  2.1379E-05  4.1549E-05  8.0280E-05  1.5451E-04  2.9645E-04  5.6707E-04  1.0812E-03  2.0539E-03  3.8847E-03
       7.3091E-03  1.3666E-02  2.5355E-02  4.6603E-02  8.4666E-02  0.1516      0.2667      0.4586      0.7667       1.237    
        1.910       2.792       3.819       4.833       5.587       5.820       5.381       4.426       3.280       2.228    
        1.411      0.8489      0.4945      0.2823      0.1587      8.8089E-02  4.8432E-02  2.6423E-02  1.4327E-02  7.7313E-03
       4.1566E-03  2.2285E-03  1.1925E-03  6.3731E-04  3.4043E-04  1.8186E-04  9.7226E-05  5.2048E-05  2.7919E-05  1.5017E-05
       8.1045E-06  4.3923E-06  2.3924E-06  1.3107E-06  7.2296E-07  4.0177E-07  2.2512E-07  1.2723E-07  7.2549E-08  4.1721E-08
       2.4175E-08  1.4094E-08  8.2493E-09  4.8344E-09  2.8278E-09  1.6453E-09  9.4893E-10  5.4064E-10  3.0327E-10  1.6700E-10
       9.0027E-11  4.7406E-11  2.4337E-11  1.2164E-11  5.9124E-12  2.7936E-12  1.2831E-12  5.7318E-13  2.4931E-13  1.0576E-13
       4.3862E-14  1.7832E-14  7.1310E-15  2.8152E-15  1.1015E-15  4.2871E-16  1.6658E-16  6.4797E-17  2.5285E-17  9.9084E-18
       3.8998E-18  1.5406E-18  6.1008E-19  2.4178E-19  9.5720E-20  3.7792E-20  1.4860E-20  5.8174E-21  2.2748E-21  9.0112E-22
       3.7863E-22
  51   8.0526E-06  1.5737E-05  3.0363E-05  5.8149E-05  1.1080E-04  2.1026E-04  3.9744E-04  7.4815E-04  1.4017E-03  2.6120E-03
       4.8360E-03  8.8854E-03  1.6176E-02  2.9127E-02  5.1751E-02  9.0469E-02  0.1551      0.2594      0.4215      0.6607    
       0.9916       1.413       1.893       2.361       2.714       2.842       2.686       2.291       1.777       1.268    
       0.8440      0.5308      0.3198      0.1868      0.1072      6.0737E-02  3.4009E-02  1.8871E-02  1.0396E-02  5.6938E-03
       3.1047E-03  1.6871E-03  9.1460E-04  4.9503E-04  2.6772E-04  1.4479E-04  7.8356E-05  4.2465E-05  2.3064E-05  1.2564E-05
       6.8693E-06  3.7731E-06  2.0838E-06  1.1581E-06  6.4828E-07  3.6580E-07  2.0820E-07  1.1957E-07  6.9294E-08  4.0505E-08
       2.3857E-08  1.4135E-08  8.4050E-09  5.0022E-09  2.9699E-09  1.7530E-09  1.0249E-09  5.9150E-10  3.3582E-10  1.8698E-10
       1.0181E-10  5.4075E-11  2.7962E-11  1.4052E-11  6.8552E-12  3.2436E-12  1.4881E-12  6.6220E-13  2.8603E-13  1.2009E-13
       4.9117E-14  1.9620E-14  7.6805E-15  2.9577E-15  1.1252E-15  4.2472E-16  1.5975E-16  6.0106E-17  2.2689E-17  8.6106E-18
       3.2880E-18  1.2631E-18  4.8760E-19  1.8882E-19  7.3204E-20  2.8352E-20  1.0950E-20  4.2147E-21  1.6212E-21  6.3206E-22
       2.6222E-22
  52   5.8103E-06  1.1300E-05  2.1639E-05  4.1059E-05  7.7421E-05  1.4525E-04  2.7118E-04  5.0376E-04  9.3056E-04  1.7079E-03
       3.1112E-03  5.6176E-03  1.0038E-02  1.7716E-02  3.0810E-02  5.2649E-02  8.8103E-02  0.1438      0.2277      0.3480    
       0.5099      0.7110      0.9362       1.154       1.321       1.390       1.338       1.176      0.9476      0.7064    
       0.4918      0.3232      0.2026      0.1224      7.1749E-02  4.1470E-02  2.3654E-02  1.3355E-02  7.4789E-03  4.1604E-03
       2.3025E-03  1.2692E-03  6.9763E-04  3.8273E-04  2.0976E-04  1.1494E-04  6.3027E-05  3.4612E-05  1.9051E-05  1.0519E-05
       5.8315E-06  3.2486E-06  1.8203E-06  1.0267E-06  5.8353E-07  3.3439E-07  1.9332E-07  1.1280E-07  6.6414E-08  3.9439E-08
       2.3595E-08  1.4197E-08  8.5703E-09  5.1762E-09  3.1176E-09  1.8659E-09  1.1056E-09  6.4632E-10  3.7145E-10  2.0920E-10
       1.1512E-10  6.1731E-11  3.2187E-11  1.6287E-11  7.9861E-12  3.7906E-12  1.7406E-12  7.7312E-13  3.3234E-13  1.3841E-13
       5.5942E-14  2.1998E-14  8.4426E-15  3.1744E-15  1.1745E-15  4.2971E-16  1.5622E-16  5.6705E-17  2.0635E-17  7.5521E-18
       2.7851E-18  1.0355E-18  3.8794E-19  1.4619E-19  5.5297E-20  2.0941E-20  7.9226E-21  2.9906E-21  1.1290E-21  4.3228E-22
       1.7675E-22
  53   4.0957E-06  7.9266E-06  1.5062E-05  2.8310E-05  5.2810E-05  9.7918E-05  1.8053E-04  3.3088E-04  6.0255E-04  1.0892E-03
       1.9524E-03  3.4653E-03  6.0804E-03  1.0527E-02  1.7939E-02  3.0008E-02  4.9117E-02  7.8363E-02  0.1213      0.1814    
       0.2603      0.3564      0.4624      0.5645      0.6438      0.6813      0.6655      0.5994      0.4992      0.3865    
       0.2803      0.1920      0.1253      7.8497E-02  4.7571E-02  2.8128E-02  1.6340E-02  9.3895E-03  5.3477E-03  3.0227E-03
       1.6990E-03  9.5061E-04  5.3016E-04  2.9503E-04  1.6398E-04  9.1116E-05  5.0662E-05  2.8212E-05  1.5748E-05  8.8196E-06
       4.9602E-06  2.8039E-06  1.5946E-06  9.1308E-07  5.2688E-07  3.0659E-07  1.8000E-07  1.0665E-07  6.3760E-08  3.8438E-08
       2.3340E-08  1.4249E-08  8.7260E-09  5.3447E-09  3.2636E-09  1.9797E-09  1.1886E-09  7.0376E-10  4.0949E-10  2.3337E-10
       1.2986E-10  7.0365E-11  3.7035E-11  1.8894E-11  9.3266E-12  4.4487E-12  2.0485E-12  9.1023E-13  3.9031E-13  1.6162E-13
       6.4714E-14  2.5109E-14  9.4670E-15  3.4814E-15  1.2542E-15  4.4485E-16  1.5620E-16  5.4596E-17  1.9096E-17  6.7131E-18
       2.3797E-18  8.5203E-19  3.0818E-19  1.1247E-19  4.1324E-20  1.5243E-20  5.6298E-21  2.0780E-21  7.6778E-22  2.8799E-22
       1.1580E-22
  54   2.8242E-06  5.4391E-06  1.0255E-05  1.9091E-05  3.5229E-05  6.4551E-05  1.1751E-04  2.1250E-04  3.8150E-04  6.7934E-04
       1.1985E-03  2.0920E-03  3.6069E-03  6.1305E-03  1.0249E-02  1.6808E-02  2.6957E-02  4.2135E-02  6.3926E-02  9.3715E-02
       0.1321      0.1780      0.2282      0.2763      0.3144      0.3342      0.3307      0.3042      0.2605      0.2085    
       0.1569      0.1117      7.5699E-02  4.9216E-02  3.0883E-02  1.8834E-02  1.1230E-02  6.5701E-03  3.8076E-03  2.1873E-03
       1.2493E-03  7.0985E-04  4.0193E-04  2.2701E-04  1.2804E-04  7.2187E-05  4.0722E-05  2.3008E-05  1.3031E-05  7.4055E-06
       4.2267E-06  2.4250E-06  1.3999E-06  8.1373E-07  4.7667E-07  2.8157E-07  1.6779E-07  1.0089E-07  6.1200E-08  3.7426E-08
       2.3046E-08  1.4264E-08  8.8542E-09  5.4960E-09  3.4005E-09  2.0898E-09  1.2710E-09  7.6223E-10  4.4910E-10  2.5908E-10
       1.4588E-10  7.9936E-11  4.2513E-11  2.1894E-11  1.0897E-11  5.2325E-12  2.4211E-12  1.0786E-12  4.6246E-13  1.9089E-13
       7.5922E-14  2.9143E-14  1.0823E-14  3.9012E-15  1.3708E-15  4.7188E-16  1.6005E-16  5.3820E-17  1.8053E-17  6.0750E-18
       2.0605E-18  7.0668E-19  2.4540E-19  8.6248E-20  3.0621E-20  1.0951E-20  3.9319E-21  1.4139E-21  5.0969E-22  1.8671E-22
       7.3640E-23
  55   1.9076E-06  3.6561E-06  6.8405E-06  1.2613E-05  2.3023E-05  4.1691E-05  7.4943E-05  1.3372E-04  2.3672E-04  4.1536E-04
       7.2156E-04  1.2393E-03  2.1011E-03  3.5093E-03  5.7619E-03  9.2767E-03  1.4603E-02  2.2405E-02  3.3379E-02  4.8095E-02
       6.6730E-02  8.8732E-02  0.1125      0.1354      0.1538      0.1642      0.1643      0.1539      0.1350      0.1113    
       8.6506E-02  6.3765E-02  4.4811E-02  3.0195E-02  1.9618E-02  1.2360E-02  7.5920E-03  4.5653E-03  2.7036E-03  1.5777E-03
       9.1651E-04  5.2892E-04  3.0422E-04  1.7447E-04  9.9900E-05  5.7175E-05  3.2737E-05  1.8773E-05  1.0791E-05  6.2244E-06
       3.6059E-06  2.0998E-06  1.2303E-06  7.2581E-07  4.3146E-07  2.5860E-07  1.5633E-07  9.5328E-08  5.8626E-08  3.6338E-08
       2.2673E-08  1.4217E-08  8.9387E-09  5.6195E-09  3.5213E-09  2.1917E-09  1.3500E-09  8.1996E-10  4.8928E-10  2.8583E-10
       1.6294E-10  9.0355E-11  4.8606E-11  2.5301E-11  1.2715E-11  6.1569E-12  2.8682E-12  1.2839E-12  5.5185E-13  2.2768E-13
       9.0209E-14  3.4358E-14  1.2604E-14  4.4660E-15  1.5343E-15  5.1354E-16  1.6843E-16  5.4485E-17  1.7504E-17  5.6230E-18
       1.8174E-18  5.9389E-19  1.9680E-19  6.6189E-20  2.2568E-20  7.7801E-21  2.7022E-21  9.4256E-22  3.3017E-22  1.1769E-22
       4.5387E-23
  56   1.2639E-06  2.4108E-06  4.4764E-06  8.1762E-06  1.4765E-05  2.6427E-05  4.6915E-05  8.2619E-05  1.4425E-04  2.4949E-04
       4.2698E-04  7.2206E-04  1.2046E-03  1.9791E-03  3.1950E-03  5.0567E-03  7.8250E-03  1.1804E-02  1.7300E-02  2.4547E-02
       3.3590E-02  4.4142E-02  5.5474E-02  6.6381E-02  7.5322E-02  8.0759E-02  8.1609E-02  7.7639E-02  6.9572E-02  5.8837E-02
       4.7108E-02  3.5850E-02  2.6050E-02  1.8159E-02  1.2203E-02  7.9445E-03  5.0335E-03  3.1168E-03  1.8946E-03  1.1337E-03
       6.7140E-04  3.9332E-04  2.2997E-04  1.3394E-04  7.7887E-05  4.5264E-05  2.6311E-05  1.5317E-05  8.9373E-06  5.2324E-06
       3.0766E-06  1.8182E-06  1.0809E-06  6.4700E-07  3.9013E-07  2.3712E-07  1.4532E-07  8.9808E-08  5.5956E-08  3.5127E-08
       2.2193E-08  1.4088E-08  8.9660E-09  5.7057E-09  3.6193E-09  2.2807E-09  1.4226E-09  8.7508E-10  5.2890E-10  3.1298E-10
       1.8071E-10  1.0149E-10  5.5273E-11  2.9112E-11  1.4793E-11  7.2356E-12  3.4004E-12  1.5329E-12  6.6211E-13  2.7382E-13
       1.0840E-13  4.1099E-14  1.4943E-14  5.2214E-15  1.7592E-15  5.7400E-16  1.8239E-16  5.6809E-17  1.7474E-17  5.3490E-18
       1.6419E-18  5.0870E-19  1.5987E-19  5.1100E-20  1.6615E-20  5.4840E-21  1.8311E-21  6.1615E-22  2.0872E-22  7.2073E-23
       2.7069E-23
  57   8.2248E-07  1.5616E-06  2.8780E-06  5.2083E-06  9.3072E-06  1.6467E-05  2.8879E-05  5.0206E-05  8.6489E-05  1.4752E-04
       2.4884E-04  4.1459E-04  6.8120E-04  1.1018E-03  1.7509E-03  2.7274E-03  4.1545E-03  6.1711E-03  8.9122E-03  1.2473E-02
       1.6860E-02  2.1931E-02  2.7350E-02  3.2581E-02  3.6947E-02  3.9769E-02  4.0543E-02  3.9109E-02  3.5704E-02  3.0892E-02
       2.5393E-02  1.9892E-02  1.4906E-02  1.0728E-02  7.4451E-03  5.0040E-03  3.2704E-03  2.0865E-03  1.3045E-03  8.0176E-04
       4.8626E-04  2.9157E-04  1.7364E-04  1.0267E-04  6.0650E-05  3.5797E-05  2.1124E-05  1.2486E-05  7.3949E-06  4.3941E-06
       2.6220E-06  1.5721E-06  9.4809E-07  5.7552E-07  3.5183E-07  2.1673E-07  1.3458E-07  8.4235E-08  5.3137E-08  3.3763E-08
       2.1585E-08  1.3863E-08  8.9263E-09  5.7473E-09  3.6892E-09  2.3530E-09  1.4859E-09  9.2568E-10  5.6675E-10  3.3981E-10
       1.9882E-10  1.1315E-10  6.2439E-11  3.3313E-11  1.7138E-11  8.4805E-12  4.0278E-12  1.8326E-12  7.9746E-13  3.3150E-13
       1.3154E-13  4.9818E-14  1.8018E-14  6.2321E-15  2.0667E-15  6.5958E-16  2.0360E-16  6.1179E-17  1.8030E-17  5.2554E-18
       1.5282E-18  4.4703E-19  1.3245E-19  3.9944E-20  1.2287E-20  3.8522E-21  1.2273E-21  3.9569E-22  1.2884E-22  4.2856E-23
       1.5599E-23
  58   5.2634E-07  9.9484E-07  1.8204E-06  3.2648E-06  5.7744E-06  1.0103E-05  1.7507E-05  3.0057E-05  5.1108E-05  8.6004E-05
       1.4308E-04  2.3502E-04  3.8059E-04  6.0661E-04  9.4982E-04  1.4579E-03  2.1887E-03  3.2057E-03  4.5683E-03  6.3157E-03
       8.4449E-03  1.0887E-02  1.3487E-02  1.6008E-02  1.8149E-02  1.9607E-02  2.0148E-02  1.9677E-02  1.8263E-02  1.6127E-02
       1.3573E-02  1.0916E-02  8.4149E-03  6.2380E-03  4.4628E-03  3.0927E-03  2.0835E-03  1.3693E-03  8.8097E-04  5.5657E-04
       3.4639E-04  2.1291E-04  1.2965E-04  7.8343E-05  4.7136E-05  2.8258E-05  1.6924E-05  1.0159E-05  6.1053E-06  3.6815E-06
       2.2290E-06  1.3554E-06  8.2890E-07  5.1010E-07  3.1599E-07  1.9719E-07  1.2399E-07  7.8558E-08  5.0145E-08  3.2231E-08
       2.0840E-08  1.3535E-08  8.8130E-09  5.7388E-09  3.7264E-09  2.4050E-09  1.5374E-09  9.6990E-10  6.0159E-10  3.6554E-10
       2.1681E-10  1.2510E-10  6.9998E-11  3.7864E-11  1.9745E-11  9.8992E-12  4.7600E-12  2.1903E-12  9.6260E-13  4.0336E-13
       1.6095E-13  6.1110E-14  2.2073E-14  7.5892E-15  2.4879E-15  7.7987E-16  2.3475E-16  6.8249E-17  1.9307E-17  5.3606E-18
       1.4748E-18  4.0594E-19  1.1279E-19  3.1865E-20  9.1947E-21  2.7134E-21  8.1741E-22  2.5040E-22  7.7778E-23  2.4747E-23
       8.6755E-24
  59   3.3163E-07  6.2413E-07  1.1341E-06  2.0164E-06  3.5311E-06  6.1110E-06  1.0468E-05  1.7754E-05  2.9811E-05  4.9518E-05
       8.1291E-05  1.3173E-04  2.1041E-04  3.3076E-04  5.1078E-04  7.7336E-04  1.1456E-03  1.6564E-03  2.3321E-03  3.1888E-03
       4.2230E-03  5.4014E-03  6.6539E-03  7.8734E-03  8.9269E-03  9.6780E-03  1.0018E-02  9.8922E-03  9.3186E-03  8.3804E-03
       7.2055E-03  5.9353E-03  4.6954E-03  3.5776E-03  2.6334E-03  1.8786E-03  1.3030E-03  8.8147E-04  5.8341E-04  3.7890E-04
       2.4216E-04  1.5269E-04  9.5246E-05  5.8897E-05  3.6195E-05  2.2142E-05  1.3511E-05  8.2414E-06  5.0225E-06  3.0732E-06
       1.8878E-06  1.1636E-06  7.2138E-07  4.4990E-07  2.8227E-07  1.7836E-07  1.1352E-07  7.2768E-08  4.6979E-08  3.0533E-08
       1.9957E-08  1.3102E-08  8.6236E-09  5.6774E-09  3.7281E-09  2.4342E-09  1.5749E-09  1.0061E-09  6.3219E-10  3.8935E-10
       2.3417E-10  1.3706E-10  7.7808E-11  4.2709E-11  2.2599E-11  1.1494E-11  5.6046E-12  2.6134E-12  1.1627E-12  4.9246E-13
       1.9824E-13  7.5738E-14  2.7435E-14  9.4200E-15  3.0678E-15  9.4927E-16  2.7998E-16  7.9092E-17  2.1545E-17  5.7081E-18
       1.4856E-18  3.8395E-19  9.9606E-20  2.6186E-20  7.0270E-21  1.9324E-21  5.4470E-22  1.5692E-22  4.6055E-23  1.3892E-23
       4.6526E-24
  60   2.0596E-07  3.8602E-07  6.9683E-07  1.2286E-06  2.1308E-06  3.6490E-06  6.1808E-06  1.0361E-05  1.7187E-05  2.8195E-05
       4.5701E-05  7.3107E-05  1.1527E-04  1.7885E-04  2.7263E-04  4.0756E-04  5.9632E-04  8.5214E-04  1.1866E-03  1.6065E-03
       2.1093E-03  2.6793E-03  3.2845E-03  3.8769E-03  4.3970E-03  4.7830E-03  4.9839E-03  4.9711E-03  4.7459E-03  4.3390E-03
       3.8035E-03  3.2020E-03  2.5941E-03  2.0274E-03  1.5325E-03  1.1235E-03  8.0118E-04  5.5726E-04  3.7914E-04  2.5301E-04
       1.6603E-04  1.0742E-04  6.8682E-05  4.3492E-05  2.7337E-05  1.7087E-05  1.0640E-05  6.6129E-06  4.1058E-06  2.5529E-06
       1.5910E-06  9.9323E-07  6.2419E-07  3.9442E-07  2.5049E-07  1.6021E-07  1.0318E-07  6.6888E-08  4.3659E-08  2.8681E-08
       1.8946E-08  1.2568E-08  8.3592E-09  5.5624E-09  3.6927E-09  2.4386E-09  1.5967E-09  1.0327E-09  6.5745E-10  4.1044E-10
       2.5037E-10  1.4869E-10  8.5690E-11  4.7762E-11  2.5668E-11  1.3260E-11  6.5662E-12  3.1082E-12  1.4028E-12  6.0221E-13
       2.4533E-13  9.4662E-14  3.4536E-14  1.1900E-14  3.8711E-15  1.1894E-15  3.4580E-16  9.5461E-17  2.5163E-17  6.3830E-18
       1.5738E-18  3.8162E-19  9.2131E-20  2.2408E-20  5.5460E-21  1.4065E-21  3.6662E-22  9.8123E-23  2.6889E-23  7.6029E-24
       2.4067E-24
  61   1.2621E-07  2.3563E-07  4.2267E-07  7.3923E-07  1.2703E-06  2.1535E-06  3.6085E-06  5.9811E-06  9.8062E-06  1.5896E-05
       2.5454E-05  4.0222E-05  6.2639E-05  9.6006E-05  1.4459E-04  2.1360E-04  3.0898E-04  4.3679E-04  6.0220E-04  8.0798E-04
       1.0528E-03  1.3291E-03  1.6225E-03  1.9113E-03  2.1688E-03  2.3668E-03  2.4814E-03  2.4978E-03  2.4138E-03  2.2401E-03
       1.9985E-03  1.7162E-03  1.4211E-03  1.1370E-03  8.8100E-04  6.6267E-04  4.8510E-04  3.4648E-04  2.4207E-04  1.6585E-04
       1.1170E-04  7.4126E-05  4.8579E-05  3.1507E-05  2.0265E-05  1.2949E-05  8.2359E-06  5.2221E-06  3.3055E-06  2.0923E-06
       1.3259E-06  8.4170E-07  5.3646E-07  3.4339E-07  2.2058E-07  1.4279E-07  9.3037E-08  6.0969E-08  4.0221E-08  2.6703E-08
       1.7820E-08  1.1941E-08  8.0241E-09  5.3955E-09  3.6204E-09  2.4177E-09  1.6017E-09  1.0488E-09  6.7638E-10  4.2806E-10
       2.6487E-10  1.5966E-10  9.3441E-11  5.2919E-11  2.8907E-11  1.5183E-11  7.6450E-12  3.6797E-12  1.6882E-12  7.3627E-13
       3.0445E-13  1.1906E-13  4.3938E-14  1.5270E-14  4.9904E-15  1.5325E-15  4.4232E-16  1.2020E-16  3.0873E-17  7.5413E-18
       1.7682E-18  4.0266E-19  9.0290E-20  2.0220E-20  4.5805E-21  1.0604E-21  2.5241E-22  6.1893E-23  1.5611E-23  4.0787E-24
       1.2034E-24
  62   7.6391E-08  1.4210E-07  2.5335E-07  4.3973E-07  7.4900E-07  1.2574E-06  2.0853E-06  3.4190E-06  5.5432E-06  8.8832E-06
       1.4061E-05  2.1961E-05  3.3804E-05  5.1216E-05  7.6262E-05  1.1143E-04  1.5949E-04  2.2324E-04  3.0497E-04  4.0589E-04
       5.2523E-04  6.5955E-04  8.0224E-04  9.4351E-04  1.0713E-03  1.1727E-03  1.2366E-03  1.2553E-03  1.2265E-03  1.1539E-03
       1.0461E-03  9.1487E-04  7.7296E-04  6.3202E-04  5.0110E-04  3.8608E-04  2.8970E-04  2.1219E-04  1.5206E-04  1.0685E-04
       7.3799E-05  5.0205E-05  3.3712E-05  2.2390E-05  1.4736E-05  9.6282E-06  6.2561E-06  4.0490E-06  2.6139E-06  1.6857E-06
       1.0873E-06  7.0218E-07  4.5461E-07  2.9531E-07  1.9254E-07  1.2621E-07  8.3176E-08  5.5071E-08  3.6714E-08  2.4629E-08
       1.6601E-08  1.1234E-08  7.6258E-09  5.1806E-09  3.5126E-09  2.3717E-09  1.5895E-09  1.0536E-09  6.8825E-10  4.4155E-10
       2.7717E-10  1.6960E-10  1.0083E-10  5.8049E-11  3.2252E-11  1.7237E-11  8.8354E-12  4.3303E-12  2.0231E-12  8.9834E-13
       3.7806E-13  1.5036E-13  5.6351E-14  1.9849E-14  6.5558E-15  2.0262E-15  5.8524E-16  1.5794E-16  3.9889E-17  9.4644E-18
       2.1247E-18  4.5623E-19  9.5045E-20  1.9528E-20  4.0213E-21  8.4144E-22  1.8063E-22  3.9977E-23  9.1292E-24  2.1657E-24
       5.8475E-25
  63   4.5711E-08  8.4732E-08  1.5021E-07  2.5883E-07  4.3717E-07  7.2714E-07  1.1939E-06  1.9374E-06  3.1075E-06  4.9258E-06
       7.7111E-06  1.1911E-05  1.8133E-05  2.7176E-05  4.0037E-05  5.7902E-05  8.2071E-05  1.1383E-04  1.5421E-04  2.0373E-04
       2.6202E-04  3.2747E-04  3.9707E-04  4.6639E-04  5.2995E-04  5.8188E-04  6.1686E-04  6.3106E-04  6.2292E-04  5.9344E-04
       5.4597E-04  4.8553E-04  4.1789E-04  3.4863E-04  2.8240E-04  2.2252E-04  1.7089E-04  1.2819E-04  9.4104E-05  6.7754E-05
       4.7944E-05  3.3409E-05  2.2972E-05  1.5616E-05  1.0514E-05  7.0228E-06  4.6618E-06  3.0800E-06  2.0283E-06  1.3332E-06
       8.7571E-07  5.7546E-07  3.7874E-07  2.4989E-07  1.6539E-07  1.0992E-07  7.3385E-08  4.9221E-08  3.3193E-08  2.2500E-08
       1.5314E-08  1.0463E-08  7.1740E-09  4.9234E-09  3.3720E-09  2.3016E-09  1.5604E-09  1.0468E-09  6.9255E-10  4.5038E-10
       2.8682E-10  1.7818E-10  1.0763E-10  6.3011E-11  3.5624E-11  1.9387E-11  1.0125E-11  5.0591E-12  2.4105E-12  1.0919E-12
       4.6879E-13  1.9017E-13  7.2653E-14  2.6058E-14  8.7473E-15  2.7399E-15  7.9863E-16  2.1617E-16  5.4283E-17  1.2658E-17
       2.7515E-18  5.6190E-19  1.0921E-19  2.0562E-20  3.8256E-21  7.1653E-22  1.3700E-22  2.6955E-23  5.4750E-24  1.1559E-24
       2.7909E-25
  64   2.7064E-08  5.0004E-08  8.8173E-08  1.5089E-07  2.5281E-07  4.1680E-07  6.7792E-07  1.0892E-06  1.7292E-06  2.7126E-06
       4.2020E-06  6.4226E-06  9.6765E-06  1.4354E-05  2.0938E-05  2.9991E-05  4.2126E-05  5.7935E-05  7.7893E-05  1.0222E-04
       1.3074E-04  1.6271E-04  1.9676E-04  2.3088E-04  2.6258E-04  2.8914E-04  3.0807E-04  3.1744E-04  3.1630E-04  3.0482E-04
       2.8427E-04  2.5673E-04  2.2479E-04  1.9107E-04  1.5788E-04  1.2704E-04  9.9724E-05  7.6502E-05  5.7463E-05  4.2342E-05
       3.0666E-05  2.1871E-05  1.5388E-05  1.0700E-05  7.3657E-06  5.0281E-06  3.4090E-06  2.2989E-06  1.5442E-06  1.0346E-06
       6.9214E-07  4.6290E-07  3.0982E-07  2.0771E-07  1.3960E-07  9.4125E-08  6.3707E-08  4.3298E-08  2.9560E-08  2.0273E-08
       1.3958E-08  9.6434E-09  6.6801E-09  4.6308E-09  3.2024E-09  2.2097E-09  1.5152E-09  1.0285E-09  6.8905E-10  4.5423E-10
       2.9346E-10  1.8506E-10  1.1360E-10  6.7649E-11  3.8934E-11  2.1586E-11  1.1495E-11  5.8612E-12  2.8515E-12  1.3197E-12
       5.7926E-13  2.4031E-13  9.3889E-14  3.4430E-14  1.1808E-14  3.7733E-15  1.1190E-15  3.0687E-16  7.7573E-17  1.8036E-17
       3.8555E-18  7.6013E-19  1.3940E-19  2.4153E-20  4.0441E-21  6.7106E-22  1.1273E-22  1.9417E-23  3.4462E-24  6.3400E-25
       1.3324E-25
  65   1.5868E-08  2.9228E-08  5.1279E-08  8.7183E-08  1.4498E-07  2.3701E-07  3.8203E-07  6.0801E-07  9.5594E-07  1.4848E-06
       2.2771E-06  3.4459E-06  5.1408E-06  7.5526E-06  1.0914E-05  1.5494E-05  2.1581E-05  2.9449E-05  3.9318E-05  5.1286E-05
       6.5267E-05  8.0923E-05  9.7630E-05  1.1448E-04  1.3032E-04  1.4390E-04  1.5405E-04  1.5981E-04  1.6063E-04  1.5646E-04
       1.4775E-04  1.3536E-04  1.2041E-04  1.0414E-04  8.7664E-05  7.1940E-05  5.7640E-05  4.5165E-05  3.4669E-05  2.6116E-05
       1.9339E-05  1.4103E-05  1.0145E-05  7.2105E-06  5.0722E-06  3.5368E-06  2.4482E-06  1.6847E-06  1.1541E-06  7.8801E-07
       5.3693E-07  3.6549E-07  2.4880E-07  1.6952E-07  1.1571E-07  7.9184E-08  5.4354E-08  3.7443E-08  2.5893E-08  1.7976E-08
       1.2525E-08  8.7538E-09  6.1316E-09  4.2977E-09  3.0079E-09  2.0987E-09  1.4554E-09  9.9942E-10  6.7782E-10  4.5291E-10
       2.9684E-10  1.8999E-10  1.1853E-10  7.1811E-11  4.2081E-11  2.3776E-11  1.2918E-11  6.7268E-12  3.3447E-12  1.5837E-12
       7.1183E-13  3.0265E-13  1.2126E-13  4.5623E-14  1.6059E-14  5.2658E-15  1.6007E-15  4.4903E-16  1.1568E-16  2.7236E-17
       5.8350E-18  1.1345E-18  2.0048E-19  3.2470E-20  4.9122E-21  7.1540E-22  1.0376E-22  1.5357E-23  2.3388E-24  3.6750E-25
       6.5374E-26
  66   9.2201E-09  1.6934E-08  2.9570E-08  4.9968E-08  8.2499E-08  1.3380E-07  2.1383E-07  3.3727E-07  5.2539E-07  8.0835E-07
       1.2280E-06  1.8409E-06  2.7208E-06  3.9611E-06  5.6742E-06  7.9883E-06  1.1039E-05  1.4956E-05  1.9840E-05  2.5737E-05
       3.2606E-05  4.0293E-05  4.8515E-05  5.6854E-05  6.4789E-05  7.1740E-05  7.7143E-05  8.0531E-05  8.1604E-05  8.0276E-05
       7.6693E-05  7.1199E-05  6.4281E-05  5.6495E-05  4.8391E-05  4.0449E-05  3.3039E-05  2.6411E-05  2.0695E-05  1.5919E-05
       1.2041E-05  8.9695E-06  6.5910E-06  4.7851E-06  3.4374E-06  2.4469E-06  1.7284E-06  1.2132E-06  8.4733E-07  5.8952E-07
       4.0906E-07  2.8338E-07  1.9620E-07  1.3588E-07  9.4209E-08  6.5440E-08  4.5568E-08  3.1825E-08  2.2299E-08  1.5677E-08
       1.1057E-08  7.8193E-09  5.5404E-09  3.9281E-09  2.7816E-09  1.9636E-09  1.3782E-09  9.5879E-10  6.5918E-10  4.4650E-10
       2.9684E-10  1.9275E-10  1.2224E-10  7.5352E-11  4.4961E-11  2.5893E-11  1.4360E-11  7.6410E-12  3.8854E-12  1.8840E-12
       8.6839E-13  3.7905E-13  1.5606E-13  6.0418E-14  2.1910E-14  7.4076E-15  2.3227E-15  6.7208E-16  1.7843E-16  4.3176E-17
       9.4523E-18  1.8582E-18  3.2604E-19  5.0933E-20  7.1268E-21  9.1346E-22  1.1200E-22  1.3818E-23  1.7617E-24  2.3183E-25
       3.4040E-26
  67   5.3128E-09  9.7317E-09  1.6918E-08  2.8426E-08  4.6618E-08  7.5043E-08  1.1896E-07  1.8604E-07  2.8726E-07  4.3804E-07
       6.5950E-07  9.7982E-07  1.4355E-06  2.0720E-06  2.9438E-06  4.1121E-06  5.6414E-06  7.5924E-06  1.0012E-05  1.2922E-05
       1.6305E-05  2.0090E-05  2.4147E-05  2.8288E-05  3.2271E-05  3.5828E-05  3.8691E-05  4.0630E-05  4.1484E-05  4.1188E-05
       3.9778E-05  3.7387E-05  3.4222E-05  3.0533E-05  2.6581E-05  2.2605E-05  1.8802E-05  1.5316E-05  1.2236E-05  9.6014E-06
       7.4105E-06  5.6340E-06  4.2256E-06  3.1310E-06  2.2952E-06  1.6669E-06  1.2010E-06  8.5952E-07  6.1178E-07  4.3358E-07
       3.0631E-07  2.1593E-07  1.5204E-07  1.0702E-07  7.5372E-08  5.3149E-08  3.7549E-08  2.6591E-08  1.8881E-08  1.3446E-08
       9.6010E-09  6.8720E-09  4.9266E-09  3.5337E-09  2.5318E-09  1.8084E-09  1.2848E-09  9.0532E-10  6.3085E-10  4.3336E-10
       2.9247E-10  1.9319E-10  1.2458E-10  7.8146E-11  4.7472E-11  2.7866E-11  1.5781E-11  8.5844E-12  4.4654E-12  2.2191E-12
       1.0500E-12  4.7113E-13  1.9963E-13  7.9702E-14  2.9864E-14  1.0450E-14  3.3963E-15  1.0204E-15  2.8175E-16  7.0952E-17
       1.6149E-17  3.2874E-18  5.9197E-19  9.3160E-20  1.2673E-20  1.4867E-21  1.5392E-22  1.5060E-23  1.5218E-24  1.6284E-25
       1.9280E-26
  68   3.0379E-09  5.5509E-09  9.6106E-09  1.6062E-08  2.6175E-08  4.1839E-08  6.5819E-08  1.0211E-07  1.5635E-07  2.3641E-07
       3.5291E-07  5.1990E-07  7.5538E-07  1.0816E-06  1.5248E-06  2.1144E-06  2.8812E-06  3.8538E-06  5.0545E-06  6.4936E-06
       8.1632E-06  1.0032E-05  1.2040E-05  1.4102E-05  1.6106E-05  1.7927E-05  1.9439E-05  2.0527E-05  2.1108E-05  2.1139E-05
       2.0623E-05  1.9608E-05  1.8180E-05  1.6451E-05  1.4541E-05  1.2567E-05  1.0633E-05  8.8170E-06  7.1749E-06  5.7373E-06
       4.5141E-06  3.4994E-06  2.6766E-06  2.0226E-06  1.5120E-06  1.1196E-06  8.2229E-07  5.9971E-07  4.3485E-07  3.1382E-07
       2.2566E-07  1.6184E-07  1.1587E-07  8.2894E-08  5.9300E-08  4.2451E-08  3.0430E-08  2.1852E-08  1.5727E-08  1.1345E-08
       8.2035E-09  5.9435E-09  4.3119E-09  3.1291E-09  2.2683E-09  1.6394E-09  1.1789E-09  8.4117E-10  5.9392E-10  4.1370E-10
       2.8337E-10  1.9024E-10  1.2478E-10  7.9703E-11  4.9402E-11  2.9625E-11  1.7140E-11  9.5334E-12  5.0721E-12  2.5852E-12
       1.2568E-12  5.8011E-13  2.5321E-13  1.0443E-13  4.0520E-14  1.4714E-14  4.9733E-15  1.5593E-15  4.5081E-16  1.1925E-16
       2.8588E-17  6.1416E-18  1.1678E-18  1.9326E-19  2.7228E-20  3.1796E-21  3.0010E-22  2.3032E-23  1.6151E-24  1.2707E-25
       1.1711E-26
  69   1.7248E-09  3.1444E-09  5.4235E-09  9.0191E-09  1.4612E-08  2.3201E-08  3.6238E-08  5.5792E-08  8.4763E-08  1.2714E-07
       1.8827E-07  2.7515E-07  3.9666E-07  5.6366E-07  7.8889E-07  1.0865E-06  1.4712E-06  1.9566E-06  2.5534E-06  3.2666E-06
       4.0928E-06  5.0179E-06  6.0151E-06  7.0445E-06  8.0552E-06  8.9887E-06  9.7844E-06  1.0387E-05  1.0753E-05  1.0856E-05
       1.0692E-05  1.0276E-05  9.6432E-06  8.8418E-06  7.9275E-06  6.9568E-06  5.9813E-06  5.0439E-06  4.1767E-06  3.4002E-06
       2.7247E-06  2.1519E-06  1.6771E-06  1.2914E-06  9.8379E-07  7.4230E-07  5.5542E-07  4.1259E-07  3.0463E-07  2.2379E-07
       1.6374E-07  1.1944E-07  8.6938E-08  6.3199E-08  4.5919E-08  3.3370E-08  2.4270E-08  1.7675E-08  1.2894E-08  9.4240E-09
       6.9008E-09  5.0613E-09  3.7160E-09  2.7286E-09  2.0011E-09  1.4634E-09  1.0649E-09  7.6928E-10  5.5018E-10  3.8845E-10
       2.6993E-10  1.8403E-10  1.2272E-10  7.9790E-11  5.0420E-11  3.0871E-11  1.8260E-11  1.0401E-11  5.6861E-12  2.9767E-12
       1.4874E-12  7.0655E-13  3.1781E-13  1.3560E-13  5.4556E-14  2.0591E-14  7.2526E-15  2.3810E-15  7.2408E-16  2.0241E-16
       5.1543E-17  1.1832E-17  2.4225E-18  4.3495E-19  6.6833E-20  8.4861E-21  8.4496E-22  6.0916E-23  2.8808E-24  1.0366E-25
       6.2953E-27
  70   9.7295E-10  1.7700E-09  3.0421E-09  5.0357E-09  8.1136E-09  1.2804E-08  1.9864E-08  3.0365E-08  4.5793E-08  6.8169E-08
       1.0018E-07  1.4531E-07  2.0795E-07  2.9340E-07  4.0785E-07  5.5815E-07  7.5134E-07  9.9396E-07  1.2911E-06  1.6454E-06
       2.0554E-06  2.5147E-06  3.0113E-06  3.5269E-06  4.0378E-06  4.5168E-06  4.9349E-06  5.2653E-06  5.4854E-06  5.5806E-06
       5.5452E-06  5.3838E-06  5.1097E-06  4.7435E-06  4.3105E-06  3.8373E-06  3.3497E-06  2.8700E-06  2.4161E-06  2.0007E-06
       1.6314E-06  1.3116E-06  1.0407E-06  8.1603E-07  6.3303E-07  4.8637E-07  3.7054E-07  2.8021E-07  2.1057E-07  1.5740E-07
       1.1714E-07  8.6884E-08  6.4280E-08  4.7474E-08  3.5029E-08  2.5840E-08  1.9068E-08  1.4082E-08  1.0413E-08  7.7112E-09
       5.7187E-09  4.2462E-09  3.1552E-09  2.3442E-09  1.7394E-09  1.2869E-09  9.4757E-10  6.9281E-10  5.0173E-10  3.5891E-10
       2.5288E-10  1.7497E-10  1.1854E-10  7.8392E-11  5.0454E-11  3.1511E-11  1.9042E-11  1.1101E-11  6.2252E-12  3.3487E-12
       1.7229E-12  8.4518E-13  3.9400E-13  1.7414E-13  7.2701E-14  2.8539E-14  1.0484E-14  3.6125E-15  1.1585E-15  3.4330E-16
       9.3248E-17  2.3022E-17  5.1303E-18  1.0162E-18  1.7514E-19  2.5463E-20  2.9757E-21  2.5666E-22  1.3607E-23  2.3364E-25
      -1.4909E-27
  71   5.4555E-10  9.9054E-10  1.6970E-09  2.7971E-09  4.4838E-09  7.0351E-09  1.0846E-08  1.6469E-08  2.4665E-08  3.6457E-08
       5.3196E-08  7.6617E-08  1.0888E-07  1.5260E-07  2.1078E-07  2.8675E-07  3.8388E-07  5.0536E-07  6.5366E-07  8.3007E-07
       1.0341E-06  1.2629E-06  1.5109E-06  1.7699E-06  2.0289E-06  2.2750E-06  2.4945E-06  2.6742E-06  2.8028E-06  2.8721E-06
       2.8780E-06  2.8210E-06  2.7060E-06  2.5416E-06  2.3390E-06  2.1106E-06  1.8690E-06  1.6257E-06  1.3902E-06  1.1699E-06
       9.6999E-07  7.9314E-07  6.4027E-07  5.1085E-07  4.0327E-07  3.1531E-07  2.4444E-07  1.8808E-07  1.4378E-07  1.0931E-07
       8.2719E-08  6.2365E-08  4.6884E-08  3.5172E-08  2.6351E-08  1.9729E-08  1.4769E-08  1.1061E-08  8.2907E-09  6.2204E-09
       4.6721E-09  3.5122E-09  2.6413E-09  1.9856E-09  1.4905E-09  1.1156E-09  8.3103E-10  6.1483E-10  4.5071E-10  3.2653E-10
       2.3315E-10  1.6362E-10  1.1253E-10  7.5628E-11  4.9529E-11  3.1519E-11  1.9437E-11  1.1583E-11  6.6529E-12  3.6728E-12
       1.9437E-12  9.8331E-13  4.7420E-13  2.1739E-13  9.4446E-14  3.8756E-14  1.4966E-14  5.4227E-15  1.8351E-15  5.7693E-16
       1.6733E-16  4.4534E-17  1.0848E-17  2.3838E-18  4.6463E-19  7.8521E-20  1.1115E-20  1.2432E-21  9.7962E-23  4.0400E-24
      -3.1142E-27
  72   3.0422E-10  5.5138E-10  9.4181E-10  1.5463E-09  2.4671E-09  3.8503E-09  5.9013E-09  8.9052E-09  1.3250E-08  1.9455E-08
       2.8199E-08  4.0345E-08  5.6964E-08  7.9337E-08  1.0894E-07  1.4737E-07  1.9629E-07  2.5723E-07  3.3142E-07  4.1951E-07
       5.2133E-07  6.3565E-07  7.5997E-07  8.9046E-07  1.0221E-06  1.1487E-06  1.2639E-06  1.3612E-06  1.4348E-06  1.4803E-06
       1.4952E-06  1.4789E-06  1.4329E-06  1.3608E-06  1.2674E-06  1.1584E-06  1.0398E-06  9.1740E-07  7.9626E-07  6.8052E-07
       5.7323E-07  4.7637E-07  3.9095E-07  3.1717E-07  2.5462E-07  2.0247E-07  1.5963E-07  1.2491E-07  9.7091E-08  7.5040E-08
       5.7718E-08  4.4218E-08  3.3768E-08  2.5726E-08  1.9566E-08  1.4866E-08  1.1289E-08  8.5729E-09  6.5128E-09  4.9509E-09
       3.7661E-09  2.8662E-09  2.1815E-09  1.6594E-09  1.2601E-09  9.5397E-10  7.1882E-10  5.3802E-10  3.9911E-10  2.9272E-10
       2.1171E-10  1.5059E-10  1.0507E-10  7.1706E-11  4.7739E-11  3.0923E-11  1.9437E-11  1.1825E-11  6.9458E-12  3.9290E-12
       2.1350E-12  1.1118E-12  5.5335E-13  2.6259E-13  1.1849E-13  5.0700E-14  2.0511E-14  7.8213E-15  2.8015E-15  9.3889E-16
       2.9306E-16  8.4757E-17  2.2579E-17  5.4941E-18  1.2077E-18  2.3624E-19  4.0212E-20  5.7459E-21  6.4417E-22  4.7398E-23
       5.1098E-25
  73   1.6879E-10  3.0543E-10  5.2029E-10  8.5117E-10  1.3522E-09  2.0999E-09  3.2011E-09  4.8025E-09  7.1026E-09  1.0364E-08
       1.4928E-08  2.1226E-08  2.9787E-08  4.1244E-08  5.6317E-08  7.5793E-08  1.0048E-07  1.3112E-07  1.6832E-07  2.1244E-07
       2.6342E-07  3.2073E-07  3.8324E-07  4.4920E-07  5.1626E-07  5.8158E-07  6.4205E-07  6.9450E-07  7.3604E-07  7.6434E-07
       7.7785E-07  7.7595E-07  7.5904E-07  7.2841E-07  6.8612E-07  6.3476E-07  5.7716E-07  5.1616E-07  4.5439E-07  3.9408E-07
       3.3701E-07  2.8443E-07  2.3714E-07  1.9549E-07  1.5950E-07  1.2891E-07  1.0331E-07  8.2160E-08  6.4905E-08  5.0976E-08
       3.9837E-08  3.1001E-08  2.4043E-08  1.8596E-08  1.4355E-08  1.1065E-08  8.5228E-09  6.5621E-09  5.0525E-09  3.8911E-09
       2.9976E-09  2.3096E-09  1.7790E-09  1.3691E-09  1.0517E-09  8.0527E-10  6.1367E-10  4.6457E-10  3.4864E-10  2.5876E-10
       1.8948E-10  1.3654E-10  9.6576E-11  6.6876E-11  4.5222E-11  2.9785E-11  1.9061E-11  1.1824E-11  7.0923E-12  4.1042E-12
       2.2860E-12  1.2228E-12  6.2674E-13  3.0710E-13  1.4353E-13  6.3834E-14  2.6949E-14  1.0773E-14  4.0663E-15  1.4450E-15
       4.8187E-16  1.5021E-16  4.3579E-17  1.1702E-17  2.8883E-18  6.4908E-19  1.3106E-19  2.3293E-20  3.5179E-21  4.2297E-22
       3.8017E-23
  74   9.3222E-11  1.6844E-10  2.8621E-10  4.6670E-10  7.3848E-10  1.1416E-09  1.7316E-09  2.5840E-09  3.8002E-09  5.5133E-09
       7.8949E-09  1.1161E-08  1.5574E-08  2.1446E-08  2.9132E-08  3.9018E-08  5.1499E-08  6.6944E-08  8.5656E-08  1.0781E-07
       1.3342E-07  1.6225E-07  1.9379E-07  2.2725E-07  2.6152E-07  2.9528E-07  3.2704E-07  3.5525E-07  3.7847E-07  3.9546E-07
       4.0534E-07  4.0764E-07  4.0237E-07  3.8998E-07  3.7131E-07  3.4749E-07  3.1984E-07  2.8975E-07  2.5853E-07  2.2738E-07
       1.9727E-07  1.6898E-07  1.4304E-07  1.1974E-07  9.9228E-08  8.1465E-08  6.6320E-08  5.3582E-08  4.3000E-08  3.4303E-08
       2.7226E-08  2.1514E-08  1.6939E-08  1.3298E-08  1.0416E-08  8.1447E-09  6.3615E-09  4.9653E-09  3.8742E-09  3.0225E-09
       2.3579E-09  1.8391E-09  1.4336E-09  1.1162E-09  8.6718E-10  6.7149E-10  5.1745E-10  3.9613E-10  3.0065E-10  2.2574E-10
       1.6728E-10  1.2205E-10  8.7465E-11  6.1410E-11  4.2142E-11  2.8197E-11  1.8353E-11  1.1593E-11  7.0920E-12  4.1921E-12
       2.3893E-12  1.3104E-12  6.9017E-13  3.4836E-13  1.6818E-13  7.7497E-14  3.4019E-14  1.4196E-14  5.6193E-15  2.1052E-15
       7.4465E-16  2.4801E-16  7.7540E-17  2.2674E-17  6.1729E-18  1.5555E-18  3.5983E-19  7.5522E-20  1.4125E-20  2.2918E-21
       3.2443E-22
  75   5.1268E-11  9.2510E-11  1.5684E-10  2.5499E-10  4.0203E-10  6.1894E-10  9.3450E-10  1.3876E-09  2.0301E-09  2.9296E-09
       4.1724E-09  5.8666E-09  8.1433E-09  1.1157E-08  1.5083E-08  2.0112E-08  2.6437E-08  3.4244E-08  4.3682E-08  5.4850E-08
       6.7758E-08  8.2312E-08  9.8286E-08  1.1531E-07  1.3289E-07  1.5038E-07  1.6707E-07  1.8223E-07  1.9511E-07  2.0507E-07
       2.1164E-07  2.1449E-07  2.1354E-07  2.0893E-07  2.0096E-07  1.9014E-07  1.7707E-07  1.6239E-07  1.4676E-07  1.3081E-07
       1.1507E-07  9.9979E-08  8.5865E-08  7.2952E-08  6.1365E-08  5.1148E-08  4.2278E-08  3.4683E-08  2.8260E-08  2.2890E-08
       1.8443E-08  1.4794E-08  1.1821E-08  9.4164E-09  7.4820E-09  5.9335E-09  4.6988E-09  3.7173E-09  2.9388E-09  2.3224E-09
       1.8345E-09  1.4483E-09  1.1424E-09  8.9976E-10  7.0697E-10  5.5354E-10  4.3127E-10  3.3378E-10  2.5614E-10  1.9448E-10
       1.4579E-10  1.0765E-10  7.8115E-11  5.5572E-11  3.8672E-11  2.6263E-11  1.7368E-11  1.1160E-11  6.9537E-12  4.1927E-12
       2.4415E-12  1.3705E-12  7.4025E-13  3.8402E-13  1.9101E-13  9.0939E-14  4.1369E-14  1.7952E-14  7.4191E-15  2.9149E-15
       1.0868E-15  3.8382E-16  1.2813E-16  4.0332E-17  1.1937E-17  3.3097E-18  8.5538E-19  2.0465E-19  4.4867E-20  8.8824E-21
       1.6554E-21
  76   2.8087E-11  5.0621E-11  8.5652E-11  1.3887E-10  2.1824E-10  3.3472E-10  5.0327E-10  7.4392E-10  1.0832E-09  1.5554E-09
       2.2042E-09  3.0838E-09  4.2597E-09  5.8087E-09  7.8179E-09  1.0382E-08  1.3596E-08  1.7553E-08  2.2330E-08  2.7977E-08
       3.4507E-08  4.1882E-08  5.0002E-08  5.8700E-08  6.7740E-08  7.6827E-08  8.5620E-08  9.3753E-08  1.0086E-07  1.0662E-07
       1.1075E-07  1.1308E-07  1.1350E-07  1.1205E-07  1.0883E-07  1.0405E-07  9.7979E-08  9.0915E-08  8.3183E-08  7.5095E-08
       6.6937E-08  5.8955E-08  5.1342E-08  4.4245E-08  3.7759E-08  3.1935E-08  2.6787E-08  2.2302E-08  1.8443E-08  1.5160E-08
       1.2396E-08  1.0089E-08  8.1794E-09  6.6091E-09  5.3258E-09  4.2824E-09  3.4376E-09  2.7560E-09  2.2074E-09  1.7666E-09
       1.4128E-09  1.1289E-09  9.0097E-10  7.1775E-10  5.7029E-10  4.5143E-10  3.5553E-10  2.7813E-10  2.1574E-10  1.6561E-10
       1.2553E-10  9.3763E-11  6.8855E-11  4.9603E-11  3.4977E-11  2.4090E-11  1.6172E-11  1.0560E-11  6.6938E-12  4.1115E-12
       2.4426E-12  1.4011E-12  7.7466E-13  4.1220E-13  2.1075E-13  1.0339E-13  4.8595E-14  2.1854E-14  9.3916E-15  3.8515E-15
       1.5054E-15  5.6008E-16  1.9807E-16  6.6485E-17  2.1143E-17  6.3557E-18  1.8006E-18  4.7875E-19  1.1870E-19  2.7224E-20
       6.1588E-21
  77   1.5334E-11  2.7606E-11  4.6627E-11  7.5418E-11  1.1817E-10  1.8062E-10  2.7054E-10  3.9827E-10  5.7737E-10  8.2534E-10
       1.1643E-09  1.6214E-09  2.2296E-09  3.0273E-09  4.0578E-09  5.3680E-09  7.0062E-09  9.0183E-09  1.1444E-08  1.4310E-08
       1.7627E-08  2.1378E-08  2.5522E-08  2.9982E-08  3.4649E-08  3.9384E-08  4.4024E-08  4.8390E-08  5.2301E-08  5.5588E-08
       5.8106E-08  5.9745E-08  6.0442E-08  6.0183E-08  5.9001E-08  5.6975E-08  5.4221E-08  5.0879E-08  4.7101E-08  4.3045E-08
       3.8858E-08  3.4673E-08  3.0603E-08  2.6736E-08  2.3136E-08  1.9845E-08  1.6885E-08  1.4260E-08  1.1963E-08  9.9756E-09
       8.2743E-09  6.8310E-09  5.6166E-09  4.6022E-09  3.7602E-09  3.0649E-09  2.4934E-09  2.0253E-09  1.6431E-09  1.3316E-09
       1.0780E-09  8.7169E-10  7.0378E-10  5.6703E-10  4.5552E-10  3.6449E-10  2.9012E-10  2.2936E-10  1.7979E-10  1.3947E-10
       1.0687E-10  8.0708E-11  5.9951E-11  4.3707E-11  3.1210E-11  2.1783E-11  1.4831E-11  9.8313E-12  6.3335E-12  3.9582E-12
       2.3958E-12  1.4021E-12  7.9225E-13  4.3157E-13  2.2634E-13  1.1414E-13  5.5278E-14  2.5683E-14  1.1436E-14  4.8750E-15
       1.9880E-15  7.7478E-16  2.8835E-16  1.0239E-16  3.4650E-17  1.1162E-17  3.4159E-18  9.9063E-19  2.7114E-19  6.9777E-20
       1.8270E-20
  78   8.3450E-12  1.5009E-11  2.5310E-11  4.0851E-11  6.3840E-11  9.7282E-11  1.4521E-10  2.1297E-10  3.0753E-10  4.3780E-10
       6.1499E-10  8.5289E-10  1.1680E-09  1.5796E-09  2.1094E-09  2.7809E-09  3.6183E-09  4.6449E-09  5.8811E-09  7.3414E-09
       9.0322E-09  1.0949E-08  1.3072E-08  1.5368E-08  1.7786E-08  2.0262E-08  2.2716E-08  2.5062E-08  2.7209E-08  2.9072E-08
       3.0572E-08  3.1649E-08  3.2259E-08  3.2386E-08  3.2034E-08  3.1231E-08  3.0024E-08  2.8477E-08  2.6661E-08  2.4652E-08
       2.2527E-08  2.0355E-08  1.8198E-08  1.6109E-08  1.4128E-08  1.2284E-08  1.0597E-08  9.0743E-09  7.7193E-09  6.5274E-09
       5.4900E-09  4.5957E-09  3.8312E-09  3.1825E-09  2.6355E-09  2.1770E-09  1.7945E-09  1.4766E-09  1.2131E-09  9.9534E-10
       8.1557E-10  6.6727E-10  5.4494E-10  4.4396E-10  3.6055E-10  2.9158E-10  2.3451E-10  1.8732E-10  1.4834E-10  1.1627E-10
       9.0018E-11  6.8709E-11  5.1600E-11  3.8051E-11  2.7497E-11  1.9435E-11  1.3410E-11  9.0160E-12  5.8969E-12  3.7456E-12
       2.3068E-12  1.3756E-12  7.9306E-13  4.4150E-13  2.3704E-13  1.2261E-13  6.1033E-14  2.9213E-14  1.3434E-14  5.9315E-15
       2.5128E-15  1.0209E-15  3.9757E-16  1.4834E-16  5.2999E-17  1.8120E-17  5.9220E-18  1.8471E-18  5.4849E-19  1.5497E-19
       4.5519E-20
  79   4.5285E-12  8.1381E-12  1.3704E-11  2.2077E-11  3.4420E-11  5.2308E-11  7.7840E-11  1.1378E-10  1.6371E-10  2.3220E-10
       3.2494E-10  4.4894E-10  6.1252E-10  8.2539E-10  1.0985E-09  1.4436E-09  1.8731E-09  2.3988E-09  3.0311E-09  3.7781E-09
       4.6438E-09  5.6269E-09  6.7195E-09  7.9065E-09  9.1646E-09  1.0463E-08  1.1765E-08  1.3027E-08  1.4205E-08  1.5255E-08
       1.6136E-08  1.6814E-08  1.7262E-08  1.7467E-08  1.7425E-08  1.7145E-08  1.6644E-08  1.5950E-08  1.5094E-08  1.4115E-08
       1.3050E-08  1.1935E-08  1.0804E-08  9.6856E-09  8.6052E-09  7.5812E-09  6.6272E-09  5.7518E-09  4.9594E-09  4.2509E-09
       3.6241E-09  3.0751E-09  2.5982E-09  2.1873E-09  1.8355E-09  1.5362E-09  1.2827E-09  1.0689E-09  8.8914E-10  7.3845E-10
       6.1230E-10  5.0680E-10  4.1857E-10  3.4477E-10  2.8300E-10  2.3126E-10  1.8791E-10  1.5161E-10  1.2127E-10  9.6001E-11
       7.5078E-11  5.7895E-11  4.3938E-11  3.2755E-11  2.3940E-11  1.7124E-11  1.1965E-11  8.1525E-12  5.4084E-12  3.4878E-12
       2.1832E-12  1.3247E-12  7.7816E-13  4.4201E-13  2.4251E-13  1.2840E-13  6.5548E-14  3.2240E-14  1.5268E-14  6.9591E-15
       3.0513E-15  1.2867E-15  5.2174E-16  2.0339E-16  7.6209E-17  2.7440E-17  9.4895E-18  3.1491E-18  1.0014E-18  3.0571E-19
       9.8550E-20
  80   2.4511E-12  4.4017E-12  7.4030E-12  1.1906E-11  1.8525E-11  2.8085E-11  4.1681E-11  6.0745E-11  8.7125E-11  1.2316E-10
       1.7177E-10  2.3650E-10  3.2160E-10  4.3197E-10  5.7314E-10  7.5112E-10  9.7214E-10  1.2423E-09  1.5671E-09  1.9508E-09
       2.3959E-09  2.9024E-09  3.4672E-09  4.0835E-09  4.7408E-09  5.4246E-09  6.1171E-09  6.7976E-09  7.4441E-09  8.0340E-09
       8.5458E-09  8.9609E-09  9.2642E-09  9.4458E-09  9.5009E-09  9.4307E-09  9.2413E-09  8.9438E-09  8.5526E-09  8.0850E-09
       7.5593E-09  6.9942E-09  6.4074E-09  5.8152E-09  5.2315E-09  4.6680E-09  4.1335E-09  3.6345E-09  3.1752E-09  2.7576E-09
       2.3822E-09  2.0481E-09  1.7534E-09  1.4955E-09  1.2714E-09  1.0777E-09  9.1130E-10  7.6891E-10  6.4748E-10  5.4421E-10
       4.5654E-10  3.8220E-10  3.1918E-10  2.6576E-10  2.2044E-10  1.8199E-10  1.4936E-10  1.2170E-10  9.8293E-11  7.8568E-11
       6.2045E-11  4.8319E-11  3.7041E-11  2.7902E-11  2.0614E-11  1.4912E-11  1.0544E-11  7.2752E-12  4.8911E-12  3.1993E-12
       2.0332E-12  1.2539E-12  7.4944E-13  4.3370E-13  2.4276E-13  1.3133E-13  6.8612E-14  3.4597E-14  1.6830E-14  7.8952E-15
       3.5711E-15  1.5572E-15  6.5460E-16  2.6530E-16  1.0367E-16  3.9058E-17  1.4187E-17  4.9657E-18  1.6740E-18  5.4557E-19
       1.8993E-19
  81   1.3236E-12  2.3755E-12  3.9910E-12  6.4096E-12  9.9552E-12  1.5061E-11  2.2299E-11  3.2413E-11  4.6359E-11  6.5342E-11
       9.0857E-11  1.2472E-10  1.6909E-10  2.2646E-10  2.9966E-10  3.9174E-10  5.0590E-10  6.4528E-10  8.1278E-10  1.0107E-09
       1.2407E-09  1.5028E-09  1.7961E-09  2.1176E-09  2.4625E-09  2.8240E-09  3.1937E-09  3.5615E-09  3.9166E-09  4.2473E-09
       4.5427E-09  4.7925E-09  4.9882E-09  5.1234E-09  5.1943E-09  5.1998E-09  5.1416E-09  5.0237E-09  4.8523E-09  4.6352E-09
       4.3811E-09  4.0993E-09  3.7990E-09  3.4889E-09  3.1769E-09  2.8698E-09  2.5731E-09  2.2913E-09  2.0273E-09  1.7834E-09
       1.5606E-09  1.3590E-09  1.1785E-09  1.0180E-09  8.7648E-10  7.5236E-10  6.4411E-10  5.5013E-10  4.6883E-10  3.9871E-10
       3.3834E-10  2.8643E-10  2.4182E-10  2.0348E-10  1.7053E-10  1.4220E-10  1.1785E-10  9.6949E-11  7.9046E-11  6.3779E-11
       5.0841E-11  3.9970E-11  3.0939E-11  2.3537E-11  1.7569E-11  1.2846E-11  9.1851E-12  6.4130E-12  4.3658E-12  2.8938E-12
       1.8653E-12  1.1678E-12  7.0935E-13  4.1764E-13  2.3814E-13  1.3140E-13  7.0123E-14  3.6174E-14  1.8032E-14  8.6838E-15
       4.0398E-15  1.8155E-15  7.8825E-16  3.3073E-16  1.3413E-16  5.2593E-17  1.9941E-17  7.3106E-18  2.5917E-18  8.9319E-19
       3.3170E-19
  82   7.1332E-13  1.2795E-12  2.1477E-12  3.4451E-12  5.3428E-12  8.0685E-12  1.1922E-11  1.7290E-11  2.4669E-11  3.4681E-11
       4.8095E-11  6.5845E-11  8.9035E-11  1.1895E-10  1.5702E-10  2.0483E-10  2.6402E-10  3.3622E-10  4.2298E-10  5.2557E-10
       6.4488E-10  7.8123E-10  9.3427E-10  1.1028E-09  1.2845E-09  1.4765E-09  1.6746E-09  1.8740E-09  2.0693E-09  2.2547E-09
       2.4243E-09  2.5729E-09  2.6955E-09  2.7882E-09  2.8486E-09  2.8751E-09  2.8678E-09  2.8280E-09  2.7580E-09  2.6613E-09
       2.5419E-09  2.4043E-09  2.2532E-09  2.0931E-09  1.9284E-09  1.7628E-09  1.5999E-09  1.4422E-09  1.2919E-09  1.1507E-09
       1.0196E-09  8.9913E-10  7.8949E-10  6.9055E-10  6.0193E-10  5.2306E-10  4.5326E-10  3.9178E-10  3.3782E-10  2.9062E-10
       2.4940E-10  2.1346E-10  1.8215E-10  1.5487E-10  1.3110E-10  1.1040E-10  9.2372E-11  7.6700E-11  6.3113E-11  5.1387E-11
       4.1335E-11  3.2795E-11  2.5620E-11  1.9676E-11  1.4831E-11  1.0954E-11  7.9161E-12  5.5888E-12  3.8496E-12  2.5836E-12
       1.6874E-12  1.0714E-12  6.6060E-13  3.9520E-13  2.2922E-13  1.2881E-13  7.0094E-14  3.6920E-14  1.8819E-14  9.2813E-15
       4.4290E-15  2.0452E-15  9.1416E-16  3.9562E-16  1.6584E-16  6.7365E-17  2.6524E-17  1.0126E-17  3.7505E-18  1.3564E-18
       5.3215E-19
  83   3.8372E-13  6.8797E-13  1.1540E-12  1.8492E-12  2.8642E-12  4.3189E-12  6.3703E-12  9.2211E-12  1.3129E-11  1.8417E-11
       2.5482E-11  3.4807E-11  4.6959E-11  6.2599E-11  8.2469E-11  1.0738E-10  1.3819E-10  1.7576E-10  2.2089E-10  2.7430E-10
       3.3651E-10  4.0778E-10  4.8803E-10  5.7677E-10  6.7305E-10  7.7544E-10  8.8204E-10  9.9051E-10  1.0982E-09  1.2021E-09
       1.2993E-09  1.3869E-09  1.4622E-09  1.5230E-09  1.5676E-09  1.5948E-09  1.6042E-09  1.5961E-09  1.5712E-09  1.5310E-09
       1.4772E-09  1.4120E-09  1.3376E-09  1.2564E-09  1.1708E-09  1.0827E-09  9.9422E-10  9.0696E-10  8.2231E-10  7.4137E-10
       6.6493E-10  5.9356E-10  5.2758E-10  4.6710E-10  4.1211E-10  3.6243E-10  3.1781E-10  2.7793E-10  2.4243E-10  2.1091E-10
       1.8300E-10  1.5832E-10  1.3651E-10  1.1725E-10  1.0024E-10  8.5218E-11  7.1968E-11  6.0302E-11  5.0063E-11  4.1122E-11
       3.3368E-11  2.6706E-11  2.1049E-11  1.6312E-11  1.2410E-11  9.2543E-12  6.7548E-12  4.8191E-12  3.3561E-12  2.2787E-12
       1.5068E-12  9.6925E-13  6.0598E-13  3.6793E-13  2.1679E-13  1.2389E-13  6.8631E-14  3.6846E-14  1.9167E-14  9.6598E-15
       4.7172E-15  2.2324E-15  1.0242E-15  4.5572E-16  1.9675E-16  8.2464E-17  3.3572E-17  1.3282E-17  5.1111E-18  1.9277E-18
       7.9278E-19
  84   2.0609E-13  3.6936E-13  6.1919E-13  9.9143E-13  1.5340E-12  2.3103E-12  3.4028E-12  4.9177E-12  6.9896E-12  9.7866E-12
       1.3515E-11  1.8425E-11  2.4811E-11  3.3014E-11  4.3419E-11  5.6449E-11  7.2551E-11  9.2180E-11  1.1577E-10  1.4371E-10
       1.7631E-10  2.1375E-10  2.5605E-10  3.0302E-10  3.5427E-10  4.0915E-10  4.6676E-10  5.2599E-10  5.8550E-10  6.4384E-10
       6.9948E-10  7.5087E-10  7.9657E-10  8.3529E-10  8.6596E-10  8.8782E-10  9.0041E-10  9.0360E-10  8.9761E-10  8.8293E-10
       8.6032E-10  8.3074E-10  7.9527E-10  7.5509E-10  7.1139E-10  6.6531E-10  6.1795E-10  5.7028E-10  5.2314E-10  4.7724E-10
       4.3314E-10  3.9128E-10  3.5194E-10  3.1532E-10  2.8150E-10  2.5048E-10  2.2220E-10  1.9655E-10  1.7338E-10  1.5251E-10
       1.3376E-10  1.1694E-10  1.0187E-10  8.8363E-11  7.6269E-11  6.5446E-11  5.5772E-11  4.7145E-11  3.9479E-11  3.2704E-11
       2.6761E-11  2.1599E-11  1.7169E-11  1.3420E-11  1.0300E-11  7.7509E-12  5.7110E-12  4.1147E-12  2.8953E-12  1.9873E-12
       1.3292E-12  8.6548E-13  5.4811E-13  3.3737E-13  2.0169E-13  1.1705E-13  6.5918E-14  3.6013E-14  1.9084E-14  9.8092E-15
       4.8912E-15  2.3667E-15  1.1116E-15  5.0707E-16  2.2477E-16  9.6874E-17  4.0624E-17  1.6586E-17  6.6008E-18  2.5827E-18
       1.1063E-18
  85   1.1053E-13  1.9805E-13  3.3185E-13  5.3102E-13  8.2098E-13  1.2352E-12  1.8173E-12  2.6229E-12  3.7227E-12  5.2046E-12
       7.1764E-12  9.7679E-12  1.3133E-11  1.7449E-11  2.2918E-11  2.9760E-11  3.8211E-11  4.8513E-11  6.0901E-11  7.5592E-11
       9.2762E-11  1.1253E-10  1.3494E-10  1.5994E-10  1.8736E-10  2.1692E-10  2.4821E-10  2.8067E-10  3.1368E-10  3.4650E-10
       3.7835E-10  4.0841E-10  4.3590E-10  4.6009E-10  4.8036E-10  4.9620E-10  5.0725E-10  5.1334E-10  5.1445E-10  5.1070E-10
       5.0239E-10  4.8993E-10  4.7381E-10  4.5459E-10  4.3288E-10  4.0929E-10  3.8440E-10  3.5876E-10  3.3287E-10  3.0717E-10
       2.8203E-10  2.5774E-10  2.3454E-10  2.1258E-10  1.9198E-10  1.7279E-10  1.5503E-10  1.3867E-10  1.2367E-10  1.0996E-10
       9.7463E-11  8.6084E-11  7.5736E-11  6.6331E-11  5.7790E-11  5.0040E-11  4.3019E-11  3.6676E-11  3.0969E-11  2.5865E-11
       2.1337E-11  1.7361E-11  1.3912E-11  1.0963E-11  8.4850E-12  6.4402E-12  4.7876E-12  3.4814E-12  2.4734E-12  1.7150E-12
       1.1594E-12  7.6348E-13  4.8932E-13  3.0501E-13  1.8480E-13  1.0878E-13  6.2188E-14  3.4520E-14  1.8605E-14  9.7355E-15
       4.9473E-15  2.4422E-15  1.1716E-15  5.4651E-16  2.4803E-16  1.0960E-16  4.7185E-17  1.9809E-17  8.1210E-18  3.2817E-18
       1.4563E-18
  86   5.9211E-14  1.0607E-13  1.7768E-13  2.8419E-13  4.3912E-13  6.6021E-13  9.7046E-13  1.3993E-12  1.9839E-12  2.7703E-12
       3.8152E-12  5.1866E-12  6.9649E-12  9.2435E-12  1.2128E-11  1.5735E-11  2.0189E-11  2.5621E-11  3.2158E-11  3.9921E-11
       4.9011E-11  5.9506E-11  7.1446E-11  8.4823E-11  9.9575E-11  1.1558E-10  1.3265E-10  1.5053E-10  1.6891E-10  1.8742E-10
       2.0566E-10  2.2322E-10  2.3967E-10  2.5461E-10  2.6766E-10  2.7852E-10  2.8694E-10  2.9277E-10  2.9592E-10  2.9640E-10
       2.9430E-10  2.8977E-10  2.8302E-10  2.7431E-10  2.6394E-10  2.5222E-10  2.3945E-10  2.2595E-10  2.1198E-10  1.9782E-10
       1.8368E-10  1.6977E-10  1.5624E-10  1.4323E-10  1.3081E-10  1.1906E-10  1.0800E-10  9.7667E-11  8.8041E-11  7.9108E-11
       7.0837E-11  6.3194E-11  5.6138E-11  4.9630E-11  4.3634E-11  3.8115E-11  3.3047E-11  2.8407E-11  2.4181E-11  2.0355E-11
       1.6923E-11  1.3876E-11  1.1205E-11  8.8995E-12  6.9424E-12  5.3122E-12  3.9822E-12  2.9210E-12  2.0941E-12  1.4658E-12
       1.0008E-12  6.6596E-13  4.3154E-13  2.7214E-13  1.6693E-13  9.9545E-14  5.7697E-14  3.2497E-14  1.7785E-14  9.4592E-15
       4.8900E-15  2.4579E-15  1.2018E-15  5.7196E-16  2.6512E-16  1.1978E-16  5.2792E-17  2.2718E-17  9.5610E-18  3.9749E-18
       1.8193E-18
  87   3.1688E-14  5.6759E-14  9.5058E-14  1.5200E-13  2.3477E-13  3.5280E-13  5.1829E-13  7.4679E-13  1.0579E-12  1.4761E-12
       2.0310E-12  2.7586E-12  3.7012E-12  4.9081E-12  6.4352E-12  8.3444E-12  1.0703E-11  1.3580E-11  1.7046E-11  2.1169E-11
       2.6008E-11  3.1610E-11  3.8006E-11  4.5204E-11  5.3184E-11  6.1896E-11  7.1258E-11  8.1151E-11  9.1425E-11  1.0190E-10
       1.1238E-10  1.2263E-10  1.3244E-10  1.4159E-10  1.4985E-10  1.5706E-10  1.6304E-10  1.6769E-10  1.7091E-10  1.7269E-10
       1.7302E-10  1.7196E-10  1.6958E-10  1.6600E-10  1.6135E-10  1.5579E-10  1.4946E-10  1.4255E-10  1.3519E-10  1.2754E-10
       1.1974E-10  1.1189E-10  1.0412E-10  9.6505E-11  8.9111E-11  8.1993E-11  7.5187E-11  6.8718E-11  6.2595E-11  5.6822E-11
       5.1391E-11  4.6293E-11  4.1513E-11  3.7037E-11  3.2850E-11  2.8940E-11  2.5299E-11  2.1921E-11  1.8805E-11  1.5950E-11
       1.3360E-11  1.1035E-11  8.9770E-12  7.1827E-12  5.6453E-12  4.3529E-12  3.2888E-12  2.4320E-12  1.7583E-12  1.2416E-12
       8.5559E-13  5.7485E-13  3.7631E-13  2.3986E-13  1.4880E-13  8.9797E-14  5.2705E-14  3.0081E-14  1.6695E-14  9.0107E-15
       4.7308E-15  2.4170E-15  1.2022E-15  5.8254E-16  2.7517E-16  1.2682E-16  5.7070E-17  2.5104E-17  1.0813E-17  4.6094E-18
       2.1673E-18
  88   1.6944E-14  3.0349E-14  5.0823E-14  8.1257E-14  1.2548E-13  1.8852E-13  2.7685E-13  3.9874E-13  5.6460E-13  7.8733E-13
       1.0827E-12  1.4698E-12  1.9709E-12  2.6124E-12  3.4239E-12  4.4386E-12  5.6927E-12  7.2240E-12  9.0713E-12  1.1272E-11
       1.3862E-11  1.6869E-11  2.0315E-11  2.4210E-11  2.8551E-11  3.3321E-11  3.8483E-11  4.3984E-11  4.9754E-11  5.5705E-11
       6.1735E-11  6.7732E-11  7.3576E-11  7.9147E-11  8.4327E-11  8.9006E-11  9.3087E-11  9.6489E-11  9.9153E-11  1.0104E-10
       1.0213E-10  1.0243E-10  1.0197E-10  1.0078E-10  9.8936E-11  9.6493E-11  9.3533E-11  9.0138E-11  8.6392E-11  8.2376E-11
       7.8168E-11  7.3840E-11  6.9455E-11  6.5070E-11  6.0731E-11  5.6477E-11  5.2336E-11  4.8331E-11  4.4475E-11  4.0777E-11
       3.7239E-11  3.3863E-11  3.0645E-11  2.7583E-11  2.4675E-11  2.1917E-11  1.9313E-11  1.6863E-11  1.4574E-11  1.2452E-11
       1.0504E-11  8.7376E-12  7.1580E-12  5.7676E-12  4.5652E-12  3.5455E-12  2.6985E-12  2.0107E-12  1.4652E-12  1.0431E-12
       7.2496E-13  4.9144E-13  3.2473E-13  2.0903E-13  1.3102E-13  7.9932E-14  4.7454E-14  2.7412E-14  1.5407E-14  8.4270E-15
       4.4866E-15  2.3261E-15  1.1749E-15  5.7855E-16  2.7794E-16  1.3038E-16  5.9771E-17  2.6808E-17  1.1786E-17  5.1366E-18
       2.4728E-18
  89   9.0545E-15  1.6218E-14  2.7160E-14  4.3425E-14  6.7060E-14  1.0074E-13  1.4793E-13  2.1303E-13  3.0158E-13  4.2045E-13
       5.7805E-13  7.8449E-13  1.0518E-12  1.3939E-12  1.8268E-12  2.3684E-12  3.0382E-12  3.8571E-12  4.8465E-12  6.0278E-12
       7.4212E-12  9.0444E-12  1.0912E-11  1.3032E-11  1.5407E-11  1.8033E-11  2.0896E-11  2.3971E-11  2.7227E-11  3.0622E-11
       3.4104E-11  3.7618E-11  4.1100E-11  4.4485E-11  4.7708E-11  5.0705E-11  5.3419E-11  5.5798E-11  5.7799E-11  5.9392E-11
       6.0554E-11  6.1278E-11  6.1564E-11  6.1425E-11  6.0883E-11  5.9967E-11  5.8713E-11  5.7161E-11  5.5352E-11  5.3330E-11
       5.1138E-11  4.8816E-11  4.6403E-11  4.3932E-11  4.1433E-11  3.8932E-11  3.6449E-11  3.4001E-11  3.1600E-11  2.9254E-11
       2.6969E-11  2.4750E-11  2.2597E-11  2.0515E-11  1.8503E-11  1.6567E-11  1.4710E-11  1.2940E-11  1.1264E-11  9.6908E-12
       8.2307E-12  6.8927E-12  5.6842E-12  4.6105E-12  3.6738E-12  2.8725E-12  2.2015E-12  1.6520E-12  1.2126E-12  8.6985E-13
       6.0930E-13  4.1644E-13  2.7755E-13  1.8027E-13  1.1406E-13  7.0278E-14  4.2158E-14  2.4619E-14  1.3996E-14  7.7477E-15
       4.1771E-15  2.1942E-15  1.1237E-15  5.6134E-16  2.7376E-16  1.3045E-16  6.0794E-17  2.7740E-17  1.2419E-17  5.5185E-18
       2.7119E-18
  90   4.8361E-15  8.6626E-15  1.4510E-14  2.3203E-14  3.5837E-14  5.3846E-14  7.9077E-14  1.1389E-13  1.6124E-13  2.2481E-13
       3.0909E-13  4.1951E-13  5.6250E-13  7.4559E-13  9.7741E-13  1.2677E-12  1.6271E-12  2.0671E-12  2.5997E-12  3.2371E-12
       3.9911E-12  4.8723E-12  5.8900E-12  7.0508E-12  8.3585E-12  9.8128E-12  1.1409E-11  1.3138E-11  1.4985E-11  1.6930E-11
       1.8949E-11  2.1013E-11  2.3090E-11  2.5145E-11  2.7142E-11  2.9046E-11  3.0822E-11  3.2438E-11  3.3867E-11  3.5086E-11
       3.6077E-11  3.6828E-11  3.7335E-11  3.7596E-11  3.7618E-11  3.7410E-11  3.6989E-11  3.6370E-11  3.5576E-11  3.4626E-11
       3.3544E-11  3.2351E-11  3.1069E-11  2.9718E-11  2.8315E-11  2.6876E-11  2.5414E-11  2.3941E-11  2.2466E-11  2.0995E-11
       1.9533E-11  1.8086E-11  1.6656E-11  1.5246E-11  1.3861E-11  1.2506E-11  1.1187E-11  9.9110E-12  8.6866E-12  7.5236E-12
       6.4317E-12  5.4206E-12  4.4984E-12  3.6717E-12  2.9441E-12  2.3166E-12  1.7869E-12  1.3497E-12  9.9744E-13  7.2052E-13
       5.0837E-13  3.5008E-13  2.3515E-13  1.5399E-13  9.8270E-14  6.1093E-14  3.6993E-14  2.1816E-14  1.2531E-14  7.0115E-15
       3.8229E-15  2.0319E-15  1.0534E-15  5.3298E-16  2.6342E-16  1.2728E-16  6.0185E-17  2.7881E-17  1.2682E-17  5.7325E-18
       2.8680E-18
  91   2.5821E-15  4.6258E-15  7.7499E-15  1.2397E-14  1.9154E-14  2.8789E-14  4.2294E-14  6.0934E-14  8.6297E-14  1.2036E-13
       1.6554E-13  2.2476E-13  3.0150E-13  3.9983E-13  5.2445E-13  6.8067E-13  8.7438E-13  1.1120E-12  1.4002E-12  1.7460E-12
       2.1562E-12  2.6373E-12  3.1953E-12  3.8347E-12  4.5589E-12  5.3691E-12  6.2646E-12  7.2420E-12  8.2953E-12  9.4155E-12
       1.0591E-11  1.1808E-11  1.3049E-11  1.4297E-11  1.5533E-11  1.6735E-11  1.7885E-11  1.8964E-11  1.9953E-11  2.0838E-11
       2.1606E-11  2.2246E-11  2.2752E-11  2.3119E-11  2.3348E-11  2.3439E-11  2.3398E-11  2.3232E-11  2.2949E-11  2.2560E-11
       2.2074E-11  2.1504E-11  2.0860E-11  2.0154E-11  1.9394E-11  1.8591E-11  1.7752E-11  1.6884E-11  1.5993E-11  1.5083E-11
       1.4159E-11  1.3223E-11  1.2279E-11  1.1330E-11  1.0381E-11  9.4359E-12  8.5007E-12  7.5826E-12  6.6898E-12  5.8312E-12
       5.0159E-12  4.2530E-12  3.5506E-12  2.9152E-12  2.3513E-12  1.8612E-12  1.4442E-12  1.0975E-12  8.1616E-13  5.9336E-13
       4.2143E-13  2.9221E-13  1.9769E-13  1.3042E-13  8.3874E-14  5.2566E-14  3.2099E-14  1.9097E-14  1.1070E-14  6.2539E-15
       3.4440E-15  1.8497E-15  9.6937E-16  4.9606E-16  2.4807E-16  1.2134E-16  5.8111E-17  2.7280E-17  1.2582E-17  5.7726E-18
       2.9333E-18
  92   1.3784E-15  2.4698E-15  4.1392E-15  6.6241E-15  1.0240E-14  1.5399E-14  2.2635E-14  3.2630E-14  4.6239E-14  6.4530E-14
       8.8810E-14  1.2066E-13  1.6198E-13  2.1497E-13  2.8222E-13  3.6666E-13  4.7154E-13  6.0044E-13  7.5719E-13  9.4578E-13
       1.1702E-12  1.4345E-12  1.7422E-12  2.0966E-12  2.5000E-12  2.9542E-12  3.4596E-12  4.0155E-12  4.6195E-12  5.2680E-12
       5.9556E-12  6.6757E-12  7.4200E-12  8.1792E-12  8.9430E-12  9.7006E-12  1.0441E-11  1.1152E-11  1.1824E-11  1.2447E-11
       1.3012E-11  1.3511E-11  1.3939E-11  1.4290E-11  1.4563E-11  1.4756E-11  1.4870E-11  1.4906E-11  1.4867E-11  1.4758E-11
       1.4583E-11  1.4346E-11  1.4054E-11  1.3712E-11  1.3324E-11  1.2896E-11  1.2431E-11  1.1934E-11  1.1408E-11  1.0856E-11
       1.0279E-11  9.6803E-12  9.0621E-12  8.4272E-12  7.7789E-12  7.1212E-12  6.4595E-12  5.7998E-12  5.1493E-12  4.5158E-12
       3.9074E-12  3.3322E-12  2.7976E-12  2.3097E-12  1.8733E-12  1.4910E-12  1.1634E-12  8.8912E-13  6.6497E-13  4.8630E-13
       3.4748E-13  2.4244E-13  1.6508E-13  1.0964E-13  7.0999E-14  4.4819E-14  2.7575E-14  1.6535E-14  9.6632E-15  5.5054E-15
       3.0587E-15  1.6578E-15  8.7715E-16  4.5334E-16  2.2905E-16  1.1324E-16  5.4835E-17  2.6041E-17  1.2156E-17  5.6492E-18
       2.9091E-18
  93   7.3578E-16  1.3187E-15  2.2110E-15  3.5403E-15  5.4762E-15  8.2413E-15  1.2123E-14  1.7490E-14  2.4806E-14  3.4648E-14
       4.7728E-14  6.4908E-14  8.7221E-14  1.1589E-13  1.5232E-13  1.9815E-13  2.5519E-13  3.2547E-13  4.1116E-13  5.1458E-13
       6.3809E-13  7.8407E-13  9.5480E-13  1.1524E-12  1.3786E-12  1.6348E-12  1.9218E-12  2.2398E-12  2.5882E-12  2.9657E-12
       3.3701E-12  3.7981E-12  4.2460E-12  4.7091E-12  5.1819E-12  5.6587E-12  6.1333E-12  6.5992E-12  7.0502E-12  7.4801E-12
       7.8832E-12  8.2542E-12  8.5887E-12  8.8830E-12  9.1341E-12  9.3400E-12  9.4996E-12  9.6125E-12  9.6790E-12  9.7002E-12
       9.6776E-12  9.6129E-12  9.5084E-12  9.3663E-12  9.1887E-12  8.9777E-12  8.7353E-12  8.4631E-12  8.1625E-12  7.8349E-12
       7.4814E-12  7.1033E-12  6.7020E-12  6.2795E-12  5.8383E-12  5.3817E-12  4.9139E-12  4.4400E-12  3.9659E-12  3.4983E-12
       3.0440E-12  2.6101E-12  2.2030E-12  1.8283E-12  1.4905E-12  1.1924E-12  9.3522E-13  7.1845E-13  5.4016E-13  3.9713E-13
       2.8532E-13  2.0020E-13  1.3710E-13  9.1603E-14  5.9689E-14  3.7922E-14  2.3487E-14  1.4181E-14  8.3469E-15  4.7909E-15
       2.6823E-15  1.4655E-15  7.8182E-16  4.0755E-16  2.0775E-16  1.0366E-16  5.0677E-17  2.4305E-17  1.1463E-17  5.3860E-18
       2.8052E-18
  94   3.9280E-16  7.0420E-16  1.1813E-15  1.8928E-15  2.9302E-15  4.4136E-15  6.4989E-15  9.3854E-15  1.3325E-14  1.8633E-14
       2.5698E-14  3.4991E-14  4.7081E-14  6.2641E-14  8.2458E-14  1.0744E-13  1.3861E-13  1.7711E-13  2.2420E-13  2.8122E-13
       3.4957E-13  4.3070E-13  5.2601E-13  6.3686E-13  7.6449E-13  9.0993E-13  1.0740E-12  1.2571E-12  1.4593E-12  1.6804E-12
       1.9194E-12  2.1752E-12  2.4459E-12  2.7293E-12  3.0228E-12  3.3232E-12  3.6272E-12  3.9313E-12  4.2319E-12  4.5251E-12
       4.8075E-12  5.0756E-12  5.3263E-12  5.5568E-12  5.7647E-12  5.9481E-12  6.1054E-12  6.2356E-12  6.3379E-12  6.4121E-12
       6.4581E-12  6.4763E-12  6.4671E-12  6.4310E-12  6.3686E-12  6.2804E-12  6.1668E-12  6.0284E-12  5.8654E-12  5.6781E-12
       5.4667E-12  5.2318E-12  4.9740E-12  4.6947E-12  4.3955E-12  4.0788E-12  3.7481E-12  3.4072E-12  3.0611E-12  2.7152E-12
       2.3753E-12  2.0472E-12  1.7365E-12  1.4483E-12  1.1864E-12  9.5361E-13  7.5147E-13  5.8004E-13  4.3818E-13  3.2371E-13
       2.3372E-13  1.6481E-13  1.1345E-13  7.6205E-14  4.9927E-14  3.1898E-14  1.9871E-14  1.2070E-14  7.1486E-15  4.1295E-15
       2.3273E-15  1.2803E-15  6.8789E-16  3.6121E-16  1.8553E-16  9.3296E-17  4.5980E-17  2.2237E-17  1.0579E-17  5.0165E-18
       2.6376E-18
  95   2.0978E-16  3.7621E-16  6.3147E-16  1.0126E-15  1.5690E-15  2.3659E-15  3.4876E-15  5.0429E-15  7.1692E-15  1.0039E-14
       1.3865E-14  1.8907E-14  2.5480E-14  3.3959E-14  4.4781E-14  5.8458E-14  7.5571E-14  9.6775E-14  1.2279E-13  1.5441E-13
       1.9246E-13  2.3782E-13  2.9137E-13  3.5398E-13  4.2647E-13  5.0959E-13  6.0398E-13  7.1012E-13  8.2830E-13  9.5859E-13
       1.1008E-12  1.2546E-12  1.4191E-12  1.5934E-12  1.7762E-12  1.9660E-12  2.1611E-12  2.3595E-12  2.5591E-12  2.7579E-12
       2.9537E-12  3.1443E-12  3.3277E-12  3.5019E-12  3.6652E-12  3.8159E-12  3.9527E-12  4.0744E-12  4.1801E-12  4.2689E-12
       4.3403E-12  4.3939E-12  4.4292E-12  4.4459E-12  4.4439E-12  4.4227E-12  4.3822E-12  4.3218E-12  4.2413E-12  4.1403E-12
       4.0185E-12  3.8759E-12  3.7125E-12  3.5291E-12  3.3267E-12  3.1071E-12  2.8727E-12  2.6268E-12  2.3731E-12  2.1162E-12
       1.8607E-12  1.6115E-12  1.3734E-12  1.1507E-12  9.4681E-13  7.6440E-13  6.0498E-13  4.6898E-13  3.5581E-13  2.6400E-13
       1.9145E-13  1.3560E-13  9.3770E-14  6.3275E-14  4.1652E-14  2.6741E-14  1.6742E-14  1.0221E-14  6.0859E-15  3.5348E-15
       2.0034E-15  1.1085E-15  5.9909E-16  3.1651E-16  1.6359E-16  8.2800E-17  4.1080E-17  2.0004E-17  9.5844E-18  4.5793E-18
       2.4263E-18
  96   1.1213E-16  2.0116E-16  3.3789E-16  5.4232E-16  8.4123E-16  1.2700E-15  1.8747E-15  2.7146E-15  3.8650E-15  5.4208E-15
       7.4995E-15  1.0245E-14  1.3833E-14  1.8473E-14  2.4411E-14  3.1937E-14  4.1383E-14  5.3127E-14  6.7588E-14  8.5232E-14
       1.0656E-13  1.3210E-13  1.6240E-13  1.9802E-13  2.3950E-13  2.8738E-13  3.4212E-13  4.0413E-13  4.7373E-13  5.5113E-13
       6.3641E-13  7.2951E-13  8.3021E-13  9.3814E-13  1.0527E-12  1.1733E-12  1.2990E-12  1.4288E-12  1.5616E-12  1.6963E-12
       1.8315E-12  1.9661E-12  2.0986E-12  2.2278E-12  2.3525E-12  2.4715E-12  2.5836E-12  2.6880E-12  2.7837E-12  2.8698E-12
       2.9455E-12  3.0102E-12  3.0631E-12  3.1037E-12  3.1312E-12  3.1449E-12  3.1441E-12  3.1281E-12  3.0961E-12  3.0474E-12
       2.9814E-12  2.8976E-12  2.7959E-12  2.6763E-12  2.5396E-12  2.3869E-12  2.2201E-12  2.0415E-12  1.8542E-12  1.6618E-12
       1.4683E-12  1.2775E-12  1.0936E-12  9.2013E-13  7.6023E-13  6.1624E-13  4.8964E-13  3.8105E-13  2.9021E-13  2.1616E-13
       1.5736E-13  1.1189E-13  7.7675E-14  5.2623E-14  3.4780E-14  2.2422E-14  1.4097E-14  8.6433E-15  5.1690E-15  3.0158E-15
       1.7171E-15  9.5457E-16  5.1842E-16  2.7525E-16  1.4299E-16  7.2749E-17  3.6285E-17  1.7766E-17  8.5602E-18  4.1143E-18
       2.1931E-18
  97   6.0070E-17  1.0782E-16  1.8124E-16  2.9119E-16  4.5225E-16  6.8371E-16  1.0108E-15  1.4661E-15  2.0912E-15  2.9385E-15
       4.0734E-15  5.5765E-15  7.5459E-15  1.0100E-14  1.3379E-14  1.7549E-14  2.2800E-14  2.9353E-14  3.7456E-14  4.7384E-14
       5.9440E-14  7.3949E-14  9.1256E-14  1.1172E-13  1.3570E-13  1.6355E-13  1.9563E-13  2.3225E-13  2.7368E-13  3.2016E-13
       3.7185E-13  4.2885E-13  4.9115E-13  5.5867E-13  6.3124E-13  7.0858E-13  7.9031E-13  8.7595E-13  9.6497E-13  1.0567E-12
       1.1505E-12  1.2456E-12  1.3412E-12  1.4366E-12  1.5308E-12  1.6231E-12  1.7127E-12  1.7988E-12  1.8806E-12  1.9574E-12
       2.0284E-12  2.0928E-12  2.1500E-12  2.1991E-12  2.2393E-12  2.2698E-12  2.2896E-12  2.2979E-12  2.2938E-12  2.2762E-12
       2.2444E-12  2.1978E-12  2.1358E-12  2.0584E-12  1.9659E-12  1.8589E-12  1.7389E-12  1.6077E-12  1.4677E-12  1.3218E-12
       1.1731E-12  1.0251E-12  8.8113E-13  7.4428E-13  6.1726E-13  5.0217E-13  4.0042E-13  3.1269E-13  2.3895E-13  1.7858E-13
       1.3043E-13  9.3053E-14  6.4813E-14  4.4056E-14  2.9216E-14  1.8898E-14  1.1923E-14  7.3359E-15  4.4027E-15  2.5779E-15
       1.4732E-15  8.2202E-16  4.4813E-16  2.3885E-16  1.2457E-16  6.3628E-17  3.1865E-17  1.5666E-17  7.5805E-18  3.6597E-18
       1.9595E-18
  98   3.2407E-17  5.8196E-17  9.7913E-17  1.5750E-16  2.4496E-16  3.7092E-16  5.4935E-16  7.9834E-16  1.1411E-15  1.6070E-15
       2.2328E-15  3.0642E-15  4.1570E-15  5.5790E-15  7.4112E-15  9.7498E-15  1.2707E-14  1.6413E-14  2.1016E-14  2.6682E-14
       3.3599E-14  4.1968E-14  5.2009E-14  6.3954E-14  7.8046E-14  9.4532E-14  1.1366E-13  1.3566E-13  1.6078E-13  1.8920E-13
       2.2112E-13  2.5667E-13  2.9594E-13  3.3900E-13  3.8583E-13  4.3637E-13  4.9050E-13  5.4803E-13  6.0872E-13  6.7227E-13
       7.3832E-13  8.0647E-13  8.7628E-13  9.4725E-13  1.0189E-12  1.0906E-12  1.1619E-12  1.2321E-12  1.3007E-12  1.3671E-12
       1.4305E-12  1.4902E-12  1.5457E-12  1.5960E-12  1.6403E-12  1.6778E-12  1.7076E-12  1.7286E-12  1.7398E-12  1.7403E-12
       1.7291E-12  1.7055E-12  1.6689E-12  1.6189E-12  1.5556E-12  1.4795E-12  1.3915E-12  1.2930E-12  1.1861E-12  1.0729E-12
       9.5621E-13  8.3888E-13  7.2374E-13  6.1350E-13  5.1051E-13  4.1665E-13  3.3326E-13  2.6102E-13  2.0005E-13  1.4993E-13
       1.0981E-13  7.8557E-14  5.4865E-14  3.7395E-14  2.4866E-14  1.6128E-14  1.0202E-14  6.2945E-15  3.7880E-15  2.2241E-15
       1.2745E-15  7.1316E-16  3.8987E-16  2.0839E-16  1.0899E-16  5.5831E-17  2.8041E-17  1.3826E-17  6.7101E-18  3.2494E-18
       1.7451E-18
  99   1.7879E-17  3.2125E-17  5.4105E-17  8.7149E-17  1.3576E-16  2.0596E-16  3.0568E-16  4.4523E-16  6.3792E-16  9.0070E-16
       1.2549E-15  1.7271E-15  2.3502E-15  3.1642E-15  4.2173E-15  5.5674E-15  7.2824E-15  9.4421E-15  1.2138E-14  1.5475E-14
       1.9572E-14  2.4559E-14  3.0580E-14  3.7792E-14  4.6361E-14  5.6462E-14  6.8274E-14  8.1981E-14  9.7762E-14  1.1579E-13
       1.3624E-13  1.5925E-13  1.8495E-13  2.1345E-13  2.4481E-13  2.7909E-13  3.1629E-13  3.5637E-13  3.9926E-13  4.4485E-13
       4.9296E-13  5.4341E-13  5.9596E-13  6.5032E-13  7.0618E-13  7.6319E-13  8.2095E-13  8.7904E-13  9.3699E-13  9.9429E-13
       1.0504E-12  1.1047E-12  1.1565E-12  1.2051E-12  1.2497E-12  1.2894E-12  1.3233E-12  1.3505E-12  1.3699E-12  1.3805E-12
       1.3813E-12  1.3716E-12  1.3507E-12  1.3180E-12  1.2735E-12  1.2175E-12  1.1506E-12  1.0740E-12  9.8931E-13  8.9843E-13
       8.0365E-13  7.0745E-13  6.1231E-13  5.2060E-13  4.3443E-13  3.5552E-13  2.8509E-13  2.2384E-13  1.7196E-13  1.2917E-13
       9.4816E-14  6.7976E-14  4.7576E-14  3.2494E-14  2.1651E-14  1.4071E-14  8.9192E-15  5.5138E-15  3.3247E-15  1.9559E-15
       1.1230E-15  6.2960E-16  3.4486E-16  1.8468E-16  9.6773E-17  4.9666E-17  2.4992E-17  1.2346E-17  6.0026E-18  2.9123E-18
       1.5670E-18
 100   1.0579E-17  1.9021E-17  3.2071E-17  5.1736E-17  8.0742E-17  1.2275E-16  1.8259E-16  2.6662E-16  3.8305E-16  5.4241E-16
       7.5803E-16  1.0467E-15  1.4291E-15  1.9308E-15  2.5829E-15  3.4229E-15  4.4954E-15  5.8529E-15  7.5569E-15  9.6782E-15
       1.2298E-14  1.5507E-14  1.9408E-14  2.4113E-14  2.9744E-14  3.6433E-14  4.4318E-14  5.3544E-14  6.4261E-14  7.6617E-14
       9.0762E-14  1.0684E-13  1.2498E-13  1.4532E-13  1.6795E-13  1.9297E-13  2.2044E-13  2.5041E-13  2.8287E-13  3.1783E-13
       3.5522E-13  3.9496E-13  4.3693E-13  4.8097E-13  5.2688E-13  5.7442E-13  6.2333E-13  6.7327E-13  7.2387E-13  7.7472E-13
       8.2533E-13  8.7517E-13  9.2363E-13  9.7002E-13  1.0136E-12  1.0535E-12  1.0889E-12  1.1188E-12  1.1422E-12  1.1581E-12
       1.1655E-12  1.1636E-12  1.1516E-12  1.1291E-12  1.0959E-12  1.0520E-12  9.9802E-13  9.3489E-13  8.6396E-13  7.8698E-13
       7.0595E-13  6.2307E-13  5.4058E-13  4.6067E-13  3.8524E-13  3.1589E-13  2.5379E-13  1.9962E-13  1.5362E-13  1.1558E-13
       8.4975E-14  6.1013E-14  4.2765E-14  2.9250E-14  1.9517E-14  1.2701E-14  8.0614E-15  4.9900E-15  3.0127E-15  1.7746E-15
       1.0201E-15  5.7260E-16  3.1400E-16  1.6834E-16  8.8311E-17  4.5372E-17  2.2854E-17  1.1301E-17  5.5001E-18  2.6711E-18
       1.4385E-18
 101   7.5457E-18  1.3575E-17  2.2909E-17  3.7002E-17  5.7834E-17  8.8071E-17  1.3126E-16  1.9206E-16  2.7654E-16  3.9251E-16
       5.4990E-16  7.6125E-16  1.0422E-15  1.4121E-15  1.8946E-15  2.5185E-15  3.3180E-15  4.3342E-15  5.6152E-15  7.2168E-15
       9.2038E-15  1.1650E-14  1.4637E-14  1.8259E-14  2.2617E-14  2.7821E-14  3.3993E-14  4.1257E-14  4.9746E-14  5.9598E-14
       7.0950E-14  8.3940E-14  9.8703E-14  1.1537E-13  1.3405E-13  1.5486E-13  1.7789E-13  2.0320E-13  2.3085E-13  2.6085E-13
       2.9321E-13  3.2789E-13  3.6482E-13  4.0389E-13  4.4498E-13  4.8789E-13  5.3240E-13  5.7824E-13  6.2509E-13  6.7258E-13
       7.2027E-13  7.6766E-13  8.1416E-13  8.5914E-13  9.0186E-13  9.4151E-13  9.7722E-13  1.0080E-12  1.0330E-12  1.0511E-12
       1.0613E-12  1.0629E-12  1.0550E-12  1.0371E-12  1.0090E-12  9.7082E-13  9.2291E-13  8.6616E-13  8.0184E-13  7.3155E-13
       6.5717E-13  5.8078E-13  5.0450E-13  4.3039E-13  3.6029E-13  2.9571E-13  2.3778E-13  1.8718E-13  1.4415E-13  1.0854E-13
       7.9849E-14  5.7370E-14  4.0236E-14  2.7537E-14  1.8385E-14  1.1972E-14  7.6029E-15  4.7089E-15  2.8447E-15  1.6766E-15
       9.6441E-16  5.4166E-16  2.9722E-16  1.5945E-16  8.3703E-17  4.3034E-17  2.1692E-17  1.0734E-17  5.2279E-18  2.5408E-18
       1.3694E-18

 CONCENTRATION WILL BE SAVED ON UNIT 1029 AT END OF TIME STEP  250, STRESS PERIOD    2


  MASS BUDGET FOR ENTIRE MODEL AT END OF TIME STEP  250, STRESS PERIOD   2
  ---------------------------------------------------------------------------------------------------

     CUMULATIVE MASS      M       RATES FOR THIS TIME STEP      M/T          PACKAGE NAME    
     ------------------                 ------------------------                     ----------------

           IN:                                      IN:
           ---                                      ---
     STORAGE-AQUEOUS =         417.3789       STORAGE-AQUEOUS =       1.6971E-02     MST                              
                 WEL =           0.0000                   WEL =           0.0000     SSM_WEL-1                        
                 CHD =           0.0000                   CHD =           0.0000     SSM_CHD-1                        
                 CNC =    52751679.5903                   CNC =       17556.3053     CNC                              

            TOTAL IN =    52752096.9692              TOTAL IN =       17556.3222

          OUT:                                     OUT:
          ----                                     ----
     STORAGE-AQUEOUS =      166506.7004       STORAGE-AQUEOUS =       7.7283E-03     MST                              
                 WEL =      139564.9179                   WEL =          46.9829     SSM_WEL-1                        
                 CHD =       1.1632E-16                   CHD =       9.8118E-19     SSM_CHD-1                        
                 CNC =    52446025.3512                   CNC =       17509.3316     CNC                              

           TOTAL OUT =    52752096.9695             TOTAL OUT =       17556.3222

            IN - OUT =      -3.0133E-04              IN - OUT =      -1.6208E-07

 PERCENT DISCREPANCY =          -0.00     PERCENT DISCREPANCY =          -0.00




         TIME SUMMARY AT END OF TIME STEP  250 IN STRESS PERIOD    2
                    SECONDS     MINUTES      HOURS       DAYS        YEARS
                    -----------------------------------------------------------
   TIME STEP LENGTH 1.03680E+06  17280.      288.00      12.000     3.28542E-02
 STRESS PERIOD TIME 2.59200E+08 4.32000E+06  72000.      3000.0      8.2136    
         TOTAL TIME 2.59286E+08 4.32144E+06  72024.      3001.0      8.2163    


end timestep

