                                   MODFLOW 6
                U.S. GEOLOGICAL SURVEY MODULAR HYDROLOGIC MODEL
                            VERSION 6.6.2 05/12/2025

   MODFLOW 6 compiled May 12 2025 12:42:18 with Intel(R) Fortran Intel(R) 64
   Compiler Classic for applications running on Intel(R) 64, Version 2021.7.0
                             Build 20220726_000000

This software has been approved for release by the U.S. Geological 
Survey (USGS). Although the software has been subjected to rigorous 
review, the USGS reserves the right to update the software as needed 
pursuant to further analysis and review. No warranty, expressed or 
implied, is made by the USGS or the U.S. Government as to the 
functionality of the software and related material nor shall the 
fact of release constitute any such warranty. Furthermore, the 
software is released on condition that neither the USGS nor the U.S. 
Government shall be held liable for any damages resulting from its 
authorized or unauthorized use. Also refer to the USGS Water 
Resources Software User Rights Notice for complete use, copyright, 
and distribution information.


As a work of the United States Government, this USGS product is 
in the public domain within the United States. You can copy, 
modify, distribute, and perform the work, even for commercial 
purposes, all without asking permission. Additionally, USGS 
waives copyright and related rights in the work worldwide 
through CC0 1.0 Universal Public Domain Dedication 
(https://creativecommons.org/publicdomain/zero/1.0/).

The following GNU Lesser General Public License (LGPL) libraries
are used in this USGS product:

    SPARSKIT version 2.0
      ilut, luson, and qsplit 
      (https://www-users.cse.umn.edu/~saad/software/SPARSKIT/)

    RCM - Reverse Cuthill McKee Ordering
      (https://people.math.sc.edu/Burkardt/f_src/rcm/rcm.html)

    BLAS - Basic Linear Algebra Subprograms Level 1
      (https://people.math.sc.edu/Burkardt/f_src/blas1_d/blas1_d.html)

    SPARSEKIT - Sparse Matrix Utility Package
      amux, dperm, dvperm, rperm, and cperm
      (https://people.sc.fsu.edu/~jburkardt/f77_src/sparsekit/sparsekit.html)

The following BSD-3 License libraries are used in this USGS product:

    Modern Fortran DAG Library
      Copyright (c) 2018, Jacob Williams
      All rights reserved.
      (https://github.com/jacobwilliams/daglib)

MODFLOW 6 compiler options: /Isrc\libmf6core.a.p /Isrc /I..\src
/Isrc\libmf6_external.a.p /MT /nologo /warn:general /warn:truncated_source
/stand:f18 /O2 /fpe:0 /heap-arrays:0 /traceback /fpp /Qdiag-disable:7416
/Qdiag-disable:7025 /Qdiag-disable:5268 /Qdiag-disable:10448
/Fdsrc\libmf6core.a.p\Utilities_compilerversion.F90.pdb
/module:src\libmf6core.a.p
/Fosrc/libmf6core.a.p/Utilities_compilerversion.F90.obj /c

System command used to initiate simulation:
C:\Users\lucialabarca\mf6.6.2_win64\bin\mf6.exe

MODFLOW was compiled using uniform precision.

Real Variables
  KIND: 8
  TINY (smallest non-zero value):    2.225074-308
  HUGE (largest value):    1.797693+308
  PRECISION: 15
  SIZE IN BITS: 64

Integer Variables
  KIND: 4
  HUGE (largest value): 2147483647
  SIZE IN BITS: 32

Long Integer Variables
  KIND: 8
  HUGE (largest value): 9223372036854775807
  SIZE IN BITS: 64

Logical Variables
  KIND: 4
  SIZE IN BITS: 32
 

 OPENED mfsim.nam
 FILE TYPE:NAM6               UNIT 1001   STATUS:OLD                 
 FORMAT:FORMATTED              ACCESS:SEQUENTIAL          
 ACTION:READ                

 # File generated by Flopy version 3.9.3 on 10/01/2025 at 17:43:05.

 OPENED gwf_pumptreat.tdis
 FILE TYPE:TDIS6              UNIT 1002   STATUS:OLD                 
 FORMAT:FORMATTED              ACCESS:SEQUENTIAL          
 ACTION:READ                

 # File generated by Flopy version 3.9.3 on 10/01/2025 at 17:43:05.

 OPENED gwf_pumptreat.nam
 FILE TYPE:GWF6               UNIT 1003   STATUS:OLD                 
 FORMAT:FORMATTED              ACCESS:SEQUENTIAL          
 ACTION:READ                

 # File generated by Flopy version 3.9.3 on 10/01/2025 at 17:43:05.

 OPENED gwf_pumptreat.dis
 FILE TYPE:DIS6               UNIT 1004   STATUS:OLD                 
 FORMAT:FORMATTED              ACCESS:SEQUENTIAL          
 ACTION:READ                

 # File generated by Flopy version 3.9.3 on 10/01/2025 at 17:43:05.

 OPENED gwf_pumptreat.npf
 FILE TYPE:NPF6               UNIT 1005   STATUS:OLD                 
 FORMAT:FORMATTED              ACCESS:SEQUENTIAL          
 ACTION:READ                

 # File generated by Flopy version 3.9.3 on 10/01/2025 at 17:43:05.

 OPENED gwf_pumptreat.sto
 FILE TYPE:STO6               UNIT 1006   STATUS:OLD                 
 FORMAT:FORMATTED              ACCESS:SEQUENTIAL          
 ACTION:READ                

 # File generated by Flopy version 3.9.3 on 10/01/2025 at 17:43:05.

 OPENED gwf_pumptreat.ic
 FILE TYPE:IC6                UNIT 1007   STATUS:OLD                 
 FORMAT:FORMATTED              ACCESS:SEQUENTIAL          
 ACTION:READ                

 # File generated by Flopy version 3.9.3 on 10/01/2025 at 17:43:05.

 OPENED gwf_pumptreat.oc
 FILE TYPE:OC6       UNIT 1008   STATUS:OLD                 
 FORMAT:FORMATTED              ACCESS:SEQUENTIAL          
 ACTION:READ                


 OPENED gwf_pumptreat.wel
 FILE TYPE:WEL6               UNIT 1009   STATUS:OLD                 
 FORMAT:FORMATTED              ACCESS:SEQUENTIAL          
 ACTION:READ                

 # File generated by Flopy version 3.9.3 on 10/01/2025 at 17:43:05.
    AUXILIARY  VARIABLE: CONCENTRATION   

 OPENED gwf_pumptreat.chd
 FILE TYPE:CHD6               UNIT 1010   STATUS:OLD                 
 FORMAT:FORMATTED              ACCESS:SEQUENTIAL          
 ACTION:READ                

 # File generated by Flopy version 3.9.3 on 10/01/2025 at 17:43:05.
    AUXILIARY  VARIABLE: CONCENTRATION   

 OPENED gwt_pumptreat.nam
 FILE TYPE:GWT6               UNIT 1011   STATUS:OLD                 
 FORMAT:FORMATTED              ACCESS:SEQUENTIAL          
 ACTION:READ                

 # File generated by Flopy version 3.9.3 on 10/01/2025 at 17:43:05.

 OPENED gwt_pumptreat.dis
 FILE TYPE:DIS6               UNIT 1012   STATUS:OLD                 
 FORMAT:FORMATTED              ACCESS:SEQUENTIAL          
 ACTION:READ                

 # File generated by Flopy version 3.9.3 on 10/01/2025 at 17:43:05.

 OPENED gwt_pumptreat.ic
 FILE TYPE:IC6                UNIT 1013   STATUS:OLD                 
 FORMAT:FORMATTED              ACCESS:SEQUENTIAL          
 ACTION:READ                

 # File generated by Flopy version 3.9.3 on 10/01/2025 at 17:43:05.

 OPENED gwt_pumptreat.mst
 FILE TYPE:MST6      UNIT 1014   STATUS:OLD                 
 FORMAT:FORMATTED              ACCESS:SEQUENTIAL          
 ACTION:READ                


 OPENED gwt_pumptreat.adv
 FILE TYPE:ADV6      UNIT 1015   STATUS:OLD                 
 FORMAT:FORMATTED              ACCESS:SEQUENTIAL          
 ACTION:READ                


 OPENED gwt_pumptreat.dsp
 FILE TYPE:DSP6               UNIT 1016   STATUS:OLD                 
 FORMAT:FORMATTED              ACCESS:SEQUENTIAL          
 ACTION:READ                

 # File generated by Flopy version 3.9.3 on 10/01/2025 at 17:43:05.

 OPENED gwt_pumptreat.ssm
 FILE TYPE:SSM6      UNIT 1017   STATUS:OLD                 
 FORMAT:FORMATTED              ACCESS:SEQUENTIAL          
 ACTION:READ                


 OPENED gwt_pumptreat.oc
 FILE TYPE:OC6       UNIT 1018   STATUS:OLD                 
 FORMAT:FORMATTED              ACCESS:SEQUENTIAL          
 ACTION:READ                


 OPENED gwt_pumptreat.cnc
 FILE TYPE:CNC6               UNIT 1019   STATUS:OLD                 
 FORMAT:FORMATTED              ACCESS:SEQUENTIAL          
 ACTION:READ                

 # File generated by Flopy version 3.9.3 on 10/01/2025 at 17:43:05.

 OPENED pumptreat.gwfgwt
 FILE TYPE:GWF6-GWT6          UNIT 1020   STATUS:OLD                 
 FORMAT:FORMATTED              ACCESS:SEQUENTIAL          
 ACTION:READ                

 # File generated by Flopy version 3.9.3 on 10/01/2025 at 17:43:05.

 READING SIMULATION OPTIONS
    MAXIMUM NUMBER OF ERRORS THAT WILL BE STORED IS 1000
 END OF SIMULATION OPTIONS

 READING SIMULATION TIMING

 TDIS -- TEMPORAL DISCRETIZATION PACKAGE,
 VERSION 1 : 11/13/2014 - INPUT READ FROM MEMPATH: __INPUT__/SIM/TDIS                                
 PROCESSING TDIS OPTIONS
    SIMULATION TIME UNIT IS DAYS
 END OF TDIS OPTIONS
 PROCESSING TDIS DIMENSIONS
    2 STRESS PERIOD(S) IN SIMULATION
 END OF TDIS DIMENSIONS
 PROCESSING TDIS PERIODDATA


 STRESS PERIOD     LENGTH       TIME STEPS     MULTIPLIER FOR DELT
 ----------------------------------------------------------------------------
        1         1.000000          1                    1.000
        2         3000.000        250                    1.000
 END OF TDIS PERIODDATA
 END OF SIMULATION TIMING

 READING SIMULATION MODELS
    GWF6 model 1 will be created
    GWT6 model 2 will be created
 END OF SIMULATION MODELS

 READING SIMULATION EXCHANGES
    GWF6-GWT6 exchange 1 will be created to connect model 1 with model 2
 END OF SIMULATION EXCHANGES

 READING SOLUTIONGROUP

 Creating solution: SLN_1           

 OPENED gwf_pumptreat.ims
 FILE TYPE:IMS   UNIT 1023   STATUS:OLD                 
 FORMAT:FORMATTED              ACCESS:SEQUENTIAL          
 ACTION:READ                


 Creating solution: SLN_2           

 OPENED gwt_pumptreat.ims
 FILE TYPE:IMS   UNIT 1024   STATUS:OLD                 
 FORMAT:FORMATTED              ACCESS:SEQUENTIAL          
 ACTION:READ                

 END OF SOLUTIONGROUP

PROCESSING MODEL CONNECTIONS
END OF MODEL CONNECTIONS

 IMS -- ITERATIVE MODEL SOLUTION PACKAGE, VERSION 6, 4/28/2017
         INPUT READ FROM UNIT 1023
 # File generated by Flopy version 3.9.3 on 10/01/2025 at 17:43:05.

 PROCESSING IMS OPTIONS
 SIMPLE OPTION:
 DEFAULT SOLVER INPUT VALUES FOR FAST SOLUTIONS
 END OF IMS OPTIONS
 ***UNDER-RELAXATION WILL NOT BE USED***
 
 ***IMS LINEAR SOLVER WILL BE USED***

 IMSLINEAR -- UNSTRUCTURED LINEAR SOLUTION PACKAGE, VERSION 8, 04/28/2017
 A symmetric matrix will be solved

 OUTER ITERATION CONVERGENCE CRITERION    (DVCLOSE) =    0.100000E-02
 MAXIMUM NUMBER OF OUTER ITERATIONS        (MXITER) = 25
 SOLVER PRINTOUT INDEX                     (IPRIMS) = 1
 NONLINEAR ITERATION METHOD            (NONLINMETH) = 0
 LINEAR SOLUTION METHOD                   (LINMETH) = 1

       SOLUTION BY THE        CONJUGATE-GRADIENT       METHOD
 ------------------------------------------------------------------
 MAXIMUM OF 25 CALLS OF SOLUTION ROUTINE
 MAXIMUM OF 50 INTERNAL ITERATIONS PER CALL TO SOLUTION ROUTINE
 LINEAR ACCELERATION METHOD            = CG        
 MATRIX PRECONDITIONING TYPE           = INCOMPLETE LU       
 MATRIX SCALING APPROACH               = NO SCALING          
 MATRIX REORDERING APPROACH            = ORIGINAL ORDERING        
 NUMBER OF ORTHOGONALIZATIONS          = 0
 HEAD CHANGE CRITERION FOR CLOSURE     =    0.10000E-02
 RESIDUAL CHANGE CRITERION FOR CLOSURE =    0.10000E+00
 RESIDUAL CONVERGENCE OPTION           = 0
 RESIDUAL CONVERGENCE NORM             = INFINITY NORM   
 RELAXATION FACTOR                     =    0.00000E+00




 IMS -- ITERATIVE MODEL SOLUTION PACKAGE, VERSION 6, 4/28/2017
         INPUT READ FROM UNIT 1024
 # File generated by Flopy version 3.9.3 on 10/01/2025 at 17:43:05.

 PROCESSING IMS OPTIONS
 END OF IMS OPTIONS

 PROCESSING IMS NONLINEAR
 END OF IMS NONLINEAR DATA
 ***UNDER-RELAXATION WILL NOT BE USED***
 

 PROCESSING LINEAR DATA
 END OF LINEAR DATA
 ***IMS LINEAR SOLVER WILL BE USED***

 IMSLINEAR -- UNSTRUCTURED LINEAR SOLUTION PACKAGE, VERSION 8, 04/28/2017
 An asymmetric matrix will be solved

 OUTER ITERATION CONVERGENCE CRITERION    (DVCLOSE) =    0.100000E-02
 MAXIMUM NUMBER OF OUTER ITERATIONS        (MXITER) = 25
 SOLVER PRINTOUT INDEX                     (IPRIMS) = 1
 NONLINEAR ITERATION METHOD            (NONLINMETH) = 0
 LINEAR SOLUTION METHOD                   (LINMETH) = 1

       SOLUTION BY THE BICONJUGATE-GRADIENT STABILIZED METHOD
 ------------------------------------------------------------------
 MAXIMUM OF 25 CALLS OF SOLUTION ROUTINE
 MAXIMUM OF 50 INTERNAL ITERATIONS PER CALL TO SOLUTION ROUTINE
 LINEAR ACCELERATION METHOD            = BCGS      
 MATRIX PRECONDITIONING TYPE           = INCOMPLETE LU       
 MATRIX SCALING APPROACH               = NO SCALING          
 MATRIX REORDERING APPROACH            = ORIGINAL ORDERING        
 NUMBER OF ORTHOGONALIZATIONS          = 0
 HEAD CHANGE CRITERION FOR CLOSURE     =    0.10000E-02
 RESIDUAL CHANGE CRITERION FOR CLOSURE =    0.10000E+00
 RESIDUAL CONVERGENCE OPTION           = 0
 RESIDUAL CONVERGENCE NORM             = INFINITY NORM   
 RELAXATION FACTOR                     =    0.00000E+00



 
    Solving:  Stress period:     1    Time step:     1
 
1
 STRESS PERIOD NO. 1, LENGTH =   1.000000    
 ------------------------------------------
 NUMBER OF TIME STEPS = 1
 MULTIPLIER FOR DELT =     1.000
 INITIAL TIME STEP SIZE =   1.000000    

 SLN_1 OUTER ITERATION SUMMARY
 ----------------------------------------------------------------------------------------------------------
                                OUTER      INNER                    STEP   MAXIMUM CHANGE MODEL-(CELLID) OR
 OUTER ITERATION STEP       ITERATION  ITERATION  MAXIMUM CHANGE SUCCESS             MODEL-PACKAGE-(NUMBER)
 ----------------------------------------------------------------------------------------------------------
 Model                              1         45     -0.49507281                          1_GWF-(1,101,100)
 Model                              2          1  2.98305048E-04       *                     1_GWF-(1,2,88)
 ----------------------------------------------------------------------------------------------------------


 2 CALLS TO NUMERICAL SOLUTION IN TIME STEP 1 STRESS PERIOD 1
 46 TOTAL ITERATIONS

 SLN_2 OUTER ITERATION SUMMARY
 ----------------------------------------------------------------------------------------------------------
                                OUTER      INNER                    STEP   MAXIMUM CHANGE MODEL-(CELLID) OR
 OUTER ITERATION STEP       ITERATION  ITERATION  MAXIMUM CHANGE SUCCESS             MODEL-PACKAGE-(NUMBER)
 ----------------------------------------------------------------------------------------------------------
 Model                              1          2       68.659043                            2_GWT-(1,43,25)
 Model                              2          1  2.83247818E-18       *                    2_GWT-(1,40,31)
 ----------------------------------------------------------------------------------------------------------


 2 CALLS TO NUMERICAL SOLUTION IN TIME STEP 1 STRESS PERIOD 1
 3 TOTAL ITERATIONS
 
    Solving:  Stress period:     2    Time step:     1
 
1
 STRESS PERIOD NO. 2, LENGTH =   3000.000    
 ------------------------------------------
 NUMBER OF TIME STEPS = 250
 MULTIPLIER FOR DELT =     1.000
 INITIAL TIME STEP SIZE =   12.00000    

 SLN_1 OUTER ITERATION SUMMARY
 ----------------------------------------------------------------------------------------------------------
                                OUTER      INNER                    STEP   MAXIMUM CHANGE MODEL-(CELLID) OR
 OUTER ITERATION STEP       ITERATION  ITERATION  MAXIMUM CHANGE SUCCESS             MODEL-PACKAGE-(NUMBER)
 ----------------------------------------------------------------------------------------------------------
 Model                              1         21 -3.56354283E-02                            1_GWF-(1,34,26)
 Model                              2          1  1.77761787E-04       *                    1_GWF-(1,42,18)
 ----------------------------------------------------------------------------------------------------------


 2 CALLS TO NUMERICAL SOLUTION IN TIME STEP 1 STRESS PERIOD 2
 22 TOTAL ITERATIONS

 SLN_2 OUTER ITERATION SUMMARY
 ----------------------------------------------------------------------------------------------------------
                                OUTER      INNER                    STEP   MAXIMUM CHANGE MODEL-(CELLID) OR
 OUTER ITERATION STEP       ITERATION  ITERATION  MAXIMUM CHANGE SUCCESS             MODEL-PACKAGE-(NUMBER)
 ----------------------------------------------------------------------------------------------------------
 Model                              1          3       392.38114                            2_GWT-(1,43,25)
 Model                              2          1  1.02957642E-10       *                    2_GWT-(1,40,26)
 ----------------------------------------------------------------------------------------------------------


 2 CALLS TO NUMERICAL SOLUTION IN TIME STEP 1 STRESS PERIOD 2
 4 TOTAL ITERATIONS
 
    Solving:  Stress period:     2    Time step:     2
 

 SLN_1 OUTER ITERATION SUMMARY
 ----------------------------------------------------------------------------------------------------------
                                OUTER      INNER                    STEP   MAXIMUM CHANGE MODEL-(CELLID) OR
 OUTER ITERATION STEP       ITERATION  ITERATION  MAXIMUM CHANGE SUCCESS             MODEL-PACKAGE-(NUMBER)
 ----------------------------------------------------------------------------------------------------------
 Model                              1          1 -1.65173962E-04       *                     1_GWF-(1,2,88)
 ----------------------------------------------------------------------------------------------------------


 1 CALLS TO NUMERICAL SOLUTION IN TIME STEP 2 STRESS PERIOD 2
 1 TOTAL ITERATIONS

 SLN_2 OUTER ITERATION SUMMARY
 ----------------------------------------------------------------------------------------------------------
                                OUTER      INNER                    STEP   MAXIMUM CHANGE MODEL-(CELLID) OR
 OUTER ITERATION STEP       ITERATION  ITERATION  MAXIMUM CHANGE SUCCESS             MODEL-PACKAGE-(NUMBER)
 ----------------------------------------------------------------------------------------------------------
 Model                              1          3       174.57803                            2_GWT-(1,43,25)
 Model                              2          1 -4.24321911E-10       *                    2_GWT-(1,32,28)
 ----------------------------------------------------------------------------------------------------------


 2 CALLS TO NUMERICAL SOLUTION IN TIME STEP 2 STRESS PERIOD 2
 4 TOTAL ITERATIONS
 
    Solving:  Stress period:     2    Time step:     3
 

 SLN_1 OUTER ITERATION SUMMARY
 ----------------------------------------------------------------------------------------------------------
                                OUTER      INNER                    STEP   MAXIMUM CHANGE MODEL-(CELLID) OR
 OUTER ITERATION STEP       ITERATION  ITERATION  MAXIMUM CHANGE SUCCESS             MODEL-PACKAGE-(NUMBER)
 ----------------------------------------------------------------------------------------------------------
 Model                              1          1  1.64516425E-04       *                     1_GWF-(1,2,88)
 ----------------------------------------------------------------------------------------------------------


 1 CALLS TO NUMERICAL SOLUTION IN TIME STEP 3 STRESS PERIOD 2
 1 TOTAL ITERATIONS

 SLN_2 OUTER ITERATION SUMMARY
 ----------------------------------------------------------------------------------------------------------
                                OUTER      INNER                    STEP   MAXIMUM CHANGE MODEL-(CELLID) OR
 OUTER ITERATION STEP       ITERATION  ITERATION  MAXIMUM CHANGE SUCCESS             MODEL-PACKAGE-(NUMBER)
 ----------------------------------------------------------------------------------------------------------
 Model                              1          3       103.62749                            2_GWT-(1,42,27)
 Model                              2          1  7.27510496E-10       *                    2_GWT-(1,40,25)
 ----------------------------------------------------------------------------------------------------------


 2 CALLS TO NUMERICAL SOLUTION IN TIME STEP 3 STRESS PERIOD 2
 4 TOTAL ITERATIONS
 
    Solving:  Stress period:     2    Time step:     4
 

 SLN_1 OUTER ITERATION SUMMARY
 ----------------------------------------------------------------------------------------------------------
                                OUTER      INNER                    STEP   MAXIMUM CHANGE MODEL-(CELLID) OR
 OUTER ITERATION STEP       ITERATION  ITERATION  MAXIMUM CHANGE SUCCESS             MODEL-PACKAGE-(NUMBER)
 ----------------------------------------------------------------------------------------------------------
 Model                              1          1 -1.65329136E-04       *                     1_GWF-(1,2,88)
 ----------------------------------------------------------------------------------------------------------


 1 CALLS TO NUMERICAL SOLUTION IN TIME STEP 4 STRESS PERIOD 2
 1 TOTAL ITERATIONS

 SLN_2 OUTER ITERATION SUMMARY
 ----------------------------------------------------------------------------------------------------------
                                OUTER      INNER                    STEP   MAXIMUM CHANGE MODEL-(CELLID) OR
 OUTER ITERATION STEP       ITERATION  ITERATION  MAXIMUM CHANGE SUCCESS             MODEL-PACKAGE-(NUMBER)
 ----------------------------------------------------------------------------------------------------------
 Model                              1          3       78.907530                            2_GWT-(1,42,27)
 Model                              2          1  8.32784508E-10       *                    2_GWT-(1,40,25)
 ----------------------------------------------------------------------------------------------------------


 2 CALLS TO NUMERICAL SOLUTION IN TIME STEP 4 STRESS PERIOD 2
 4 TOTAL ITERATIONS
 
    Solving:  Stress period:     2    Time step:     5
 

 SLN_1 OUTER ITERATION SUMMARY
 ----------------------------------------------------------------------------------------------------------
                                OUTER      INNER                    STEP   MAXIMUM CHANGE MODEL-(CELLID) OR
 OUTER ITERATION STEP       ITERATION  ITERATION  MAXIMUM CHANGE SUCCESS             MODEL-PACKAGE-(NUMBER)
 ----------------------------------------------------------------------------------------------------------
 Model                              1          1  1.64278467E-04       *                     1_GWF-(1,2,88)
 ----------------------------------------------------------------------------------------------------------


 1 CALLS TO NUMERICAL SOLUTION IN TIME STEP 5 STRESS PERIOD 2
 1 TOTAL ITERATIONS

 SLN_2 OUTER ITERATION SUMMARY
 ----------------------------------------------------------------------------------------------------------
                                OUTER      INNER                    STEP   MAXIMUM CHANGE MODEL-(CELLID) OR
 OUTER ITERATION STEP       ITERATION  ITERATION  MAXIMUM CHANGE SUCCESS             MODEL-PACKAGE-(NUMBER)
 ----------------------------------------------------------------------------------------------------------
 Model                              1          3       61.457513                            2_GWT-(1,42,27)
 Model                              2          1  7.24213578E-10       *                    2_GWT-(1,40,25)
 ----------------------------------------------------------------------------------------------------------


 2 CALLS TO NUMERICAL SOLUTION IN TIME STEP 5 STRESS PERIOD 2
 4 TOTAL ITERATIONS
 
    Solving:  Stress period:     2    Time step:     6
 

 SLN_1 OUTER ITERATION SUMMARY
 ----------------------------------------------------------------------------------------------------------
                                OUTER      INNER                    STEP   MAXIMUM CHANGE MODEL-(CELLID) OR
 OUTER ITERATION STEP       ITERATION  ITERATION  MAXIMUM CHANGE SUCCESS             MODEL-PACKAGE-(NUMBER)
 ----------------------------------------------------------------------------------------------------------
 Model                              1          1 -1.65705979E-04       *                     1_GWF-(1,2,88)
 ----------------------------------------------------------------------------------------------------------


 1 CALLS TO NUMERICAL SOLUTION IN TIME STEP 6 STRESS PERIOD 2
 1 TOTAL ITERATIONS

 SLN_2 OUTER ITERATION SUMMARY
 ----------------------------------------------------------------------------------------------------------
                                OUTER      INNER                    STEP   MAXIMUM CHANGE MODEL-(CELLID) OR
 OUTER ITERATION STEP       ITERATION  ITERATION  MAXIMUM CHANGE SUCCESS             MODEL-PACKAGE-(NUMBER)
 ----------------------------------------------------------------------------------------------------------
 Model                              1          3       48.665118                            2_GWT-(1,42,28)
 Model                              2          1  5.83952442E-10       *                    2_GWT-(1,40,25)
 ----------------------------------------------------------------------------------------------------------


 2 CALLS TO NUMERICAL SOLUTION IN TIME STEP 6 STRESS PERIOD 2
 4 TOTAL ITERATIONS
 
    Solving:  Stress period:     2    Time step:     7
 

 SLN_1 OUTER ITERATION SUMMARY
 ----------------------------------------------------------------------------------------------------------
                                OUTER      INNER                    STEP   MAXIMUM CHANGE MODEL-(CELLID) OR
 OUTER ITERATION STEP       ITERATION  ITERATION  MAXIMUM CHANGE SUCCESS             MODEL-PACKAGE-(NUMBER)
 ----------------------------------------------------------------------------------------------------------
 Model                              1          1  1.63238636E-04       *                     1_GWF-(1,2,88)
 ----------------------------------------------------------------------------------------------------------


 1 CALLS TO NUMERICAL SOLUTION IN TIME STEP 7 STRESS PERIOD 2
 1 TOTAL ITERATIONS

 SLN_2 OUTER ITERATION SUMMARY
 ----------------------------------------------------------------------------------------------------------
                                OUTER      INNER                    STEP   MAXIMUM CHANGE MODEL-(CELLID) OR
 OUTER ITERATION STEP       ITERATION  ITERATION  MAXIMUM CHANGE SUCCESS             MODEL-PACKAGE-(NUMBER)
 ----------------------------------------------------------------------------------------------------------
 Model                              1          3       41.829810                            2_GWT-(1,42,28)
 Model                              2          1 -4.98274200E-10       *                    2_GWT-(1,38,37)
 ----------------------------------------------------------------------------------------------------------


 2 CALLS TO NUMERICAL SOLUTION IN TIME STEP 7 STRESS PERIOD 2
 4 TOTAL ITERATIONS
 
    Solving:  Stress period:     2    Time step:     8
 

 SLN_1 OUTER ITERATION SUMMARY
 ----------------------------------------------------------------------------------------------------------
                                OUTER      INNER                    STEP   MAXIMUM CHANGE MODEL-(CELLID) OR
 OUTER ITERATION STEP       ITERATION  ITERATION  MAXIMUM CHANGE SUCCESS             MODEL-PACKAGE-(NUMBER)
 ----------------------------------------------------------------------------------------------------------
 Model                              1          1 -1.65922776E-04       *                     1_GWF-(1,2,88)
 ----------------------------------------------------------------------------------------------------------


 1 CALLS TO NUMERICAL SOLUTION IN TIME STEP 8 STRESS PERIOD 2
 1 TOTAL ITERATIONS

 SLN_2 OUTER ITERATION SUMMARY
 ----------------------------------------------------------------------------------------------------------
                                OUTER      INNER                    STEP   MAXIMUM CHANGE MODEL-(CELLID) OR
 OUTER ITERATION STEP       ITERATION  ITERATION  MAXIMUM CHANGE SUCCESS             MODEL-PACKAGE-(NUMBER)
 ----------------------------------------------------------------------------------------------------------
 Model                              1          3       36.446044                            2_GWT-(1,41,28)
 Model                              2          1 -3.84427490E-10       *                    2_GWT-(1,38,37)
 ----------------------------------------------------------------------------------------------------------


 2 CALLS TO NUMERICAL SOLUTION IN TIME STEP 8 STRESS PERIOD 2
 4 TOTAL ITERATIONS
 
    Solving:  Stress period:     2    Time step:     9
 

 SLN_1 OUTER ITERATION SUMMARY
 ----------------------------------------------------------------------------------------------------------
                                OUTER      INNER                    STEP   MAXIMUM CHANGE MODEL-(CELLID) OR
 OUTER ITERATION STEP       ITERATION  ITERATION  MAXIMUM CHANGE SUCCESS             MODEL-PACKAGE-(NUMBER)
 ----------------------------------------------------------------------------------------------------------
 Model                              1          1 -1.62851389E-04       *                     1_GWF-(1,2,85)
 ----------------------------------------------------------------------------------------------------------


 1 CALLS TO NUMERICAL SOLUTION IN TIME STEP 9 STRESS PERIOD 2
 1 TOTAL ITERATIONS

 SLN_2 OUTER ITERATION SUMMARY
 ----------------------------------------------------------------------------------------------------------
                                OUTER      INNER                    STEP   MAXIMUM CHANGE MODEL-(CELLID) OR
 OUTER ITERATION STEP       ITERATION  ITERATION  MAXIMUM CHANGE SUCCESS             MODEL-PACKAGE-(NUMBER)
 ----------------------------------------------------------------------------------------------------------
 Model                              1          3       32.396029                            2_GWT-(1,41,28)
 Model                              2          1 -2.77389223E-10       *                    2_GWT-(1,38,37)
 ----------------------------------------------------------------------------------------------------------


 2 CALLS TO NUMERICAL SOLUTION IN TIME STEP 9 STRESS PERIOD 2
 4 TOTAL ITERATIONS
 
    Solving:  Stress period:     2    Time step:    10
 

 SLN_1 OUTER ITERATION SUMMARY
 ----------------------------------------------------------------------------------------------------------
                                OUTER      INNER                    STEP   MAXIMUM CHANGE MODEL-(CELLID) OR
 OUTER ITERATION STEP       ITERATION  ITERATION  MAXIMUM CHANGE SUCCESS             MODEL-PACKAGE-(NUMBER)
 ----------------------------------------------------------------------------------------------------------
 Model                              1          1 -1.65983965E-04       *                     1_GWF-(1,2,88)
 ----------------------------------------------------------------------------------------------------------


 1 CALLS TO NUMERICAL SOLUTION IN TIME STEP 10 STRESS PERIOD 2
 1 TOTAL ITERATIONS

 SLN_2 OUTER ITERATION SUMMARY
 ----------------------------------------------------------------------------------------------------------
                                OUTER      INNER                    STEP   MAXIMUM CHANGE MODEL-(CELLID) OR
 OUTER ITERATION STEP       ITERATION  ITERATION  MAXIMUM CHANGE SUCCESS             MODEL-PACKAGE-(NUMBER)
 ----------------------------------------------------------------------------------------------------------
 Model                              1          3       31.038367                            2_GWT-(1,41,28)
 Model                              2          1 -2.10690132E-10       *                    2_GWT-(1,38,38)
 ----------------------------------------------------------------------------------------------------------


 2 CALLS TO NUMERICAL SOLUTION IN TIME STEP 10 STRESS PERIOD 2
 4 TOTAL ITERATIONS
 
    Solving:  Stress period:     2    Time step:    11
 

 SLN_1 OUTER ITERATION SUMMARY
 ----------------------------------------------------------------------------------------------------------
                                OUTER      INNER                    STEP   MAXIMUM CHANGE MODEL-(CELLID) OR
 OUTER ITERATION STEP       ITERATION  ITERATION  MAXIMUM CHANGE SUCCESS             MODEL-PACKAGE-(NUMBER)
 ----------------------------------------------------------------------------------------------------------
 Model                              1          1 -1.63512731E-04       *                     1_GWF-(1,2,85)
 ----------------------------------------------------------------------------------------------------------


 1 CALLS TO NUMERICAL SOLUTION IN TIME STEP 11 STRESS PERIOD 2
 1 TOTAL ITERATIONS

 SLN_2 OUTER ITERATION SUMMARY
 ----------------------------------------------------------------------------------------------------------
                                OUTER      INNER                    STEP   MAXIMUM CHANGE MODEL-(CELLID) OR
 OUTER ITERATION STEP       ITERATION  ITERATION  MAXIMUM CHANGE SUCCESS             MODEL-PACKAGE-(NUMBER)
 ----------------------------------------------------------------------------------------------------------
 Model                              1          3       26.967612                            2_GWT-(1,41,29)
 Model                              2          1 -1.58492774E-10       *                    2_GWT-(1,37,38)
 ----------------------------------------------------------------------------------------------------------


 2 CALLS TO NUMERICAL SOLUTION IN TIME STEP 11 STRESS PERIOD 2
 4 TOTAL ITERATIONS
 
    Solving:  Stress period:     2    Time step:    12
 

 SLN_1 OUTER ITERATION SUMMARY
 ----------------------------------------------------------------------------------------------------------
                                OUTER      INNER                    STEP   MAXIMUM CHANGE MODEL-(CELLID) OR
 OUTER ITERATION STEP       ITERATION  ITERATION  MAXIMUM CHANGE SUCCESS             MODEL-PACKAGE-(NUMBER)
 ----------------------------------------------------------------------------------------------------------
 Model                              1          1 -1.65859543E-04       *                     1_GWF-(1,2,88)
 ----------------------------------------------------------------------------------------------------------


 1 CALLS TO NUMERICAL SOLUTION IN TIME STEP 12 STRESS PERIOD 2
 1 TOTAL ITERATIONS

 SLN_2 OUTER ITERATION SUMMARY
 ----------------------------------------------------------------------------------------------------------
                                OUTER      INNER                    STEP   MAXIMUM CHANGE MODEL-(CELLID) OR
 OUTER ITERATION STEP       ITERATION  ITERATION  MAXIMUM CHANGE SUCCESS             MODEL-PACKAGE-(NUMBER)
 ----------------------------------------------------------------------------------------------------------
 Model                              1          3       25.794068                            2_GWT-(1,41,29)
 Model                              2          1 -1.26603616E-10       *                    2_GWT-(1,37,38)
 ----------------------------------------------------------------------------------------------------------


 2 CALLS TO NUMERICAL SOLUTION IN TIME STEP 12 STRESS PERIOD 2
 4 TOTAL ITERATIONS
 
    Solving:  Stress period:     2    Time step:    13
 

 SLN_1 OUTER ITERATION SUMMARY
 ----------------------------------------------------------------------------------------------------------
                                OUTER      INNER                    STEP   MAXIMUM CHANGE MODEL-(CELLID) OR
 OUTER ITERATION STEP       ITERATION  ITERATION  MAXIMUM CHANGE SUCCESS             MODEL-PACKAGE-(NUMBER)
 ----------------------------------------------------------------------------------------------------------
 Model                              1          1 -1.63767306E-04       *                     1_GWF-(1,2,85)
 ----------------------------------------------------------------------------------------------------------


 1 CALLS TO NUMERICAL SOLUTION IN TIME STEP 13 STRESS PERIOD 2
 1 TOTAL ITERATIONS

 SLN_2 OUTER ITERATION SUMMARY
 ----------------------------------------------------------------------------------------------------------
                                OUTER      INNER                    STEP   MAXIMUM CHANGE MODEL-(CELLID) OR
 OUTER ITERATION STEP       ITERATION  ITERATION  MAXIMUM CHANGE SUCCESS             MODEL-PACKAGE-(NUMBER)
 ----------------------------------------------------------------------------------------------------------
 Model                              1          3       23.656612                            2_GWT-(1,41,29)
 Model                              2          1 -1.01755049E-10       *                    2_GWT-(1,37,38)
 ----------------------------------------------------------------------------------------------------------


 2 CALLS TO NUMERICAL SOLUTION IN TIME STEP 13 STRESS PERIOD 2
 4 TOTAL ITERATIONS
 
    Solving:  Stress period:     2    Time step:    14
 

 SLN_1 OUTER ITERATION SUMMARY
 ----------------------------------------------------------------------------------------------------------
                                OUTER      INNER                    STEP   MAXIMUM CHANGE MODEL-(CELLID) OR
 OUTER ITERATION STEP       ITERATION  ITERATION  MAXIMUM CHANGE SUCCESS             MODEL-PACKAGE-(NUMBER)
 ----------------------------------------------------------------------------------------------------------
 Model                              1          1 -1.65527858E-04       *                     1_GWF-(1,2,88)
 ----------------------------------------------------------------------------------------------------------


 1 CALLS TO NUMERICAL SOLUTION IN TIME STEP 14 STRESS PERIOD 2
 1 TOTAL ITERATIONS

 SLN_2 OUTER ITERATION SUMMARY
 ----------------------------------------------------------------------------------------------------------
                                OUTER      INNER                    STEP   MAXIMUM CHANGE MODEL-(CELLID) OR
 OUTER ITERATION STEP       ITERATION  ITERATION  MAXIMUM CHANGE SUCCESS             MODEL-PACKAGE-(NUMBER)
 ----------------------------------------------------------------------------------------------------------
 Model                              1          3       22.443054                            2_GWT-(1,41,29)
 Model                              2          1 -8.55342464E-11       *                    2_GWT-(1,37,39)
 ----------------------------------------------------------------------------------------------------------


 2 CALLS TO NUMERICAL SOLUTION IN TIME STEP 14 STRESS PERIOD 2
 4 TOTAL ITERATIONS
 
    Solving:  Stress period:     2    Time step:    15
 

 SLN_1 OUTER ITERATION SUMMARY
 ----------------------------------------------------------------------------------------------------------
                                OUTER      INNER                    STEP   MAXIMUM CHANGE MODEL-(CELLID) OR
 OUTER ITERATION STEP       ITERATION  ITERATION  MAXIMUM CHANGE SUCCESS             MODEL-PACKAGE-(NUMBER)
 ----------------------------------------------------------------------------------------------------------
 Model                              1          1 -1.63647029E-04       *                     1_GWF-(1,2,85)
 ----------------------------------------------------------------------------------------------------------


 1 CALLS TO NUMERICAL SOLUTION IN TIME STEP 15 STRESS PERIOD 2
 1 TOTAL ITERATIONS

 SLN_2 OUTER ITERATION SUMMARY
 ----------------------------------------------------------------------------------------------------------
                                OUTER      INNER                    STEP   MAXIMUM CHANGE MODEL-(CELLID) OR
 OUTER ITERATION STEP       ITERATION  ITERATION  MAXIMUM CHANGE SUCCESS             MODEL-PACKAGE-(NUMBER)
 ----------------------------------------------------------------------------------------------------------
 Model                              1          3       21.018774                            2_GWT-(1,41,30)
 Model                              2          1 -8.10072009E-11       *                    2_GWT-(1,37,39)
 ----------------------------------------------------------------------------------------------------------


 2 CALLS TO NUMERICAL SOLUTION IN TIME STEP 15 STRESS PERIOD 2
 4 TOTAL ITERATIONS
 
    Solving:  Stress period:     2    Time step:    16
 

 SLN_1 OUTER ITERATION SUMMARY
 ----------------------------------------------------------------------------------------------------------
                                OUTER      INNER                    STEP   MAXIMUM CHANGE MODEL-(CELLID) OR
 OUTER ITERATION STEP       ITERATION  ITERATION  MAXIMUM CHANGE SUCCESS             MODEL-PACKAGE-(NUMBER)
 ----------------------------------------------------------------------------------------------------------
 Model                              1          1 -1.64993079E-04       *                     1_GWF-(1,2,88)
 ----------------------------------------------------------------------------------------------------------


 1 CALLS TO NUMERICAL SOLUTION IN TIME STEP 16 STRESS PERIOD 2
 1 TOTAL ITERATIONS

 SLN_2 OUTER ITERATION SUMMARY
 ----------------------------------------------------------------------------------------------------------
                                OUTER      INNER                    STEP   MAXIMUM CHANGE MODEL-(CELLID) OR
 OUTER ITERATION STEP       ITERATION  ITERATION  MAXIMUM CHANGE SUCCESS             MODEL-PACKAGE-(NUMBER)
 ----------------------------------------------------------------------------------------------------------
 Model                              1          2       19.507137                            2_GWT-(1,41,30)
 Model                              2          1 -9.84877424E-08       *                    2_GWT-(1,38,37)
 ----------------------------------------------------------------------------------------------------------


 2 CALLS TO NUMERICAL SOLUTION IN TIME STEP 16 STRESS PERIOD 2
 3 TOTAL ITERATIONS
 
    Solving:  Stress period:     2    Time step:    17
 

 SLN_1 OUTER ITERATION SUMMARY
 ----------------------------------------------------------------------------------------------------------
                                OUTER      INNER                    STEP   MAXIMUM CHANGE MODEL-(CELLID) OR
 OUTER ITERATION STEP       ITERATION  ITERATION  MAXIMUM CHANGE SUCCESS             MODEL-PACKAGE-(NUMBER)
 ----------------------------------------------------------------------------------------------------------
 Model                              1          1 -1.63213471E-04       *                     1_GWF-(1,2,85)
 ----------------------------------------------------------------------------------------------------------


 1 CALLS TO NUMERICAL SOLUTION IN TIME STEP 17 STRESS PERIOD 2
 1 TOTAL ITERATIONS

 SLN_2 OUTER ITERATION SUMMARY
 ----------------------------------------------------------------------------------------------------------
                                OUTER      INNER                    STEP   MAXIMUM CHANGE MODEL-(CELLID) OR
 OUTER ITERATION STEP       ITERATION  ITERATION  MAXIMUM CHANGE SUCCESS             MODEL-PACKAGE-(NUMBER)
 ----------------------------------------------------------------------------------------------------------
 Model                              1          3       18.866816                            2_GWT-(1,41,30)
 Model                              2          1 -9.32551814E-11       *                    2_GWT-(1,37,39)
 ----------------------------------------------------------------------------------------------------------


 2 CALLS TO NUMERICAL SOLUTION IN TIME STEP 17 STRESS PERIOD 2
 4 TOTAL ITERATIONS
 
    Solving:  Stress period:     2    Time step:    18
 

 SLN_1 OUTER ITERATION SUMMARY
 ----------------------------------------------------------------------------------------------------------
                                OUTER      INNER                    STEP   MAXIMUM CHANGE MODEL-(CELLID) OR
 OUTER ITERATION STEP       ITERATION  ITERATION  MAXIMUM CHANGE SUCCESS             MODEL-PACKAGE-(NUMBER)
 ----------------------------------------------------------------------------------------------------------
 Model                              1          1 -1.64276549E-04       *                     1_GWF-(1,2,88)
 ----------------------------------------------------------------------------------------------------------


 1 CALLS TO NUMERICAL SOLUTION IN TIME STEP 18 STRESS PERIOD 2
 1 TOTAL ITERATIONS

 SLN_2 OUTER ITERATION SUMMARY
 ----------------------------------------------------------------------------------------------------------
                                OUTER      INNER                    STEP   MAXIMUM CHANGE MODEL-(CELLID) OR
 OUTER ITERATION STEP       ITERATION  ITERATION  MAXIMUM CHANGE SUCCESS             MODEL-PACKAGE-(NUMBER)
 ----------------------------------------------------------------------------------------------------------
 Model                              1          2       17.606746                            2_GWT-(1,41,31)
 Model                              2          1  9.08179487E-08       *                    2_GWT-(1,39,33)
 ----------------------------------------------------------------------------------------------------------


 2 CALLS TO NUMERICAL SOLUTION IN TIME STEP 18 STRESS PERIOD 2
 3 TOTAL ITERATIONS
 
    Solving:  Stress period:     2    Time step:    19
 

 SLN_1 OUTER ITERATION SUMMARY
 ----------------------------------------------------------------------------------------------------------
                                OUTER      INNER                    STEP   MAXIMUM CHANGE MODEL-(CELLID) OR
 OUTER ITERATION STEP       ITERATION  ITERATION  MAXIMUM CHANGE SUCCESS             MODEL-PACKAGE-(NUMBER)
 ----------------------------------------------------------------------------------------------------------
 Model                              1          1 -1.62531681E-04       *                     1_GWF-(1,2,85)
 ----------------------------------------------------------------------------------------------------------


 1 CALLS TO NUMERICAL SOLUTION IN TIME STEP 19 STRESS PERIOD 2
 1 TOTAL ITERATIONS

 SLN_2 OUTER ITERATION SUMMARY
 ----------------------------------------------------------------------------------------------------------
                                OUTER      INNER                    STEP   MAXIMUM CHANGE MODEL-(CELLID) OR
 OUTER ITERATION STEP       ITERATION  ITERATION  MAXIMUM CHANGE SUCCESS             MODEL-PACKAGE-(NUMBER)
 ----------------------------------------------------------------------------------------------------------
 Model                              1          2       17.116928                            2_GWT-(1,36,31)
 Model                              2          1 -7.34332986E-08       *                    2_GWT-(1,38,38)
 ----------------------------------------------------------------------------------------------------------


 2 CALLS TO NUMERICAL SOLUTION IN TIME STEP 19 STRESS PERIOD 2
 3 TOTAL ITERATIONS
 
    Solving:  Stress period:     2    Time step:    20
 

 SLN_1 OUTER ITERATION SUMMARY
 ----------------------------------------------------------------------------------------------------------
                                OUTER      INNER                    STEP   MAXIMUM CHANGE MODEL-(CELLID) OR
 OUTER ITERATION STEP       ITERATION  ITERATION  MAXIMUM CHANGE SUCCESS             MODEL-PACKAGE-(NUMBER)
 ----------------------------------------------------------------------------------------------------------
 Model                              1          1 -1.63406174E-04       *                     1_GWF-(1,2,88)
 ----------------------------------------------------------------------------------------------------------


 1 CALLS TO NUMERICAL SOLUTION IN TIME STEP 20 STRESS PERIOD 2
 1 TOTAL ITERATIONS

 SLN_2 OUTER ITERATION SUMMARY
 ----------------------------------------------------------------------------------------------------------
                                OUTER      INNER                    STEP   MAXIMUM CHANGE MODEL-(CELLID) OR
 OUTER ITERATION STEP       ITERATION  ITERATION  MAXIMUM CHANGE SUCCESS             MODEL-PACKAGE-(NUMBER)
 ----------------------------------------------------------------------------------------------------------
 Model                              1          2       16.169206                            2_GWT-(1,41,31)
 Model                              2          1  8.55535234E-08       *                    2_GWT-(1,39,33)
 ----------------------------------------------------------------------------------------------------------


 2 CALLS TO NUMERICAL SOLUTION IN TIME STEP 20 STRESS PERIOD 2
 3 TOTAL ITERATIONS
 
    Solving:  Stress period:     2    Time step:    21
 

 SLN_1 OUTER ITERATION SUMMARY
 ----------------------------------------------------------------------------------------------------------
                                OUTER      INNER                    STEP   MAXIMUM CHANGE MODEL-(CELLID) OR
 OUTER ITERATION STEP       ITERATION  ITERATION  MAXIMUM CHANGE SUCCESS             MODEL-PACKAGE-(NUMBER)
 ----------------------------------------------------------------------------------------------------------
 Model                              1          1 -1.61659163E-04       *                     1_GWF-(1,2,85)
 ----------------------------------------------------------------------------------------------------------


 1 CALLS TO NUMERICAL SOLUTION IN TIME STEP 21 STRESS PERIOD 2
 1 TOTAL ITERATIONS

 SLN_2 OUTER ITERATION SUMMARY
 ----------------------------------------------------------------------------------------------------------
                                OUTER      INNER                    STEP   MAXIMUM CHANGE MODEL-(CELLID) OR
 OUTER ITERATION STEP       ITERATION  ITERATION  MAXIMUM CHANGE SUCCESS             MODEL-PACKAGE-(NUMBER)
 ----------------------------------------------------------------------------------------------------------
 Model                              1          2       15.713623                            2_GWT-(1,36,31)
 Model                              2          1 -7.17379294E-08       *                    2_GWT-(1,34,30)
 ----------------------------------------------------------------------------------------------------------


 2 CALLS TO NUMERICAL SOLUTION IN TIME STEP 21 STRESS PERIOD 2
 3 TOTAL ITERATIONS
 
    Solving:  Stress period:     2    Time step:    22
 

 SLN_1 OUTER ITERATION SUMMARY
 ----------------------------------------------------------------------------------------------------------
                                OUTER      INNER                    STEP   MAXIMUM CHANGE MODEL-(CELLID) OR
 OUTER ITERATION STEP       ITERATION  ITERATION  MAXIMUM CHANGE SUCCESS             MODEL-PACKAGE-(NUMBER)
 ----------------------------------------------------------------------------------------------------------
 Model                              1          1 -1.62409898E-04       *                     1_GWF-(1,2,88)
 ----------------------------------------------------------------------------------------------------------


 1 CALLS TO NUMERICAL SOLUTION IN TIME STEP 22 STRESS PERIOD 2
 1 TOTAL ITERATIONS

 SLN_2 OUTER ITERATION SUMMARY
 ----------------------------------------------------------------------------------------------------------
                                OUTER      INNER                    STEP   MAXIMUM CHANGE MODEL-(CELLID) OR
 OUTER ITERATION STEP       ITERATION  ITERATION  MAXIMUM CHANGE SUCCESS             MODEL-PACKAGE-(NUMBER)
 ----------------------------------------------------------------------------------------------------------
 Model                              1          2       14.978530                            2_GWT-(1,36,32)
 Model                              2          1  7.87368037E-08       *                    2_GWT-(1,39,33)
 ----------------------------------------------------------------------------------------------------------


 2 CALLS TO NUMERICAL SOLUTION IN TIME STEP 22 STRESS PERIOD 2
 3 TOTAL ITERATIONS
 
    Solving:  Stress period:     2    Time step:    23
 

 SLN_1 OUTER ITERATION SUMMARY
 ----------------------------------------------------------------------------------------------------------
                                OUTER      INNER                    STEP   MAXIMUM CHANGE MODEL-(CELLID) OR
 OUTER ITERATION STEP       ITERATION  ITERATION  MAXIMUM CHANGE SUCCESS             MODEL-PACKAGE-(NUMBER)
 ----------------------------------------------------------------------------------------------------------
 Model                              1          1 -1.60642852E-04       *                     1_GWF-(1,2,85)
 ----------------------------------------------------------------------------------------------------------


 1 CALLS TO NUMERICAL SOLUTION IN TIME STEP 23 STRESS PERIOD 2
 1 TOTAL ITERATIONS

 SLN_2 OUTER ITERATION SUMMARY
 ----------------------------------------------------------------------------------------------------------
                                OUTER      INNER                    STEP   MAXIMUM CHANGE MODEL-(CELLID) OR
 OUTER ITERATION STEP       ITERATION  ITERATION  MAXIMUM CHANGE SUCCESS             MODEL-PACKAGE-(NUMBER)
 ----------------------------------------------------------------------------------------------------------
 Model                              1          2       14.609155                            2_GWT-(1,40,32)
 Model                              2          1 -7.48058255E-08       *                    2_GWT-(1,34,30)
 ----------------------------------------------------------------------------------------------------------


 2 CALLS TO NUMERICAL SOLUTION IN TIME STEP 23 STRESS PERIOD 2
 3 TOTAL ITERATIONS
 
    Solving:  Stress period:     2    Time step:    24
 

 SLN_1 OUTER ITERATION SUMMARY
 ----------------------------------------------------------------------------------------------------------
                                OUTER      INNER                    STEP   MAXIMUM CHANGE MODEL-(CELLID) OR
 OUTER ITERATION STEP       ITERATION  ITERATION  MAXIMUM CHANGE SUCCESS             MODEL-PACKAGE-(NUMBER)
 ----------------------------------------------------------------------------------------------------------
 Model                              1          1 -1.61312740E-04       *                     1_GWF-(1,2,88)
 ----------------------------------------------------------------------------------------------------------


 1 CALLS TO NUMERICAL SOLUTION IN TIME STEP 24 STRESS PERIOD 2
 1 TOTAL ITERATIONS

 SLN_2 OUTER ITERATION SUMMARY
 ----------------------------------------------------------------------------------------------------------
                                OUTER      INNER                    STEP   MAXIMUM CHANGE MODEL-(CELLID) OR
 OUTER ITERATION STEP       ITERATION  ITERATION  MAXIMUM CHANGE SUCCESS             MODEL-PACKAGE-(NUMBER)
 ----------------------------------------------------------------------------------------------------------
 Model                              1          2       14.113298                            2_GWT-(1,40,32)
 Model                              2          1  7.15223791E-08       *                    2_GWT-(1,39,33)
 ----------------------------------------------------------------------------------------------------------


 2 CALLS TO NUMERICAL SOLUTION IN TIME STEP 24 STRESS PERIOD 2
 3 TOTAL ITERATIONS
 
    Solving:  Stress period:     2    Time step:    25
 

 SLN_1 OUTER ITERATION SUMMARY
 ----------------------------------------------------------------------------------------------------------
                                OUTER      INNER                    STEP   MAXIMUM CHANGE MODEL-(CELLID) OR
 OUTER ITERATION STEP       ITERATION  ITERATION  MAXIMUM CHANGE SUCCESS             MODEL-PACKAGE-(NUMBER)
 ----------------------------------------------------------------------------------------------------------
 Model                              1          1 -1.59519539E-04       *                     1_GWF-(1,2,85)
 ----------------------------------------------------------------------------------------------------------


 1 CALLS TO NUMERICAL SOLUTION IN TIME STEP 25 STRESS PERIOD 2
 1 TOTAL ITERATIONS

 SLN_2 OUTER ITERATION SUMMARY
 ----------------------------------------------------------------------------------------------------------
                                OUTER      INNER                    STEP   MAXIMUM CHANGE MODEL-(CELLID) OR
 OUTER ITERATION STEP       ITERATION  ITERATION  MAXIMUM CHANGE SUCCESS             MODEL-PACKAGE-(NUMBER)
 ----------------------------------------------------------------------------------------------------------
 Model                              1          2       13.717176                            2_GWT-(1,40,32)
 Model                              2          1 -7.81143967E-08       *                    2_GWT-(1,34,30)
 ----------------------------------------------------------------------------------------------------------


 2 CALLS TO NUMERICAL SOLUTION IN TIME STEP 25 STRESS PERIOD 2
 3 TOTAL ITERATIONS
 
    Solving:  Stress period:     2    Time step:    26
 

 SLN_1 OUTER ITERATION SUMMARY
 ----------------------------------------------------------------------------------------------------------
                                OUTER      INNER                    STEP   MAXIMUM CHANGE MODEL-(CELLID) OR
 OUTER ITERATION STEP       ITERATION  ITERATION  MAXIMUM CHANGE SUCCESS             MODEL-PACKAGE-(NUMBER)
 ----------------------------------------------------------------------------------------------------------
 Model                              1          1 -1.60135899E-04       *                     1_GWF-(1,2,88)
 ----------------------------------------------------------------------------------------------------------


 1 CALLS TO NUMERICAL SOLUTION IN TIME STEP 26 STRESS PERIOD 2
 1 TOTAL ITERATIONS

 SLN_2 OUTER ITERATION SUMMARY
 ----------------------------------------------------------------------------------------------------------
                                OUTER      INNER                    STEP   MAXIMUM CHANGE MODEL-(CELLID) OR
 OUTER ITERATION STEP       ITERATION  ITERATION  MAXIMUM CHANGE SUCCESS             MODEL-PACKAGE-(NUMBER)
 ----------------------------------------------------------------------------------------------------------
 Model                              1          2       13.369510                            2_GWT-(1,37,33)
 Model                              2          1  7.63564287E-08       *                    2_GWT-(1,32,28)
 ----------------------------------------------------------------------------------------------------------


 2 CALLS TO NUMERICAL SOLUTION IN TIME STEP 26 STRESS PERIOD 2
 3 TOTAL ITERATIONS
 
    Solving:  Stress period:     2    Time step:    27
 

 SLN_1 OUTER ITERATION SUMMARY
 ----------------------------------------------------------------------------------------------------------
                                OUTER      INNER                    STEP   MAXIMUM CHANGE MODEL-(CELLID) OR
 OUTER ITERATION STEP       ITERATION  ITERATION  MAXIMUM CHANGE SUCCESS             MODEL-PACKAGE-(NUMBER)
 ----------------------------------------------------------------------------------------------------------
 Model                              1          1 -1.58317469E-04       *                     1_GWF-(1,2,85)
 ----------------------------------------------------------------------------------------------------------


 1 CALLS TO NUMERICAL SOLUTION IN TIME STEP 27 STRESS PERIOD 2
 1 TOTAL ITERATIONS

 SLN_2 OUTER ITERATION SUMMARY
 ----------------------------------------------------------------------------------------------------------
                                OUTER      INNER                    STEP   MAXIMUM CHANGE MODEL-(CELLID) OR
 OUTER ITERATION STEP       ITERATION  ITERATION  MAXIMUM CHANGE SUCCESS             MODEL-PACKAGE-(NUMBER)
 ----------------------------------------------------------------------------------------------------------
 Model                              1          2       13.086180                            2_GWT-(1,40,33)
 Model                              2          1 -8.29187456E-08       *                    2_GWT-(1,34,30)
 ----------------------------------------------------------------------------------------------------------


 2 CALLS TO NUMERICAL SOLUTION IN TIME STEP 27 STRESS PERIOD 2
 3 TOTAL ITERATIONS
 
    Solving:  Stress period:     2    Time step:    28
 

 SLN_1 OUTER ITERATION SUMMARY
 ----------------------------------------------------------------------------------------------------------
                                OUTER      INNER                    STEP   MAXIMUM CHANGE MODEL-(CELLID) OR
 OUTER ITERATION STEP       ITERATION  ITERATION  MAXIMUM CHANGE SUCCESS             MODEL-PACKAGE-(NUMBER)
 ----------------------------------------------------------------------------------------------------------
 Model                              1          1 -1.58896840E-04       *                     1_GWF-(1,2,88)
 ----------------------------------------------------------------------------------------------------------


 1 CALLS TO NUMERICAL SOLUTION IN TIME STEP 28 STRESS PERIOD 2
 1 TOTAL ITERATIONS

 SLN_2 OUTER ITERATION SUMMARY
 ----------------------------------------------------------------------------------------------------------
                                OUTER      INNER                    STEP   MAXIMUM CHANGE MODEL-(CELLID) OR
 OUTER ITERATION STEP       ITERATION  ITERATION  MAXIMUM CHANGE SUCCESS             MODEL-PACKAGE-(NUMBER)
 ----------------------------------------------------------------------------------------------------------
 Model                              1          2       12.720187                            2_GWT-(1,37,33)
 Model                              2          1  9.04861679E-08       *                    2_GWT-(1,32,28)
 ----------------------------------------------------------------------------------------------------------


 2 CALLS TO NUMERICAL SOLUTION IN TIME STEP 28 STRESS PERIOD 2
 3 TOTAL ITERATIONS
 
    Solving:  Stress period:     2    Time step:    29
 

 SLN_1 OUTER ITERATION SUMMARY
 ----------------------------------------------------------------------------------------------------------
                                OUTER      INNER                    STEP   MAXIMUM CHANGE MODEL-(CELLID) OR
 OUTER ITERATION STEP       ITERATION  ITERATION  MAXIMUM CHANGE SUCCESS             MODEL-PACKAGE-(NUMBER)
 ----------------------------------------------------------------------------------------------------------
 Model                              1          1 -1.57058119E-04       *                     1_GWF-(1,2,85)
 ----------------------------------------------------------------------------------------------------------


 1 CALLS TO NUMERICAL SOLUTION IN TIME STEP 29 STRESS PERIOD 2
 1 TOTAL ITERATIONS

 SLN_2 OUTER ITERATION SUMMARY
 ----------------------------------------------------------------------------------------------------------
                                OUTER      INNER                    STEP   MAXIMUM CHANGE MODEL-(CELLID) OR
 OUTER ITERATION STEP       ITERATION  ITERATION  MAXIMUM CHANGE SUCCESS             MODEL-PACKAGE-(NUMBER)
 ----------------------------------------------------------------------------------------------------------
 Model                              1          2       12.345679                            2_GWT-(1,40,33)
 Model                              2          1  9.91934712E-08       *                    2_GWT-(1,35,28)
 ----------------------------------------------------------------------------------------------------------


 2 CALLS TO NUMERICAL SOLUTION IN TIME STEP 29 STRESS PERIOD 2
 3 TOTAL ITERATIONS
 
    Solving:  Stress period:     2    Time step:    30
 

 SLN_1 OUTER ITERATION SUMMARY
 ----------------------------------------------------------------------------------------------------------
                                OUTER      INNER                    STEP   MAXIMUM CHANGE MODEL-(CELLID) OR
 OUTER ITERATION STEP       ITERATION  ITERATION  MAXIMUM CHANGE SUCCESS             MODEL-PACKAGE-(NUMBER)
 ----------------------------------------------------------------------------------------------------------
 Model                              1          1 -1.57609770E-04       *                     1_GWF-(1,2,88)
 ----------------------------------------------------------------------------------------------------------


 1 CALLS TO NUMERICAL SOLUTION IN TIME STEP 30 STRESS PERIOD 2
 1 TOTAL ITERATIONS

 SLN_2 OUTER ITERATION SUMMARY
 ----------------------------------------------------------------------------------------------------------
                                OUTER      INNER                    STEP   MAXIMUM CHANGE MODEL-(CELLID) OR
 OUTER ITERATION STEP       ITERATION  ITERATION  MAXIMUM CHANGE SUCCESS             MODEL-PACKAGE-(NUMBER)
 ----------------------------------------------------------------------------------------------------------
 Model                              1          2       12.300704                            2_GWT-(1,39,34)
 Model                              2          1  1.19031540E-07       *                    2_GWT-(1,32,28)
 ----------------------------------------------------------------------------------------------------------


 2 CALLS TO NUMERICAL SOLUTION IN TIME STEP 30 STRESS PERIOD 2
 3 TOTAL ITERATIONS
 
    Solving:  Stress period:     2    Time step:    31
 

 SLN_1 OUTER ITERATION SUMMARY
 ----------------------------------------------------------------------------------------------------------
                                OUTER      INNER                    STEP   MAXIMUM CHANGE MODEL-(CELLID) OR
 OUTER ITERATION STEP       ITERATION  ITERATION  MAXIMUM CHANGE SUCCESS             MODEL-PACKAGE-(NUMBER)
 ----------------------------------------------------------------------------------------------------------
 Model                              1          1 -1.55757775E-04       *                     1_GWF-(1,2,85)
 ----------------------------------------------------------------------------------------------------------


 1 CALLS TO NUMERICAL SOLUTION IN TIME STEP 31 STRESS PERIOD 2
 1 TOTAL ITERATIONS

 SLN_2 OUTER ITERATION SUMMARY
 ----------------------------------------------------------------------------------------------------------
                                OUTER      INNER                    STEP   MAXIMUM CHANGE MODEL-(CELLID) OR
 OUTER ITERATION STEP       ITERATION  ITERATION  MAXIMUM CHANGE SUCCESS             MODEL-PACKAGE-(NUMBER)
 ----------------------------------------------------------------------------------------------------------
 Model                              1          2       11.895244                            2_GWT-(1,38,34)
 Model                              2          1  1.51062522E-07       *                    2_GWT-(1,35,28)
 ----------------------------------------------------------------------------------------------------------


 2 CALLS TO NUMERICAL SOLUTION IN TIME STEP 31 STRESS PERIOD 2
 3 TOTAL ITERATIONS
 
    Solving:  Stress period:     2    Time step:    32
 

 SLN_1 OUTER ITERATION SUMMARY
 ----------------------------------------------------------------------------------------------------------
                                OUTER      INNER                    STEP   MAXIMUM CHANGE MODEL-(CELLID) OR
 OUTER ITERATION STEP       ITERATION  ITERATION  MAXIMUM CHANGE SUCCESS             MODEL-PACKAGE-(NUMBER)
 ----------------------------------------------------------------------------------------------------------
 Model                              1          1 -1.56286194E-04       *                     1_GWF-(1,2,88)
 ----------------------------------------------------------------------------------------------------------


 1 CALLS TO NUMERICAL SOLUTION IN TIME STEP 32 STRESS PERIOD 2
 1 TOTAL ITERATIONS

 SLN_2 OUTER ITERATION SUMMARY
 ----------------------------------------------------------------------------------------------------------
                                OUTER      INNER                    STEP   MAXIMUM CHANGE MODEL-(CELLID) OR
 OUTER ITERATION STEP       ITERATION  ITERATION  MAXIMUM CHANGE SUCCESS             MODEL-PACKAGE-(NUMBER)
 ----------------------------------------------------------------------------------------------------------
 Model                              1          2       11.787653                            2_GWT-(1,39,34)
 Model                              2          1  2.03450469E-07       *                    2_GWT-(1,32,28)
 ----------------------------------------------------------------------------------------------------------


 2 CALLS TO NUMERICAL SOLUTION IN TIME STEP 32 STRESS PERIOD 2
 3 TOTAL ITERATIONS
 
    Solving:  Stress period:     2    Time step:    33
 

 SLN_1 OUTER ITERATION SUMMARY
 ----------------------------------------------------------------------------------------------------------
                                OUTER      INNER                    STEP   MAXIMUM CHANGE MODEL-(CELLID) OR
 OUTER ITERATION STEP       ITERATION  ITERATION  MAXIMUM CHANGE SUCCESS             MODEL-PACKAGE-(NUMBER)
 ----------------------------------------------------------------------------------------------------------
 Model                              1          1 -1.54428807E-04       *                     1_GWF-(1,2,85)
 ----------------------------------------------------------------------------------------------------------


 1 CALLS TO NUMERICAL SOLUTION IN TIME STEP 33 STRESS PERIOD 2
 1 TOTAL ITERATIONS

 SLN_2 OUTER ITERATION SUMMARY
 ----------------------------------------------------------------------------------------------------------
                                OUTER      INNER                    STEP   MAXIMUM CHANGE MODEL-(CELLID) OR
 OUTER ITERATION STEP       ITERATION  ITERATION  MAXIMUM CHANGE SUCCESS             MODEL-PACKAGE-(NUMBER)
 ----------------------------------------------------------------------------------------------------------
 Model                              1          2       11.569519                            2_GWT-(1,38,35)
 Model                              2          1  4.48022092E-07       *                    2_GWT-(1,35,28)
 ----------------------------------------------------------------------------------------------------------


 2 CALLS TO NUMERICAL SOLUTION IN TIME STEP 33 STRESS PERIOD 2
 3 TOTAL ITERATIONS
 
    Solving:  Stress period:     2    Time step:    34
 

 SLN_1 OUTER ITERATION SUMMARY
 ----------------------------------------------------------------------------------------------------------
                                OUTER      INNER                    STEP   MAXIMUM CHANGE MODEL-(CELLID) OR
 OUTER ITERATION STEP       ITERATION  ITERATION  MAXIMUM CHANGE SUCCESS             MODEL-PACKAGE-(NUMBER)
 ----------------------------------------------------------------------------------------------------------
 Model                              1          1 -1.54935436E-04       *                     1_GWF-(1,2,88)
 ----------------------------------------------------------------------------------------------------------


 1 CALLS TO NUMERICAL SOLUTION IN TIME STEP 34 STRESS PERIOD 2
 1 TOTAL ITERATIONS

 SLN_2 OUTER ITERATION SUMMARY
 ----------------------------------------------------------------------------------------------------------
                                OUTER      INNER                    STEP   MAXIMUM CHANGE MODEL-(CELLID) OR
 OUTER ITERATION STEP       ITERATION  ITERATION  MAXIMUM CHANGE SUCCESS             MODEL-PACKAGE-(NUMBER)
 ----------------------------------------------------------------------------------------------------------
 Model                              1          2       11.214882                            2_GWT-(1,39,35)
 Model                              2          1 -7.02465277E-05       *                    2_GWT-(1,32,28)
 ----------------------------------------------------------------------------------------------------------


 2 CALLS TO NUMERICAL SOLUTION IN TIME STEP 34 STRESS PERIOD 2
 3 TOTAL ITERATIONS
 
    Solving:  Stress period:     2    Time step:    35
 

 SLN_1 OUTER ITERATION SUMMARY
 ----------------------------------------------------------------------------------------------------------
                                OUTER      INNER                    STEP   MAXIMUM CHANGE MODEL-(CELLID) OR
 OUTER ITERATION STEP       ITERATION  ITERATION  MAXIMUM CHANGE SUCCESS             MODEL-PACKAGE-(NUMBER)
 ----------------------------------------------------------------------------------------------------------
 Model                              1          1 -1.53080658E-04       *                     1_GWF-(1,2,85)
 ----------------------------------------------------------------------------------------------------------


 1 CALLS TO NUMERICAL SOLUTION IN TIME STEP 35 STRESS PERIOD 2
 1 TOTAL ITERATIONS

 SLN_2 OUTER ITERATION SUMMARY
 ----------------------------------------------------------------------------------------------------------
                                OUTER      INNER                    STEP   MAXIMUM CHANGE MODEL-(CELLID) OR
 OUTER ITERATION STEP       ITERATION  ITERATION  MAXIMUM CHANGE SUCCESS             MODEL-PACKAGE-(NUMBER)
 ----------------------------------------------------------------------------------------------------------
 Model                              1          2       11.184821                            2_GWT-(1,38,35)
 Model                              2          1 -2.65335075E-07       *                    2_GWT-(1,35,28)
 ----------------------------------------------------------------------------------------------------------


 2 CALLS TO NUMERICAL SOLUTION IN TIME STEP 35 STRESS PERIOD 2
 3 TOTAL ITERATIONS
 
    Solving:  Stress period:     2    Time step:    36
 

 SLN_1 OUTER ITERATION SUMMARY
 ----------------------------------------------------------------------------------------------------------
                                OUTER      INNER                    STEP   MAXIMUM CHANGE MODEL-(CELLID) OR
 OUTER ITERATION STEP       ITERATION  ITERATION  MAXIMUM CHANGE SUCCESS             MODEL-PACKAGE-(NUMBER)
 ----------------------------------------------------------------------------------------------------------
 Model                              1          1 -1.53565080E-04       *                     1_GWF-(1,2,88)
 ----------------------------------------------------------------------------------------------------------


 1 CALLS TO NUMERICAL SOLUTION IN TIME STEP 36 STRESS PERIOD 2
 1 TOTAL ITERATIONS

 SLN_2 OUTER ITERATION SUMMARY
 ----------------------------------------------------------------------------------------------------------
                                OUTER      INNER                    STEP   MAXIMUM CHANGE MODEL-(CELLID) OR
 OUTER ITERATION STEP       ITERATION  ITERATION  MAXIMUM CHANGE SUCCESS             MODEL-PACKAGE-(NUMBER)
 ----------------------------------------------------------------------------------------------------------
 Model                              1          2       10.789543                            2_GWT-(1,37,36)
 Model                              2          1  1.14020736E-07       *                    2_GWT-(1,33,26)
 ----------------------------------------------------------------------------------------------------------


 2 CALLS TO NUMERICAL SOLUTION IN TIME STEP 36 STRESS PERIOD 2
 3 TOTAL ITERATIONS
 
    Solving:  Stress period:     2    Time step:    37
 

 SLN_1 OUTER ITERATION SUMMARY
 ----------------------------------------------------------------------------------------------------------
                                OUTER      INNER                    STEP   MAXIMUM CHANGE MODEL-(CELLID) OR
 OUTER ITERATION STEP       ITERATION  ITERATION  MAXIMUM CHANGE SUCCESS             MODEL-PACKAGE-(NUMBER)
 ----------------------------------------------------------------------------------------------------------
 Model                              1          1 -1.51720587E-04       *                     1_GWF-(1,2,85)
 ----------------------------------------------------------------------------------------------------------


 1 CALLS TO NUMERICAL SOLUTION IN TIME STEP 37 STRESS PERIOD 2
 1 TOTAL ITERATIONS

 SLN_2 OUTER ITERATION SUMMARY
 ----------------------------------------------------------------------------------------------------------
                                OUTER      INNER                    STEP   MAXIMUM CHANGE MODEL-(CELLID) OR
 OUTER ITERATION STEP       ITERATION  ITERATION  MAXIMUM CHANGE SUCCESS             MODEL-PACKAGE-(NUMBER)
 ----------------------------------------------------------------------------------------------------------
 Model                              1          2       10.728555                            2_GWT-(1,38,36)
 Model                              2          1 -5.47663603E-08       *                    2_GWT-(1,35,28)
 ----------------------------------------------------------------------------------------------------------


 2 CALLS TO NUMERICAL SOLUTION IN TIME STEP 37 STRESS PERIOD 2
 3 TOTAL ITERATIONS
 
    Solving:  Stress period:     2    Time step:    38
 

 SLN_1 OUTER ITERATION SUMMARY
 ----------------------------------------------------------------------------------------------------------
                                OUTER      INNER                    STEP   MAXIMUM CHANGE MODEL-(CELLID) OR
 OUTER ITERATION STEP       ITERATION  ITERATION  MAXIMUM CHANGE SUCCESS             MODEL-PACKAGE-(NUMBER)
 ----------------------------------------------------------------------------------------------------------
 Model                              1          1 -1.52181325E-04       *                     1_GWF-(1,2,88)
 ----------------------------------------------------------------------------------------------------------


 1 CALLS TO NUMERICAL SOLUTION IN TIME STEP 38 STRESS PERIOD 2
 1 TOTAL ITERATIONS

 SLN_2 OUTER ITERATION SUMMARY
 ----------------------------------------------------------------------------------------------------------
                                OUTER      INNER                    STEP   MAXIMUM CHANGE MODEL-(CELLID) OR
 OUTER ITERATION STEP       ITERATION  ITERATION  MAXIMUM CHANGE SUCCESS             MODEL-PACKAGE-(NUMBER)
 ----------------------------------------------------------------------------------------------------------
 Model                              1          2       10.493798                            2_GWT-(1,37,36)
 Model                              2          1 -2.99681346E-08       *                    2_GWT-(1,34,29)
 ----------------------------------------------------------------------------------------------------------


 2 CALLS TO NUMERICAL SOLUTION IN TIME STEP 38 STRESS PERIOD 2
 3 TOTAL ITERATIONS
 
    Solving:  Stress period:     2    Time step:    39
 

 SLN_1 OUTER ITERATION SUMMARY
 ----------------------------------------------------------------------------------------------------------
                                OUTER      INNER                    STEP   MAXIMUM CHANGE MODEL-(CELLID) OR
 OUTER ITERATION STEP       ITERATION  ITERATION  MAXIMUM CHANGE SUCCESS             MODEL-PACKAGE-(NUMBER)
 ----------------------------------------------------------------------------------------------------------
 Model                              1          1 -1.50354220E-04       *                     1_GWF-(1,2,85)
 ----------------------------------------------------------------------------------------------------------


 1 CALLS TO NUMERICAL SOLUTION IN TIME STEP 39 STRESS PERIOD 2
 1 TOTAL ITERATIONS

 SLN_2 OUTER ITERATION SUMMARY
 ----------------------------------------------------------------------------------------------------------
                                OUTER      INNER                    STEP   MAXIMUM CHANGE MODEL-(CELLID) OR
 OUTER ITERATION STEP       ITERATION  ITERATION  MAXIMUM CHANGE SUCCESS             MODEL-PACKAGE-(NUMBER)
 ----------------------------------------------------------------------------------------------------------
 Model                              1          2       10.385162                            2_GWT-(1,38,36)
 Model                              2          1 -1.91679987E-08       *                    2_GWT-(1,34,30)
 ----------------------------------------------------------------------------------------------------------


 2 CALLS TO NUMERICAL SOLUTION IN TIME STEP 39 STRESS PERIOD 2
 3 TOTAL ITERATIONS
 
    Solving:  Stress period:     2    Time step:    40
 

 SLN_1 OUTER ITERATION SUMMARY
 ----------------------------------------------------------------------------------------------------------
                                OUTER      INNER                    STEP   MAXIMUM CHANGE MODEL-(CELLID) OR
 OUTER ITERATION STEP       ITERATION  ITERATION  MAXIMUM CHANGE SUCCESS             MODEL-PACKAGE-(NUMBER)
 ----------------------------------------------------------------------------------------------------------
 Model                              1          1 -1.50789269E-04       *                     1_GWF-(1,2,88)
 ----------------------------------------------------------------------------------------------------------


 1 CALLS TO NUMERICAL SOLUTION IN TIME STEP 40 STRESS PERIOD 2
 1 TOTAL ITERATIONS

 SLN_2 OUTER ITERATION SUMMARY
 ----------------------------------------------------------------------------------------------------------
                                OUTER      INNER                    STEP   MAXIMUM CHANGE MODEL-(CELLID) OR
 OUTER ITERATION STEP       ITERATION  ITERATION  MAXIMUM CHANGE SUCCESS             MODEL-PACKAGE-(NUMBER)
 ----------------------------------------------------------------------------------------------------------
 Model                              1          2       10.189865                            2_GWT-(1,38,37)
 Model                              2          1  3.21062998E-08       *                    2_GWT-(1,32,28)
 ----------------------------------------------------------------------------------------------------------


 2 CALLS TO NUMERICAL SOLUTION IN TIME STEP 40 STRESS PERIOD 2
 3 TOTAL ITERATIONS
 
    Solving:  Stress period:     2    Time step:    41
 

 SLN_1 OUTER ITERATION SUMMARY
 ----------------------------------------------------------------------------------------------------------
                                OUTER      INNER                    STEP   MAXIMUM CHANGE MODEL-(CELLID) OR
 OUTER ITERATION STEP       ITERATION  ITERATION  MAXIMUM CHANGE SUCCESS             MODEL-PACKAGE-(NUMBER)
 ----------------------------------------------------------------------------------------------------------
 Model                              1          1 -1.48985957E-04       *                     1_GWF-(1,2,85)
 ----------------------------------------------------------------------------------------------------------


 1 CALLS TO NUMERICAL SOLUTION IN TIME STEP 41 STRESS PERIOD 2
 1 TOTAL ITERATIONS

 SLN_2 OUTER ITERATION SUMMARY
 ----------------------------------------------------------------------------------------------------------
                                OUTER      INNER                    STEP   MAXIMUM CHANGE MODEL-(CELLID) OR
 OUTER ITERATION STEP       ITERATION  ITERATION  MAXIMUM CHANGE SUCCESS             MODEL-PACKAGE-(NUMBER)
 ----------------------------------------------------------------------------------------------------------
 Model                              1          2       9.9725603                            2_GWT-(1,38,36)
 Model                              2          1  3.13539203E-08       *                    2_GWT-(1,35,28)
 ----------------------------------------------------------------------------------------------------------


 2 CALLS TO NUMERICAL SOLUTION IN TIME STEP 41 STRESS PERIOD 2
 3 TOTAL ITERATIONS
 
    Solving:  Stress period:     2    Time step:    42
 

 SLN_1 OUTER ITERATION SUMMARY
 ----------------------------------------------------------------------------------------------------------
                                OUTER      INNER                    STEP   MAXIMUM CHANGE MODEL-(CELLID) OR
 OUTER ITERATION STEP       ITERATION  ITERATION  MAXIMUM CHANGE SUCCESS             MODEL-PACKAGE-(NUMBER)
 ----------------------------------------------------------------------------------------------------------
 Model                              1          1 -1.49393124E-04       *                     1_GWF-(1,2,88)
 ----------------------------------------------------------------------------------------------------------


 1 CALLS TO NUMERICAL SOLUTION IN TIME STEP 42 STRESS PERIOD 2
 1 TOTAL ITERATIONS

 SLN_2 OUTER ITERATION SUMMARY
 ----------------------------------------------------------------------------------------------------------
                                OUTER      INNER                    STEP   MAXIMUM CHANGE MODEL-(CELLID) OR
 OUTER ITERATION STEP       ITERATION  ITERATION  MAXIMUM CHANGE SUCCESS             MODEL-PACKAGE-(NUMBER)
 ----------------------------------------------------------------------------------------------------------
 Model                              1          2       9.9131938                            2_GWT-(1,38,37)
 Model                              2          1  3.51140557E-08       *                    2_GWT-(1,32,28)
 ----------------------------------------------------------------------------------------------------------


 2 CALLS TO NUMERICAL SOLUTION IN TIME STEP 42 STRESS PERIOD 2
 3 TOTAL ITERATIONS
 
    Solving:  Stress period:     2    Time step:    43
 

 SLN_1 OUTER ITERATION SUMMARY
 ----------------------------------------------------------------------------------------------------------
                                OUTER      INNER                    STEP   MAXIMUM CHANGE MODEL-(CELLID) OR
 OUTER ITERATION STEP       ITERATION  ITERATION  MAXIMUM CHANGE SUCCESS             MODEL-PACKAGE-(NUMBER)
 ----------------------------------------------------------------------------------------------------------
 Model                              1          1 -1.47619269E-04       *                     1_GWF-(1,2,85)
 ----------------------------------------------------------------------------------------------------------


 1 CALLS TO NUMERICAL SOLUTION IN TIME STEP 43 STRESS PERIOD 2
 1 TOTAL ITERATIONS

 SLN_2 OUTER ITERATION SUMMARY
 ----------------------------------------------------------------------------------------------------------
                                OUTER      INNER                    STEP   MAXIMUM CHANGE MODEL-(CELLID) OR
 OUTER ITERATION STEP       ITERATION  ITERATION  MAXIMUM CHANGE SUCCESS             MODEL-PACKAGE-(NUMBER)
 ----------------------------------------------------------------------------------------------------------
 Model                              1          2       9.5884943                            2_GWT-(1,39,37)
 Model                              2          1  2.84999260E-08       *                    2_GWT-(1,35,28)
 ----------------------------------------------------------------------------------------------------------


 2 CALLS TO NUMERICAL SOLUTION IN TIME STEP 43 STRESS PERIOD 2
 3 TOTAL ITERATIONS
 
    Solving:  Stress period:     2    Time step:    44
 

 SLN_1 OUTER ITERATION SUMMARY
 ----------------------------------------------------------------------------------------------------------
                                OUTER      INNER                    STEP   MAXIMUM CHANGE MODEL-(CELLID) OR
 OUTER ITERATION STEP       ITERATION  ITERATION  MAXIMUM CHANGE SUCCESS             MODEL-PACKAGE-(NUMBER)
 ----------------------------------------------------------------------------------------------------------
 Model                              1          1 -1.47996393E-04       *                     1_GWF-(1,2,88)
 ----------------------------------------------------------------------------------------------------------


 1 CALLS TO NUMERICAL SOLUTION IN TIME STEP 44 STRESS PERIOD 2
 1 TOTAL ITERATIONS

 SLN_2 OUTER ITERATION SUMMARY
 ----------------------------------------------------------------------------------------------------------
                                OUTER      INNER                    STEP   MAXIMUM CHANGE MODEL-(CELLID) OR
 OUTER ITERATION STEP       ITERATION  ITERATION  MAXIMUM CHANGE SUCCESS             MODEL-PACKAGE-(NUMBER)
 ----------------------------------------------------------------------------------------------------------
 Model                              1          2       9.5799333                            2_GWT-(1,38,38)
 Model                              2          1  2.78375012E-08       *                    2_GWT-(1,32,28)
 ----------------------------------------------------------------------------------------------------------


 2 CALLS TO NUMERICAL SOLUTION IN TIME STEP 44 STRESS PERIOD 2
 3 TOTAL ITERATIONS
 
    Solving:  Stress period:     2    Time step:    45
 

 SLN_1 OUTER ITERATION SUMMARY
 ----------------------------------------------------------------------------------------------------------
                                OUTER      INNER                    STEP   MAXIMUM CHANGE MODEL-(CELLID) OR
 OUTER ITERATION STEP       ITERATION  ITERATION  MAXIMUM CHANGE SUCCESS             MODEL-PACKAGE-(NUMBER)
 ----------------------------------------------------------------------------------------------------------
 Model                              1          1 -1.46256924E-04       *                     1_GWF-(1,2,85)
 ----------------------------------------------------------------------------------------------------------


 1 CALLS TO NUMERICAL SOLUTION IN TIME STEP 45 STRESS PERIOD 2
 1 TOTAL ITERATIONS

 SLN_2 OUTER ITERATION SUMMARY
 ----------------------------------------------------------------------------------------------------------
                                OUTER      INNER                    STEP   MAXIMUM CHANGE MODEL-(CELLID) OR
 OUTER ITERATION STEP       ITERATION  ITERATION  MAXIMUM CHANGE SUCCESS             MODEL-PACKAGE-(NUMBER)
 ----------------------------------------------------------------------------------------------------------
 Model                              1          2       9.2902334                            2_GWT-(1,37,38)
 Model                              2          1  2.03233412E-08       *                    2_GWT-(1,35,28)
 ----------------------------------------------------------------------------------------------------------


 2 CALLS TO NUMERICAL SOLUTION IN TIME STEP 45 STRESS PERIOD 2
 3 TOTAL ITERATIONS
 
    Solving:  Stress period:     2    Time step:    46
 

 SLN_1 OUTER ITERATION SUMMARY
 ----------------------------------------------------------------------------------------------------------
                                OUTER      INNER                    STEP   MAXIMUM CHANGE MODEL-(CELLID) OR
 OUTER ITERATION STEP       ITERATION  ITERATION  MAXIMUM CHANGE SUCCESS             MODEL-PACKAGE-(NUMBER)
 ----------------------------------------------------------------------------------------------------------
 Model                              1          1 -1.46601999E-04       *                     1_GWF-(1,2,88)
 ----------------------------------------------------------------------------------------------------------


 1 CALLS TO NUMERICAL SOLUTION IN TIME STEP 46 STRESS PERIOD 2
 1 TOTAL ITERATIONS

 SLN_2 OUTER ITERATION SUMMARY
 ----------------------------------------------------------------------------------------------------------
                                OUTER      INNER                    STEP   MAXIMUM CHANGE MODEL-(CELLID) OR
 OUTER ITERATION STEP       ITERATION  ITERATION  MAXIMUM CHANGE SUCCESS             MODEL-PACKAGE-(NUMBER)
 ----------------------------------------------------------------------------------------------------------
 Model                              1          2       9.3264693                            2_GWT-(1,38,38)
 Model                              2          1  2.16309104E-08       *                    2_GWT-(1,32,28)
 ----------------------------------------------------------------------------------------------------------


 2 CALLS TO NUMERICAL SOLUTION IN TIME STEP 46 STRESS PERIOD 2
 3 TOTAL ITERATIONS
 
    Solving:  Stress period:     2    Time step:    47
 

 SLN_1 OUTER ITERATION SUMMARY
 ----------------------------------------------------------------------------------------------------------
                                OUTER      INNER                    STEP   MAXIMUM CHANGE MODEL-(CELLID) OR
 OUTER ITERATION STEP       ITERATION  ITERATION  MAXIMUM CHANGE SUCCESS             MODEL-PACKAGE-(NUMBER)
 ----------------------------------------------------------------------------------------------------------
 Model                              1          1 -1.44901140E-04       *                     1_GWF-(1,2,85)
 ----------------------------------------------------------------------------------------------------------


 1 CALLS TO NUMERICAL SOLUTION IN TIME STEP 47 STRESS PERIOD 2
 1 TOTAL ITERATIONS

 SLN_2 OUTER ITERATION SUMMARY
 ----------------------------------------------------------------------------------------------------------
                                OUTER      INNER                    STEP   MAXIMUM CHANGE MODEL-(CELLID) OR
 OUTER ITERATION STEP       ITERATION  ITERATION  MAXIMUM CHANGE SUCCESS             MODEL-PACKAGE-(NUMBER)
 ----------------------------------------------------------------------------------------------------------
 Model                              1          2       9.0212939                            2_GWT-(1,37,38)
 Model                              2          1 -1.41918122E-08       *                    2_GWT-(1,32,28)
 ----------------------------------------------------------------------------------------------------------


 2 CALLS TO NUMERICAL SOLUTION IN TIME STEP 47 STRESS PERIOD 2
 3 TOTAL ITERATIONS
 
    Solving:  Stress period:     2    Time step:    48
 

 SLN_1 OUTER ITERATION SUMMARY
 ----------------------------------------------------------------------------------------------------------
                                OUTER      INNER                    STEP   MAXIMUM CHANGE MODEL-(CELLID) OR
 OUTER ITERATION STEP       ITERATION  ITERATION  MAXIMUM CHANGE SUCCESS             MODEL-PACKAGE-(NUMBER)
 ----------------------------------------------------------------------------------------------------------
 Model                              1          1 -1.45212388E-04       *                     1_GWF-(1,2,88)
 ----------------------------------------------------------------------------------------------------------


 1 CALLS TO NUMERICAL SOLUTION IN TIME STEP 48 STRESS PERIOD 2
 1 TOTAL ITERATIONS

 SLN_2 OUTER ITERATION SUMMARY
 ----------------------------------------------------------------------------------------------------------
                                OUTER      INNER                    STEP   MAXIMUM CHANGE MODEL-(CELLID) OR
 OUTER ITERATION STEP       ITERATION  ITERATION  MAXIMUM CHANGE SUCCESS             MODEL-PACKAGE-(NUMBER)
 ----------------------------------------------------------------------------------------------------------
 Model                              1          2       9.0166490                            2_GWT-(1,38,38)
 Model                              2          1  1.76927131E-08       *                    2_GWT-(1,32,28)
 ----------------------------------------------------------------------------------------------------------


 2 CALLS TO NUMERICAL SOLUTION IN TIME STEP 48 STRESS PERIOD 2
 3 TOTAL ITERATIONS
 
    Solving:  Stress period:     2    Time step:    49
 

 SLN_1 OUTER ITERATION SUMMARY
 ----------------------------------------------------------------------------------------------------------
                                OUTER      INNER                    STEP   MAXIMUM CHANGE MODEL-(CELLID) OR
 OUTER ITERATION STEP       ITERATION  ITERATION  MAXIMUM CHANGE SUCCESS             MODEL-PACKAGE-(NUMBER)
 ----------------------------------------------------------------------------------------------------------
 Model                              1          1 -1.43553715E-04       *                     1_GWF-(1,2,85)
 ----------------------------------------------------------------------------------------------------------


 1 CALLS TO NUMERICAL SOLUTION IN TIME STEP 49 STRESS PERIOD 2
 1 TOTAL ITERATIONS

 SLN_2 OUTER ITERATION SUMMARY
 ----------------------------------------------------------------------------------------------------------
                                OUTER      INNER                    STEP   MAXIMUM CHANGE MODEL-(CELLID) OR
 OUTER ITERATION STEP       ITERATION  ITERATION  MAXIMUM CHANGE SUCCESS             MODEL-PACKAGE-(NUMBER)
 ----------------------------------------------------------------------------------------------------------
 Model                              1          2       8.8294390                            2_GWT-(1,37,39)
 Model                              2          1 -1.25534996E-08       *                    2_GWT-(1,32,28)
 ----------------------------------------------------------------------------------------------------------


 2 CALLS TO NUMERICAL SOLUTION IN TIME STEP 49 STRESS PERIOD 2
 3 TOTAL ITERATIONS
 
    Solving:  Stress period:     2    Time step:    50
 

 SLN_1 OUTER ITERATION SUMMARY
 ----------------------------------------------------------------------------------------------------------
                                OUTER      INNER                    STEP   MAXIMUM CHANGE MODEL-(CELLID) OR
 OUTER ITERATION STEP       ITERATION  ITERATION  MAXIMUM CHANGE SUCCESS             MODEL-PACKAGE-(NUMBER)
 ----------------------------------------------------------------------------------------------------------
 Model                              1          1 -1.43829616E-04       *                     1_GWF-(1,2,88)
 ----------------------------------------------------------------------------------------------------------


 1 CALLS TO NUMERICAL SOLUTION IN TIME STEP 50 STRESS PERIOD 2
 1 TOTAL ITERATIONS

 SLN_2 OUTER ITERATION SUMMARY
 ----------------------------------------------------------------------------------------------------------
                                OUTER      INNER                    STEP   MAXIMUM CHANGE MODEL-(CELLID) OR
 OUTER ITERATION STEP       ITERATION  ITERATION  MAXIMUM CHANGE SUCCESS             MODEL-PACKAGE-(NUMBER)
 ----------------------------------------------------------------------------------------------------------
 Model                              1          2       8.6911709                            2_GWT-(1,38,39)
 Model                              2          1  1.52524819E-08       *                    2_GWT-(1,32,28)
 ----------------------------------------------------------------------------------------------------------


 2 CALLS TO NUMERICAL SOLUTION IN TIME STEP 50 STRESS PERIOD 2
 3 TOTAL ITERATIONS
 
    Solving:  Stress period:     2    Time step:    51
 

 SLN_1 OUTER ITERATION SUMMARY
 ----------------------------------------------------------------------------------------------------------
                                OUTER      INNER                    STEP   MAXIMUM CHANGE MODEL-(CELLID) OR
 OUTER ITERATION STEP       ITERATION  ITERATION  MAXIMUM CHANGE SUCCESS             MODEL-PACKAGE-(NUMBER)
 ----------------------------------------------------------------------------------------------------------
 Model                              1          1 -1.42216108E-04       *                     1_GWF-(1,2,85)
 ----------------------------------------------------------------------------------------------------------


 1 CALLS TO NUMERICAL SOLUTION IN TIME STEP 51 STRESS PERIOD 2
 1 TOTAL ITERATIONS

 SLN_2 OUTER ITERATION SUMMARY
 ----------------------------------------------------------------------------------------------------------
                                OUTER      INNER                    STEP   MAXIMUM CHANGE MODEL-(CELLID) OR
 OUTER ITERATION STEP       ITERATION  ITERATION  MAXIMUM CHANGE SUCCESS             MODEL-PACKAGE-(NUMBER)
 ----------------------------------------------------------------------------------------------------------
 Model                              1          2       8.5861737                            2_GWT-(1,37,39)
 Model                              2          1 -1.15716148E-08       *                    2_GWT-(1,32,28)
 ----------------------------------------------------------------------------------------------------------


 2 CALLS TO NUMERICAL SOLUTION IN TIME STEP 51 STRESS PERIOD 2
 3 TOTAL ITERATIONS
 
    Solving:  Stress period:     2    Time step:    52
 

 SLN_1 OUTER ITERATION SUMMARY
 ----------------------------------------------------------------------------------------------------------
                                OUTER      INNER                    STEP   MAXIMUM CHANGE MODEL-(CELLID) OR
 OUTER ITERATION STEP       ITERATION  ITERATION  MAXIMUM CHANGE SUCCESS             MODEL-PACKAGE-(NUMBER)
 ----------------------------------------------------------------------------------------------------------
 Model                              1          1 -1.42455409E-04       *                     1_GWF-(1,2,88)
 ----------------------------------------------------------------------------------------------------------


 1 CALLS TO NUMERICAL SOLUTION IN TIME STEP 52 STRESS PERIOD 2
 1 TOTAL ITERATIONS

 SLN_2 OUTER ITERATION SUMMARY
 ----------------------------------------------------------------------------------------------------------
                                OUTER      INNER                    STEP   MAXIMUM CHANGE MODEL-(CELLID) OR
 OUTER ITERATION STEP       ITERATION  ITERATION  MAXIMUM CHANGE SUCCESS             MODEL-PACKAGE-(NUMBER)
 ----------------------------------------------------------------------------------------------------------
 Model                              1          2       8.4062451                            2_GWT-(1,38,39)
 Model                              2          1  1.36733718E-08       *                    2_GWT-(1,32,28)
 ----------------------------------------------------------------------------------------------------------


 2 CALLS TO NUMERICAL SOLUTION IN TIME STEP 52 STRESS PERIOD 2
 3 TOTAL ITERATIONS
 
    Solving:  Stress period:     2    Time step:    53
 

 SLN_1 OUTER ITERATION SUMMARY
 ----------------------------------------------------------------------------------------------------------
                                OUTER      INNER                    STEP   MAXIMUM CHANGE MODEL-(CELLID) OR
 OUTER ITERATION STEP       ITERATION  ITERATION  MAXIMUM CHANGE SUCCESS             MODEL-PACKAGE-(NUMBER)
 ----------------------------------------------------------------------------------------------------------
 Model                              1          1 -1.40889511E-04       *                     1_GWF-(1,2,85)
 ----------------------------------------------------------------------------------------------------------


 1 CALLS TO NUMERICAL SOLUTION IN TIME STEP 53 STRESS PERIOD 2
 1 TOTAL ITERATIONS

 SLN_2 OUTER ITERATION SUMMARY
 ----------------------------------------------------------------------------------------------------------
                                OUTER      INNER                    STEP   MAXIMUM CHANGE MODEL-(CELLID) OR
 OUTER ITERATION STEP       ITERATION  ITERATION  MAXIMUM CHANGE SUCCESS             MODEL-PACKAGE-(NUMBER)
 ----------------------------------------------------------------------------------------------------------
 Model                              1          2       8.3565130                            2_GWT-(1,38,40)
 Model                              2          1 -1.09321832E-08       *                    2_GWT-(1,32,28)
 ----------------------------------------------------------------------------------------------------------


 2 CALLS TO NUMERICAL SOLUTION IN TIME STEP 53 STRESS PERIOD 2
 3 TOTAL ITERATIONS
 
    Solving:  Stress period:     2    Time step:    54
 

 SLN_1 OUTER ITERATION SUMMARY
 ----------------------------------------------------------------------------------------------------------
                                OUTER      INNER                    STEP   MAXIMUM CHANGE MODEL-(CELLID) OR
 OUTER ITERATION STEP       ITERATION  ITERATION  MAXIMUM CHANGE SUCCESS             MODEL-PACKAGE-(NUMBER)
 ----------------------------------------------------------------------------------------------------------
 Model                              1          1 -1.41091217E-04       *                     1_GWF-(1,2,88)
 ----------------------------------------------------------------------------------------------------------


 1 CALLS TO NUMERICAL SOLUTION IN TIME STEP 54 STRESS PERIOD 2
 1 TOTAL ITERATIONS

 SLN_2 OUTER ITERATION SUMMARY
 ----------------------------------------------------------------------------------------------------------
                                OUTER      INNER                    STEP   MAXIMUM CHANGE MODEL-(CELLID) OR
 OUTER ITERATION STEP       ITERATION  ITERATION  MAXIMUM CHANGE SUCCESS             MODEL-PACKAGE-(NUMBER)
 ----------------------------------------------------------------------------------------------------------
 Model                              1          2       8.1423556                            2_GWT-(1,38,40)
 Model                              2          1  1.25861277E-08       *                    2_GWT-(1,32,28)
 ----------------------------------------------------------------------------------------------------------


 2 CALLS TO NUMERICAL SOLUTION IN TIME STEP 54 STRESS PERIOD 2
 3 TOTAL ITERATIONS
 
    Solving:  Stress period:     2    Time step:    55
 

 SLN_1 OUTER ITERATION SUMMARY
 ----------------------------------------------------------------------------------------------------------
                                OUTER      INNER                    STEP   MAXIMUM CHANGE MODEL-(CELLID) OR
 OUTER ITERATION STEP       ITERATION  ITERATION  MAXIMUM CHANGE SUCCESS             MODEL-PACKAGE-(NUMBER)
 ----------------------------------------------------------------------------------------------------------
 Model                              1          1 -1.39574898E-04       *                     1_GWF-(1,2,85)
 ----------------------------------------------------------------------------------------------------------


 1 CALLS TO NUMERICAL SOLUTION IN TIME STEP 55 STRESS PERIOD 2
 1 TOTAL ITERATIONS

 SLN_2 OUTER ITERATION SUMMARY
 ----------------------------------------------------------------------------------------------------------
                                OUTER      INNER                    STEP   MAXIMUM CHANGE MODEL-(CELLID) OR
 OUTER ITERATION STEP       ITERATION  ITERATION  MAXIMUM CHANGE SUCCESS             MODEL-PACKAGE-(NUMBER)
 ----------------------------------------------------------------------------------------------------------
 Model                              1          2       8.1159060                            2_GWT-(1,38,40)
 Model                              2          1 -1.04724336E-08       *                    2_GWT-(1,32,28)
 ----------------------------------------------------------------------------------------------------------


 2 CALLS TO NUMERICAL SOLUTION IN TIME STEP 55 STRESS PERIOD 2
 3 TOTAL ITERATIONS
 
    Solving:  Stress period:     2    Time step:    56
 

 SLN_1 OUTER ITERATION SUMMARY
 ----------------------------------------------------------------------------------------------------------
                                OUTER      INNER                    STEP   MAXIMUM CHANGE MODEL-(CELLID) OR
 OUTER ITERATION STEP       ITERATION  ITERATION  MAXIMUM CHANGE SUCCESS             MODEL-PACKAGE-(NUMBER)
 ----------------------------------------------------------------------------------------------------------
 Model                              1          1 -1.39738258E-04       *                     1_GWF-(1,2,88)
 ----------------------------------------------------------------------------------------------------------


 1 CALLS TO NUMERICAL SOLUTION IN TIME STEP 56 STRESS PERIOD 2
 1 TOTAL ITERATIONS

 SLN_2 OUTER ITERATION SUMMARY
 ----------------------------------------------------------------------------------------------------------
                                OUTER      INNER                    STEP   MAXIMUM CHANGE MODEL-(CELLID) OR
 OUTER ITERATION STEP       ITERATION  ITERATION  MAXIMUM CHANGE SUCCESS             MODEL-PACKAGE-(NUMBER)
 ----------------------------------------------------------------------------------------------------------
 Model                              1          2       7.9306404                            2_GWT-(1,37,41)
 Model                              2          1  1.17875061E-08       *                    2_GWT-(1,32,28)
 ----------------------------------------------------------------------------------------------------------


 2 CALLS TO NUMERICAL SOLUTION IN TIME STEP 56 STRESS PERIOD 2
 3 TOTAL ITERATIONS
 
    Solving:  Stress period:     2    Time step:    57
 

 SLN_1 OUTER ITERATION SUMMARY
 ----------------------------------------------------------------------------------------------------------
                                OUTER      INNER                    STEP   MAXIMUM CHANGE MODEL-(CELLID) OR
 OUTER ITERATION STEP       ITERATION  ITERATION  MAXIMUM CHANGE SUCCESS             MODEL-PACKAGE-(NUMBER)
 ----------------------------------------------------------------------------------------------------------
 Model                              1          1 -1.38273065E-04       *                     1_GWF-(1,2,85)
 ----------------------------------------------------------------------------------------------------------


 1 CALLS TO NUMERICAL SOLUTION IN TIME STEP 57 STRESS PERIOD 2
 1 TOTAL ITERATIONS

 SLN_2 OUTER ITERATION SUMMARY
 ----------------------------------------------------------------------------------------------------------
                                OUTER      INNER                    STEP   MAXIMUM CHANGE MODEL-(CELLID) OR
 OUTER ITERATION STEP       ITERATION  ITERATION  MAXIMUM CHANGE SUCCESS             MODEL-PACKAGE-(NUMBER)
 ----------------------------------------------------------------------------------------------------------
 Model                              1          2       7.8907996                            2_GWT-(1,38,41)
 Model                              2          1 -1.01090905E-08       *                    2_GWT-(1,32,28)
 ----------------------------------------------------------------------------------------------------------


 2 CALLS TO NUMERICAL SOLUTION IN TIME STEP 57 STRESS PERIOD 2
 3 TOTAL ITERATIONS
 
    Solving:  Stress period:     2    Time step:    58
 

 SLN_1 OUTER ITERATION SUMMARY
 ----------------------------------------------------------------------------------------------------------
                                OUTER      INNER                    STEP   MAXIMUM CHANGE MODEL-(CELLID) OR
 OUTER ITERATION STEP       ITERATION  ITERATION  MAXIMUM CHANGE SUCCESS             MODEL-PACKAGE-(NUMBER)
 ----------------------------------------------------------------------------------------------------------
 Model                              1          1 -1.38397548E-04       *                     1_GWF-(1,2,88)
 ----------------------------------------------------------------------------------------------------------


 1 CALLS TO NUMERICAL SOLUTION IN TIME STEP 58 STRESS PERIOD 2
 1 TOTAL ITERATIONS

 SLN_2 OUTER ITERATION SUMMARY
 ----------------------------------------------------------------------------------------------------------
                                OUTER      INNER                    STEP   MAXIMUM CHANGE MODEL-(CELLID) OR
 OUTER ITERATION STEP       ITERATION  ITERATION  MAXIMUM CHANGE SUCCESS             MODEL-PACKAGE-(NUMBER)
 ----------------------------------------------------------------------------------------------------------
 Model                              1          2       7.7405959                            2_GWT-(1,37,41)
 Model                              2          1  1.11644454E-08       *                    2_GWT-(1,32,28)
 ----------------------------------------------------------------------------------------------------------


 2 CALLS TO NUMERICAL SOLUTION IN TIME STEP 58 STRESS PERIOD 2
 3 TOTAL ITERATIONS
 
    Solving:  Stress period:     2    Time step:    59
 

 SLN_1 OUTER ITERATION SUMMARY
 ----------------------------------------------------------------------------------------------------------
                                OUTER      INNER                    STEP   MAXIMUM CHANGE MODEL-(CELLID) OR
 OUTER ITERATION STEP       ITERATION  ITERATION  MAXIMUM CHANGE SUCCESS             MODEL-PACKAGE-(NUMBER)
 ----------------------------------------------------------------------------------------------------------
 Model                              1          1 -1.36984659E-04       *                     1_GWF-(1,2,85)
 ----------------------------------------------------------------------------------------------------------


 1 CALLS TO NUMERICAL SOLUTION IN TIME STEP 59 STRESS PERIOD 2
 1 TOTAL ITERATIONS

 SLN_2 OUTER ITERATION SUMMARY
 ----------------------------------------------------------------------------------------------------------
                                OUTER      INNER                    STEP   MAXIMUM CHANGE MODEL-(CELLID) OR
 OUTER ITERATION STEP       ITERATION  ITERATION  MAXIMUM CHANGE SUCCESS             MODEL-PACKAGE-(NUMBER)
 ----------------------------------------------------------------------------------------------------------
 Model                              1          2       7.6668383                            2_GWT-(1,38,41)
 Model                              2          1 -9.79835590E-09       *                    2_GWT-(1,32,28)
 ----------------------------------------------------------------------------------------------------------


 2 CALLS TO NUMERICAL SOLUTION IN TIME STEP 59 STRESS PERIOD 2
 3 TOTAL ITERATIONS
 
    Solving:  Stress period:     2    Time step:    60
 

 SLN_1 OUTER ITERATION SUMMARY
 ----------------------------------------------------------------------------------------------------------
                                OUTER      INNER                    STEP   MAXIMUM CHANGE MODEL-(CELLID) OR
 OUTER ITERATION STEP       ITERATION  ITERATION  MAXIMUM CHANGE SUCCESS             MODEL-PACKAGE-(NUMBER)
 ----------------------------------------------------------------------------------------------------------
 Model                              1          1 -1.37069934E-04       *                     1_GWF-(1,2,88)
 ----------------------------------------------------------------------------------------------------------


 1 CALLS TO NUMERICAL SOLUTION IN TIME STEP 60 STRESS PERIOD 2
 1 TOTAL ITERATIONS

 SLN_2 OUTER ITERATION SUMMARY
 ----------------------------------------------------------------------------------------------------------
                                OUTER      INNER                    STEP   MAXIMUM CHANGE MODEL-(CELLID) OR
 OUTER ITERATION STEP       ITERATION  ITERATION  MAXIMUM CHANGE SUCCESS             MODEL-PACKAGE-(NUMBER)
 ----------------------------------------------------------------------------------------------------------
 Model                              1          2       7.5460400                            2_GWT-(1,38,42)
 Model                              2          1  1.06520588E-08       *                    2_GWT-(1,32,28)
 ----------------------------------------------------------------------------------------------------------


 2 CALLS TO NUMERICAL SOLUTION IN TIME STEP 60 STRESS PERIOD 2
 3 TOTAL ITERATIONS
 
    Solving:  Stress period:     2    Time step:    61
 

 SLN_1 OUTER ITERATION SUMMARY
 ----------------------------------------------------------------------------------------------------------
                                OUTER      INNER                    STEP   MAXIMUM CHANGE MODEL-(CELLID) OR
 OUTER ITERATION STEP       ITERATION  ITERATION  MAXIMUM CHANGE SUCCESS             MODEL-PACKAGE-(NUMBER)
 ----------------------------------------------------------------------------------------------------------
 Model                              1          1 -1.35710204E-04       *                     1_GWF-(1,2,85)
 ----------------------------------------------------------------------------------------------------------


 1 CALLS TO NUMERICAL SOLUTION IN TIME STEP 61 STRESS PERIOD 2
 1 TOTAL ITERATIONS

 SLN_2 OUTER ITERATION SUMMARY
 ----------------------------------------------------------------------------------------------------------
                                OUTER      INNER                    STEP   MAXIMUM CHANGE MODEL-(CELLID) OR
 OUTER ITERATION STEP       ITERATION  ITERATION  MAXIMUM CHANGE SUCCESS             MODEL-PACKAGE-(NUMBER)
 ----------------------------------------------------------------------------------------------------------
 Model                              1          2       7.4451832                            2_GWT-(1,38,42)
 Model                              2          1 -9.51760626E-09       *                    2_GWT-(1,32,28)
 ----------------------------------------------------------------------------------------------------------


 2 CALLS TO NUMERICAL SOLUTION IN TIME STEP 61 STRESS PERIOD 2
 3 TOTAL ITERATIONS
 
    Solving:  Stress period:     2    Time step:    62
 

 SLN_1 OUTER ITERATION SUMMARY
 ----------------------------------------------------------------------------------------------------------
                                OUTER      INNER                    STEP   MAXIMUM CHANGE MODEL-(CELLID) OR
 OUTER ITERATION STEP       ITERATION  ITERATION  MAXIMUM CHANGE SUCCESS             MODEL-PACKAGE-(NUMBER)
 ----------------------------------------------------------------------------------------------------------
 Model                              1          1 -1.35756112E-04       *                     1_GWF-(1,2,88)
 ----------------------------------------------------------------------------------------------------------


 1 CALLS TO NUMERICAL SOLUTION IN TIME STEP 62 STRESS PERIOD 2
 1 TOTAL ITERATIONS

 SLN_2 OUTER ITERATION SUMMARY
 ----------------------------------------------------------------------------------------------------------
                                OUTER      INNER                    STEP   MAXIMUM CHANGE MODEL-(CELLID) OR
 OUTER ITERATION STEP       ITERATION  ITERATION  MAXIMUM CHANGE SUCCESS             MODEL-PACKAGE-(NUMBER)
 ----------------------------------------------------------------------------------------------------------
 Model                              1          2       7.3650125                            2_GWT-(1,37,42)
 Model                              2          1  1.02123465E-08       *                    2_GWT-(1,32,28)
 ----------------------------------------------------------------------------------------------------------


 2 CALLS TO NUMERICAL SOLUTION IN TIME STEP 62 STRESS PERIOD 2
 3 TOTAL ITERATIONS
 
    Solving:  Stress period:     2    Time step:    63
 

 SLN_1 OUTER ITERATION SUMMARY
 ----------------------------------------------------------------------------------------------------------
                                OUTER      INNER                    STEP   MAXIMUM CHANGE MODEL-(CELLID) OR
 OUTER ITERATION STEP       ITERATION  ITERATION  MAXIMUM CHANGE SUCCESS             MODEL-PACKAGE-(NUMBER)
 ----------------------------------------------------------------------------------------------------------
 Model                              1          1 -1.34450115E-04       *                     1_GWF-(1,2,85)
 ----------------------------------------------------------------------------------------------------------


 1 CALLS TO NUMERICAL SOLUTION IN TIME STEP 63 STRESS PERIOD 2
 1 TOTAL ITERATIONS

 SLN_2 OUTER ITERATION SUMMARY
 ----------------------------------------------------------------------------------------------------------
                                OUTER      INNER                    STEP   MAXIMUM CHANGE MODEL-(CELLID) OR
 OUTER ITERATION STEP       ITERATION  ITERATION  MAXIMUM CHANGE SUCCESS             MODEL-PACKAGE-(NUMBER)
 ----------------------------------------------------------------------------------------------------------
 Model                              1          2       7.2351969                            2_GWT-(1,38,42)
 Model                              2          1 -9.25413701E-09       *                    2_GWT-(1,32,28)
 ----------------------------------------------------------------------------------------------------------


 2 CALLS TO NUMERICAL SOLUTION IN TIME STEP 63 STRESS PERIOD 2
 3 TOTAL ITERATIONS
 
    Solving:  Stress period:     2    Time step:    64
 

 SLN_1 OUTER ITERATION SUMMARY
 ----------------------------------------------------------------------------------------------------------
                                OUTER      INNER                    STEP   MAXIMUM CHANGE MODEL-(CELLID) OR
 OUTER ITERATION STEP       ITERATION  ITERATION  MAXIMUM CHANGE SUCCESS             MODEL-PACKAGE-(NUMBER)
 ----------------------------------------------------------------------------------------------------------
 Model                              1          1 -1.34456654E-04       *                     1_GWF-(1,2,88)
 ----------------------------------------------------------------------------------------------------------


 1 CALLS TO NUMERICAL SOLUTION IN TIME STEP 64 STRESS PERIOD 2
 1 TOTAL ITERATIONS

 SLN_2 OUTER ITERATION SUMMARY
 ----------------------------------------------------------------------------------------------------------
                                OUTER      INNER                    STEP   MAXIMUM CHANGE MODEL-(CELLID) OR
 OUTER ITERATION STEP       ITERATION  ITERATION  MAXIMUM CHANGE SUCCESS             MODEL-PACKAGE-(NUMBER)
 ----------------------------------------------------------------------------------------------------------
 Model                              1          2       7.1806839                            2_GWT-(1,38,43)
 Model                              2          1  9.82191750E-09       *                    2_GWT-(1,32,28)
 ----------------------------------------------------------------------------------------------------------


 2 CALLS TO NUMERICAL SOLUTION IN TIME STEP 64 STRESS PERIOD 2
 3 TOTAL ITERATIONS
 
    Solving:  Stress period:     2    Time step:    65
 

 SLN_1 OUTER ITERATION SUMMARY
 ----------------------------------------------------------------------------------------------------------
                                OUTER      INNER                    STEP   MAXIMUM CHANGE MODEL-(CELLID) OR
 OUTER ITERATION STEP       ITERATION  ITERATION  MAXIMUM CHANGE SUCCESS             MODEL-PACKAGE-(NUMBER)
 ----------------------------------------------------------------------------------------------------------
 Model                              1          1 -1.33204721E-04       *                     1_GWF-(1,2,85)
 ----------------------------------------------------------------------------------------------------------


 1 CALLS TO NUMERICAL SOLUTION IN TIME STEP 65 STRESS PERIOD 2
 1 TOTAL ITERATIONS

 SLN_2 OUTER ITERATION SUMMARY
 ----------------------------------------------------------------------------------------------------------
                                OUTER      INNER                    STEP   MAXIMUM CHANGE MODEL-(CELLID) OR
 OUTER ITERATION STEP       ITERATION  ITERATION  MAXIMUM CHANGE SUCCESS             MODEL-PACKAGE-(NUMBER)
 ----------------------------------------------------------------------------------------------------------
 Model                              1          2       7.0606416                            2_GWT-(1,38,43)
 Model                              2          1 -9.00115538E-09       *                    2_GWT-(1,32,28)
 ----------------------------------------------------------------------------------------------------------


 2 CALLS TO NUMERICAL SOLUTION IN TIME STEP 65 STRESS PERIOD 2
 3 TOTAL ITERATIONS
 
    Solving:  Stress period:     2    Time step:    66
 

 SLN_1 OUTER ITERATION SUMMARY
 ----------------------------------------------------------------------------------------------------------
                                OUTER      INNER                    STEP   MAXIMUM CHANGE MODEL-(CELLID) OR
 OUTER ITERATION STEP       ITERATION  ITERATION  MAXIMUM CHANGE SUCCESS             MODEL-PACKAGE-(NUMBER)
 ----------------------------------------------------------------------------------------------------------
 Model                              1          1 -1.33172018E-04       *                     1_GWF-(1,2,88)
 ----------------------------------------------------------------------------------------------------------


 1 CALLS TO NUMERICAL SOLUTION IN TIME STEP 66 STRESS PERIOD 2
 1 TOTAL ITERATIONS

 SLN_2 OUTER ITERATION SUMMARY
 ----------------------------------------------------------------------------------------------------------
                                OUTER      INNER                    STEP   MAXIMUM CHANGE MODEL-(CELLID) OR
 OUTER ITERATION STEP       ITERATION  ITERATION  MAXIMUM CHANGE SUCCESS             MODEL-PACKAGE-(NUMBER)
 ----------------------------------------------------------------------------------------------------------
 Model                              1          2       6.9997738                            2_GWT-(1,38,43)
 Model                              2          1  9.46647560E-09       *                    2_GWT-(1,32,28)
 ----------------------------------------------------------------------------------------------------------


 2 CALLS TO NUMERICAL SOLUTION IN TIME STEP 66 STRESS PERIOD 2
 3 TOTAL ITERATIONS
 
    Solving:  Stress period:     2    Time step:    67
 

 SLN_1 OUTER ITERATION SUMMARY
 ----------------------------------------------------------------------------------------------------------
                                OUTER      INNER                    STEP   MAXIMUM CHANGE MODEL-(CELLID) OR
 OUTER ITERATION STEP       ITERATION  ITERATION  MAXIMUM CHANGE SUCCESS             MODEL-PACKAGE-(NUMBER)
 ----------------------------------------------------------------------------------------------------------
 Model                              1          1 -1.31974268E-04       *                     1_GWF-(1,2,85)
 ----------------------------------------------------------------------------------------------------------


 1 CALLS TO NUMERICAL SOLUTION IN TIME STEP 67 STRESS PERIOD 2
 1 TOTAL ITERATIONS

 SLN_2 OUTER ITERATION SUMMARY
 ----------------------------------------------------------------------------------------------------------
                                OUTER      INNER                    STEP   MAXIMUM CHANGE MODEL-(CELLID) OR
 OUTER ITERATION STEP       ITERATION  ITERATION  MAXIMUM CHANGE SUCCESS             MODEL-PACKAGE-(NUMBER)
 ----------------------------------------------------------------------------------------------------------
 Model                              1          2       6.8876399                            2_GWT-(1,38,44)
 Model                              2          1 -8.75496653E-09       *                    2_GWT-(1,32,28)
 ----------------------------------------------------------------------------------------------------------


 2 CALLS TO NUMERICAL SOLUTION IN TIME STEP 67 STRESS PERIOD 2
 3 TOTAL ITERATIONS
 
    Solving:  Stress period:     2    Time step:    68
 

 SLN_1 OUTER ITERATION SUMMARY
 ----------------------------------------------------------------------------------------------------------
                                OUTER      INNER                    STEP   MAXIMUM CHANGE MODEL-(CELLID) OR
 OUTER ITERATION STEP       ITERATION  ITERATION  MAXIMUM CHANGE SUCCESS             MODEL-PACKAGE-(NUMBER)
 ----------------------------------------------------------------------------------------------------------
 Model                              1          1 -1.31902565E-04       *                     1_GWF-(1,2,88)
 ----------------------------------------------------------------------------------------------------------


 1 CALLS TO NUMERICAL SOLUTION IN TIME STEP 68 STRESS PERIOD 2
 1 TOTAL ITERATIONS

 SLN_2 OUTER ITERATION SUMMARY
 ----------------------------------------------------------------------------------------------------------
                                OUTER      INNER                    STEP   MAXIMUM CHANGE MODEL-(CELLID) OR
 OUTER ITERATION STEP       ITERATION  ITERATION  MAXIMUM CHANGE SUCCESS             MODEL-PACKAGE-(NUMBER)
 ----------------------------------------------------------------------------------------------------------
 Model                              1          2       6.8259707                            2_GWT-(1,38,44)
 Model                              2          1  9.13661324E-09       *                    2_GWT-(1,32,28)
 ----------------------------------------------------------------------------------------------------------


 2 CALLS TO NUMERICAL SOLUTION IN TIME STEP 68 STRESS PERIOD 2
 3 TOTAL ITERATIONS
 
    Solving:  Stress period:     2    Time step:    69
 

 SLN_1 OUTER ITERATION SUMMARY
 ----------------------------------------------------------------------------------------------------------
                                OUTER      INNER                    STEP   MAXIMUM CHANGE MODEL-(CELLID) OR
 OUTER ITERATION STEP       ITERATION  ITERATION  MAXIMUM CHANGE SUCCESS             MODEL-PACKAGE-(NUMBER)
 ----------------------------------------------------------------------------------------------------------
 Model                              1          1 -1.30758937E-04       *                     1_GWF-(1,2,85)
 ----------------------------------------------------------------------------------------------------------


 1 CALLS TO NUMERICAL SOLUTION IN TIME STEP 69 STRESS PERIOD 2
 1 TOTAL ITERATIONS

 SLN_2 OUTER ITERATION SUMMARY
 ----------------------------------------------------------------------------------------------------------
                                OUTER      INNER                    STEP   MAXIMUM CHANGE MODEL-(CELLID) OR
 OUTER ITERATION STEP       ITERATION  ITERATION  MAXIMUM CHANGE SUCCESS             MODEL-PACKAGE-(NUMBER)
 ----------------------------------------------------------------------------------------------------------
 Model                              1          2       6.7387802                            2_GWT-(1,37,44)
 Model                              2          1 -8.51352411E-09       *                    2_GWT-(1,32,28)
 ----------------------------------------------------------------------------------------------------------


 2 CALLS TO NUMERICAL SOLUTION IN TIME STEP 69 STRESS PERIOD 2
 3 TOTAL ITERATIONS
 
    Solving:  Stress period:     2    Time step:    70
 

 SLN_1 OUTER ITERATION SUMMARY
 ----------------------------------------------------------------------------------------------------------
                                OUTER      INNER                    STEP   MAXIMUM CHANGE MODEL-(CELLID) OR
 OUTER ITERATION STEP       ITERATION  ITERATION  MAXIMUM CHANGE SUCCESS             MODEL-PACKAGE-(NUMBER)
 ----------------------------------------------------------------------------------------------------------
 Model                              1          1 -1.30648572E-04       *                     1_GWF-(1,2,88)
 ----------------------------------------------------------------------------------------------------------


 1 CALLS TO NUMERICAL SOLUTION IN TIME STEP 70 STRESS PERIOD 2
 1 TOTAL ITERATIONS

 SLN_2 OUTER ITERATION SUMMARY
 ----------------------------------------------------------------------------------------------------------
                                OUTER      INNER                    STEP   MAXIMUM CHANGE MODEL-(CELLID) OR
 OUTER ITERATION STEP       ITERATION  ITERATION  MAXIMUM CHANGE SUCCESS             MODEL-PACKAGE-(NUMBER)
 ----------------------------------------------------------------------------------------------------------
 Model                              1          2       6.6548303                            2_GWT-(1,38,44)
 Model                              2          1  8.82621976E-09       *                    2_GWT-(1,32,28)
 ----------------------------------------------------------------------------------------------------------


 2 CALLS TO NUMERICAL SOLUTION IN TIME STEP 70 STRESS PERIOD 2
 3 TOTAL ITERATIONS
 
    Solving:  Stress period:     2    Time step:    71
 

 SLN_1 OUTER ITERATION SUMMARY
 ----------------------------------------------------------------------------------------------------------
                                OUTER      INNER                    STEP   MAXIMUM CHANGE MODEL-(CELLID) OR
 OUTER ITERATION STEP       ITERATION  ITERATION  MAXIMUM CHANGE SUCCESS             MODEL-PACKAGE-(NUMBER)
 ----------------------------------------------------------------------------------------------------------
 Model                              1          1 -1.29558851E-04       *                     1_GWF-(1,2,85)
 ----------------------------------------------------------------------------------------------------------


 1 CALLS TO NUMERICAL SOLUTION IN TIME STEP 71 STRESS PERIOD 2
 1 TOTAL ITERATIONS

 SLN_2 OUTER ITERATION SUMMARY
 ----------------------------------------------------------------------------------------------------------
                                OUTER      INNER                    STEP   MAXIMUM CHANGE MODEL-(CELLID) OR
 OUTER ITERATION STEP       ITERATION  ITERATION  MAXIMUM CHANGE SUCCESS             MODEL-PACKAGE-(NUMBER)
 ----------------------------------------------------------------------------------------------------------
 Model                              1          2       6.5771510                            2_GWT-(1,38,45)
 Model                              2          1 -8.27594704E-09       *                    2_GWT-(1,32,28)
 ----------------------------------------------------------------------------------------------------------


 2 CALLS TO NUMERICAL SOLUTION IN TIME STEP 71 STRESS PERIOD 2
 3 TOTAL ITERATIONS
 
    Solving:  Stress period:     2    Time step:    72
 

 SLN_1 OUTER ITERATION SUMMARY
 ----------------------------------------------------------------------------------------------------------
                                OUTER      INNER                    STEP   MAXIMUM CHANGE MODEL-(CELLID) OR
 OUTER ITERATION STEP       ITERATION  ITERATION  MAXIMUM CHANGE SUCCESS             MODEL-PACKAGE-(NUMBER)
 ----------------------------------------------------------------------------------------------------------
 Model                              1          1 -1.29410241E-04       *                     1_GWF-(1,2,88)
 ----------------------------------------------------------------------------------------------------------


 1 CALLS TO NUMERICAL SOLUTION IN TIME STEP 72 STRESS PERIOD 2
 1 TOTAL ITERATIONS

 SLN_2 OUTER ITERATION SUMMARY
 ----------------------------------------------------------------------------------------------------------
                                OUTER      INNER                    STEP   MAXIMUM CHANGE MODEL-(CELLID) OR
 OUTER ITERATION STEP       ITERATION  ITERATION  MAXIMUM CHANGE SUCCESS             MODEL-PACKAGE-(NUMBER)
 ----------------------------------------------------------------------------------------------------------
 Model                              1          2       6.4993182                            2_GWT-(1,38,45)
 Model                              2          1  8.53142978E-09       *                    2_GWT-(1,32,28)
 ----------------------------------------------------------------------------------------------------------


 2 CALLS TO NUMERICAL SOLUTION IN TIME STEP 72 STRESS PERIOD 2
 3 TOTAL ITERATIONS
 
    Solving:  Stress period:     2    Time step:    73
 

 SLN_1 OUTER ITERATION SUMMARY
 ----------------------------------------------------------------------------------------------------------
                                OUTER      INNER                    STEP   MAXIMUM CHANGE MODEL-(CELLID) OR
 OUTER ITERATION STEP       ITERATION  ITERATION  MAXIMUM CHANGE SUCCESS             MODEL-PACKAGE-(NUMBER)
 ----------------------------------------------------------------------------------------------------------
 Model                              1          1 -1.28374079E-04       *                     1_GWF-(1,2,85)
 ----------------------------------------------------------------------------------------------------------


 1 CALLS TO NUMERICAL SOLUTION IN TIME STEP 73 STRESS PERIOD 2
 1 TOTAL ITERATIONS

 SLN_2 OUTER ITERATION SUMMARY
 ----------------------------------------------------------------------------------------------------------
                                OUTER      INNER                    STEP   MAXIMUM CHANGE MODEL-(CELLID) OR
 OUTER ITERATION STEP       ITERATION  ITERATION  MAXIMUM CHANGE SUCCESS             MODEL-PACKAGE-(NUMBER)
 ----------------------------------------------------------------------------------------------------------
 Model                              1          2       6.4326593                            2_GWT-(1,37,45)
 Model                              2          1 -8.04095635E-09       *                    2_GWT-(1,32,28)
 ----------------------------------------------------------------------------------------------------------


 2 CALLS TO NUMERICAL SOLUTION IN TIME STEP 73 STRESS PERIOD 2
 3 TOTAL ITERATIONS
 
    Solving:  Stress period:     2    Time step:    74
 

 SLN_1 OUTER ITERATION SUMMARY
 ----------------------------------------------------------------------------------------------------------
                                OUTER      INNER                    STEP   MAXIMUM CHANGE MODEL-(CELLID) OR
 OUTER ITERATION STEP       ITERATION  ITERATION  MAXIMUM CHANGE SUCCESS             MODEL-PACKAGE-(NUMBER)
 ----------------------------------------------------------------------------------------------------------
 Model                              1          1 -1.28187710E-04       *                     1_GWF-(1,2,88)
 ----------------------------------------------------------------------------------------------------------


 1 CALLS TO NUMERICAL SOLUTION IN TIME STEP 74 STRESS PERIOD 2
 1 TOTAL ITERATIONS

 SLN_2 OUTER ITERATION SUMMARY
 ----------------------------------------------------------------------------------------------------------
                                OUTER      INNER                    STEP   MAXIMUM CHANGE MODEL-(CELLID) OR
 OUTER ITERATION STEP       ITERATION  ITERATION  MAXIMUM CHANGE SUCCESS             MODEL-PACKAGE-(NUMBER)
 ----------------------------------------------------------------------------------------------------------
 Model                              1          2       6.3376694                            2_GWT-(1,38,46)
 Model                              2          1  8.24903168E-09       *                    2_GWT-(1,32,28)
 ----------------------------------------------------------------------------------------------------------


 2 CALLS TO NUMERICAL SOLUTION IN TIME STEP 74 STRESS PERIOD 2
 3 TOTAL ITERATIONS
 
    Solving:  Stress period:     2    Time step:    75
 

 SLN_1 OUTER ITERATION SUMMARY
 ----------------------------------------------------------------------------------------------------------
                                OUTER      INNER                    STEP   MAXIMUM CHANGE MODEL-(CELLID) OR
 OUTER ITERATION STEP       ITERATION  ITERATION  MAXIMUM CHANGE SUCCESS             MODEL-PACKAGE-(NUMBER)
 ----------------------------------------------------------------------------------------------------------
 Model                              1          1 -1.27204645E-04       *                     1_GWF-(1,2,85)
 ----------------------------------------------------------------------------------------------------------


 1 CALLS TO NUMERICAL SOLUTION IN TIME STEP 75 STRESS PERIOD 2
 1 TOTAL ITERATIONS

 SLN_2 OUTER ITERATION SUMMARY
 ----------------------------------------------------------------------------------------------------------
                                OUTER      INNER                    STEP   MAXIMUM CHANGE MODEL-(CELLID) OR
 OUTER ITERATION STEP       ITERATION  ITERATION  MAXIMUM CHANGE SUCCESS             MODEL-PACKAGE-(NUMBER)
 ----------------------------------------------------------------------------------------------------------
 Model                              1          2       6.2835793                            2_GWT-(1,38,46)
 Model                              2          1 -7.80957521E-09       *                    2_GWT-(1,32,28)
 ----------------------------------------------------------------------------------------------------------


 2 CALLS TO NUMERICAL SOLUTION IN TIME STEP 75 STRESS PERIOD 2
 3 TOTAL ITERATIONS
 
    Solving:  Stress period:     2    Time step:    76
 

 SLN_1 OUTER ITERATION SUMMARY
 ----------------------------------------------------------------------------------------------------------
                                OUTER      INNER                    STEP   MAXIMUM CHANGE MODEL-(CELLID) OR
 OUTER ITERATION STEP       ITERATION  ITERATION  MAXIMUM CHANGE SUCCESS             MODEL-PACKAGE-(NUMBER)
 ----------------------------------------------------------------------------------------------------------
 Model                              1          1 -1.26981058E-04       *                     1_GWF-(1,2,88)
 ----------------------------------------------------------------------------------------------------------


 1 CALLS TO NUMERICAL SOLUTION IN TIME STEP 76 STRESS PERIOD 2
 1 TOTAL ITERATIONS

 SLN_2 OUTER ITERATION SUMMARY
 ----------------------------------------------------------------------------------------------------------
                                OUTER      INNER                    STEP   MAXIMUM CHANGE MODEL-(CELLID) OR
 OUTER ITERATION STEP       ITERATION  ITERATION  MAXIMUM CHANGE SUCCESS             MODEL-PACKAGE-(NUMBER)
 ----------------------------------------------------------------------------------------------------------
 Model                              1          2       6.2096528                            2_GWT-(1,37,46)
 Model                              2          1  7.97720645E-09       *                    2_GWT-(1,32,28)
 ----------------------------------------------------------------------------------------------------------


 2 CALLS TO NUMERICAL SOLUTION IN TIME STEP 76 STRESS PERIOD 2
 3 TOTAL ITERATIONS
 
    Solving:  Stress period:     2    Time step:    77
 

 SLN_1 OUTER ITERATION SUMMARY
 ----------------------------------------------------------------------------------------------------------
                                OUTER      INNER                    STEP   MAXIMUM CHANGE MODEL-(CELLID) OR
 OUTER ITERATION STEP       ITERATION  ITERATION  MAXIMUM CHANGE SUCCESS             MODEL-PACKAGE-(NUMBER)
 ----------------------------------------------------------------------------------------------------------
 Model                              1          1 -1.26050537E-04       *                     1_GWF-(1,2,85)
 ----------------------------------------------------------------------------------------------------------


 1 CALLS TO NUMERICAL SOLUTION IN TIME STEP 77 STRESS PERIOD 2
 1 TOTAL ITERATIONS

 SLN_2 OUTER ITERATION SUMMARY
 ----------------------------------------------------------------------------------------------------------
                                OUTER      INNER                    STEP   MAXIMUM CHANGE MODEL-(CELLID) OR
 OUTER ITERATION STEP       ITERATION  ITERATION  MAXIMUM CHANGE SUCCESS             MODEL-PACKAGE-(NUMBER)
 ----------------------------------------------------------------------------------------------------------
 Model                              1          2       6.1418095                            2_GWT-(1,37,46)
 Model                              2          1 -7.58157626E-09       *                    2_GWT-(1,32,28)
 ----------------------------------------------------------------------------------------------------------


 2 CALLS TO NUMERICAL SOLUTION IN TIME STEP 77 STRESS PERIOD 2
 3 TOTAL ITERATIONS
 
    Solving:  Stress period:     2    Time step:    78
 

 SLN_1 OUTER ITERATION SUMMARY
 ----------------------------------------------------------------------------------------------------------
                                OUTER      INNER                    STEP   MAXIMUM CHANGE MODEL-(CELLID) OR
 OUTER ITERATION STEP       ITERATION  ITERATION  MAXIMUM CHANGE SUCCESS             MODEL-PACKAGE-(NUMBER)
 ----------------------------------------------------------------------------------------------------------
 Model                              1          1 -1.25790318E-04       *                     1_GWF-(1,2,88)
 ----------------------------------------------------------------------------------------------------------


 1 CALLS TO NUMERICAL SOLUTION IN TIME STEP 78 STRESS PERIOD 2
 1 TOTAL ITERATIONS

 SLN_2 OUTER ITERATION SUMMARY
 ----------------------------------------------------------------------------------------------------------
                                OUTER      INNER                    STEP   MAXIMUM CHANGE MODEL-(CELLID) OR
 OUTER ITERATION STEP       ITERATION  ITERATION  MAXIMUM CHANGE SUCCESS             MODEL-PACKAGE-(NUMBER)
 ----------------------------------------------------------------------------------------------------------
 Model                              1          2       6.0667808                            2_GWT-(1,37,47)
 Model                              2          1  7.71504460E-09       *                    2_GWT-(1,32,28)
 ----------------------------------------------------------------------------------------------------------


 2 CALLS TO NUMERICAL SOLUTION IN TIME STEP 78 STRESS PERIOD 2
 3 TOTAL ITERATIONS
 
    Solving:  Stress period:     2    Time step:    79
 

 SLN_1 OUTER ITERATION SUMMARY
 ----------------------------------------------------------------------------------------------------------
                                OUTER      INNER                    STEP   MAXIMUM CHANGE MODEL-(CELLID) OR
 OUTER ITERATION STEP       ITERATION  ITERATION  MAXIMUM CHANGE SUCCESS             MODEL-PACKAGE-(NUMBER)
 ----------------------------------------------------------------------------------------------------------
 Model                              1          1 -1.24911703E-04       *                     1_GWF-(1,2,85)
 ----------------------------------------------------------------------------------------------------------


 1 CALLS TO NUMERICAL SOLUTION IN TIME STEP 79 STRESS PERIOD 2
 1 TOTAL ITERATIONS

 SLN_2 OUTER ITERATION SUMMARY
 ----------------------------------------------------------------------------------------------------------
                                OUTER      INNER                    STEP   MAXIMUM CHANGE MODEL-(CELLID) OR
 OUTER ITERATION STEP       ITERATION  ITERATION  MAXIMUM CHANGE SUCCESS             MODEL-PACKAGE-(NUMBER)
 ----------------------------------------------------------------------------------------------------------
 Model                              1          2       6.0083356                            2_GWT-(1,38,47)
 Model                              2          1 -7.35695949E-09       *                    2_GWT-(1,32,28)
 ----------------------------------------------------------------------------------------------------------


 2 CALLS TO NUMERICAL SOLUTION IN TIME STEP 79 STRESS PERIOD 2
 3 TOTAL ITERATIONS
 
    Solving:  Stress period:     2    Time step:    80
 

 SLN_1 OUTER ITERATION SUMMARY
 ----------------------------------------------------------------------------------------------------------
                                OUTER      INNER                    STEP   MAXIMUM CHANGE MODEL-(CELLID) OR
 OUTER ITERATION STEP       ITERATION  ITERATION  MAXIMUM CHANGE SUCCESS             MODEL-PACKAGE-(NUMBER)
 ----------------------------------------------------------------------------------------------------------
 Model                              1          1 -1.24615477E-04       *                     1_GWF-(1,2,88)
 ----------------------------------------------------------------------------------------------------------


 1 CALLS TO NUMERICAL SOLUTION IN TIME STEP 80 STRESS PERIOD 2
 1 TOTAL ITERATIONS

 SLN_2 OUTER ITERATION SUMMARY
 ----------------------------------------------------------------------------------------------------------
                                OUTER      INNER                    STEP   MAXIMUM CHANGE MODEL-(CELLID) OR
 OUTER ITERATION STEP       ITERATION  ITERATION  MAXIMUM CHANGE SUCCESS             MODEL-PACKAGE-(NUMBER)
 ----------------------------------------------------------------------------------------------------------
 Model                              1          2       5.9496665                            2_GWT-(1,37,47)
 Model                              2          1  7.46140927E-09       *                    2_GWT-(1,32,28)
 ----------------------------------------------------------------------------------------------------------


 2 CALLS TO NUMERICAL SOLUTION IN TIME STEP 80 STRESS PERIOD 2
 3 TOTAL ITERATIONS
 
    Solving:  Stress period:     2    Time step:    81
 

 SLN_1 OUTER ITERATION SUMMARY
 ----------------------------------------------------------------------------------------------------------
                                OUTER      INNER                    STEP   MAXIMUM CHANGE MODEL-(CELLID) OR
 OUTER ITERATION STEP       ITERATION  ITERATION  MAXIMUM CHANGE SUCCESS             MODEL-PACKAGE-(NUMBER)
 ----------------------------------------------------------------------------------------------------------
 Model                              1          1 -1.23788066E-04       *                     1_GWF-(1,2,85)
 ----------------------------------------------------------------------------------------------------------


 1 CALLS TO NUMERICAL SOLUTION IN TIME STEP 81 STRESS PERIOD 2
 1 TOTAL ITERATIONS

 SLN_2 OUTER ITERATION SUMMARY
 ----------------------------------------------------------------------------------------------------------
                                OUTER      INNER                    STEP   MAXIMUM CHANGE MODEL-(CELLID) OR
 OUTER ITERATION STEP       ITERATION  ITERATION  MAXIMUM CHANGE SUCCESS             MODEL-PACKAGE-(NUMBER)
 ----------------------------------------------------------------------------------------------------------
 Model                              1          2       5.8764570                            2_GWT-(1,37,47)
 Model                              2          1 -7.13595227E-09       *                    2_GWT-(1,32,28)
 ----------------------------------------------------------------------------------------------------------


 2 CALLS TO NUMERICAL SOLUTION IN TIME STEP 81 STRESS PERIOD 2
 3 TOTAL ITERATIONS
 
    Solving:  Stress period:     2    Time step:    82
 

 SLN_1 OUTER ITERATION SUMMARY
 ----------------------------------------------------------------------------------------------------------
                                OUTER      INNER                    STEP   MAXIMUM CHANGE MODEL-(CELLID) OR
 OUTER ITERATION STEP       ITERATION  ITERATION  MAXIMUM CHANGE SUCCESS             MODEL-PACKAGE-(NUMBER)
 ----------------------------------------------------------------------------------------------------------
 Model                              1          1 -1.23456484E-04       *                     1_GWF-(1,2,88)
 ----------------------------------------------------------------------------------------------------------


 1 CALLS TO NUMERICAL SOLUTION IN TIME STEP 82 STRESS PERIOD 2
 1 TOTAL ITERATIONS

 SLN_2 OUTER ITERATION SUMMARY
 ----------------------------------------------------------------------------------------------------------
                                OUTER      INNER                    STEP   MAXIMUM CHANGE MODEL-(CELLID) OR
 OUTER ITERATION STEP       ITERATION  ITERATION  MAXIMUM CHANGE SUCCESS             MODEL-PACKAGE-(NUMBER)
 ----------------------------------------------------------------------------------------------------------
 Model                              1          2       5.8166331                            2_GWT-(1,37,48)
 Model                              2          1  7.21558990E-09       *                    2_GWT-(1,32,28)
 ----------------------------------------------------------------------------------------------------------


 2 CALLS TO NUMERICAL SOLUTION IN TIME STEP 82 STRESS PERIOD 2
 3 TOTAL ITERATIONS
 
    Solving:  Stress period:     2    Time step:    83
 

 SLN_1 OUTER ITERATION SUMMARY
 ----------------------------------------------------------------------------------------------------------
                                OUTER      INNER                    STEP   MAXIMUM CHANGE MODEL-(CELLID) OR
 OUTER ITERATION STEP       ITERATION  ITERATION  MAXIMUM CHANGE SUCCESS             MODEL-PACKAGE-(NUMBER)
 ----------------------------------------------------------------------------------------------------------
 Model                              1          1 -1.22679520E-04       *                     1_GWF-(1,2,85)
 ----------------------------------------------------------------------------------------------------------


 1 CALLS TO NUMERICAL SOLUTION IN TIME STEP 83 STRESS PERIOD 2
 1 TOTAL ITERATIONS

 SLN_2 OUTER ITERATION SUMMARY
 ----------------------------------------------------------------------------------------------------------
                                OUTER      INNER                    STEP   MAXIMUM CHANGE MODEL-(CELLID) OR
 OUTER ITERATION STEP       ITERATION  ITERATION  MAXIMUM CHANGE SUCCESS             MODEL-PACKAGE-(NUMBER)
 ----------------------------------------------------------------------------------------------------------
 Model                              1          2       5.7585204                            2_GWT-(1,37,48)
 Model                              2          1 -6.91878199E-09       *                    2_GWT-(1,32,28)
 ----------------------------------------------------------------------------------------------------------


 2 CALLS TO NUMERICAL SOLUTION IN TIME STEP 83 STRESS PERIOD 2
 3 TOTAL ITERATIONS
 
    Solving:  Stress period:     2    Time step:    84
 

 SLN_1 OUTER ITERATION SUMMARY
 ----------------------------------------------------------------------------------------------------------
                                OUTER      INNER                    STEP   MAXIMUM CHANGE MODEL-(CELLID) OR
 OUTER ITERATION STEP       ITERATION  ITERATION  MAXIMUM CHANGE SUCCESS             MODEL-PACKAGE-(NUMBER)
 ----------------------------------------------------------------------------------------------------------
 Model                              1          1 -1.22313256E-04       *                     1_GWF-(1,2,88)
 ----------------------------------------------------------------------------------------------------------


 1 CALLS TO NUMERICAL SOLUTION IN TIME STEP 84 STRESS PERIOD 2
 1 TOTAL ITERATIONS

 SLN_2 OUTER ITERATION SUMMARY
 ----------------------------------------------------------------------------------------------------------
                                OUTER      INNER                    STEP   MAXIMUM CHANGE MODEL-(CELLID) OR
 OUTER ITERATION STEP       ITERATION  ITERATION  MAXIMUM CHANGE SUCCESS             MODEL-PACKAGE-(NUMBER)
 ----------------------------------------------------------------------------------------------------------
 Model                              1          2       5.7034099                            2_GWT-(1,37,48)
 Model                              2          1  6.97721703E-09       *                    2_GWT-(1,32,28)
 ----------------------------------------------------------------------------------------------------------


 2 CALLS TO NUMERICAL SOLUTION IN TIME STEP 84 STRESS PERIOD 2
 3 TOTAL ITERATIONS
 
    Solving:  Stress period:     2    Time step:    85
 

 SLN_1 OUTER ITERATION SUMMARY
 ----------------------------------------------------------------------------------------------------------
                                OUTER      INNER                    STEP   MAXIMUM CHANGE MODEL-(CELLID) OR
 OUTER ITERATION STEP       ITERATION  ITERATION  MAXIMUM CHANGE SUCCESS             MODEL-PACKAGE-(NUMBER)
 ----------------------------------------------------------------------------------------------------------
 Model                              1          1 -1.21585935E-04       *                     1_GWF-(1,2,85)
 ----------------------------------------------------------------------------------------------------------


 1 CALLS TO NUMERICAL SOLUTION IN TIME STEP 85 STRESS PERIOD 2
 1 TOTAL ITERATIONS

 SLN_2 OUTER ITERATION SUMMARY
 ----------------------------------------------------------------------------------------------------------
                                OUTER      INNER                    STEP   MAXIMUM CHANGE MODEL-(CELLID) OR
 OUTER ITERATION STEP       ITERATION  ITERATION  MAXIMUM CHANGE SUCCESS             MODEL-PACKAGE-(NUMBER)
 ----------------------------------------------------------------------------------------------------------
 Model                              1          2       5.6353567                            2_GWT-(1,37,48)
 Model                              2          1 -6.70536338E-09       *                    2_GWT-(1,32,28)
 ----------------------------------------------------------------------------------------------------------


 2 CALLS TO NUMERICAL SOLUTION IN TIME STEP 85 STRESS PERIOD 2
 3 TOTAL ITERATIONS
 
    Solving:  Stress period:     2    Time step:    86
 

 SLN_1 OUTER ITERATION SUMMARY
 ----------------------------------------------------------------------------------------------------------
                                OUTER      INNER                    STEP   MAXIMUM CHANGE MODEL-(CELLID) OR
 OUTER ITERATION STEP       ITERATION  ITERATION  MAXIMUM CHANGE SUCCESS             MODEL-PACKAGE-(NUMBER)
 ----------------------------------------------------------------------------------------------------------
 Model                              1          1 -1.21185683E-04       *                     1_GWF-(1,2,88)
 ----------------------------------------------------------------------------------------------------------


 1 CALLS TO NUMERICAL SOLUTION IN TIME STEP 86 STRESS PERIOD 2
 1 TOTAL ITERATIONS

 SLN_2 OUTER ITERATION SUMMARY
 ----------------------------------------------------------------------------------------------------------
                                OUTER      INNER                    STEP   MAXIMUM CHANGE MODEL-(CELLID) OR
 OUTER ITERATION STEP       ITERATION  ITERATION  MAXIMUM CHANGE SUCCESS             MODEL-PACKAGE-(NUMBER)
 ----------------------------------------------------------------------------------------------------------
 Model                              1          2       5.5830489                            2_GWT-(1,37,49)
 Model                              2          1  6.74575062E-09       *                    2_GWT-(1,32,28)
 ----------------------------------------------------------------------------------------------------------


 2 CALLS TO NUMERICAL SOLUTION IN TIME STEP 86 STRESS PERIOD 2
 3 TOTAL ITERATIONS
 
    Solving:  Stress period:     2    Time step:    87
 

 SLN_1 OUTER ITERATION SUMMARY
 ----------------------------------------------------------------------------------------------------------
                                OUTER      INNER                    STEP   MAXIMUM CHANGE MODEL-(CELLID) OR
 OUTER ITERATION STEP       ITERATION  ITERATION  MAXIMUM CHANGE SUCCESS             MODEL-PACKAGE-(NUMBER)
 ----------------------------------------------------------------------------------------------------------
 Model                              1          1 -1.20507165E-04       *                     1_GWF-(1,2,85)
 ----------------------------------------------------------------------------------------------------------


 1 CALLS TO NUMERICAL SOLUTION IN TIME STEP 87 STRESS PERIOD 2
 1 TOTAL ITERATIONS

 SLN_2 OUTER ITERATION SUMMARY
 ----------------------------------------------------------------------------------------------------------
                                OUTER      INNER                    STEP   MAXIMUM CHANGE MODEL-(CELLID) OR
 OUTER ITERATION STEP       ITERATION  ITERATION  MAXIMUM CHANGE SUCCESS             MODEL-PACKAGE-(NUMBER)
 ----------------------------------------------------------------------------------------------------------
 Model                              1          2       5.5302386                            2_GWT-(1,37,49)
 Model                              2          1 -6.49603749E-09       *                    2_GWT-(1,32,28)
 ----------------------------------------------------------------------------------------------------------


 2 CALLS TO NUMERICAL SOLUTION IN TIME STEP 87 STRESS PERIOD 2
 3 TOTAL ITERATIONS
 
    Solving:  Stress period:     2    Time step:    88
 

 SLN_1 OUTER ITERATION SUMMARY
 ----------------------------------------------------------------------------------------------------------
                                OUTER      INNER                    STEP   MAXIMUM CHANGE MODEL-(CELLID) OR
 OUTER ITERATION STEP       ITERATION  ITERATION  MAXIMUM CHANGE SUCCESS             MODEL-PACKAGE-(NUMBER)
 ----------------------------------------------------------------------------------------------------------
 Model                              1          1 -1.20073628E-04       *                     1_GWF-(1,2,88)
 ----------------------------------------------------------------------------------------------------------


 1 CALLS TO NUMERICAL SOLUTION IN TIME STEP 88 STRESS PERIOD 2
 1 TOTAL ITERATIONS

 SLN_2 OUTER ITERATION SUMMARY
 ----------------------------------------------------------------------------------------------------------
                                OUTER      INNER                    STEP   MAXIMUM CHANGE MODEL-(CELLID) OR
 OUTER ITERATION STEP       ITERATION  ITERATION  MAXIMUM CHANGE SUCCESS             MODEL-PACKAGE-(NUMBER)
 ----------------------------------------------------------------------------------------------------------
 Model                              1          2       5.4735160                            2_GWT-(1,37,49)
 Model                              2          1  6.52070753E-09       *                    2_GWT-(1,32,28)
 ----------------------------------------------------------------------------------------------------------


 2 CALLS TO NUMERICAL SOLUTION IN TIME STEP 88 STRESS PERIOD 2
 3 TOTAL ITERATIONS
 
    Solving:  Stress period:     2    Time step:    89
 

 SLN_1 OUTER ITERATION SUMMARY
 ----------------------------------------------------------------------------------------------------------
                                OUTER      INNER                    STEP   MAXIMUM CHANGE MODEL-(CELLID) OR
 OUTER ITERATION STEP       ITERATION  ITERATION  MAXIMUM CHANGE SUCCESS             MODEL-PACKAGE-(NUMBER)
 ----------------------------------------------------------------------------------------------------------
 Model                              1          1 -1.19443044E-04       *                     1_GWF-(1,2,85)
 ----------------------------------------------------------------------------------------------------------


 1 CALLS TO NUMERICAL SOLUTION IN TIME STEP 89 STRESS PERIOD 2
 1 TOTAL ITERATIONS

 SLN_2 OUTER ITERATION SUMMARY
 ----------------------------------------------------------------------------------------------------------
                                OUTER      INNER                    STEP   MAXIMUM CHANGE MODEL-(CELLID) OR
 OUTER ITERATION STEP       ITERATION  ITERATION  MAXIMUM CHANGE SUCCESS             MODEL-PACKAGE-(NUMBER)
 ----------------------------------------------------------------------------------------------------------
 Model                              1          2       5.4135655                            2_GWT-(1,37,50)
 Model                              2          1 -6.29071906E-09       *                    2_GWT-(1,32,28)
 ----------------------------------------------------------------------------------------------------------


 2 CALLS TO NUMERICAL SOLUTION IN TIME STEP 89 STRESS PERIOD 2
 3 TOTAL ITERATIONS
 
    Solving:  Stress period:     2    Time step:    90
 

 SLN_1 OUTER ITERATION SUMMARY
 ----------------------------------------------------------------------------------------------------------
                                OUTER      INNER                    STEP   MAXIMUM CHANGE MODEL-(CELLID) OR
 OUTER ITERATION STEP       ITERATION  ITERATION  MAXIMUM CHANGE SUCCESS             MODEL-PACKAGE-(NUMBER)
 ----------------------------------------------------------------------------------------------------------
 Model                              1          1 -1.18976934E-04       *                     1_GWF-(1,2,88)
 ----------------------------------------------------------------------------------------------------------


 1 CALLS TO NUMERICAL SOLUTION IN TIME STEP 90 STRESS PERIOD 2
 1 TOTAL ITERATIONS

 SLN_2 OUTER ITERATION SUMMARY
 ----------------------------------------------------------------------------------------------------------
                                OUTER      INNER                    STEP   MAXIMUM CHANGE MODEL-(CELLID) OR
 OUTER ITERATION STEP       ITERATION  ITERATION  MAXIMUM CHANGE SUCCESS             MODEL-PACKAGE-(NUMBER)
 ----------------------------------------------------------------------------------------------------------
 Model                              1          2       5.3663507                            2_GWT-(1,37,50)
 Model                              2          1  6.30203090E-09       *                    2_GWT-(1,32,28)
 ----------------------------------------------------------------------------------------------------------


 2 CALLS TO NUMERICAL SOLUTION IN TIME STEP 90 STRESS PERIOD 2
 3 TOTAL ITERATIONS
 
    Solving:  Stress period:     2    Time step:    91
 

 SLN_1 OUTER ITERATION SUMMARY
 ----------------------------------------------------------------------------------------------------------
                                OUTER      INNER                    STEP   MAXIMUM CHANGE MODEL-(CELLID) OR
 OUTER ITERATION STEP       ITERATION  ITERATION  MAXIMUM CHANGE SUCCESS             MODEL-PACKAGE-(NUMBER)
 ----------------------------------------------------------------------------------------------------------
 Model                              1          1 -1.18393393E-04       *                     1_GWF-(1,2,85)
 ----------------------------------------------------------------------------------------------------------


 1 CALLS TO NUMERICAL SOLUTION IN TIME STEP 91 STRESS PERIOD 2
 1 TOTAL ITERATIONS

 SLN_2 OUTER ITERATION SUMMARY
 ----------------------------------------------------------------------------------------------------------
                                OUTER      INNER                    STEP   MAXIMUM CHANGE MODEL-(CELLID) OR
 OUTER ITERATION STEP       ITERATION  ITERATION  MAXIMUM CHANGE SUCCESS             MODEL-PACKAGE-(NUMBER)
 ----------------------------------------------------------------------------------------------------------
 Model                              1          2       5.3162296                            2_GWT-(1,37,50)
 Model                              2          1 -6.08969231E-09       *                    2_GWT-(1,32,28)
 ----------------------------------------------------------------------------------------------------------


 2 CALLS TO NUMERICAL SOLUTION IN TIME STEP 91 STRESS PERIOD 2
 3 TOTAL ITERATIONS
 
    Solving:  Stress period:     2    Time step:    92
 

 SLN_1 OUTER ITERATION SUMMARY
 ----------------------------------------------------------------------------------------------------------
                                OUTER      INNER                    STEP   MAXIMUM CHANGE MODEL-(CELLID) OR
 OUTER ITERATION STEP       ITERATION  ITERATION  MAXIMUM CHANGE SUCCESS             MODEL-PACKAGE-(NUMBER)
 ----------------------------------------------------------------------------------------------------------
 Model                              1          1 -1.17895427E-04       *                     1_GWF-(1,2,88)
 ----------------------------------------------------------------------------------------------------------


 1 CALLS TO NUMERICAL SOLUTION IN TIME STEP 92 STRESS PERIOD 2
 1 TOTAL ITERATIONS

 SLN_2 OUTER ITERATION SUMMARY
 ----------------------------------------------------------------------------------------------------------
                                OUTER      INNER                    STEP   MAXIMUM CHANGE MODEL-(CELLID) OR
 OUTER ITERATION STEP       ITERATION  ITERATION  MAXIMUM CHANGE SUCCESS             MODEL-PACKAGE-(NUMBER)
 ----------------------------------------------------------------------------------------------------------
 Model                              1          2       5.2603841                            2_GWT-(1,37,50)
 Model                              2          1  6.08943651E-09       *                    2_GWT-(1,32,28)
 ----------------------------------------------------------------------------------------------------------


 2 CALLS TO NUMERICAL SOLUTION IN TIME STEP 92 STRESS PERIOD 2
 3 TOTAL ITERATIONS
 
    Solving:  Stress period:     2    Time step:    93
 

 SLN_1 OUTER ITERATION SUMMARY
 ----------------------------------------------------------------------------------------------------------
                                OUTER      INNER                    STEP   MAXIMUM CHANGE MODEL-(CELLID) OR
 OUTER ITERATION STEP       ITERATION  ITERATION  MAXIMUM CHANGE SUCCESS             MODEL-PACKAGE-(NUMBER)
 ----------------------------------------------------------------------------------------------------------
 Model                              1          1 -1.17358020E-04       *                     1_GWF-(1,2,85)
 ----------------------------------------------------------------------------------------------------------


 1 CALLS TO NUMERICAL SOLUTION IN TIME STEP 93 STRESS PERIOD 2
 1 TOTAL ITERATIONS

 SLN_2 OUTER ITERATION SUMMARY
 ----------------------------------------------------------------------------------------------------------
                                OUTER      INNER                    STEP   MAXIMUM CHANGE MODEL-(CELLID) OR
 OUTER ITERATION STEP       ITERATION  ITERATION  MAXIMUM CHANGE SUCCESS             MODEL-PACKAGE-(NUMBER)
 ----------------------------------------------------------------------------------------------------------
 Model                              1          2       5.2107308                            2_GWT-(1,37,51)
 Model                              2          1 -5.89298566E-09       *                    2_GWT-(1,32,28)
 ----------------------------------------------------------------------------------------------------------


 2 CALLS TO NUMERICAL SOLUTION IN TIME STEP 93 STRESS PERIOD 2
 3 TOTAL ITERATIONS
 
    Solving:  Stress period:     2    Time step:    94
 

 SLN_1 OUTER ITERATION SUMMARY
 ----------------------------------------------------------------------------------------------------------
                                OUTER      INNER                    STEP   MAXIMUM CHANGE MODEL-(CELLID) OR
 OUTER ITERATION STEP       ITERATION  ITERATION  MAXIMUM CHANGE SUCCESS             MODEL-PACKAGE-(NUMBER)
 ----------------------------------------------------------------------------------------------------------
 Model                              1          1 -1.16828917E-04       *                     1_GWF-(1,2,88)
 ----------------------------------------------------------------------------------------------------------


 1 CALLS TO NUMERICAL SOLUTION IN TIME STEP 94 STRESS PERIOD 2
 1 TOTAL ITERATIONS

 SLN_2 OUTER ITERATION SUMMARY
 ----------------------------------------------------------------------------------------------------------
                                OUTER      INNER                    STEP   MAXIMUM CHANGE MODEL-(CELLID) OR
 OUTER ITERATION STEP       ITERATION  ITERATION  MAXIMUM CHANGE SUCCESS             MODEL-PACKAGE-(NUMBER)
 ----------------------------------------------------------------------------------------------------------
 Model                              1          2       5.1640968                            2_GWT-(1,37,51)
 Model                              2          1  5.88281068E-09       *                    2_GWT-(1,32,28)
 ----------------------------------------------------------------------------------------------------------


 2 CALLS TO NUMERICAL SOLUTION IN TIME STEP 94 STRESS PERIOD 2
 3 TOTAL ITERATIONS
 
    Solving:  Stress period:     2    Time step:    95
 

 SLN_1 OUTER ITERATION SUMMARY
 ----------------------------------------------------------------------------------------------------------
                                OUTER      INNER                    STEP   MAXIMUM CHANGE MODEL-(CELLID) OR
 OUTER ITERATION STEP       ITERATION  ITERATION  MAXIMUM CHANGE SUCCESS             MODEL-PACKAGE-(NUMBER)
 ----------------------------------------------------------------------------------------------------------
 Model                              1          1 -1.16336723E-04       *                     1_GWF-(1,2,85)
 ----------------------------------------------------------------------------------------------------------


 1 CALLS TO NUMERICAL SOLUTION IN TIME STEP 95 STRESS PERIOD 2
 1 TOTAL ITERATIONS

 SLN_2 OUTER ITERATION SUMMARY
 ----------------------------------------------------------------------------------------------------------
                                OUTER      INNER                    STEP   MAXIMUM CHANGE MODEL-(CELLID) OR
 OUTER ITERATION STEP       ITERATION  ITERATION  MAXIMUM CHANGE SUCCESS             MODEL-PACKAGE-(NUMBER)
 ----------------------------------------------------------------------------------------------------------
 Model                              1          2       5.1159913                            2_GWT-(1,37,51)
 Model                              2          1 -5.70048542E-09       *                    2_GWT-(1,32,28)
 ----------------------------------------------------------------------------------------------------------


 2 CALLS TO NUMERICAL SOLUTION IN TIME STEP 95 STRESS PERIOD 2
 3 TOTAL ITERATIONS
 
    Solving:  Stress period:     2    Time step:    96
 

 SLN_1 OUTER ITERATION SUMMARY
 ----------------------------------------------------------------------------------------------------------
                                OUTER      INNER                    STEP   MAXIMUM CHANGE MODEL-(CELLID) OR
 OUTER ITERATION STEP       ITERATION  ITERATION  MAXIMUM CHANGE SUCCESS             MODEL-PACKAGE-(NUMBER)
 ----------------------------------------------------------------------------------------------------------
 Model                              1          1 -1.15777202E-04       *                     1_GWF-(1,2,88)
 ----------------------------------------------------------------------------------------------------------


 1 CALLS TO NUMERICAL SOLUTION IN TIME STEP 96 STRESS PERIOD 2
 1 TOTAL ITERATIONS

 SLN_2 OUTER ITERATION SUMMARY
 ----------------------------------------------------------------------------------------------------------
                                OUTER      INNER                    STEP   MAXIMUM CHANGE MODEL-(CELLID) OR
 OUTER ITERATION STEP       ITERATION  ITERATION  MAXIMUM CHANGE SUCCESS             MODEL-PACKAGE-(NUMBER)
 ----------------------------------------------------------------------------------------------------------
 Model                              1          2       5.0615144                            2_GWT-(1,37,51)
 Model                              2          1  5.68198288E-09       *                    2_GWT-(1,32,28)
 ----------------------------------------------------------------------------------------------------------


 2 CALLS TO NUMERICAL SOLUTION IN TIME STEP 96 STRESS PERIOD 2
 3 TOTAL ITERATIONS
 
    Solving:  Stress period:     2    Time step:    97
 

 SLN_1 OUTER ITERATION SUMMARY
 ----------------------------------------------------------------------------------------------------------
                                OUTER      INNER                    STEP   MAXIMUM CHANGE MODEL-(CELLID) OR
 OUTER ITERATION STEP       ITERATION  ITERATION  MAXIMUM CHANGE SUCCESS             MODEL-PACKAGE-(NUMBER)
 ----------------------------------------------------------------------------------------------------------
 Model                              1          1 -1.15329293E-04       *                     1_GWF-(1,2,85)
 ----------------------------------------------------------------------------------------------------------


 1 CALLS TO NUMERICAL SOLUTION IN TIME STEP 97 STRESS PERIOD 2
 1 TOTAL ITERATIONS

 SLN_2 OUTER ITERATION SUMMARY
 ----------------------------------------------------------------------------------------------------------
                                OUTER      INNER                    STEP   MAXIMUM CHANGE MODEL-(CELLID) OR
 OUTER ITERATION STEP       ITERATION  ITERATION  MAXIMUM CHANGE SUCCESS             MODEL-PACKAGE-(NUMBER)
 ----------------------------------------------------------------------------------------------------------
 Model                              1          2       5.0208267                            2_GWT-(1,37,52)
 Model                              2          1 -5.51233370E-09       *                    2_GWT-(1,32,28)
 ----------------------------------------------------------------------------------------------------------


 2 CALLS TO NUMERICAL SOLUTION IN TIME STEP 97 STRESS PERIOD 2
 3 TOTAL ITERATIONS
 
    Solving:  Stress period:     2    Time step:    98
 

 SLN_1 OUTER ITERATION SUMMARY
 ----------------------------------------------------------------------------------------------------------
                                OUTER      INNER                    STEP   MAXIMUM CHANGE MODEL-(CELLID) OR
 OUTER ITERATION STEP       ITERATION  ITERATION  MAXIMUM CHANGE SUCCESS             MODEL-PACKAGE-(NUMBER)
 ----------------------------------------------------------------------------------------------------------
 Model                              1          1 -1.14740069E-04       *                     1_GWF-(1,2,88)
 ----------------------------------------------------------------------------------------------------------


 1 CALLS TO NUMERICAL SOLUTION IN TIME STEP 98 STRESS PERIOD 2
 1 TOTAL ITERATIONS

 SLN_2 OUTER ITERATION SUMMARY
 ----------------------------------------------------------------------------------------------------------
                                OUTER      INNER                    STEP   MAXIMUM CHANGE MODEL-(CELLID) OR
 OUTER ITERATION STEP       ITERATION  ITERATION  MAXIMUM CHANGE SUCCESS             MODEL-PACKAGE-(NUMBER)
 ----------------------------------------------------------------------------------------------------------
 Model                              1          2       4.9746009                            2_GWT-(1,37,52)
 Model                              2          1  5.48678258E-09       *                    2_GWT-(1,32,28)
 ----------------------------------------------------------------------------------------------------------


 2 CALLS TO NUMERICAL SOLUTION IN TIME STEP 98 STRESS PERIOD 2
 3 TOTAL ITERATIONS
 
    Solving:  Stress period:     2    Time step:    99
 

 SLN_1 OUTER ITERATION SUMMARY
 ----------------------------------------------------------------------------------------------------------
                                OUTER      INNER                    STEP   MAXIMUM CHANGE MODEL-(CELLID) OR
 OUTER ITERATION STEP       ITERATION  ITERATION  MAXIMUM CHANGE SUCCESS             MODEL-PACKAGE-(NUMBER)
 ----------------------------------------------------------------------------------------------------------
 Model                              1          1 -1.14335512E-04       *                     1_GWF-(1,2,85)
 ----------------------------------------------------------------------------------------------------------


 1 CALLS TO NUMERICAL SOLUTION IN TIME STEP 99 STRESS PERIOD 2
 1 TOTAL ITERATIONS

 SLN_2 OUTER ITERATION SUMMARY
 ----------------------------------------------------------------------------------------------------------
                                OUTER      INNER                    STEP   MAXIMUM CHANGE MODEL-(CELLID) OR
 OUTER ITERATION STEP       ITERATION  ITERATION  MAXIMUM CHANGE SUCCESS             MODEL-PACKAGE-(NUMBER)
 ----------------------------------------------------------------------------------------------------------
 Model                              1          2       4.9285993                            2_GWT-(1,37,52)
 Model                              2          1 -5.32861577E-09       *                    2_GWT-(1,32,28)
 ----------------------------------------------------------------------------------------------------------


 2 CALLS TO NUMERICAL SOLUTION IN TIME STEP 99 STRESS PERIOD 2
 3 TOTAL ITERATIONS
 
    Solving:  Stress period:     2    Time step:   100
 

 SLN_1 OUTER ITERATION SUMMARY
 ----------------------------------------------------------------------------------------------------------
                                OUTER      INNER                    STEP   MAXIMUM CHANGE MODEL-(CELLID) OR
 OUTER ITERATION STEP       ITERATION  ITERATION  MAXIMUM CHANGE SUCCESS             MODEL-PACKAGE-(NUMBER)
 ----------------------------------------------------------------------------------------------------------
 Model                              1          1 -1.13717297E-04       *                     1_GWF-(1,2,88)
 ----------------------------------------------------------------------------------------------------------


 1 CALLS TO NUMERICAL SOLUTION IN TIME STEP 100 STRESS PERIOD 2
 1 TOTAL ITERATIONS

 SLN_2 OUTER ITERATION SUMMARY
 ----------------------------------------------------------------------------------------------------------
                                OUTER      INNER                    STEP   MAXIMUM CHANGE MODEL-(CELLID) OR
 OUTER ITERATION STEP       ITERATION  ITERATION  MAXIMUM CHANGE SUCCESS             MODEL-PACKAGE-(NUMBER)
 ----------------------------------------------------------------------------------------------------------
 Model                              1          2       4.8807878                            2_GWT-(1,37,53)
 Model                              2          1  5.29709610E-09       *                    2_GWT-(1,32,28)
 ----------------------------------------------------------------------------------------------------------


 2 CALLS TO NUMERICAL SOLUTION IN TIME STEP 100 STRESS PERIOD 2
 3 TOTAL ITERATIONS
 
    Solving:  Stress period:     2    Time step:   101
 

 SLN_1 OUTER ITERATION SUMMARY
 ----------------------------------------------------------------------------------------------------------
                                OUTER      INNER                    STEP   MAXIMUM CHANGE MODEL-(CELLID) OR
 OUTER ITERATION STEP       ITERATION  ITERATION  MAXIMUM CHANGE SUCCESS             MODEL-PACKAGE-(NUMBER)
 ----------------------------------------------------------------------------------------------------------
 Model                              1          1 -1.13355159E-04       *                     1_GWF-(1,2,85)
 ----------------------------------------------------------------------------------------------------------


 1 CALLS TO NUMERICAL SOLUTION IN TIME STEP 101 STRESS PERIOD 2
 1 TOTAL ITERATIONS

 SLN_2 OUTER ITERATION SUMMARY
 ----------------------------------------------------------------------------------------------------------
                                OUTER      INNER                    STEP   MAXIMUM CHANGE MODEL-(CELLID) OR
 OUTER ITERATION STEP       ITERATION  ITERATION  MAXIMUM CHANGE SUCCESS             MODEL-PACKAGE-(NUMBER)
 ----------------------------------------------------------------------------------------------------------
 Model                              1          2       4.8415746                            2_GWT-(1,37,53)
 Model                              2          1 -5.14927478E-09       *                    2_GWT-(1,32,28)
 ----------------------------------------------------------------------------------------------------------


 2 CALLS TO NUMERICAL SOLUTION IN TIME STEP 101 STRESS PERIOD 2
 3 TOTAL ITERATIONS
 
    Solving:  Stress period:     2    Time step:   102
 

 SLN_1 OUTER ITERATION SUMMARY
 ----------------------------------------------------------------------------------------------------------
                                OUTER      INNER                    STEP   MAXIMUM CHANGE MODEL-(CELLID) OR
 OUTER ITERATION STEP       ITERATION  ITERATION  MAXIMUM CHANGE SUCCESS             MODEL-PACKAGE-(NUMBER)
 ----------------------------------------------------------------------------------------------------------
 Model                              1          1 -1.12708660E-04       *                     1_GWF-(1,2,88)
 ----------------------------------------------------------------------------------------------------------


 1 CALLS TO NUMERICAL SOLUTION IN TIME STEP 102 STRESS PERIOD 2
 1 TOTAL ITERATIONS

 SLN_2 OUTER ITERATION SUMMARY
 ----------------------------------------------------------------------------------------------------------
                                OUTER      INNER                    STEP   MAXIMUM CHANGE MODEL-(CELLID) OR
 OUTER ITERATION STEP       ITERATION  ITERATION  MAXIMUM CHANGE SUCCESS             MODEL-PACKAGE-(NUMBER)
 ----------------------------------------------------------------------------------------------------------
 Model                              1          2       4.7978557                            2_GWT-(1,37,53)
 Model                              2          1  5.11261078E-09       *                    2_GWT-(1,32,28)
 ----------------------------------------------------------------------------------------------------------


 2 CALLS TO NUMERICAL SOLUTION IN TIME STEP 102 STRESS PERIOD 2
 3 TOTAL ITERATIONS
 
    Solving:  Stress period:     2    Time step:   103
 

 SLN_1 OUTER ITERATION SUMMARY
 ----------------------------------------------------------------------------------------------------------
                                OUTER      INNER                    STEP   MAXIMUM CHANGE MODEL-(CELLID) OR
 OUTER ITERATION STEP       ITERATION  ITERATION  MAXIMUM CHANGE SUCCESS             MODEL-PACKAGE-(NUMBER)
 ----------------------------------------------------------------------------------------------------------
 Model                              1          1 -1.12388007E-04       *                     1_GWF-(1,2,85)
 ----------------------------------------------------------------------------------------------------------


 1 CALLS TO NUMERICAL SOLUTION IN TIME STEP 103 STRESS PERIOD 2
 1 TOTAL ITERATIONS

 SLN_2 OUTER ITERATION SUMMARY
 ----------------------------------------------------------------------------------------------------------
                                OUTER      INNER                    STEP   MAXIMUM CHANGE MODEL-(CELLID) OR
 OUTER ITERATION STEP       ITERATION  ITERATION  MAXIMUM CHANGE SUCCESS             MODEL-PACKAGE-(NUMBER)
 ----------------------------------------------------------------------------------------------------------
 Model                              1          2       4.7517342                            2_GWT-(1,37,53)
 Model                              2          1 -4.97433916E-09       *                    2_GWT-(1,32,28)
 ----------------------------------------------------------------------------------------------------------


 2 CALLS TO NUMERICAL SOLUTION IN TIME STEP 103 STRESS PERIOD 2
 3 TOTAL ITERATIONS
 
    Solving:  Stress period:     2    Time step:   104
 

 SLN_1 OUTER ITERATION SUMMARY
 ----------------------------------------------------------------------------------------------------------
                                OUTER      INNER                    STEP   MAXIMUM CHANGE MODEL-(CELLID) OR
 OUTER ITERATION STEP       ITERATION  ITERATION  MAXIMUM CHANGE SUCCESS             MODEL-PACKAGE-(NUMBER)
 ----------------------------------------------------------------------------------------------------------
 Model                              1          1 -1.11713922E-04       *                     1_GWF-(1,2,88)
 ----------------------------------------------------------------------------------------------------------


 1 CALLS TO NUMERICAL SOLUTION IN TIME STEP 104 STRESS PERIOD 2
 1 TOTAL ITERATIONS

 SLN_2 OUTER ITERATION SUMMARY
 ----------------------------------------------------------------------------------------------------------
                                OUTER      INNER                    STEP   MAXIMUM CHANGE MODEL-(CELLID) OR
 OUTER ITERATION STEP       ITERATION  ITERATION  MAXIMUM CHANGE SUCCESS             MODEL-PACKAGE-(NUMBER)
 ----------------------------------------------------------------------------------------------------------
 Model                              1          2       4.7138014                            2_GWT-(1,37,54)
 Model                              2          1  4.93329821E-09       *                    2_GWT-(1,32,28)
 ----------------------------------------------------------------------------------------------------------


 2 CALLS TO NUMERICAL SOLUTION IN TIME STEP 104 STRESS PERIOD 2
 3 TOTAL ITERATIONS
 
    Solving:  Stress period:     2    Time step:   105
 

 SLN_1 OUTER ITERATION SUMMARY
 ----------------------------------------------------------------------------------------------------------
                                OUTER      INNER                    STEP   MAXIMUM CHANGE MODEL-(CELLID) OR
 OUTER ITERATION STEP       ITERATION  ITERATION  MAXIMUM CHANGE SUCCESS             MODEL-PACKAGE-(NUMBER)
 ----------------------------------------------------------------------------------------------------------
 Model                              1          1 -1.11433827E-04       *                     1_GWF-(1,2,85)
 ----------------------------------------------------------------------------------------------------------


 1 CALLS TO NUMERICAL SOLUTION IN TIME STEP 105 STRESS PERIOD 2
 1 TOTAL ITERATIONS

 SLN_2 OUTER ITERATION SUMMARY
 ----------------------------------------------------------------------------------------------------------
                                OUTER      INNER                    STEP   MAXIMUM CHANGE MODEL-(CELLID) OR
 OUTER ITERATION STEP       ITERATION  ITERATION  MAXIMUM CHANGE SUCCESS             MODEL-PACKAGE-(NUMBER)
 ----------------------------------------------------------------------------------------------------------
 Model                              1          2       4.6721082                            2_GWT-(1,37,54)
 Model                              2          1 -4.80358153E-09       *                    2_GWT-(1,32,28)
 ----------------------------------------------------------------------------------------------------------


 2 CALLS TO NUMERICAL SOLUTION IN TIME STEP 105 STRESS PERIOD 2
 3 TOTAL ITERATIONS
 
    Solving:  Stress period:     2    Time step:   106
 

 SLN_1 OUTER ITERATION SUMMARY
 ----------------------------------------------------------------------------------------------------------
                                OUTER      INNER                    STEP   MAXIMUM CHANGE MODEL-(CELLID) OR
 OUTER ITERATION STEP       ITERATION  ITERATION  MAXIMUM CHANGE SUCCESS             MODEL-PACKAGE-(NUMBER)
 ----------------------------------------------------------------------------------------------------------
 Model                              1          1 -1.10732849E-04       *                     1_GWF-(1,2,88)
 ----------------------------------------------------------------------------------------------------------


 1 CALLS TO NUMERICAL SOLUTION IN TIME STEP 106 STRESS PERIOD 2
 1 TOTAL ITERATIONS

 SLN_2 OUTER ITERATION SUMMARY
 ----------------------------------------------------------------------------------------------------------
                                OUTER      INNER                    STEP   MAXIMUM CHANGE MODEL-(CELLID) OR
 OUTER ITERATION STEP       ITERATION  ITERATION  MAXIMUM CHANGE SUCCESS             MODEL-PACKAGE-(NUMBER)
 ----------------------------------------------------------------------------------------------------------
 Model                              1          2       4.6326693                            2_GWT-(1,37,54)
 Model                              2          1  4.75901629E-09       *                    2_GWT-(1,32,28)
 ----------------------------------------------------------------------------------------------------------


 2 CALLS TO NUMERICAL SOLUTION IN TIME STEP 106 STRESS PERIOD 2
 3 TOTAL ITERATIONS
 
    Solving:  Stress period:     2    Time step:   107
 

 SLN_1 OUTER ITERATION SUMMARY
 ----------------------------------------------------------------------------------------------------------
                                OUTER      INNER                    STEP   MAXIMUM CHANGE MODEL-(CELLID) OR
 OUTER ITERATION STEP       ITERATION  ITERATION  MAXIMUM CHANGE SUCCESS             MODEL-PACKAGE-(NUMBER)
 ----------------------------------------------------------------------------------------------------------
 Model                              1          1 -1.10492390E-04       *                     1_GWF-(1,2,85)
 ----------------------------------------------------------------------------------------------------------


 1 CALLS TO NUMERICAL SOLUTION IN TIME STEP 107 STRESS PERIOD 2
 1 TOTAL ITERATIONS

 SLN_2 OUTER ITERATION SUMMARY
 ----------------------------------------------------------------------------------------------------------
                                OUTER      INNER                    STEP   MAXIMUM CHANGE MODEL-(CELLID) OR
 OUTER ITERATION STEP       ITERATION  ITERATION  MAXIMUM CHANGE SUCCESS             MODEL-PACKAGE-(NUMBER)
 ----------------------------------------------------------------------------------------------------------
 Model                              1          2       4.5872880                            2_GWT-(1,37,55)
 Model                              2          1 -4.63717242E-09       *                    2_GWT-(1,32,28)
 ----------------------------------------------------------------------------------------------------------


 2 CALLS TO NUMERICAL SOLUTION IN TIME STEP 107 STRESS PERIOD 2
 3 TOTAL ITERATIONS
 
    Solving:  Stress period:     2    Time step:   108
 

 SLN_1 OUTER ITERATION SUMMARY
 ----------------------------------------------------------------------------------------------------------
                                OUTER      INNER                    STEP   MAXIMUM CHANGE MODEL-(CELLID) OR
 OUTER ITERATION STEP       ITERATION  ITERATION  MAXIMUM CHANGE SUCCESS             MODEL-PACKAGE-(NUMBER)
 ----------------------------------------------------------------------------------------------------------
 Model                              1          1 -1.09765202E-04       *                     1_GWF-(1,2,88)
 ----------------------------------------------------------------------------------------------------------


 1 CALLS TO NUMERICAL SOLUTION IN TIME STEP 108 STRESS PERIOD 2
 1 TOTAL ITERATIONS

 SLN_2 OUTER ITERATION SUMMARY
 ----------------------------------------------------------------------------------------------------------
                                OUTER      INNER                    STEP   MAXIMUM CHANGE MODEL-(CELLID) OR
 OUTER ITERATION STEP       ITERATION  ITERATION  MAXIMUM CHANGE SUCCESS             MODEL-PACKAGE-(NUMBER)
 ----------------------------------------------------------------------------------------------------------
 Model                              1          2       4.5550994                            2_GWT-(1,37,55)
 Model                              2          1  4.58976501E-09       *                    2_GWT-(1,32,28)
 ----------------------------------------------------------------------------------------------------------


 2 CALLS TO NUMERICAL SOLUTION IN TIME STEP 108 STRESS PERIOD 2
 3 TOTAL ITERATIONS
 
    Solving:  Stress period:     2    Time step:   109
 

 SLN_1 OUTER ITERATION SUMMARY
 ----------------------------------------------------------------------------------------------------------
                                OUTER      INNER                    STEP   MAXIMUM CHANGE MODEL-(CELLID) OR
 OUTER ITERATION STEP       ITERATION  ITERATION  MAXIMUM CHANGE SUCCESS             MODEL-PACKAGE-(NUMBER)
 ----------------------------------------------------------------------------------------------------------
 Model                              1          1 -1.09563463E-04       *                     1_GWF-(1,2,85)
 ----------------------------------------------------------------------------------------------------------


 1 CALLS TO NUMERICAL SOLUTION IN TIME STEP 109 STRESS PERIOD 2
 1 TOTAL ITERATIONS

 SLN_2 OUTER ITERATION SUMMARY
 ----------------------------------------------------------------------------------------------------------
                                OUTER      INNER                    STEP   MAXIMUM CHANGE MODEL-(CELLID) OR
 OUTER ITERATION STEP       ITERATION  ITERATION  MAXIMUM CHANGE SUCCESS             MODEL-PACKAGE-(NUMBER)
 ----------------------------------------------------------------------------------------------------------
 Model                              1          2       4.5139421                            2_GWT-(1,37,55)
 Model                              2          1 -4.47496973E-09       *                    2_GWT-(1,32,28)
 ----------------------------------------------------------------------------------------------------------


 2 CALLS TO NUMERICAL SOLUTION IN TIME STEP 109 STRESS PERIOD 2
 3 TOTAL ITERATIONS
 
    Solving:  Stress period:     2    Time step:   110
 

 SLN_1 OUTER ITERATION SUMMARY
 ----------------------------------------------------------------------------------------------------------
                                OUTER      INNER                    STEP   MAXIMUM CHANGE MODEL-(CELLID) OR
 OUTER ITERATION STEP       ITERATION  ITERATION  MAXIMUM CHANGE SUCCESS             MODEL-PACKAGE-(NUMBER)
 ----------------------------------------------------------------------------------------------------------
 Model                              1          1 -1.08810738E-04       *                     1_GWF-(1,2,88)
 ----------------------------------------------------------------------------------------------------------


 1 CALLS TO NUMERICAL SOLUTION IN TIME STEP 110 STRESS PERIOD 2
 1 TOTAL ITERATIONS

 SLN_2 OUTER ITERATION SUMMARY
 ----------------------------------------------------------------------------------------------------------
                                OUTER      INNER                    STEP   MAXIMUM CHANGE MODEL-(CELLID) OR
 OUTER ITERATION STEP       ITERATION  ITERATION  MAXIMUM CHANGE SUCCESS             MODEL-PACKAGE-(NUMBER)
 ----------------------------------------------------------------------------------------------------------
 Model                              1          2       4.4756753                            2_GWT-(1,37,55)
 Model                              2          1  4.42526016E-09       *                    2_GWT-(1,32,28)
 ----------------------------------------------------------------------------------------------------------


 2 CALLS TO NUMERICAL SOLUTION IN TIME STEP 110 STRESS PERIOD 2
 3 TOTAL ITERATIONS
 
    Solving:  Stress period:     2    Time step:   111
 

 SLN_1 OUTER ITERATION SUMMARY
 ----------------------------------------------------------------------------------------------------------
                                OUTER      INNER                    STEP   MAXIMUM CHANGE MODEL-(CELLID) OR
 OUTER ITERATION STEP       ITERATION  ITERATION  MAXIMUM CHANGE SUCCESS             MODEL-PACKAGE-(NUMBER)
 ----------------------------------------------------------------------------------------------------------
 Model                              1          1 -1.08646815E-04       *                     1_GWF-(1,2,85)
 ----------------------------------------------------------------------------------------------------------


 1 CALLS TO NUMERICAL SOLUTION IN TIME STEP 111 STRESS PERIOD 2
 1 TOTAL ITERATIONS

 SLN_2 OUTER ITERATION SUMMARY
 ----------------------------------------------------------------------------------------------------------
                                OUTER      INNER                    STEP   MAXIMUM CHANGE MODEL-(CELLID) OR
 OUTER ITERATION STEP       ITERATION  ITERATION  MAXIMUM CHANGE SUCCESS             MODEL-PACKAGE-(NUMBER)
 ----------------------------------------------------------------------------------------------------------
 Model                              1          2       4.4392118                            2_GWT-(1,37,56)
 Model                              2          1 -4.31691660E-09       *                    2_GWT-(1,32,28)
 ----------------------------------------------------------------------------------------------------------


 2 CALLS TO NUMERICAL SOLUTION IN TIME STEP 111 STRESS PERIOD 2
 3 TOTAL ITERATIONS
 
    Solving:  Stress period:     2    Time step:   112
 

 SLN_1 OUTER ITERATION SUMMARY
 ----------------------------------------------------------------------------------------------------------
                                OUTER      INNER                    STEP   MAXIMUM CHANGE MODEL-(CELLID) OR
 OUTER ITERATION STEP       ITERATION  ITERATION  MAXIMUM CHANGE SUCCESS             MODEL-PACKAGE-(NUMBER)
 ----------------------------------------------------------------------------------------------------------
 Model                              1          1 -1.07869219E-04       *                     1_GWF-(1,2,88)
 ----------------------------------------------------------------------------------------------------------


 1 CALLS TO NUMERICAL SOLUTION IN TIME STEP 112 STRESS PERIOD 2
 1 TOTAL ITERATIONS

 SLN_2 OUTER ITERATION SUMMARY
 ----------------------------------------------------------------------------------------------------------
                                OUTER      INNER                    STEP   MAXIMUM CHANGE MODEL-(CELLID) OR
 OUTER ITERATION STEP       ITERATION  ITERATION  MAXIMUM CHANGE SUCCESS             MODEL-PACKAGE-(NUMBER)
 ----------------------------------------------------------------------------------------------------------
 Model                              1          2       4.4029869                            2_GWT-(1,37,56)
 Model                              2          1  4.26558699E-09       *                    2_GWT-(1,32,28)
 ----------------------------------------------------------------------------------------------------------


 2 CALLS TO NUMERICAL SOLUTION IN TIME STEP 112 STRESS PERIOD 2
 3 TOTAL ITERATIONS
 
    Solving:  Stress period:     2    Time step:   113
 

 SLN_1 OUTER ITERATION SUMMARY
 ----------------------------------------------------------------------------------------------------------
                                OUTER      INNER                    STEP   MAXIMUM CHANGE MODEL-(CELLID) OR
 OUTER ITERATION STEP       ITERATION  ITERATION  MAXIMUM CHANGE SUCCESS             MODEL-PACKAGE-(NUMBER)
 ----------------------------------------------------------------------------------------------------------
 Model                              1          1 -1.07742215E-04       *                     1_GWF-(1,2,85)
 ----------------------------------------------------------------------------------------------------------


 1 CALLS TO NUMERICAL SOLUTION IN TIME STEP 113 STRESS PERIOD 2
 1 TOTAL ITERATIONS

 SLN_2 OUTER ITERATION SUMMARY
 ----------------------------------------------------------------------------------------------------------
                                OUTER      INNER                    STEP   MAXIMUM CHANGE MODEL-(CELLID) OR
 OUTER ITERATION STEP       ITERATION  ITERATION  MAXIMUM CHANGE SUCCESS             MODEL-PACKAGE-(NUMBER)
 ----------------------------------------------------------------------------------------------------------
 Model                              1          2       4.3671494                            2_GWT-(1,37,56)
 Model                              2          1 -4.16335411E-09       *                    2_GWT-(1,32,28)
 ----------------------------------------------------------------------------------------------------------


 2 CALLS TO NUMERICAL SOLUTION IN TIME STEP 113 STRESS PERIOD 2
 3 TOTAL ITERATIONS
 
    Solving:  Stress period:     2    Time step:   114
 

 SLN_1 OUTER ITERATION SUMMARY
 ----------------------------------------------------------------------------------------------------------
                                OUTER      INNER                    STEP   MAXIMUM CHANGE MODEL-(CELLID) OR
 OUTER ITERATION STEP       ITERATION  ITERATION  MAXIMUM CHANGE SUCCESS             MODEL-PACKAGE-(NUMBER)
 ----------------------------------------------------------------------------------------------------------
 Model                              1          1 -1.06940401E-04       *                     1_GWF-(1,2,88)
 ----------------------------------------------------------------------------------------------------------


 1 CALLS TO NUMERICAL SOLUTION IN TIME STEP 114 STRESS PERIOD 2
 1 TOTAL ITERATIONS

 SLN_2 OUTER ITERATION SUMMARY
 ----------------------------------------------------------------------------------------------------------
                                OUTER      INNER                    STEP   MAXIMUM CHANGE MODEL-(CELLID) OR
 OUTER ITERATION STEP       ITERATION  ITERATION  MAXIMUM CHANGE SUCCESS             MODEL-PACKAGE-(NUMBER)
 ----------------------------------------------------------------------------------------------------------
 Model                              1          2       4.3253228                            2_GWT-(1,37,57)
 Model                              2          1  4.11048973E-09       *                    2_GWT-(1,32,28)
 ----------------------------------------------------------------------------------------------------------


 2 CALLS TO NUMERICAL SOLUTION IN TIME STEP 114 STRESS PERIOD 2
 3 TOTAL ITERATIONS
 
    Solving:  Stress period:     2    Time step:   115
 

 SLN_1 OUTER ITERATION SUMMARY
 ----------------------------------------------------------------------------------------------------------
                                OUTER      INNER                    STEP   MAXIMUM CHANGE MODEL-(CELLID) OR
 OUTER ITERATION STEP       ITERATION  ITERATION  MAXIMUM CHANGE SUCCESS             MODEL-PACKAGE-(NUMBER)
 ----------------------------------------------------------------------------------------------------------
 Model                              1          1 -1.06849433E-04       *                     1_GWF-(1,2,85)
 ----------------------------------------------------------------------------------------------------------


 1 CALLS TO NUMERICAL SOLUTION IN TIME STEP 115 STRESS PERIOD 2
 1 TOTAL ITERATIONS

 SLN_2 OUTER ITERATION SUMMARY
 ----------------------------------------------------------------------------------------------------------
                                OUTER      INNER                    STEP   MAXIMUM CHANGE MODEL-(CELLID) OR
 OUTER ITERATION STEP       ITERATION  ITERATION  MAXIMUM CHANGE SUCCESS             MODEL-PACKAGE-(NUMBER)
 ----------------------------------------------------------------------------------------------------------
 Model                              1          2       4.2986477                            2_GWT-(1,37,57)
 Model                              2          1 -4.01379907E-09       *                    2_GWT-(1,32,28)
 ----------------------------------------------------------------------------------------------------------


 2 CALLS TO NUMERICAL SOLUTION IN TIME STEP 115 STRESS PERIOD 2
 3 TOTAL ITERATIONS
 
    Solving:  Stress period:     2    Time step:   116
 

 SLN_1 OUTER ITERATION SUMMARY
 ----------------------------------------------------------------------------------------------------------
                                OUTER      INNER                    STEP   MAXIMUM CHANGE MODEL-(CELLID) OR
 OUTER ITERATION STEP       ITERATION  ITERATION  MAXIMUM CHANGE SUCCESS             MODEL-PACKAGE-(NUMBER)
 ----------------------------------------------------------------------------------------------------------
 Model                              1          1 -1.06024046E-04       *                     1_GWF-(1,2,88)
 ----------------------------------------------------------------------------------------------------------


 1 CALLS TO NUMERICAL SOLUTION IN TIME STEP 116 STRESS PERIOD 2
 1 TOTAL ITERATIONS

 SLN_2 OUTER ITERATION SUMMARY
 ----------------------------------------------------------------------------------------------------------
                                OUTER      INNER                    STEP   MAXIMUM CHANGE MODEL-(CELLID) OR
 OUTER ITERATION STEP       ITERATION  ITERATION  MAXIMUM CHANGE SUCCESS             MODEL-PACKAGE-(NUMBER)
 ----------------------------------------------------------------------------------------------------------
 Model                              1          2       4.2598771                            2_GWT-(1,37,57)
 Model                              2          1  3.95993993E-09       *                    2_GWT-(1,32,28)
 ----------------------------------------------------------------------------------------------------------


 2 CALLS TO NUMERICAL SOLUTION IN TIME STEP 116 STRESS PERIOD 2
 3 TOTAL ITERATIONS
 
    Solving:  Stress period:     2    Time step:   117
 

 SLN_1 OUTER ITERATION SUMMARY
 ----------------------------------------------------------------------------------------------------------
                                OUTER      INNER                    STEP   MAXIMUM CHANGE MODEL-(CELLID) OR
 OUTER ITERATION STEP       ITERATION  ITERATION  MAXIMUM CHANGE SUCCESS             MODEL-PACKAGE-(NUMBER)
 ----------------------------------------------------------------------------------------------------------
 Model                              1          1 -1.05968242E-04       *                     1_GWF-(1,2,85)
 ----------------------------------------------------------------------------------------------------------


 1 CALLS TO NUMERICAL SOLUTION IN TIME STEP 117 STRESS PERIOD 2
 1 TOTAL ITERATIONS

 SLN_2 OUTER ITERATION SUMMARY
 ----------------------------------------------------------------------------------------------------------
                                OUTER      INNER                    STEP   MAXIMUM CHANGE MODEL-(CELLID) OR
 OUTER ITERATION STEP       ITERATION  ITERATION  MAXIMUM CHANGE SUCCESS             MODEL-PACKAGE-(NUMBER)
 ----------------------------------------------------------------------------------------------------------
 Model                              1          2       4.2278227                            2_GWT-(1,37,57)
 Model                              2          1 -3.86816623E-09       *                    2_GWT-(1,32,28)
 ----------------------------------------------------------------------------------------------------------


 2 CALLS TO NUMERICAL SOLUTION IN TIME STEP 117 STRESS PERIOD 2
 3 TOTAL ITERATIONS
 
    Solving:  Stress period:     2    Time step:   118
 

 SLN_1 OUTER ITERATION SUMMARY
 ----------------------------------------------------------------------------------------------------------
                                OUTER      INNER                    STEP   MAXIMUM CHANGE MODEL-(CELLID) OR
 OUTER ITERATION STEP       ITERATION  ITERATION  MAXIMUM CHANGE SUCCESS             MODEL-PACKAGE-(NUMBER)
 ----------------------------------------------------------------------------------------------------------
 Model                              1          1 -1.05119915E-04       *                     1_GWF-(1,2,88)
 ----------------------------------------------------------------------------------------------------------


 1 CALLS TO NUMERICAL SOLUTION IN TIME STEP 118 STRESS PERIOD 2
 1 TOTAL ITERATIONS

 SLN_2 OUTER ITERATION SUMMARY
 ----------------------------------------------------------------------------------------------------------
                                OUTER      INNER                    STEP   MAXIMUM CHANGE MODEL-(CELLID) OR
 OUTER ITERATION STEP       ITERATION  ITERATION  MAXIMUM CHANGE SUCCESS             MODEL-PACKAGE-(NUMBER)
 ----------------------------------------------------------------------------------------------------------
 Model                              1          2       4.1924523                            2_GWT-(1,37,58)
 Model                              2          1  3.81379550E-09       *                    2_GWT-(1,32,28)
 ----------------------------------------------------------------------------------------------------------


 2 CALLS TO NUMERICAL SOLUTION IN TIME STEP 118 STRESS PERIOD 2
 3 TOTAL ITERATIONS
 
    Solving:  Stress period:     2    Time step:   119
 

 SLN_1 OUTER ITERATION SUMMARY
 ----------------------------------------------------------------------------------------------------------
                                OUTER      INNER                    STEP   MAXIMUM CHANGE MODEL-(CELLID) OR
 OUTER ITERATION STEP       ITERATION  ITERATION  MAXIMUM CHANGE SUCCESS             MODEL-PACKAGE-(NUMBER)
 ----------------------------------------------------------------------------------------------------------
 Model                              1          1 -1.05098415E-04       *                     1_GWF-(1,2,85)
 ----------------------------------------------------------------------------------------------------------


 1 CALLS TO NUMERICAL SOLUTION IN TIME STEP 119 STRESS PERIOD 2
 1 TOTAL ITERATIONS

 SLN_2 OUTER ITERATION SUMMARY
 ----------------------------------------------------------------------------------------------------------
                                OUTER      INNER                    STEP   MAXIMUM CHANGE MODEL-(CELLID) OR
 OUTER ITERATION STEP       ITERATION  ITERATION  MAXIMUM CHANGE SUCCESS             MODEL-PACKAGE-(NUMBER)
 ----------------------------------------------------------------------------------------------------------
 Model                              1          2       4.1621989                            2_GWT-(1,37,58)
 Model                              2          1 -3.72656928E-09       *                    2_GWT-(1,32,28)
 ----------------------------------------------------------------------------------------------------------


 2 CALLS TO NUMERICAL SOLUTION IN TIME STEP 119 STRESS PERIOD 2
 3 TOTAL ITERATIONS
 
    Solving:  Stress period:     2    Time step:   120
 

 SLN_1 OUTER ITERATION SUMMARY
 ----------------------------------------------------------------------------------------------------------
                                OUTER      INNER                    STEP   MAXIMUM CHANGE MODEL-(CELLID) OR
 OUTER ITERATION STEP       ITERATION  ITERATION  MAXIMUM CHANGE SUCCESS             MODEL-PACKAGE-(NUMBER)
 ----------------------------------------------------------------------------------------------------------
 Model                              1          1 -1.04227772E-04       *                     1_GWF-(1,2,88)
 ----------------------------------------------------------------------------------------------------------


 1 CALLS TO NUMERICAL SOLUTION IN TIME STEP 120 STRESS PERIOD 2
 1 TOTAL ITERATIONS

 SLN_2 OUTER ITERATION SUMMARY
 ----------------------------------------------------------------------------------------------------------
                                OUTER      INNER                    STEP   MAXIMUM CHANGE MODEL-(CELLID) OR
 OUTER ITERATION STEP       ITERATION  ITERATION  MAXIMUM CHANGE SUCCESS             MODEL-PACKAGE-(NUMBER)
 ----------------------------------------------------------------------------------------------------------
 Model                              1          2       4.1278940                            2_GWT-(1,37,58)
 Model                              2          1  3.67182906E-09       *                    2_GWT-(1,32,28)
 ----------------------------------------------------------------------------------------------------------


 2 CALLS TO NUMERICAL SOLUTION IN TIME STEP 120 STRESS PERIOD 2
 3 TOTAL ITERATIONS
 
    Solving:  Stress period:     2    Time step:   121
 

 SLN_1 OUTER ITERATION SUMMARY
 ----------------------------------------------------------------------------------------------------------
                                OUTER      INNER                    STEP   MAXIMUM CHANGE MODEL-(CELLID) OR
 OUTER ITERATION STEP       ITERATION  ITERATION  MAXIMUM CHANGE SUCCESS             MODEL-PACKAGE-(NUMBER)
 ----------------------------------------------------------------------------------------------------------
 Model                              1          1 -1.04239730E-04       *                     1_GWF-(1,2,85)
 ----------------------------------------------------------------------------------------------------------


 1 CALLS TO NUMERICAL SOLUTION IN TIME STEP 121 STRESS PERIOD 2
 1 TOTAL ITERATIONS

 SLN_2 OUTER ITERATION SUMMARY
 ----------------------------------------------------------------------------------------------------------
                                OUTER      INNER                    STEP   MAXIMUM CHANGE MODEL-(CELLID) OR
 OUTER ITERATION STEP       ITERATION  ITERATION  MAXIMUM CHANGE SUCCESS             MODEL-PACKAGE-(NUMBER)
 ----------------------------------------------------------------------------------------------------------
 Model                              1          2       4.0925391                            2_GWT-(1,37,58)
 Model                              2          1 -3.58886609E-09       *                    2_GWT-(1,32,28)
 ----------------------------------------------------------------------------------------------------------


 2 CALLS TO NUMERICAL SOLUTION IN TIME STEP 121 STRESS PERIOD 2
 3 TOTAL ITERATIONS
 
    Solving:  Stress period:     2    Time step:   122
 

 SLN_1 OUTER ITERATION SUMMARY
 ----------------------------------------------------------------------------------------------------------
                                OUTER      INNER                    STEP   MAXIMUM CHANGE MODEL-(CELLID) OR
 OUTER ITERATION STEP       ITERATION  ITERATION  MAXIMUM CHANGE SUCCESS             MODEL-PACKAGE-(NUMBER)
 ----------------------------------------------------------------------------------------------------------
 Model                              1          1 -1.03347383E-04       *                     1_GWF-(1,2,88)
 ----------------------------------------------------------------------------------------------------------


 1 CALLS TO NUMERICAL SOLUTION IN TIME STEP 122 STRESS PERIOD 2
 1 TOTAL ITERATIONS

 SLN_2 OUTER ITERATION SUMMARY
 ----------------------------------------------------------------------------------------------------------
                                OUTER      INNER                    STEP   MAXIMUM CHANGE MODEL-(CELLID) OR
 OUTER ITERATION STEP       ITERATION  ITERATION  MAXIMUM CHANGE SUCCESS             MODEL-PACKAGE-(NUMBER)
 ----------------------------------------------------------------------------------------------------------
 Model                              1          2       4.0674409                            2_GWT-(1,37,59)
 Model                              2          1  3.53406904E-09       *                    2_GWT-(1,32,28)
 ----------------------------------------------------------------------------------------------------------


 2 CALLS TO NUMERICAL SOLUTION IN TIME STEP 122 STRESS PERIOD 2
 3 TOTAL ITERATIONS
 
    Solving:  Stress period:     2    Time step:   123
 

 SLN_1 OUTER ITERATION SUMMARY
 ----------------------------------------------------------------------------------------------------------
                                OUTER      INNER                    STEP   MAXIMUM CHANGE MODEL-(CELLID) OR
 OUTER ITERATION STEP       ITERATION  ITERATION  MAXIMUM CHANGE SUCCESS             MODEL-PACKAGE-(NUMBER)
 ----------------------------------------------------------------------------------------------------------
 Model                              1          1 -1.03391967E-04       *                     1_GWF-(1,2,85)
 ----------------------------------------------------------------------------------------------------------


 1 CALLS TO NUMERICAL SOLUTION IN TIME STEP 123 STRESS PERIOD 2
 1 TOTAL ITERATIONS

 SLN_2 OUTER ITERATION SUMMARY
 ----------------------------------------------------------------------------------------------------------
                                OUTER      INNER                    STEP   MAXIMUM CHANGE MODEL-(CELLID) OR
 OUTER ITERATION STEP       ITERATION  ITERATION  MAXIMUM CHANGE SUCCESS             MODEL-PACKAGE-(NUMBER)
 ----------------------------------------------------------------------------------------------------------
 Model                              1          2       4.0319119                            2_GWT-(1,37,59)
 Model                              2          1 -3.45491458E-09       *                    2_GWT-(1,32,28)
 ----------------------------------------------------------------------------------------------------------


 2 CALLS TO NUMERICAL SOLUTION IN TIME STEP 123 STRESS PERIOD 2
 3 TOTAL ITERATIONS
 
    Solving:  Stress period:     2    Time step:   124
 

 SLN_1 OUTER ITERATION SUMMARY
 ----------------------------------------------------------------------------------------------------------
                                OUTER      INNER                    STEP   MAXIMUM CHANGE MODEL-(CELLID) OR
 OUTER ITERATION STEP       ITERATION  ITERATION  MAXIMUM CHANGE SUCCESS             MODEL-PACKAGE-(NUMBER)
 ----------------------------------------------------------------------------------------------------------
 Model                              1          1 -1.02478518E-04       *                     1_GWF-(1,2,88)
 ----------------------------------------------------------------------------------------------------------


 1 CALLS TO NUMERICAL SOLUTION IN TIME STEP 124 STRESS PERIOD 2
 1 TOTAL ITERATIONS

 SLN_2 OUTER ITERATION SUMMARY
 ----------------------------------------------------------------------------------------------------------
                                OUTER      INNER                    STEP   MAXIMUM CHANGE MODEL-(CELLID) OR
 OUTER ITERATION STEP       ITERATION  ITERATION  MAXIMUM CHANGE SUCCESS             MODEL-PACKAGE-(NUMBER)
 ----------------------------------------------------------------------------------------------------------
 Model                              1          2       4.0037803                            2_GWT-(1,37,59)
 Model                              2          1  3.40028805E-09       *                    2_GWT-(1,32,28)
 ----------------------------------------------------------------------------------------------------------


 2 CALLS TO NUMERICAL SOLUTION IN TIME STEP 124 STRESS PERIOD 2
 3 TOTAL ITERATIONS
 
    Solving:  Stress period:     2    Time step:   125
 

 SLN_1 OUTER ITERATION SUMMARY
 ----------------------------------------------------------------------------------------------------------
                                OUTER      INNER                    STEP   MAXIMUM CHANGE MODEL-(CELLID) OR
 OUTER ITERATION STEP       ITERATION  ITERATION  MAXIMUM CHANGE SUCCESS             MODEL-PACKAGE-(NUMBER)
 ----------------------------------------------------------------------------------------------------------
 Model                              1          1 -1.02554910E-04       *                     1_GWF-(1,2,85)
 ----------------------------------------------------------------------------------------------------------


 1 CALLS TO NUMERICAL SOLUTION IN TIME STEP 125 STRESS PERIOD 2
 1 TOTAL ITERATIONS

 SLN_2 OUTER ITERATION SUMMARY
 ----------------------------------------------------------------------------------------------------------
                                OUTER      INNER                    STEP   MAXIMUM CHANGE MODEL-(CELLID) OR
 OUTER ITERATION STEP       ITERATION  ITERATION  MAXIMUM CHANGE SUCCESS             MODEL-PACKAGE-(NUMBER)
 ----------------------------------------------------------------------------------------------------------
 Model                              1          2       3.9700224                            2_GWT-(1,37,60)
 Model                              2          1 -3.32468630E-09       *                    2_GWT-(1,32,28)
 ----------------------------------------------------------------------------------------------------------


 2 CALLS TO NUMERICAL SOLUTION IN TIME STEP 125 STRESS PERIOD 2
 3 TOTAL ITERATIONS
 
    Solving:  Stress period:     2    Time step:   126
 

 SLN_1 OUTER ITERATION SUMMARY
 ----------------------------------------------------------------------------------------------------------
                                OUTER      INNER                    STEP   MAXIMUM CHANGE MODEL-(CELLID) OR
 OUTER ITERATION STEP       ITERATION  ITERATION  MAXIMUM CHANGE SUCCESS             MODEL-PACKAGE-(NUMBER)
 ----------------------------------------------------------------------------------------------------------
 Model                              1          1 -1.01620948E-04       *                     1_GWF-(1,2,88)
 ----------------------------------------------------------------------------------------------------------


 1 CALLS TO NUMERICAL SOLUTION IN TIME STEP 126 STRESS PERIOD 2
 1 TOTAL ITERATIONS

 SLN_2 OUTER ITERATION SUMMARY
 ----------------------------------------------------------------------------------------------------------
                                OUTER      INNER                    STEP   MAXIMUM CHANGE MODEL-(CELLID) OR
 OUTER ITERATION STEP       ITERATION  ITERATION  MAXIMUM CHANGE SUCCESS             MODEL-PACKAGE-(NUMBER)
 ----------------------------------------------------------------------------------------------------------
 Model                              1          2       3.9453276                            2_GWT-(1,37,60)
 Model                              2          1  3.27034400E-09       *                    2_GWT-(1,32,28)
 ----------------------------------------------------------------------------------------------------------


 2 CALLS TO NUMERICAL SOLUTION IN TIME STEP 126 STRESS PERIOD 2
 3 TOTAL ITERATIONS
 
    Solving:  Stress period:     2    Time step:   127
 

 SLN_1 OUTER ITERATION SUMMARY
 ----------------------------------------------------------------------------------------------------------
                                OUTER      INNER                    STEP   MAXIMUM CHANGE MODEL-(CELLID) OR
 OUTER ITERATION STEP       ITERATION  ITERATION  MAXIMUM CHANGE SUCCESS             MODEL-PACKAGE-(NUMBER)
 ----------------------------------------------------------------------------------------------------------
 Model                              1          1 -1.01728344E-04       *                     1_GWF-(1,2,85)
 ----------------------------------------------------------------------------------------------------------


 1 CALLS TO NUMERICAL SOLUTION IN TIME STEP 127 STRESS PERIOD 2
 1 TOTAL ITERATIONS

 SLN_2 OUTER ITERATION SUMMARY
 ----------------------------------------------------------------------------------------------------------
                                OUTER      INNER                    STEP   MAXIMUM CHANGE MODEL-(CELLID) OR
 OUTER ITERATION STEP       ITERATION  ITERATION  MAXIMUM CHANGE SUCCESS             MODEL-PACKAGE-(NUMBER)
 ----------------------------------------------------------------------------------------------------------
 Model                              1          2       3.9117473                            2_GWT-(1,37,60)
 Model                              2          1 -3.19806759E-09       *                    2_GWT-(1,32,28)
 ----------------------------------------------------------------------------------------------------------


 2 CALLS TO NUMERICAL SOLUTION IN TIME STEP 127 STRESS PERIOD 2
 3 TOTAL ITERATIONS
 
    Solving:  Stress period:     2    Time step:   128
 

 SLN_1 OUTER ITERATION SUMMARY
 ----------------------------------------------------------------------------------------------------------
                                OUTER      INNER                    STEP   MAXIMUM CHANGE MODEL-(CELLID) OR
 OUTER ITERATION STEP       ITERATION  ITERATION  MAXIMUM CHANGE SUCCESS             MODEL-PACKAGE-(NUMBER)
 ----------------------------------------------------------------------------------------------------------
 Model                              1          1 -1.00774450E-04       *                     1_GWF-(1,2,88)
 ----------------------------------------------------------------------------------------------------------


 1 CALLS TO NUMERICAL SOLUTION IN TIME STEP 128 STRESS PERIOD 2
 1 TOTAL ITERATIONS

 SLN_2 OUTER ITERATION SUMMARY
 ----------------------------------------------------------------------------------------------------------
                                OUTER      INNER                    STEP   MAXIMUM CHANGE MODEL-(CELLID) OR
 OUTER ITERATION STEP       ITERATION  ITERATION  MAXIMUM CHANGE SUCCESS             MODEL-PACKAGE-(NUMBER)
 ----------------------------------------------------------------------------------------------------------
 Model                              1          2       3.8825047                            2_GWT-(1,37,60)
 Model                              2          1  3.14418003E-09       *                    2_GWT-(1,32,28)
 ----------------------------------------------------------------------------------------------------------


 2 CALLS TO NUMERICAL SOLUTION IN TIME STEP 128 STRESS PERIOD 2
 3 TOTAL ITERATIONS
 
    Solving:  Stress period:     2    Time step:   129
 

 SLN_1 OUTER ITERATION SUMMARY
 ----------------------------------------------------------------------------------------------------------
                                OUTER      INNER                    STEP   MAXIMUM CHANGE MODEL-(CELLID) OR
 OUTER ITERATION STEP       ITERATION  ITERATION  MAXIMUM CHANGE SUCCESS             MODEL-PACKAGE-(NUMBER)
 ----------------------------------------------------------------------------------------------------------
 Model                              1          1 -1.00912061E-04       *                     1_GWF-(1,2,85)
 ----------------------------------------------------------------------------------------------------------


 1 CALLS TO NUMERICAL SOLUTION IN TIME STEP 129 STRESS PERIOD 2
 1 TOTAL ITERATIONS

 SLN_2 OUTER ITERATION SUMMARY
 ----------------------------------------------------------------------------------------------------------
                                OUTER      INNER                    STEP   MAXIMUM CHANGE MODEL-(CELLID) OR
 OUTER ITERATION STEP       ITERATION  ITERATION  MAXIMUM CHANGE SUCCESS             MODEL-PACKAGE-(NUMBER)
 ----------------------------------------------------------------------------------------------------------
 Model                              1          2       3.8578303                            2_GWT-(1,37,61)
 Model                              2          1 -3.07500159E-09       *                    2_GWT-(1,32,28)
 ----------------------------------------------------------------------------------------------------------


 2 CALLS TO NUMERICAL SOLUTION IN TIME STEP 129 STRESS PERIOD 2
 3 TOTAL ITERATIONS
 
    Solving:  Stress period:     2    Time step:   130
 

 SLN_1 OUTER ITERATION SUMMARY
 ----------------------------------------------------------------------------------------------------------
                                OUTER      INNER                    STEP   MAXIMUM CHANGE MODEL-(CELLID) OR
 OUTER ITERATION STEP       ITERATION  ITERATION  MAXIMUM CHANGE SUCCESS             MODEL-PACKAGE-(NUMBER)
 ----------------------------------------------------------------------------------------------------------
 Model                              1          1 -9.99388040E-05       *                     1_GWF-(1,2,88)
 ----------------------------------------------------------------------------------------------------------


 1 CALLS TO NUMERICAL SOLUTION IN TIME STEP 130 STRESS PERIOD 2
 1 TOTAL ITERATIONS

 SLN_2 OUTER ITERATION SUMMARY
 ----------------------------------------------------------------------------------------------------------
                                OUTER      INNER                    STEP   MAXIMUM CHANGE MODEL-(CELLID) OR
 OUTER ITERATION STEP       ITERATION  ITERATION  MAXIMUM CHANGE SUCCESS             MODEL-PACKAGE-(NUMBER)
 ----------------------------------------------------------------------------------------------------------
 Model                              1          2       3.8266502                            2_GWT-(1,37,61)
 Model                              2          1  3.02162562E-09       *                    2_GWT-(1,32,28)
 ----------------------------------------------------------------------------------------------------------


 2 CALLS TO NUMERICAL SOLUTION IN TIME STEP 130 STRESS PERIOD 2
 3 TOTAL ITERATIONS
 
    Solving:  Stress period:     2    Time step:   131
 

 SLN_1 OUTER ITERATION SUMMARY
 ----------------------------------------------------------------------------------------------------------
                                OUTER      INNER                    STEP   MAXIMUM CHANGE MODEL-(CELLID) OR
 OUTER ITERATION STEP       ITERATION  ITERATION  MAXIMUM CHANGE SUCCESS             MODEL-PACKAGE-(NUMBER)
 ----------------------------------------------------------------------------------------------------------
 Model                              1          1 -1.00105854E-04       *                     1_GWF-(1,2,85)
 ----------------------------------------------------------------------------------------------------------


 1 CALLS TO NUMERICAL SOLUTION IN TIME STEP 131 STRESS PERIOD 2
 1 TOTAL ITERATIONS

 SLN_2 OUTER ITERATION SUMMARY
 ----------------------------------------------------------------------------------------------------------
                                OUTER      INNER                    STEP   MAXIMUM CHANGE MODEL-(CELLID) OR
 OUTER ITERATION STEP       ITERATION  ITERATION  MAXIMUM CHANGE SUCCESS             MODEL-PACKAGE-(NUMBER)
 ----------------------------------------------------------------------------------------------------------
 Model                              1          2       3.8001932                            2_GWT-(1,37,61)
 Model                              2          1 -2.95531777E-09       *                    2_GWT-(1,32,28)
 ----------------------------------------------------------------------------------------------------------


 2 CALLS TO NUMERICAL SOLUTION IN TIME STEP 131 STRESS PERIOD 2
 3 TOTAL ITERATIONS
 
    Solving:  Stress period:     2    Time step:   132
 

 SLN_1 OUTER ITERATION SUMMARY
 ----------------------------------------------------------------------------------------------------------
                                OUTER      INNER                    STEP   MAXIMUM CHANGE MODEL-(CELLID) OR
 OUTER ITERATION STEP       ITERATION  ITERATION  MAXIMUM CHANGE SUCCESS             MODEL-PACKAGE-(NUMBER)
 ----------------------------------------------------------------------------------------------------------
 Model                              1          1 -9.91137933E-05       *                     1_GWF-(1,2,88)
 ----------------------------------------------------------------------------------------------------------


 1 CALLS TO NUMERICAL SOLUTION IN TIME STEP 132 STRESS PERIOD 2
 1 TOTAL ITERATIONS

 SLN_2 OUTER ITERATION SUMMARY
 ----------------------------------------------------------------------------------------------------------
                                OUTER      INNER                    STEP   MAXIMUM CHANGE MODEL-(CELLID) OR
 OUTER ITERATION STEP       ITERATION  ITERATION  MAXIMUM CHANGE SUCCESS             MODEL-PACKAGE-(NUMBER)
 ----------------------------------------------------------------------------------------------------------
 Model                              1          2       3.7691440                            2_GWT-(1,37,62)
 Model                              2          1  2.90268076E-09       *                    2_GWT-(1,32,28)
 ----------------------------------------------------------------------------------------------------------


 2 CALLS TO NUMERICAL SOLUTION IN TIME STEP 132 STRESS PERIOD 2
 3 TOTAL ITERATIONS
 
    Solving:  Stress period:     2    Time step:   133
 

 SLN_1 OUTER ITERATION SUMMARY
 ----------------------------------------------------------------------------------------------------------
                                OUTER      INNER                    STEP   MAXIMUM CHANGE MODEL-(CELLID) OR
 OUTER ITERATION STEP       ITERATION  ITERATION  MAXIMUM CHANGE SUCCESS             MODEL-PACKAGE-(NUMBER)
 ----------------------------------------------------------------------------------------------------------
 Model                              1          1 -9.93095237E-05       *                     1_GWF-(1,2,85)
 ----------------------------------------------------------------------------------------------------------


 1 CALLS TO NUMERICAL SOLUTION IN TIME STEP 133 STRESS PERIOD 2
 1 TOTAL ITERATIONS

 SLN_2 OUTER ITERATION SUMMARY
 ----------------------------------------------------------------------------------------------------------
                                OUTER      INNER                    STEP   MAXIMUM CHANGE MODEL-(CELLID) OR
 OUTER ITERATION STEP       ITERATION  ITERATION  MAXIMUM CHANGE SUCCESS             MODEL-PACKAGE-(NUMBER)
 ----------------------------------------------------------------------------------------------------------
 Model                              1          2       3.7486108                            2_GWT-(1,37,62)
 Model                              2          1 -2.83893087E-09       *                    2_GWT-(1,32,28)
 ----------------------------------------------------------------------------------------------------------


 2 CALLS TO NUMERICAL SOLUTION IN TIME STEP 133 STRESS PERIOD 2
 3 TOTAL ITERATIONS
 
    Solving:  Stress period:     2    Time step:   134
 

 SLN_1 OUTER ITERATION SUMMARY
 ----------------------------------------------------------------------------------------------------------
                                OUTER      INNER                    STEP   MAXIMUM CHANGE MODEL-(CELLID) OR
 OUTER ITERATION STEP       ITERATION  ITERATION  MAXIMUM CHANGE SUCCESS             MODEL-PACKAGE-(NUMBER)
 ----------------------------------------------------------------------------------------------------------
 Model                              1          1 -9.82992059E-05       *                     1_GWF-(1,2,88)
 ----------------------------------------------------------------------------------------------------------


 1 CALLS TO NUMERICAL SOLUTION IN TIME STEP 134 STRESS PERIOD 2
 1 TOTAL ITERATIONS

 SLN_2 OUTER ITERATION SUMMARY
 ----------------------------------------------------------------------------------------------------------
                                OUTER      INNER                    STEP   MAXIMUM CHANGE MODEL-(CELLID) OR
 OUTER ITERATION STEP       ITERATION  ITERATION  MAXIMUM CHANGE SUCCESS             MODEL-PACKAGE-(NUMBER)
 ----------------------------------------------------------------------------------------------------------
 Model                              1          2       3.7161910                            2_GWT-(1,37,62)
 Model                              2          1  2.78708967E-09       *                    2_GWT-(1,32,28)
 ----------------------------------------------------------------------------------------------------------


 2 CALLS TO NUMERICAL SOLUTION IN TIME STEP 134 STRESS PERIOD 2
 3 TOTAL ITERATIONS
 
    Solving:  Stress period:     2    Time step:   135
 

 SLN_1 OUTER ITERATION SUMMARY
 ----------------------------------------------------------------------------------------------------------
                                OUTER      INNER                    STEP   MAXIMUM CHANGE MODEL-(CELLID) OR
 OUTER ITERATION STEP       ITERATION  ITERATION  MAXIMUM CHANGE SUCCESS             MODEL-PACKAGE-(NUMBER)
 ----------------------------------------------------------------------------------------------------------
 Model                              1          1 -9.85228710E-05       *                     1_GWF-(1,2,85)
 ----------------------------------------------------------------------------------------------------------


 1 CALLS TO NUMERICAL SOLUTION IN TIME STEP 135 STRESS PERIOD 2
 1 TOTAL ITERATIONS

 SLN_2 OUTER ITERATION SUMMARY
 ----------------------------------------------------------------------------------------------------------
                                OUTER      INNER                    STEP   MAXIMUM CHANGE MODEL-(CELLID) OR
 OUTER ITERATION STEP       ITERATION  ITERATION  MAXIMUM CHANGE SUCCESS             MODEL-PACKAGE-(NUMBER)
 ----------------------------------------------------------------------------------------------------------
 Model                              1          2       3.6915800                            2_GWT-(1,37,62)
 Model                              2          1 -2.72584089E-09       *                    2_GWT-(1,32,28)
 ----------------------------------------------------------------------------------------------------------


 2 CALLS TO NUMERICAL SOLUTION IN TIME STEP 135 STRESS PERIOD 2
 3 TOTAL ITERATIONS
 
    Solving:  Stress period:     2    Time step:   136
 

 SLN_1 OUTER ITERATION SUMMARY
 ----------------------------------------------------------------------------------------------------------
                                OUTER      INNER                    STEP   MAXIMUM CHANGE MODEL-(CELLID) OR
 OUTER ITERATION STEP       ITERATION  ITERATION  MAXIMUM CHANGE SUCCESS             MODEL-PACKAGE-(NUMBER)
 ----------------------------------------------------------------------------------------------------------
 Model                              1          1 -9.74948339E-05       *                     1_GWF-(1,2,88)
 ----------------------------------------------------------------------------------------------------------


 1 CALLS TO NUMERICAL SOLUTION IN TIME STEP 136 STRESS PERIOD 2
 1 TOTAL ITERATIONS

 SLN_2 OUTER ITERATION SUMMARY
 ----------------------------------------------------------------------------------------------------------
                                OUTER      INNER                    STEP   MAXIMUM CHANGE MODEL-(CELLID) OR
 OUTER ITERATION STEP       ITERATION  ITERATION  MAXIMUM CHANGE SUCCESS             MODEL-PACKAGE-(NUMBER)
 ----------------------------------------------------------------------------------------------------------
 Model                              1          2       3.6671671                            2_GWT-(1,37,63)
 Model                              2          1  2.67502287E-09       *                    2_GWT-(1,32,28)
 ----------------------------------------------------------------------------------------------------------


 2 CALLS TO NUMERICAL SOLUTION IN TIME STEP 136 STRESS PERIOD 2
 3 TOTAL ITERATIONS
 
    Solving:  Stress period:     2    Time step:   137
 

 SLN_1 OUTER ITERATION SUMMARY
 ----------------------------------------------------------------------------------------------------------
                                OUTER      INNER                    STEP   MAXIMUM CHANGE MODEL-(CELLID) OR
 OUTER ITERATION STEP       ITERATION  ITERATION  MAXIMUM CHANGE SUCCESS             MODEL-PACKAGE-(NUMBER)
 ----------------------------------------------------------------------------------------------------------
 Model                              1          1 -9.77457031E-05       *                     1_GWF-(1,2,85)
 ----------------------------------------------------------------------------------------------------------


 1 CALLS TO NUMERICAL SOLUTION IN TIME STEP 137 STRESS PERIOD 2
 1 TOTAL ITERATIONS

 SLN_2 OUTER ITERATION SUMMARY
 ----------------------------------------------------------------------------------------------------------
                                OUTER      INNER                    STEP   MAXIMUM CHANGE MODEL-(CELLID) OR
 OUTER ITERATION STEP       ITERATION  ITERATION  MAXIMUM CHANGE SUCCESS             MODEL-PACKAGE-(NUMBER)
 ----------------------------------------------------------------------------------------------------------
 Model                              1          2       3.6408918                            2_GWT-(1,37,63)
 Model                              2          1 -2.61604782E-09       *                    2_GWT-(1,32,28)
 ----------------------------------------------------------------------------------------------------------


 2 CALLS TO NUMERICAL SOLUTION IN TIME STEP 137 STRESS PERIOD 2
 3 TOTAL ITERATIONS
 
    Solving:  Stress period:     2    Time step:   138
 

 SLN_1 OUTER ITERATION SUMMARY
 ----------------------------------------------------------------------------------------------------------
                                OUTER      INNER                    STEP   MAXIMUM CHANGE MODEL-(CELLID) OR
 OUTER ITERATION STEP       ITERATION  ITERATION  MAXIMUM CHANGE SUCCESS             MODEL-PACKAGE-(NUMBER)
 ----------------------------------------------------------------------------------------------------------
 Model                              1          1 -9.67004738E-05       *                     1_GWF-(1,2,88)
 ----------------------------------------------------------------------------------------------------------


 1 CALLS TO NUMERICAL SOLUTION IN TIME STEP 138 STRESS PERIOD 2
 1 TOTAL ITERATIONS

 SLN_2 OUTER ITERATION SUMMARY
 ----------------------------------------------------------------------------------------------------------
                                OUTER      INNER                    STEP   MAXIMUM CHANGE MODEL-(CELLID) OR
 OUTER ITERATION STEP       ITERATION  ITERATION  MAXIMUM CHANGE SUCCESS             MODEL-PACKAGE-(NUMBER)
 ----------------------------------------------------------------------------------------------------------
 Model                              1          2       3.6146424                            2_GWT-(1,37,63)
 Model                              2          1  2.56622457E-09       *                    2_GWT-(1,32,28)
 ----------------------------------------------------------------------------------------------------------


 2 CALLS TO NUMERICAL SOLUTION IN TIME STEP 138 STRESS PERIOD 2
 3 TOTAL ITERATIONS
 
    Solving:  Stress period:     2    Time step:   139
 

 SLN_1 OUTER ITERATION SUMMARY
 ----------------------------------------------------------------------------------------------------------
                                OUTER      INNER                    STEP   MAXIMUM CHANGE MODEL-(CELLID) OR
 OUTER ITERATION STEP       ITERATION  ITERATION  MAXIMUM CHANGE SUCCESS             MODEL-PACKAGE-(NUMBER)
 ----------------------------------------------------------------------------------------------------------
 Model                              1          1 -9.69778310E-05       *                     1_GWF-(1,2,85)
 ----------------------------------------------------------------------------------------------------------


 1 CALLS TO NUMERICAL SOLUTION IN TIME STEP 139 STRESS PERIOD 2
 1 TOTAL ITERATIONS

 SLN_2 OUTER ITERATION SUMMARY
 ----------------------------------------------------------------------------------------------------------
                                OUTER      INNER                    STEP   MAXIMUM CHANGE MODEL-(CELLID) OR
 OUTER ITERATION STEP       ITERATION  ITERATION  MAXIMUM CHANGE SUCCESS             MODEL-PACKAGE-(NUMBER)
 ----------------------------------------------------------------------------------------------------------
 Model                              1          2       3.5873474                            2_GWT-(1,37,64)
 Model                              2          1 -2.50938115E-09       *                    2_GWT-(1,32,28)
 ----------------------------------------------------------------------------------------------------------


 2 CALLS TO NUMERICAL SOLUTION IN TIME STEP 139 STRESS PERIOD 2
 3 TOTAL ITERATIONS
 
    Solving:  Stress period:     2    Time step:   140
 

 SLN_1 OUTER ITERATION SUMMARY
 ----------------------------------------------------------------------------------------------------------
                                OUTER      INNER                    STEP   MAXIMUM CHANGE MODEL-(CELLID) OR
 OUTER ITERATION STEP       ITERATION  ITERATION  MAXIMUM CHANGE SUCCESS             MODEL-PACKAGE-(NUMBER)
 ----------------------------------------------------------------------------------------------------------
 Model                              1          1 -9.59159261E-05       *                     1_GWF-(1,2,88)
 ----------------------------------------------------------------------------------------------------------


 1 CALLS TO NUMERICAL SOLUTION IN TIME STEP 140 STRESS PERIOD 2
 1 TOTAL ITERATIONS

 SLN_2 OUTER ITERATION SUMMARY
 ----------------------------------------------------------------------------------------------------------
                                OUTER      INNER                    STEP   MAXIMUM CHANGE MODEL-(CELLID) OR
 OUTER ITERATION STEP       ITERATION  ITERATION  MAXIMUM CHANGE SUCCESS             MODEL-PACKAGE-(NUMBER)
 ----------------------------------------------------------------------------------------------------------
 Model                              1          2       3.5690818                            2_GWT-(1,37,64)
 Model                              2          1  2.46069476E-09       *                    2_GWT-(1,32,28)
 ----------------------------------------------------------------------------------------------------------


 2 CALLS TO NUMERICAL SOLUTION IN TIME STEP 140 STRESS PERIOD 2
 3 TOTAL ITERATIONS
 
    Solving:  Stress period:     2    Time step:   141
 

 SLN_1 OUTER ITERATION SUMMARY
 ----------------------------------------------------------------------------------------------------------
                                OUTER      INNER                    STEP   MAXIMUM CHANGE MODEL-(CELLID) OR
 OUTER ITERATION STEP       ITERATION  ITERATION  MAXIMUM CHANGE SUCCESS             MODEL-PACKAGE-(NUMBER)
 ----------------------------------------------------------------------------------------------------------
 Model                              1          1 -9.62190700E-05       *                     1_GWF-(1,2,85)
 ----------------------------------------------------------------------------------------------------------


 1 CALLS TO NUMERICAL SOLUTION IN TIME STEP 141 STRESS PERIOD 2
 1 TOTAL ITERATIONS

 SLN_2 OUTER ITERATION SUMMARY
 ----------------------------------------------------------------------------------------------------------
                                OUTER      INNER                    STEP   MAXIMUM CHANGE MODEL-(CELLID) OR
 OUTER ITERATION STEP       ITERATION  ITERATION  MAXIMUM CHANGE SUCCESS             MODEL-PACKAGE-(NUMBER)
 ----------------------------------------------------------------------------------------------------------
 Model                              1          2       3.5389498                            2_GWT-(1,37,64)
 Model                              2          1 -2.40592612E-09       *                    2_GWT-(1,32,28)
 ----------------------------------------------------------------------------------------------------------


 2 CALLS TO NUMERICAL SOLUTION IN TIME STEP 141 STRESS PERIOD 2
 3 TOTAL ITERATIONS
 
    Solving:  Stress period:     2    Time step:   142
 

 SLN_1 OUTER ITERATION SUMMARY
 ----------------------------------------------------------------------------------------------------------
                                OUTER      INNER                    STEP   MAXIMUM CHANGE MODEL-(CELLID) OR
 OUTER ITERATION STEP       ITERATION  ITERATION  MAXIMUM CHANGE SUCCESS             MODEL-PACKAGE-(NUMBER)
 ----------------------------------------------------------------------------------------------------------
 Model                              1          1 -9.51409962E-05       *                     1_GWF-(1,2,88)
 ----------------------------------------------------------------------------------------------------------


 1 CALLS TO NUMERICAL SOLUTION IN TIME STEP 142 STRESS PERIOD 2
 1 TOTAL ITERATIONS

 SLN_2 OUTER ITERATION SUMMARY
 ----------------------------------------------------------------------------------------------------------
                                OUTER      INNER                    STEP   MAXIMUM CHANGE MODEL-(CELLID) OR
 OUTER ITERATION STEP       ITERATION  ITERATION  MAXIMUM CHANGE SUCCESS             MODEL-PACKAGE-(NUMBER)
 ----------------------------------------------------------------------------------------------------------
 Model                              1          2       3.5169924                            2_GWT-(1,37,64)
 Model                              2          1  2.35837661E-09       *                    2_GWT-(1,32,28)
 ----------------------------------------------------------------------------------------------------------


 2 CALLS TO NUMERICAL SOLUTION IN TIME STEP 142 STRESS PERIOD 2
 3 TOTAL ITERATIONS
 
    Solving:  Stress period:     2    Time step:   143
 

 SLN_1 OUTER ITERATION SUMMARY
 ----------------------------------------------------------------------------------------------------------
                                OUTER      INNER                    STEP   MAXIMUM CHANGE MODEL-(CELLID) OR
 OUTER ITERATION STEP       ITERATION  ITERATION  MAXIMUM CHANGE SUCCESS             MODEL-PACKAGE-(NUMBER)
 ----------------------------------------------------------------------------------------------------------
 Model                              1          1 -9.54692396E-05       *                     1_GWF-(1,2,85)
 ----------------------------------------------------------------------------------------------------------


 1 CALLS TO NUMERICAL SOLUTION IN TIME STEP 143 STRESS PERIOD 2
 1 TOTAL ITERATIONS

 SLN_2 OUTER ITERATION SUMMARY
 ----------------------------------------------------------------------------------------------------------
                                OUTER      INNER                    STEP   MAXIMUM CHANGE MODEL-(CELLID) OR
 OUTER ITERATION STEP       ITERATION  ITERATION  MAXIMUM CHANGE SUCCESS             MODEL-PACKAGE-(NUMBER)
 ----------------------------------------------------------------------------------------------------------
 Model                              1          2       3.4934728                            2_GWT-(1,37,65)
 Model                              2          1 -2.30556907E-09       *                    2_GWT-(1,32,28)
 ----------------------------------------------------------------------------------------------------------


 2 CALLS TO NUMERICAL SOLUTION IN TIME STEP 143 STRESS PERIOD 2
 3 TOTAL ITERATIONS
 
    Solving:  Stress period:     2    Time step:   144
 

 SLN_1 OUTER ITERATION SUMMARY
 ----------------------------------------------------------------------------------------------------------
                                OUTER      INNER                    STEP   MAXIMUM CHANGE MODEL-(CELLID) OR
 OUTER ITERATION STEP       ITERATION  ITERATION  MAXIMUM CHANGE SUCCESS             MODEL-PACKAGE-(NUMBER)
 ----------------------------------------------------------------------------------------------------------
 Model                              1          1 -9.43754935E-05       *                     1_GWF-(1,2,88)
 ----------------------------------------------------------------------------------------------------------


 1 CALLS TO NUMERICAL SOLUTION IN TIME STEP 144 STRESS PERIOD 2
 1 TOTAL ITERATIONS

 SLN_2 OUTER ITERATION SUMMARY
 ----------------------------------------------------------------------------------------------------------
                                OUTER      INNER                    STEP   MAXIMUM CHANGE MODEL-(CELLID) OR
 OUTER ITERATION STEP       ITERATION  ITERATION  MAXIMUM CHANGE SUCCESS             MODEL-PACKAGE-(NUMBER)
 ----------------------------------------------------------------------------------------------------------
 Model                              1          2       3.4717199                            2_GWT-(1,37,65)
 Model                              2          1  2.25918484E-09       *                    2_GWT-(1,32,28)
 ----------------------------------------------------------------------------------------------------------


 2 CALLS TO NUMERICAL SOLUTION IN TIME STEP 144 STRESS PERIOD 2
 3 TOTAL ITERATIONS
 
    Solving:  Stress period:     2    Time step:   145
 

 SLN_1 OUTER ITERATION SUMMARY
 ----------------------------------------------------------------------------------------------------------
                                OUTER      INNER                    STEP   MAXIMUM CHANGE MODEL-(CELLID) OR
 OUTER ITERATION STEP       ITERATION  ITERATION  MAXIMUM CHANGE SUCCESS             MODEL-PACKAGE-(NUMBER)
 ----------------------------------------------------------------------------------------------------------
 Model                              1          1 -9.47281636E-05       *                     1_GWF-(1,2,85)
 ----------------------------------------------------------------------------------------------------------


 1 CALLS TO NUMERICAL SOLUTION IN TIME STEP 145 STRESS PERIOD 2
 1 TOTAL ITERATIONS

 SLN_2 OUTER ITERATION SUMMARY
 ----------------------------------------------------------------------------------------------------------
                                OUTER      INNER                    STEP   MAXIMUM CHANGE MODEL-(CELLID) OR
 OUTER ITERATION STEP       ITERATION  ITERATION  MAXIMUM CHANGE SUCCESS             MODEL-PACKAGE-(NUMBER)
 ----------------------------------------------------------------------------------------------------------
 Model                              1          2       3.4453861                            2_GWT-(1,37,66)
 Model                              2          1 -2.20833840E-09       *                    2_GWT-(1,32,28)
 ----------------------------------------------------------------------------------------------------------


 2 CALLS TO NUMERICAL SOLUTION IN TIME STEP 145 STRESS PERIOD 2
 3 TOTAL ITERATIONS
 
    Solving:  Stress period:     2    Time step:   146
 

 SLN_1 OUTER ITERATION SUMMARY
 ----------------------------------------------------------------------------------------------------------
                                OUTER      INNER                    STEP   MAXIMUM CHANGE MODEL-(CELLID) OR
 OUTER ITERATION STEP       ITERATION  ITERATION  MAXIMUM CHANGE SUCCESS             MODEL-PACKAGE-(NUMBER)
 ----------------------------------------------------------------------------------------------------------
 Model                              1          1 -9.36192319E-05       *                     1_GWF-(1,2,88)
 ----------------------------------------------------------------------------------------------------------


 1 CALLS TO NUMERICAL SOLUTION IN TIME STEP 146 STRESS PERIOD 2
 1 TOTAL ITERATIONS

 SLN_2 OUTER ITERATION SUMMARY
 ----------------------------------------------------------------------------------------------------------
                                OUTER      INNER                    STEP   MAXIMUM CHANGE MODEL-(CELLID) OR
 OUTER ITERATION STEP       ITERATION  ITERATION  MAXIMUM CHANGE SUCCESS             MODEL-PACKAGE-(NUMBER)
 ----------------------------------------------------------------------------------------------------------
 Model                              1          2       3.4222600                            2_GWT-(1,37,66)
 Model                              2          1  2.16311946E-09       *                    2_GWT-(1,32,28)
 ----------------------------------------------------------------------------------------------------------


 2 CALLS TO NUMERICAL SOLUTION IN TIME STEP 146 STRESS PERIOD 2
 3 TOTAL ITERATIONS
 
    Solving:  Stress period:     2    Time step:   147
 

 SLN_1 OUTER ITERATION SUMMARY
 ----------------------------------------------------------------------------------------------------------
                                OUTER      INNER                    STEP   MAXIMUM CHANGE MODEL-(CELLID) OR
 OUTER ITERATION STEP       ITERATION  ITERATION  MAXIMUM CHANGE SUCCESS             MODEL-PACKAGE-(NUMBER)
 ----------------------------------------------------------------------------------------------------------
 Model                              1          1 -9.39956700E-05       *                     1_GWF-(1,2,85)
 ----------------------------------------------------------------------------------------------------------


 1 CALLS TO NUMERICAL SOLUTION IN TIME STEP 147 STRESS PERIOD 2
 1 TOTAL ITERATIONS

 SLN_2 OUTER ITERATION SUMMARY
 ----------------------------------------------------------------------------------------------------------
                                OUTER      INNER                    STEP   MAXIMUM CHANGE MODEL-(CELLID) OR
 OUTER ITERATION STEP       ITERATION  ITERATION  MAXIMUM CHANGE SUCCESS             MODEL-PACKAGE-(NUMBER)
 ----------------------------------------------------------------------------------------------------------
 Model                              1          2       3.4045608                            2_GWT-(1,37,66)
 Model                              2          1 -2.11406359E-09       *                    2_GWT-(1,32,28)
 ----------------------------------------------------------------------------------------------------------


 2 CALLS TO NUMERICAL SOLUTION IN TIME STEP 147 STRESS PERIOD 2
 3 TOTAL ITERATIONS
 
    Solving:  Stress period:     2    Time step:   148
 

 SLN_1 OUTER ITERATION SUMMARY
 ----------------------------------------------------------------------------------------------------------
                                OUTER      INNER                    STEP   MAXIMUM CHANGE MODEL-(CELLID) OR
 OUTER ITERATION STEP       ITERATION  ITERATION  MAXIMUM CHANGE SUCCESS             MODEL-PACKAGE-(NUMBER)
 ----------------------------------------------------------------------------------------------------------
 Model                              1          1 -9.28720298E-05       *                     1_GWF-(1,2,88)
 ----------------------------------------------------------------------------------------------------------


 1 CALLS TO NUMERICAL SOLUTION IN TIME STEP 148 STRESS PERIOD 2
 1 TOTAL ITERATIONS

 SLN_2 OUTER ITERATION SUMMARY
 ----------------------------------------------------------------------------------------------------------
                                OUTER      INNER                    STEP   MAXIMUM CHANGE MODEL-(CELLID) OR
 OUTER ITERATION STEP       ITERATION  ITERATION  MAXIMUM CHANGE SUCCESS             MODEL-PACKAGE-(NUMBER)
 ----------------------------------------------------------------------------------------------------------
 Model                              1          2       3.3777948                            2_GWT-(1,37,66)
 Model                              2          1  2.07029416E-09       *                    2_GWT-(1,32,28)
 ----------------------------------------------------------------------------------------------------------


 2 CALLS TO NUMERICAL SOLUTION IN TIME STEP 148 STRESS PERIOD 2
 3 TOTAL ITERATIONS
 
    Solving:  Stress period:     2    Time step:   149
 

 SLN_1 OUTER ITERATION SUMMARY
 ----------------------------------------------------------------------------------------------------------
                                OUTER      INNER                    STEP   MAXIMUM CHANGE MODEL-(CELLID) OR
 OUTER ITERATION STEP       ITERATION  ITERATION  MAXIMUM CHANGE SUCCESS             MODEL-PACKAGE-(NUMBER)
 ----------------------------------------------------------------------------------------------------------
 Model                              1          1 -9.32715910E-05       *                     1_GWF-(1,2,85)
 ----------------------------------------------------------------------------------------------------------


 1 CALLS TO NUMERICAL SOLUTION IN TIME STEP 149 STRESS PERIOD 2
 1 TOTAL ITERATIONS

 SLN_2 OUTER ITERATION SUMMARY
 ----------------------------------------------------------------------------------------------------------
                                OUTER      INNER                    STEP   MAXIMUM CHANGE MODEL-(CELLID) OR
 OUTER ITERATION STEP       ITERATION  ITERATION  MAXIMUM CHANGE SUCCESS             MODEL-PACKAGE-(NUMBER)
 ----------------------------------------------------------------------------------------------------------
 Model                              1          2       3.3576314                            2_GWT-(1,37,67)
 Model                              2          1 -2.02294359E-09       *                    2_GWT-(1,32,28)
 ----------------------------------------------------------------------------------------------------------


 2 CALLS TO NUMERICAL SOLUTION IN TIME STEP 149 STRESS PERIOD 2
 3 TOTAL ITERATIONS
 
    Solving:  Stress period:     2    Time step:   150
 

 SLN_1 OUTER ITERATION SUMMARY
 ----------------------------------------------------------------------------------------------------------
                                OUTER      INNER                    STEP   MAXIMUM CHANGE MODEL-(CELLID) OR
 OUTER ITERATION STEP       ITERATION  ITERATION  MAXIMUM CHANGE SUCCESS             MODEL-PACKAGE-(NUMBER)
 ----------------------------------------------------------------------------------------------------------
 Model                              1          1 -9.21337099E-05       *                     1_GWF-(1,2,88)
 ----------------------------------------------------------------------------------------------------------


 1 CALLS TO NUMERICAL SOLUTION IN TIME STEP 150 STRESS PERIOD 2
 1 TOTAL ITERATIONS

 SLN_2 OUTER ITERATION SUMMARY
 ----------------------------------------------------------------------------------------------------------
                                OUTER      INNER                    STEP   MAXIMUM CHANGE MODEL-(CELLID) OR
 OUTER ITERATION STEP       ITERATION  ITERATION  MAXIMUM CHANGE SUCCESS             MODEL-PACKAGE-(NUMBER)
 ----------------------------------------------------------------------------------------------------------
 Model                              1          2       3.3351013                            2_GWT-(1,37,67)
 Model                              2          1  1.98070893E-09       *                    2_GWT-(1,32,28)
 ----------------------------------------------------------------------------------------------------------


 2 CALLS TO NUMERICAL SOLUTION IN TIME STEP 150 STRESS PERIOD 2
 3 TOTAL ITERATIONS
 
    Solving:  Stress period:     2    Time step:   151
 

 SLN_1 OUTER ITERATION SUMMARY
 ----------------------------------------------------------------------------------------------------------
                                OUTER      INNER                    STEP   MAXIMUM CHANGE MODEL-(CELLID) OR
 OUTER ITERATION STEP       ITERATION  ITERATION  MAXIMUM CHANGE SUCCESS             MODEL-PACKAGE-(NUMBER)
 ----------------------------------------------------------------------------------------------------------
 Model                              1          1 -9.25557631E-05       *                     1_GWF-(1,2,85)
 ----------------------------------------------------------------------------------------------------------


 1 CALLS TO NUMERICAL SOLUTION IN TIME STEP 151 STRESS PERIOD 2
 1 TOTAL ITERATIONS

 SLN_2 OUTER ITERATION SUMMARY
 ----------------------------------------------------------------------------------------------------------
                                OUTER      INNER                    STEP   MAXIMUM CHANGE MODEL-(CELLID) OR
 OUTER ITERATION STEP       ITERATION  ITERATION  MAXIMUM CHANGE SUCCESS             MODEL-PACKAGE-(NUMBER)
 ----------------------------------------------------------------------------------------------------------
 Model                              1          2       3.3166650                            2_GWT-(1,37,67)
 Model                              2          1 -1.93512051E-09       *                    2_GWT-(1,32,28)
 ----------------------------------------------------------------------------------------------------------


 2 CALLS TO NUMERICAL SOLUTION IN TIME STEP 151 STRESS PERIOD 2
 3 TOTAL ITERATIONS
 
    Solving:  Stress period:     2    Time step:   152
 

 SLN_1 OUTER ITERATION SUMMARY
 ----------------------------------------------------------------------------------------------------------
                                OUTER      INNER                    STEP   MAXIMUM CHANGE MODEL-(CELLID) OR
 OUTER ITERATION STEP       ITERATION  ITERATION  MAXIMUM CHANGE SUCCESS             MODEL-PACKAGE-(NUMBER)
 ----------------------------------------------------------------------------------------------------------
 Model                              1          1 -9.14040991E-05       *                     1_GWF-(1,2,88)
 ----------------------------------------------------------------------------------------------------------


 1 CALLS TO NUMERICAL SOLUTION IN TIME STEP 152 STRESS PERIOD 2
 1 TOTAL ITERATIONS

 SLN_2 OUTER ITERATION SUMMARY
 ----------------------------------------------------------------------------------------------------------
                                OUTER      INNER                    STEP   MAXIMUM CHANGE MODEL-(CELLID) OR
 OUTER ITERATION STEP       ITERATION  ITERATION  MAXIMUM CHANGE SUCCESS             MODEL-PACKAGE-(NUMBER)
 ----------------------------------------------------------------------------------------------------------
 Model                              1          2       3.2912557                            2_GWT-(1,37,68)
 Model                              2          1  1.89450589E-09       *                    2_GWT-(1,32,28)
 ----------------------------------------------------------------------------------------------------------


 2 CALLS TO NUMERICAL SOLUTION IN TIME STEP 152 STRESS PERIOD 2
 3 TOTAL ITERATIONS
 
    Solving:  Stress period:     2    Time step:   153
 

 SLN_1 OUTER ITERATION SUMMARY
 ----------------------------------------------------------------------------------------------------------
                                OUTER      INNER                    STEP   MAXIMUM CHANGE MODEL-(CELLID) OR
 OUTER ITERATION STEP       ITERATION  ITERATION  MAXIMUM CHANGE SUCCESS             MODEL-PACKAGE-(NUMBER)
 ----------------------------------------------------------------------------------------------------------
 Model                              1          1 -9.18480267E-05       *                     1_GWF-(1,2,85)
 ----------------------------------------------------------------------------------------------------------


 1 CALLS TO NUMERICAL SOLUTION IN TIME STEP 153 STRESS PERIOD 2
 1 TOTAL ITERATIONS

 SLN_2 OUTER ITERATION SUMMARY
 ----------------------------------------------------------------------------------------------------------
                                OUTER      INNER                    STEP   MAXIMUM CHANGE MODEL-(CELLID) OR
 OUTER ITERATION STEP       ITERATION  ITERATION  MAXIMUM CHANGE SUCCESS             MODEL-PACKAGE-(NUMBER)
 ----------------------------------------------------------------------------------------------------------
 Model                              1          2       3.2715866                            2_GWT-(1,37,68)
 Model                              2          1 -1.85070803E-09       *                    2_GWT-(1,32,28)
 ----------------------------------------------------------------------------------------------------------


 2 CALLS TO NUMERICAL SOLUTION IN TIME STEP 153 STRESS PERIOD 2
 3 TOTAL ITERATIONS
 
    Solving:  Stress period:     2    Time step:   154
 

 SLN_1 OUTER ITERATION SUMMARY
 ----------------------------------------------------------------------------------------------------------
                                OUTER      INNER                    STEP   MAXIMUM CHANGE MODEL-(CELLID) OR
 OUTER ITERATION STEP       ITERATION  ITERATION  MAXIMUM CHANGE SUCCESS             MODEL-PACKAGE-(NUMBER)
 ----------------------------------------------------------------------------------------------------------
 Model                              1          1 -9.06830287E-05       *                     1_GWF-(1,2,88)
 ----------------------------------------------------------------------------------------------------------


 1 CALLS TO NUMERICAL SOLUTION IN TIME STEP 154 STRESS PERIOD 2
 1 TOTAL ITERATIONS

 SLN_2 OUTER ITERATION SUMMARY
 ----------------------------------------------------------------------------------------------------------
                                OUTER      INNER                    STEP   MAXIMUM CHANGE MODEL-(CELLID) OR
 OUTER ITERATION STEP       ITERATION  ITERATION  MAXIMUM CHANGE SUCCESS             MODEL-PACKAGE-(NUMBER)
 ----------------------------------------------------------------------------------------------------------
 Model                              1          2       3.2535115                            2_GWT-(1,37,68)
 Model                              2          1  1.81179871E-09       *                    2_GWT-(1,32,28)
 ----------------------------------------------------------------------------------------------------------


 2 CALLS TO NUMERICAL SOLUTION IN TIME STEP 154 STRESS PERIOD 2
 3 TOTAL ITERATIONS
 
    Solving:  Stress period:     2    Time step:   155
 

 SLN_1 OUTER ITERATION SUMMARY
 ----------------------------------------------------------------------------------------------------------
                                OUTER      INNER                    STEP   MAXIMUM CHANGE MODEL-(CELLID) OR
 OUTER ITERATION STEP       ITERATION  ITERATION  MAXIMUM CHANGE SUCCESS             MODEL-PACKAGE-(NUMBER)
 ----------------------------------------------------------------------------------------------------------
 Model                              1          1 -9.11482265E-05       *                     1_GWF-(1,2,85)
 ----------------------------------------------------------------------------------------------------------


 1 CALLS TO NUMERICAL SOLUTION IN TIME STEP 155 STRESS PERIOD 2
 1 TOTAL ITERATIONS

 SLN_2 OUTER ITERATION SUMMARY
 ----------------------------------------------------------------------------------------------------------
                                OUTER      INNER                    STEP   MAXIMUM CHANGE MODEL-(CELLID) OR
 OUTER ITERATION STEP       ITERATION  ITERATION  MAXIMUM CHANGE SUCCESS             MODEL-PACKAGE-(NUMBER)
 ----------------------------------------------------------------------------------------------------------
 Model                              1          2       3.2305381                            2_GWT-(1,37,68)
 Model                              2          1 -1.76990511E-09       *                    2_GWT-(1,32,28)
 ----------------------------------------------------------------------------------------------------------


 2 CALLS TO NUMERICAL SOLUTION IN TIME STEP 155 STRESS PERIOD 2
 3 TOTAL ITERATIONS
 
    Solving:  Stress period:     2    Time step:   156
 

 SLN_1 OUTER ITERATION SUMMARY
 ----------------------------------------------------------------------------------------------------------
                                OUTER      INNER                    STEP   MAXIMUM CHANGE MODEL-(CELLID) OR
 OUTER ITERATION STEP       ITERATION  ITERATION  MAXIMUM CHANGE SUCCESS             MODEL-PACKAGE-(NUMBER)
 ----------------------------------------------------------------------------------------------------------
 Model                              1          1 -8.99703341E-05       *                     1_GWF-(1,2,88)
 ----------------------------------------------------------------------------------------------------------


 1 CALLS TO NUMERICAL SOLUTION IN TIME STEP 156 STRESS PERIOD 2
 1 TOTAL ITERATIONS

 SLN_2 OUTER ITERATION SUMMARY
 ----------------------------------------------------------------------------------------------------------
                                OUTER      INNER                    STEP   MAXIMUM CHANGE MODEL-(CELLID) OR
 OUTER ITERATION STEP       ITERATION  ITERATION  MAXIMUM CHANGE SUCCESS             MODEL-PACKAGE-(NUMBER)
 ----------------------------------------------------------------------------------------------------------
 Model                              1          2       3.2117655                            2_GWT-(1,37,69)
 Model                              2          1  1.73284320E-09       *                    2_GWT-(1,32,28)
 ----------------------------------------------------------------------------------------------------------


 2 CALLS TO NUMERICAL SOLUTION IN TIME STEP 156 STRESS PERIOD 2
 3 TOTAL ITERATIONS
 
    Solving:  Stress period:     2    Time step:   157
 

 SLN_1 OUTER ITERATION SUMMARY
 ----------------------------------------------------------------------------------------------------------
                                OUTER      INNER                    STEP   MAXIMUM CHANGE MODEL-(CELLID) OR
 OUTER ITERATION STEP       ITERATION  ITERATION  MAXIMUM CHANGE SUCCESS             MODEL-PACKAGE-(NUMBER)
 ----------------------------------------------------------------------------------------------------------
 Model                              1          1 -9.04562109E-05       *                     1_GWF-(1,2,85)
 ----------------------------------------------------------------------------------------------------------


 1 CALLS TO NUMERICAL SOLUTION IN TIME STEP 157 STRESS PERIOD 2
 1 TOTAL ITERATIONS

 SLN_2 OUTER ITERATION SUMMARY
 ----------------------------------------------------------------------------------------------------------
                                OUTER      INNER                    STEP   MAXIMUM CHANGE MODEL-(CELLID) OR
 OUTER ITERATION STEP       ITERATION  ITERATION  MAXIMUM CHANGE SUCCESS             MODEL-PACKAGE-(NUMBER)
 ----------------------------------------------------------------------------------------------------------
 Model                              1          2       3.1904598                            2_GWT-(1,37,69)
 Model                              2          1 -1.69291070E-09       *                    2_GWT-(1,32,28)
 ----------------------------------------------------------------------------------------------------------


 2 CALLS TO NUMERICAL SOLUTION IN TIME STEP 157 STRESS PERIOD 2
 3 TOTAL ITERATIONS
 
    Solving:  Stress period:     2    Time step:   158
 

 SLN_1 OUTER ITERATION SUMMARY
 ----------------------------------------------------------------------------------------------------------
                                OUTER      INNER                    STEP   MAXIMUM CHANGE MODEL-(CELLID) OR
 OUTER ITERATION STEP       ITERATION  ITERATION  MAXIMUM CHANGE SUCCESS             MODEL-PACKAGE-(NUMBER)
 ----------------------------------------------------------------------------------------------------------
 Model                              1          1 -8.92658549E-05       *                     1_GWF-(1,2,88)
 ----------------------------------------------------------------------------------------------------------


 1 CALLS TO NUMERICAL SOLUTION IN TIME STEP 158 STRESS PERIOD 2
 1 TOTAL ITERATIONS

 SLN_2 OUTER ITERATION SUMMARY
 ----------------------------------------------------------------------------------------------------------
                                OUTER      INNER                    STEP   MAXIMUM CHANGE MODEL-(CELLID) OR
 OUTER ITERATION STEP       ITERATION  ITERATION  MAXIMUM CHANGE SUCCESS             MODEL-PACKAGE-(NUMBER)
 ----------------------------------------------------------------------------------------------------------
 Model                              1          2       3.1738386                            2_GWT-(1,37,69)
 Model                              2          1  1.65780989E-09       *                    2_GWT-(1,32,28)
 ----------------------------------------------------------------------------------------------------------


 2 CALLS TO NUMERICAL SOLUTION IN TIME STEP 158 STRESS PERIOD 2
 3 TOTAL ITERATIONS
 
    Solving:  Stress period:     2    Time step:   159
 

 SLN_1 OUTER ITERATION SUMMARY
 ----------------------------------------------------------------------------------------------------------
                                OUTER      INNER                    STEP   MAXIMUM CHANGE MODEL-(CELLID) OR
 OUTER ITERATION STEP       ITERATION  ITERATION  MAXIMUM CHANGE SUCCESS             MODEL-PACKAGE-(NUMBER)
 ----------------------------------------------------------------------------------------------------------
 Model                              1          1 -8.97718325E-05       *                     1_GWF-(1,2,85)
 ----------------------------------------------------------------------------------------------------------


 1 CALLS TO NUMERICAL SOLUTION IN TIME STEP 159 STRESS PERIOD 2
 1 TOTAL ITERATIONS

 SLN_2 OUTER ITERATION SUMMARY
 ----------------------------------------------------------------------------------------------------------
                                OUTER      INNER                    STEP   MAXIMUM CHANGE MODEL-(CELLID) OR
 OUTER ITERATION STEP       ITERATION  ITERATION  MAXIMUM CHANGE SUCCESS             MODEL-PACKAGE-(NUMBER)
 ----------------------------------------------------------------------------------------------------------
 Model                              1          2       3.1498131                            2_GWT-(1,37,70)
 Model                              2          1 -1.61992375E-09       *                    2_GWT-(1,32,28)
 ----------------------------------------------------------------------------------------------------------


 2 CALLS TO NUMERICAL SOLUTION IN TIME STEP 159 STRESS PERIOD 2
 3 TOTAL ITERATIONS
 
    Solving:  Stress period:     2    Time step:   160
 

 SLN_1 OUTER ITERATION SUMMARY
 ----------------------------------------------------------------------------------------------------------
                                OUTER      INNER                    STEP   MAXIMUM CHANGE MODEL-(CELLID) OR
 OUTER ITERATION STEP       ITERATION  ITERATION  MAXIMUM CHANGE SUCCESS             MODEL-PACKAGE-(NUMBER)
 ----------------------------------------------------------------------------------------------------------
 Model                              1          1 -8.85694348E-05       *                     1_GWF-(1,2,88)
 ----------------------------------------------------------------------------------------------------------


 1 CALLS TO NUMERICAL SOLUTION IN TIME STEP 160 STRESS PERIOD 2
 1 TOTAL ITERATIONS

 SLN_2 OUTER ITERATION SUMMARY
 ----------------------------------------------------------------------------------------------------------
                                OUTER      INNER                    STEP   MAXIMUM CHANGE MODEL-(CELLID) OR
 OUTER ITERATION STEP       ITERATION  ITERATION  MAXIMUM CHANGE SUCCESS             MODEL-PACKAGE-(NUMBER)
 ----------------------------------------------------------------------------------------------------------
 Model                              1          2       3.1332544                            2_GWT-(1,37,70)
 Model                              2          1  1.58706825E-09       *                    2_GWT-(1,32,28)
 ----------------------------------------------------------------------------------------------------------


 2 CALLS TO NUMERICAL SOLUTION IN TIME STEP 160 STRESS PERIOD 2
 3 TOTAL ITERATIONS
 
    Solving:  Stress period:     2    Time step:   161
 

 SLN_1 OUTER ITERATION SUMMARY
 ----------------------------------------------------------------------------------------------------------
                                OUTER      INNER                    STEP   MAXIMUM CHANGE MODEL-(CELLID) OR
 OUTER ITERATION STEP       ITERATION  ITERATION  MAXIMUM CHANGE SUCCESS             MODEL-PACKAGE-(NUMBER)
 ----------------------------------------------------------------------------------------------------------
 Model                              1          1 -8.90949475E-05       *                     1_GWF-(1,2,85)
 ----------------------------------------------------------------------------------------------------------


 1 CALLS TO NUMERICAL SOLUTION IN TIME STEP 161 STRESS PERIOD 2
 1 TOTAL ITERATIONS

 SLN_2 OUTER ITERATION SUMMARY
 ----------------------------------------------------------------------------------------------------------
                                OUTER      INNER                    STEP   MAXIMUM CHANGE MODEL-(CELLID) OR
 OUTER ITERATION STEP       ITERATION  ITERATION  MAXIMUM CHANGE SUCCESS             MODEL-PACKAGE-(NUMBER)
 ----------------------------------------------------------------------------------------------------------
 Model                              1          2       3.1147555                            2_GWT-(1,37,70)
 Model                              2          1 -1.55142743E-09       *                    2_GWT-(1,32,28)
 ----------------------------------------------------------------------------------------------------------


 2 CALLS TO NUMERICAL SOLUTION IN TIME STEP 161 STRESS PERIOD 2
 3 TOTAL ITERATIONS
 
    Solving:  Stress period:     2    Time step:   162
 

 SLN_1 OUTER ITERATION SUMMARY
 ----------------------------------------------------------------------------------------------------------
                                OUTER      INNER                    STEP   MAXIMUM CHANGE MODEL-(CELLID) OR
 OUTER ITERATION STEP       ITERATION  ITERATION  MAXIMUM CHANGE SUCCESS             MODEL-PACKAGE-(NUMBER)
 ----------------------------------------------------------------------------------------------------------
 Model                              1          1 -8.78809214E-05       *                     1_GWF-(1,2,88)
 ----------------------------------------------------------------------------------------------------------


 1 CALLS TO NUMERICAL SOLUTION IN TIME STEP 162 STRESS PERIOD 2
 1 TOTAL ITERATIONS

 SLN_2 OUTER ITERATION SUMMARY
 ----------------------------------------------------------------------------------------------------------
                                OUTER      INNER                    STEP   MAXIMUM CHANGE MODEL-(CELLID) OR
 OUTER ITERATION STEP       ITERATION  ITERATION  MAXIMUM CHANGE SUCCESS             MODEL-PACKAGE-(NUMBER)
 ----------------------------------------------------------------------------------------------------------
 Model                              1          2       3.0951899                            2_GWT-(1,37,70)
 Model                              2          1  1.52093094E-09       *                    2_GWT-(1,32,28)
 ----------------------------------------------------------------------------------------------------------


 2 CALLS TO NUMERICAL SOLUTION IN TIME STEP 162 STRESS PERIOD 2
 3 TOTAL ITERATIONS
 
    Solving:  Stress period:     2    Time step:   163
 

 SLN_1 OUTER ITERATION SUMMARY
 ----------------------------------------------------------------------------------------------------------
                                OUTER      INNER                    STEP   MAXIMUM CHANGE MODEL-(CELLID) OR
 OUTER ITERATION STEP       ITERATION  ITERATION  MAXIMUM CHANGE SUCCESS             MODEL-PACKAGE-(NUMBER)
 ----------------------------------------------------------------------------------------------------------
 Model                              1          1 -8.84254159E-05       *                     1_GWF-(1,2,85)
 ----------------------------------------------------------------------------------------------------------


 1 CALLS TO NUMERICAL SOLUTION IN TIME STEP 163 STRESS PERIOD 2
 1 TOTAL ITERATIONS

 SLN_2 OUTER ITERATION SUMMARY
 ----------------------------------------------------------------------------------------------------------
                                OUTER      INNER                    STEP   MAXIMUM CHANGE MODEL-(CELLID) OR
 OUTER ITERATION STEP       ITERATION  ITERATION  MAXIMUM CHANGE SUCCESS             MODEL-PACKAGE-(NUMBER)
 ----------------------------------------------------------------------------------------------------------
 Model                              1          2       3.0771722                            2_GWT-(1,37,71)
 Model                              2          1 -1.48767754E-09       *                    2_GWT-(1,32,28)
 ----------------------------------------------------------------------------------------------------------


 2 CALLS TO NUMERICAL SOLUTION IN TIME STEP 163 STRESS PERIOD 2
 3 TOTAL ITERATIONS
 
    Solving:  Stress period:     2    Time step:   164
 

 SLN_1 OUTER ITERATION SUMMARY
 ----------------------------------------------------------------------------------------------------------
                                OUTER      INNER                    STEP   MAXIMUM CHANGE MODEL-(CELLID) OR
 OUTER ITERATION STEP       ITERATION  ITERATION  MAXIMUM CHANGE SUCCESS             MODEL-PACKAGE-(NUMBER)
 ----------------------------------------------------------------------------------------------------------
 Model                              1          1 -8.72001662E-05       *                     1_GWF-(1,2,88)
 ----------------------------------------------------------------------------------------------------------


 1 CALLS TO NUMERICAL SOLUTION IN TIME STEP 164 STRESS PERIOD 2
 1 TOTAL ITERATIONS

 SLN_2 OUTER ITERATION SUMMARY
 ----------------------------------------------------------------------------------------------------------
                                OUTER      INNER                    STEP   MAXIMUM CHANGE MODEL-(CELLID) OR
 OUTER ITERATION STEP       ITERATION  ITERATION  MAXIMUM CHANGE SUCCESS             MODEL-PACKAGE-(NUMBER)
 ----------------------------------------------------------------------------------------------------------
 Model                              1          2       3.0579263                            2_GWT-(1,37,71)
 Model                              2          1  1.45973900E-09       *                    2_GWT-(1,32,28)
 ----------------------------------------------------------------------------------------------------------


 2 CALLS TO NUMERICAL SOLUTION IN TIME STEP 164 STRESS PERIOD 2
 3 TOTAL ITERATIONS
 
    Solving:  Stress period:     2    Time step:   165
 

 SLN_1 OUTER ITERATION SUMMARY
 ----------------------------------------------------------------------------------------------------------
                                OUTER      INNER                    STEP   MAXIMUM CHANGE MODEL-(CELLID) OR
 OUTER ITERATION STEP       ITERATION  ITERATION  MAXIMUM CHANGE SUCCESS             MODEL-PACKAGE-(NUMBER)
 ----------------------------------------------------------------------------------------------------------
 Model                              1          1 -8.77631016E-05       *                     1_GWF-(1,2,85)
 ----------------------------------------------------------------------------------------------------------


 1 CALLS TO NUMERICAL SOLUTION IN TIME STEP 165 STRESS PERIOD 2
 1 TOTAL ITERATIONS

 SLN_2 OUTER ITERATION SUMMARY
 ----------------------------------------------------------------------------------------------------------
                                OUTER      INNER                    STEP   MAXIMUM CHANGE MODEL-(CELLID) OR
 OUTER ITERATION STEP       ITERATION  ITERATION  MAXIMUM CHANGE SUCCESS             MODEL-PACKAGE-(NUMBER)
 ----------------------------------------------------------------------------------------------------------
 Model                              1          2       3.0418991                            2_GWT-(1,37,71)
 Model                              2          1 -1.42910039E-09       *                    2_GWT-(1,32,28)
 ----------------------------------------------------------------------------------------------------------


 2 CALLS TO NUMERICAL SOLUTION IN TIME STEP 165 STRESS PERIOD 2
 3 TOTAL ITERATIONS
 
    Solving:  Stress period:     2    Time step:   166
 

 SLN_1 OUTER ITERATION SUMMARY
 ----------------------------------------------------------------------------------------------------------
                                OUTER      INNER                    STEP   MAXIMUM CHANGE MODEL-(CELLID) OR
 OUTER ITERATION STEP       ITERATION  ITERATION  MAXIMUM CHANGE SUCCESS             MODEL-PACKAGE-(NUMBER)
 ----------------------------------------------------------------------------------------------------------
 Model                              1          1 -8.65270246E-05       *                     1_GWF-(1,2,88)
 ----------------------------------------------------------------------------------------------------------


 1 CALLS TO NUMERICAL SOLUTION IN TIME STEP 166 STRESS PERIOD 2
 1 TOTAL ITERATIONS

 SLN_2 OUTER ITERATION SUMMARY
 ----------------------------------------------------------------------------------------------------------
                                OUTER      INNER                    STEP   MAXIMUM CHANGE MODEL-(CELLID) OR
 OUTER ITERATION STEP       ITERATION  ITERATION  MAXIMUM CHANGE SUCCESS             MODEL-PACKAGE-(NUMBER)
 ----------------------------------------------------------------------------------------------------------
 Model                              1          2       3.0199173                            2_GWT-(1,37,72)
 Model                              2          1  1.40403245E-09       *                    2_GWT-(1,32,28)
 ----------------------------------------------------------------------------------------------------------


 2 CALLS TO NUMERICAL SOLUTION IN TIME STEP 166 STRESS PERIOD 2
 3 TOTAL ITERATIONS
 
    Solving:  Stress period:     2    Time step:   167
 

 SLN_1 OUTER ITERATION SUMMARY
 ----------------------------------------------------------------------------------------------------------
                                OUTER      INNER                    STEP   MAXIMUM CHANGE MODEL-(CELLID) OR
 OUTER ITERATION STEP       ITERATION  ITERATION  MAXIMUM CHANGE SUCCESS             MODEL-PACKAGE-(NUMBER)
 ----------------------------------------------------------------------------------------------------------
 Model                              1          1 -8.71078718E-05       *                     1_GWF-(1,2,85)
 ----------------------------------------------------------------------------------------------------------


 1 CALLS TO NUMERICAL SOLUTION IN TIME STEP 167 STRESS PERIOD 2
 1 TOTAL ITERATIONS

 SLN_2 OUTER ITERATION SUMMARY
 ----------------------------------------------------------------------------------------------------------
                                OUTER      INNER                    STEP   MAXIMUM CHANGE MODEL-(CELLID) OR
 OUTER ITERATION STEP       ITERATION  ITERATION  MAXIMUM CHANGE SUCCESS             MODEL-PACKAGE-(NUMBER)
 ----------------------------------------------------------------------------------------------------------
 Model                              1          2       3.0055608                            2_GWT-(1,37,72)
 Model                              2          1 -1.37617917E-09       *                    2_GWT-(1,32,28)
 ----------------------------------------------------------------------------------------------------------


 2 CALLS TO NUMERICAL SOLUTION IN TIME STEP 167 STRESS PERIOD 2
 3 TOTAL ITERATIONS
 
    Solving:  Stress period:     2    Time step:   168
 

 SLN_1 OUTER ITERATION SUMMARY
 ----------------------------------------------------------------------------------------------------------
                                OUTER      INNER                    STEP   MAXIMUM CHANGE MODEL-(CELLID) OR
 OUTER ITERATION STEP       ITERATION  ITERATION  MAXIMUM CHANGE SUCCESS             MODEL-PACKAGE-(NUMBER)
 ----------------------------------------------------------------------------------------------------------
 Model                              1          1 -8.58613556E-05       *                     1_GWF-(1,2,88)
 ----------------------------------------------------------------------------------------------------------


 1 CALLS TO NUMERICAL SOLUTION IN TIME STEP 168 STRESS PERIOD 2
 1 TOTAL ITERATIONS

 SLN_2 OUTER ITERATION SUMMARY
 ----------------------------------------------------------------------------------------------------------
                                OUTER      INNER                    STEP   MAXIMUM CHANGE MODEL-(CELLID) OR
 OUTER ITERATION STEP       ITERATION  ITERATION  MAXIMUM CHANGE SUCCESS             MODEL-PACKAGE-(NUMBER)
 ----------------------------------------------------------------------------------------------------------
 Model                              1          2       2.9872220                            2_GWT-(1,37,72)
 Model                              2          1  1.35420919E-09       *                    2_GWT-(1,32,28)
 ----------------------------------------------------------------------------------------------------------


 2 CALLS TO NUMERICAL SOLUTION IN TIME STEP 168 STRESS PERIOD 2
 3 TOTAL ITERATIONS
 
    Solving:  Stress period:     2    Time step:   169
 

 SLN_1 OUTER ITERATION SUMMARY
 ----------------------------------------------------------------------------------------------------------
                                OUTER      INNER                    STEP   MAXIMUM CHANGE MODEL-(CELLID) OR
 OUTER ITERATION STEP       ITERATION  ITERATION  MAXIMUM CHANGE SUCCESS             MODEL-PACKAGE-(NUMBER)
 ----------------------------------------------------------------------------------------------------------
 Model                              1          1 -8.64595974E-05       *                     1_GWF-(1,2,85)
 ----------------------------------------------------------------------------------------------------------


 1 CALLS TO NUMERICAL SOLUTION IN TIME STEP 169 STRESS PERIOD 2
 1 TOTAL ITERATIONS

 SLN_2 OUTER ITERATION SUMMARY
 ----------------------------------------------------------------------------------------------------------
                                OUTER      INNER                    STEP   MAXIMUM CHANGE MODEL-(CELLID) OR
 OUTER ITERATION STEP       ITERATION  ITERATION  MAXIMUM CHANGE SUCCESS             MODEL-PACKAGE-(NUMBER)
 ----------------------------------------------------------------------------------------------------------
 Model                              1          2       2.9701152                            2_GWT-(1,37,72)
 Model                              2          1 -1.32934019E-09       *                    2_GWT-(1,32,28)
 ----------------------------------------------------------------------------------------------------------


 2 CALLS TO NUMERICAL SOLUTION IN TIME STEP 169 STRESS PERIOD 2
 3 TOTAL ITERATIONS
 
    Solving:  Stress period:     2    Time step:   170
 

 SLN_1 OUTER ITERATION SUMMARY
 ----------------------------------------------------------------------------------------------------------
                                OUTER      INNER                    STEP   MAXIMUM CHANGE MODEL-(CELLID) OR
 OUTER ITERATION STEP       ITERATION  ITERATION  MAXIMUM CHANGE SUCCESS             MODEL-PACKAGE-(NUMBER)
 ----------------------------------------------------------------------------------------------------------
 Model                              1          1 -8.52030221E-05       *                     1_GWF-(1,2,88)
 ----------------------------------------------------------------------------------------------------------


 1 CALLS TO NUMERICAL SOLUTION IN TIME STEP 170 STRESS PERIOD 2
 1 TOTAL ITERATIONS

 SLN_2 OUTER ITERATION SUMMARY
 ----------------------------------------------------------------------------------------------------------
                                OUTER      INNER                    STEP   MAXIMUM CHANGE MODEL-(CELLID) OR
 OUTER ITERATION STEP       ITERATION  ITERATION  MAXIMUM CHANGE SUCCESS             MODEL-PACKAGE-(NUMBER)
 ----------------------------------------------------------------------------------------------------------
 Model                              1          2       2.9528353                            2_GWT-(1,37,73)
 Model                              2          1  1.31072397E-09       *                    2_GWT-(1,32,28)
 ----------------------------------------------------------------------------------------------------------


 2 CALLS TO NUMERICAL SOLUTION IN TIME STEP 170 STRESS PERIOD 2
 3 TOTAL ITERATIONS
 
    Solving:  Stress period:     2    Time step:   171
 

 SLN_1 OUTER ITERATION SUMMARY
 ----------------------------------------------------------------------------------------------------------
                                OUTER      INNER                    STEP   MAXIMUM CHANGE MODEL-(CELLID) OR
 OUTER ITERATION STEP       ITERATION  ITERATION  MAXIMUM CHANGE SUCCESS             MODEL-PACKAGE-(NUMBER)
 ----------------------------------------------------------------------------------------------------------
 Model                              1          1 -8.58181526E-05       *                     1_GWF-(1,2,85)
 ----------------------------------------------------------------------------------------------------------


 1 CALLS TO NUMERICAL SOLUTION IN TIME STEP 171 STRESS PERIOD 2
 1 TOTAL ITERATIONS

 SLN_2 OUTER ITERATION SUMMARY
 ----------------------------------------------------------------------------------------------------------
                                OUTER      INNER                    STEP   MAXIMUM CHANGE MODEL-(CELLID) OR
 OUTER ITERATION STEP       ITERATION  ITERATION  MAXIMUM CHANGE SUCCESS             MODEL-PACKAGE-(NUMBER)
 ----------------------------------------------------------------------------------------------------------
 Model                              1          2       2.9359161                            2_GWT-(1,37,73)
 Model                              2          1 -1.28920874E-09       *                    2_GWT-(1,32,28)
 ----------------------------------------------------------------------------------------------------------


 2 CALLS TO NUMERICAL SOLUTION IN TIME STEP 171 STRESS PERIOD 2
 3 TOTAL ITERATIONS
 
    Solving:  Stress period:     2    Time step:   172
 

 SLN_1 OUTER ITERATION SUMMARY
 ----------------------------------------------------------------------------------------------------------
                                OUTER      INNER                    STEP   MAXIMUM CHANGE MODEL-(CELLID) OR
 OUTER ITERATION STEP       ITERATION  ITERATION  MAXIMUM CHANGE SUCCESS             MODEL-PACKAGE-(NUMBER)
 ----------------------------------------------------------------------------------------------------------
 Model                              1          1 -8.45518902E-05       *                     1_GWF-(1,2,88)
 ----------------------------------------------------------------------------------------------------------


 1 CALLS TO NUMERICAL SOLUTION IN TIME STEP 172 STRESS PERIOD 2
 1 TOTAL ITERATIONS

 SLN_2 OUTER ITERATION SUMMARY
 ----------------------------------------------------------------------------------------------------------
                                OUTER      INNER                    STEP   MAXIMUM CHANGE MODEL-(CELLID) OR
 OUTER ITERATION STEP       ITERATION  ITERATION  MAXIMUM CHANGE SUCCESS             MODEL-PACKAGE-(NUMBER)
 ----------------------------------------------------------------------------------------------------------
 Model                              1          2       2.9198967                            2_GWT-(1,37,73)
 Model                              2          1  1.27420208E-09       *                    2_GWT-(1,32,28)
 ----------------------------------------------------------------------------------------------------------


 2 CALLS TO NUMERICAL SOLUTION IN TIME STEP 172 STRESS PERIOD 2
 3 TOTAL ITERATIONS
 
    Solving:  Stress period:     2    Time step:   173
 

 SLN_1 OUTER ITERATION SUMMARY
 ----------------------------------------------------------------------------------------------------------
                                OUTER      INNER                    STEP   MAXIMUM CHANGE MODEL-(CELLID) OR
 OUTER ITERATION STEP       ITERATION  ITERATION  MAXIMUM CHANGE SUCCESS             MODEL-PACKAGE-(NUMBER)
 ----------------------------------------------------------------------------------------------------------
 Model                              1          1 -8.51834150E-05       *                     1_GWF-(1,2,85)
 ----------------------------------------------------------------------------------------------------------


 1 CALLS TO NUMERICAL SOLUTION IN TIME STEP 173 STRESS PERIOD 2
 1 TOTAL ITERATIONS

 SLN_2 OUTER ITERATION SUMMARY
 ----------------------------------------------------------------------------------------------------------
                                OUTER      INNER                    STEP   MAXIMUM CHANGE MODEL-(CELLID) OR
 OUTER ITERATION STEP       ITERATION  ITERATION  MAXIMUM CHANGE SUCCESS             MODEL-PACKAGE-(NUMBER)
 ----------------------------------------------------------------------------------------------------------
 Model                              1          2       2.9003986                            2_GWT-(1,37,74)
 Model                              2          1 -1.25609745E-09       *                    2_GWT-(1,32,28)
 ----------------------------------------------------------------------------------------------------------


 2 CALLS TO NUMERICAL SOLUTION IN TIME STEP 173 STRESS PERIOD 2
 3 TOTAL ITERATIONS
 
    Solving:  Stress period:     2    Time step:   174
 

 SLN_1 OUTER ITERATION SUMMARY
 ----------------------------------------------------------------------------------------------------------
                                OUTER      INNER                    STEP   MAXIMUM CHANGE MODEL-(CELLID) OR
 OUTER ITERATION STEP       ITERATION  ITERATION  MAXIMUM CHANGE SUCCESS             MODEL-PACKAGE-(NUMBER)
 ----------------------------------------------------------------------------------------------------------
 Model                              1          1 -8.39078298E-05       *                     1_GWF-(1,2,88)
 ----------------------------------------------------------------------------------------------------------


 1 CALLS TO NUMERICAL SOLUTION IN TIME STEP 174 STRESS PERIOD 2
 1 TOTAL ITERATIONS

 SLN_2 OUTER ITERATION SUMMARY
 ----------------------------------------------------------------------------------------------------------
                                OUTER      INNER                    STEP   MAXIMUM CHANGE MODEL-(CELLID) OR
 OUTER ITERATION STEP       ITERATION  ITERATION  MAXIMUM CHANGE SUCCESS             MODEL-PACKAGE-(NUMBER)
 ----------------------------------------------------------------------------------------------------------
 Model                              1          2       2.8872409                            2_GWT-(1,37,74)
 Model                              2          1  1.24504140E-09       *                    2_GWT-(1,32,28)
 ----------------------------------------------------------------------------------------------------------


 2 CALLS TO NUMERICAL SOLUTION IN TIME STEP 174 STRESS PERIOD 2
 3 TOTAL ITERATIONS
 
    Solving:  Stress period:     2    Time step:   175
 

 SLN_1 OUTER ITERATION SUMMARY
 ----------------------------------------------------------------------------------------------------------
                                OUTER      INNER                    STEP   MAXIMUM CHANGE MODEL-(CELLID) OR
 OUTER ITERATION STEP       ITERATION  ITERATION  MAXIMUM CHANGE SUCCESS             MODEL-PACKAGE-(NUMBER)
 ----------------------------------------------------------------------------------------------------------
 Model                              1          1 -8.45552654E-05       *                     1_GWF-(1,2,85)
 ----------------------------------------------------------------------------------------------------------


 1 CALLS TO NUMERICAL SOLUTION IN TIME STEP 175 STRESS PERIOD 2
 1 TOTAL ITERATIONS

 SLN_2 OUTER ITERATION SUMMARY
 ----------------------------------------------------------------------------------------------------------
                                OUTER      INNER                    STEP   MAXIMUM CHANGE MODEL-(CELLID) OR
 OUTER ITERATION STEP       ITERATION  ITERATION  MAXIMUM CHANGE SUCCESS             MODEL-PACKAGE-(NUMBER)
 ----------------------------------------------------------------------------------------------------------
 Model                              1          2       2.8697953                            2_GWT-(1,37,74)
 Model                              2          1 -1.23071686E-09       *                    2_GWT-(1,32,28)
 ----------------------------------------------------------------------------------------------------------


 2 CALLS TO NUMERICAL SOLUTION IN TIME STEP 175 STRESS PERIOD 2
 3 TOTAL ITERATIONS
 
    Solving:  Stress period:     2    Time step:   176
 

 SLN_1 OUTER ITERATION SUMMARY
 ----------------------------------------------------------------------------------------------------------
                                OUTER      INNER                    STEP   MAXIMUM CHANGE MODEL-(CELLID) OR
 OUTER ITERATION STEP       ITERATION  ITERATION  MAXIMUM CHANGE SUCCESS             MODEL-PACKAGE-(NUMBER)
 ----------------------------------------------------------------------------------------------------------
 Model                              1          1 -8.32707140E-05       *                     1_GWF-(1,2,88)
 ----------------------------------------------------------------------------------------------------------


 1 CALLS TO NUMERICAL SOLUTION IN TIME STEP 176 STRESS PERIOD 2
 1 TOTAL ITERATIONS

 SLN_2 OUTER ITERATION SUMMARY
 ----------------------------------------------------------------------------------------------------------
                                OUTER      INNER                    STEP   MAXIMUM CHANGE MODEL-(CELLID) OR
 OUTER ITERATION STEP       ITERATION  ITERATION  MAXIMUM CHANGE SUCCESS             MODEL-PACKAGE-(NUMBER)
 ----------------------------------------------------------------------------------------------------------
 Model                              1          2       2.8541061                            2_GWT-(1,37,74)
 Model                              2          1  1.22372512E-09       *                    2_GWT-(1,32,28)
 ----------------------------------------------------------------------------------------------------------


 2 CALLS TO NUMERICAL SOLUTION IN TIME STEP 176 STRESS PERIOD 2
 3 TOTAL ITERATIONS
 
    Solving:  Stress period:     2    Time step:   177
 

 SLN_1 OUTER ITERATION SUMMARY
 ----------------------------------------------------------------------------------------------------------
                                OUTER      INNER                    STEP   MAXIMUM CHANGE MODEL-(CELLID) OR
 OUTER ITERATION STEP       ITERATION  ITERATION  MAXIMUM CHANGE SUCCESS             MODEL-PACKAGE-(NUMBER)
 ----------------------------------------------------------------------------------------------------------
 Model                              1          1 -8.39335878E-05       *                     1_GWF-(1,2,85)
 ----------------------------------------------------------------------------------------------------------


 1 CALLS TO NUMERICAL SOLUTION IN TIME STEP 177 STRESS PERIOD 2
 1 TOTAL ITERATIONS

 SLN_2 OUTER ITERATION SUMMARY
 ----------------------------------------------------------------------------------------------------------
                                OUTER      INNER                    STEP   MAXIMUM CHANGE MODEL-(CELLID) OR
 OUTER ITERATION STEP       ITERATION  ITERATION  MAXIMUM CHANGE SUCCESS             MODEL-PACKAGE-(NUMBER)
 ----------------------------------------------------------------------------------------------------------
 Model                              1          2       2.8379170                            2_GWT-(1,37,75)
 Model                              2          1 -1.21332278E-09       *                    2_GWT-(1,32,28)
 ----------------------------------------------------------------------------------------------------------


 2 CALLS TO NUMERICAL SOLUTION IN TIME STEP 177 STRESS PERIOD 2
 3 TOTAL ITERATIONS
 
    Solving:  Stress period:     2    Time step:   178
 

 SLN_1 OUTER ITERATION SUMMARY
 ----------------------------------------------------------------------------------------------------------
                                OUTER      INNER                    STEP   MAXIMUM CHANGE MODEL-(CELLID) OR
 OUTER ITERATION STEP       ITERATION  ITERATION  MAXIMUM CHANGE SUCCESS             MODEL-PACKAGE-(NUMBER)
 ----------------------------------------------------------------------------------------------------------
 Model                              1          1 -8.26404193E-05       *                     1_GWF-(1,2,88)
 ----------------------------------------------------------------------------------------------------------


 1 CALLS TO NUMERICAL SOLUTION IN TIME STEP 178 STRESS PERIOD 2
 1 TOTAL ITERATIONS

 SLN_2 OUTER ITERATION SUMMARY
 ----------------------------------------------------------------------------------------------------------
                                OUTER      INNER                    STEP   MAXIMUM CHANGE MODEL-(CELLID) OR
 OUTER ITERATION STEP       ITERATION  ITERATION  MAXIMUM CHANGE SUCCESS             MODEL-PACKAGE-(NUMBER)
 ----------------------------------------------------------------------------------------------------------
 Model                              1          2       2.8230303                            2_GWT-(1,37,75)
 Model                              2          1  1.21070798E-09       *                    2_GWT-(1,32,28)
 ----------------------------------------------------------------------------------------------------------


 2 CALLS TO NUMERICAL SOLUTION IN TIME STEP 178 STRESS PERIOD 2
 3 TOTAL ITERATIONS
 
    Solving:  Stress period:     2    Time step:   179
 

 SLN_1 OUTER ITERATION SUMMARY
 ----------------------------------------------------------------------------------------------------------
                                OUTER      INNER                    STEP   MAXIMUM CHANGE MODEL-(CELLID) OR
 OUTER ITERATION STEP       ITERATION  ITERATION  MAXIMUM CHANGE SUCCESS             MODEL-PACKAGE-(NUMBER)
 ----------------------------------------------------------------------------------------------------------
 Model                              1          1 -8.33182692E-05       *                     1_GWF-(1,2,85)
 ----------------------------------------------------------------------------------------------------------


 1 CALLS TO NUMERICAL SOLUTION IN TIME STEP 179 STRESS PERIOD 2
 1 TOTAL ITERATIONS

 SLN_2 OUTER ITERATION SUMMARY
 ----------------------------------------------------------------------------------------------------------
                                OUTER      INNER                    STEP   MAXIMUM CHANGE MODEL-(CELLID) OR
 OUTER ITERATION STEP       ITERATION  ITERATION  MAXIMUM CHANGE SUCCESS             MODEL-PACKAGE-(NUMBER)
 ----------------------------------------------------------------------------------------------------------
 Model                              1          2       2.8070472                            2_GWT-(1,37,75)
 Model                              2          1 -1.20434152E-09       *                    2_GWT-(1,32,28)
 ----------------------------------------------------------------------------------------------------------


 2 CALLS TO NUMERICAL SOLUTION IN TIME STEP 179 STRESS PERIOD 2
 3 TOTAL ITERATIONS
 
    Solving:  Stress period:     2    Time step:   180
 

 SLN_1 OUTER ITERATION SUMMARY
 ----------------------------------------------------------------------------------------------------------
                                OUTER      INNER                    STEP   MAXIMUM CHANGE MODEL-(CELLID) OR
 OUTER ITERATION STEP       ITERATION  ITERATION  MAXIMUM CHANGE SUCCESS             MODEL-PACKAGE-(NUMBER)
 ----------------------------------------------------------------------------------------------------------
 Model                              1          1 -8.20168252E-05       *                     1_GWF-(1,2,88)
 ----------------------------------------------------------------------------------------------------------


 1 CALLS TO NUMERICAL SOLUTION IN TIME STEP 180 STRESS PERIOD 2
 1 TOTAL ITERATIONS

 SLN_2 OUTER ITERATION SUMMARY
 ----------------------------------------------------------------------------------------------------------
                                OUTER      INNER                    STEP   MAXIMUM CHANGE MODEL-(CELLID) OR
 OUTER ITERATION STEP       ITERATION  ITERATION  MAXIMUM CHANGE SUCCESS             MODEL-PACKAGE-(NUMBER)
 ----------------------------------------------------------------------------------------------------------
 Model                              1          2       2.7900644                            2_GWT-(1,37,76)
 Model                              2          1  1.20635946E-09       *                    2_GWT-(1,32,28)
 ----------------------------------------------------------------------------------------------------------


 2 CALLS TO NUMERICAL SOLUTION IN TIME STEP 180 STRESS PERIOD 2
 3 TOTAL ITERATIONS
 
    Solving:  Stress period:     2    Time step:   181
 

 SLN_1 OUTER ITERATION SUMMARY
 ----------------------------------------------------------------------------------------------------------
                                OUTER      INNER                    STEP   MAXIMUM CHANGE MODEL-(CELLID) OR
 OUTER ITERATION STEP       ITERATION  ITERATION  MAXIMUM CHANGE SUCCESS             MODEL-PACKAGE-(NUMBER)
 ----------------------------------------------------------------------------------------------------------
 Model                              1          1 -8.27091998E-05       *                     1_GWF-(1,2,85)
 ----------------------------------------------------------------------------------------------------------


 1 CALLS TO NUMERICAL SOLUTION IN TIME STEP 181 STRESS PERIOD 2
 1 TOTAL ITERATIONS

 SLN_2 OUTER ITERATION SUMMARY
 ----------------------------------------------------------------------------------------------------------
                                OUTER      INNER                    STEP   MAXIMUM CHANGE MODEL-(CELLID) OR
 OUTER ITERATION STEP       ITERATION  ITERATION  MAXIMUM CHANGE SUCCESS             MODEL-PACKAGE-(NUMBER)
 ----------------------------------------------------------------------------------------------------------
 Model                              1          2       2.7773910                            2_GWT-(1,37,76)
 Model                              2          1 -1.20402888E-09       *                    2_GWT-(1,32,28)
 ----------------------------------------------------------------------------------------------------------


 2 CALLS TO NUMERICAL SOLUTION IN TIME STEP 181 STRESS PERIOD 2
 3 TOTAL ITERATIONS
 
    Solving:  Stress period:     2    Time step:   182
 

 SLN_1 OUTER ITERATION SUMMARY
 ----------------------------------------------------------------------------------------------------------
                                OUTER      INNER                    STEP   MAXIMUM CHANGE MODEL-(CELLID) OR
 OUTER ITERATION STEP       ITERATION  ITERATION  MAXIMUM CHANGE SUCCESS             MODEL-PACKAGE-(NUMBER)
 ----------------------------------------------------------------------------------------------------------
 Model                              1          1 -8.13998146E-05       *                     1_GWF-(1,2,88)
 ----------------------------------------------------------------------------------------------------------


 1 CALLS TO NUMERICAL SOLUTION IN TIME STEP 182 STRESS PERIOD 2
 1 TOTAL ITERATIONS

 SLN_2 OUTER ITERATION SUMMARY
 ----------------------------------------------------------------------------------------------------------
                                OUTER      INNER                    STEP   MAXIMUM CHANGE MODEL-(CELLID) OR
 OUTER ITERATION STEP       ITERATION  ITERATION  MAXIMUM CHANGE SUCCESS             MODEL-PACKAGE-(NUMBER)
 ----------------------------------------------------------------------------------------------------------
 Model                              1          2       2.7613246                            2_GWT-(1,37,76)
 Model                              2          1  1.21073640E-09       *                    2_GWT-(1,32,28)
 ----------------------------------------------------------------------------------------------------------


 2 CALLS TO NUMERICAL SOLUTION IN TIME STEP 182 STRESS PERIOD 2
 3 TOTAL ITERATIONS
 
    Solving:  Stress period:     2    Time step:   183
 

 SLN_1 OUTER ITERATION SUMMARY
 ----------------------------------------------------------------------------------------------------------
                                OUTER      INNER                    STEP   MAXIMUM CHANGE MODEL-(CELLID) OR
 OUTER ITERATION STEP       ITERATION  ITERATION  MAXIMUM CHANGE SUCCESS             MODEL-PACKAGE-(NUMBER)
 ----------------------------------------------------------------------------------------------------------
 Model                              1          1 -8.21062724E-05       *                     1_GWF-(1,2,85)
 ----------------------------------------------------------------------------------------------------------


 1 CALLS TO NUMERICAL SOLUTION IN TIME STEP 183 STRESS PERIOD 2
 1 TOTAL ITERATIONS

 SLN_2 OUTER ITERATION SUMMARY
 ----------------------------------------------------------------------------------------------------------
                                OUTER      INNER                    STEP   MAXIMUM CHANGE MODEL-(CELLID) OR
 OUTER ITERATION STEP       ITERATION  ITERATION  MAXIMUM CHANGE SUCCESS             MODEL-PACKAGE-(NUMBER)
 ----------------------------------------------------------------------------------------------------------
 Model                              1          2       2.7463071                            2_GWT-(1,37,76)
 Model                              2          1 -1.21258381E-09       *                    2_GWT-(1,32,28)
 ----------------------------------------------------------------------------------------------------------


 2 CALLS TO NUMERICAL SOLUTION IN TIME STEP 183 STRESS PERIOD 2
 3 TOTAL ITERATIONS
 
    Solving:  Stress period:     2    Time step:   184
 

 SLN_1 OUTER ITERATION SUMMARY
 ----------------------------------------------------------------------------------------------------------
                                OUTER      INNER                    STEP   MAXIMUM CHANGE MODEL-(CELLID) OR
 OUTER ITERATION STEP       ITERATION  ITERATION  MAXIMUM CHANGE SUCCESS             MODEL-PACKAGE-(NUMBER)
 ----------------------------------------------------------------------------------------------------------
 Model                              1          1 -8.07892733E-05       *                     1_GWF-(1,2,88)
 ----------------------------------------------------------------------------------------------------------


 1 CALLS TO NUMERICAL SOLUTION IN TIME STEP 184 STRESS PERIOD 2
 1 TOTAL ITERATIONS

 SLN_2 OUTER ITERATION SUMMARY
 ----------------------------------------------------------------------------------------------------------
                                OUTER      INNER                    STEP   MAXIMUM CHANGE MODEL-(CELLID) OR
 OUTER ITERATION STEP       ITERATION  ITERATION  MAXIMUM CHANGE SUCCESS             MODEL-PACKAGE-(NUMBER)
 ----------------------------------------------------------------------------------------------------------
 Model                              1          2       2.7315990                            2_GWT-(1,37,77)
 Model                              2          1  1.22415145E-09       *                    2_GWT-(1,32,28)
 ----------------------------------------------------------------------------------------------------------


 2 CALLS TO NUMERICAL SOLUTION IN TIME STEP 184 STRESS PERIOD 2
 3 TOTAL ITERATIONS
 
    Solving:  Stress period:     2    Time step:   185
 

 SLN_1 OUTER ITERATION SUMMARY
 ----------------------------------------------------------------------------------------------------------
                                OUTER      INNER                    STEP   MAXIMUM CHANGE MODEL-(CELLID) OR
 OUTER ITERATION STEP       ITERATION  ITERATION  MAXIMUM CHANGE SUCCESS             MODEL-PACKAGE-(NUMBER)
 ----------------------------------------------------------------------------------------------------------
 Model                              1          1 -8.15093828E-05       *                     1_GWF-(1,2,85)
 ----------------------------------------------------------------------------------------------------------


 1 CALLS TO NUMERICAL SOLUTION IN TIME STEP 185 STRESS PERIOD 2
 1 TOTAL ITERATIONS

 SLN_2 OUTER ITERATION SUMMARY
 ----------------------------------------------------------------------------------------------------------
                                OUTER      INNER                    STEP   MAXIMUM CHANGE MODEL-(CELLID) OR
 OUTER ITERATION STEP       ITERATION  ITERATION  MAXIMUM CHANGE SUCCESS             MODEL-PACKAGE-(NUMBER)
 ----------------------------------------------------------------------------------------------------------
 Model                              1          2       2.7181561                            2_GWT-(1,37,77)
 Model                              2          1 -1.23009158E-09       *                    2_GWT-(1,32,28)
 ----------------------------------------------------------------------------------------------------------


 2 CALLS TO NUMERICAL SOLUTION IN TIME STEP 185 STRESS PERIOD 2
 3 TOTAL ITERATIONS
 
    Solving:  Stress period:     2    Time step:   186
 

 SLN_1 OUTER ITERATION SUMMARY
 ----------------------------------------------------------------------------------------------------------
                                OUTER      INNER                    STEP   MAXIMUM CHANGE MODEL-(CELLID) OR
 OUTER ITERATION STEP       ITERATION  ITERATION  MAXIMUM CHANGE SUCCESS             MODEL-PACKAGE-(NUMBER)
 ----------------------------------------------------------------------------------------------------------
 Model                              1          1 -8.01850899E-05       *                     1_GWF-(1,2,88)
 ----------------------------------------------------------------------------------------------------------


 1 CALLS TO NUMERICAL SOLUTION IN TIME STEP 186 STRESS PERIOD 2
 1 TOTAL ITERATIONS

 SLN_2 OUTER ITERATION SUMMARY
 ----------------------------------------------------------------------------------------------------------
                                OUTER      INNER                    STEP   MAXIMUM CHANGE MODEL-(CELLID) OR
 OUTER ITERATION STEP       ITERATION  ITERATION  MAXIMUM CHANGE SUCCESS             MODEL-PACKAGE-(NUMBER)
 ----------------------------------------------------------------------------------------------------------
 Model                              1          2       2.7025752                            2_GWT-(1,37,77)
 Model                              2          1  1.24649091E-09       *                    2_GWT-(1,32,28)
 ----------------------------------------------------------------------------------------------------------


 2 CALLS TO NUMERICAL SOLUTION IN TIME STEP 186 STRESS PERIOD 2
 3 TOTAL ITERATIONS
 
    Solving:  Stress period:     2    Time step:   187
 

 SLN_1 OUTER ITERATION SUMMARY
 ----------------------------------------------------------------------------------------------------------
                                OUTER      INNER                    STEP   MAXIMUM CHANGE MODEL-(CELLID) OR
 OUTER ITERATION STEP       ITERATION  ITERATION  MAXIMUM CHANGE SUCCESS             MODEL-PACKAGE-(NUMBER)
 ----------------------------------------------------------------------------------------------------------
 Model                              1          1 -8.09184294E-05       *                     1_GWF-(1,2,85)
 ----------------------------------------------------------------------------------------------------------


 1 CALLS TO NUMERICAL SOLUTION IN TIME STEP 187 STRESS PERIOD 2
 1 TOTAL ITERATIONS

 SLN_2 OUTER ITERATION SUMMARY
 ----------------------------------------------------------------------------------------------------------
                                OUTER      INNER                    STEP   MAXIMUM CHANGE MODEL-(CELLID) OR
 OUTER ITERATION STEP       ITERATION  ITERATION  MAXIMUM CHANGE SUCCESS             MODEL-PACKAGE-(NUMBER)
 ----------------------------------------------------------------------------------------------------------
 Model                              1          2       2.6877925                            2_GWT-(1,37,78)
 Model                              2          1 -1.25643851E-09       *                    2_GWT-(1,32,28)
 ----------------------------------------------------------------------------------------------------------


 2 CALLS TO NUMERICAL SOLUTION IN TIME STEP 187 STRESS PERIOD 2
 3 TOTAL ITERATIONS
 
    Solving:  Stress period:     2    Time step:   188
 

 SLN_1 OUTER ITERATION SUMMARY
 ----------------------------------------------------------------------------------------------------------
                                OUTER      INNER                    STEP   MAXIMUM CHANGE MODEL-(CELLID) OR
 OUTER ITERATION STEP       ITERATION  ITERATION  MAXIMUM CHANGE SUCCESS             MODEL-PACKAGE-(NUMBER)
 ----------------------------------------------------------------------------------------------------------
 Model                              1          1 -7.95871560E-05       *                     1_GWF-(1,2,88)
 ----------------------------------------------------------------------------------------------------------


 1 CALLS TO NUMERICAL SOLUTION IN TIME STEP 188 STRESS PERIOD 2
 1 TOTAL ITERATIONS

 SLN_2 OUTER ITERATION SUMMARY
 ----------------------------------------------------------------------------------------------------------
                                OUTER      INNER                    STEP   MAXIMUM CHANGE MODEL-(CELLID) OR
 OUTER ITERATION STEP       ITERATION  ITERATION  MAXIMUM CHANGE SUCCESS             MODEL-PACKAGE-(NUMBER)
 ----------------------------------------------------------------------------------------------------------
 Model                              1          2       2.6753206                            2_GWT-(1,37,78)
 Model                              2          1  1.27781163E-09       *                    2_GWT-(1,32,28)
 ----------------------------------------------------------------------------------------------------------


 2 CALLS TO NUMERICAL SOLUTION IN TIME STEP 188 STRESS PERIOD 2
 3 TOTAL ITERATIONS
 
    Solving:  Stress period:     2    Time step:   189
 

 SLN_1 OUTER ITERATION SUMMARY
 ----------------------------------------------------------------------------------------------------------
                                OUTER      INNER                    STEP   MAXIMUM CHANGE MODEL-(CELLID) OR
 OUTER ITERATION STEP       ITERATION  ITERATION  MAXIMUM CHANGE SUCCESS             MODEL-PACKAGE-(NUMBER)
 ----------------------------------------------------------------------------------------------------------
 Model                              1          1 -8.03333135E-05       *                     1_GWF-(1,2,85)
 ----------------------------------------------------------------------------------------------------------


 1 CALLS TO NUMERICAL SOLUTION IN TIME STEP 189 STRESS PERIOD 2
 1 TOTAL ITERATIONS

 SLN_2 OUTER ITERATION SUMMARY
 ----------------------------------------------------------------------------------------------------------
                                OUTER      INNER                    STEP   MAXIMUM CHANGE MODEL-(CELLID) OR
 OUTER ITERATION STEP       ITERATION  ITERATION  MAXIMUM CHANGE SUCCESS             MODEL-PACKAGE-(NUMBER)
 ----------------------------------------------------------------------------------------------------------
 Model                              1          2       2.6607198                            2_GWT-(1,37,78)
 Model                              2          1 -1.29156774E-09       *                    2_GWT-(1,32,28)
 ----------------------------------------------------------------------------------------------------------


 2 CALLS TO NUMERICAL SOLUTION IN TIME STEP 189 STRESS PERIOD 2
 3 TOTAL ITERATIONS
 
    Solving:  Stress period:     2    Time step:   190
 

 SLN_1 OUTER ITERATION SUMMARY
 ----------------------------------------------------------------------------------------------------------
                                OUTER      INNER                    STEP   MAXIMUM CHANGE MODEL-(CELLID) OR
 OUTER ITERATION STEP       ITERATION  ITERATION  MAXIMUM CHANGE SUCCESS             MODEL-PACKAGE-(NUMBER)
 ----------------------------------------------------------------------------------------------------------
 Model                              1          1 -7.89953661E-05       *                     1_GWF-(1,2,88)
 ----------------------------------------------------------------------------------------------------------


 1 CALLS TO NUMERICAL SOLUTION IN TIME STEP 190 STRESS PERIOD 2
 1 TOTAL ITERATIONS

 SLN_2 OUTER ITERATION SUMMARY
 ----------------------------------------------------------------------------------------------------------
                                OUTER      INNER                    STEP   MAXIMUM CHANGE MODEL-(CELLID) OR
 OUTER ITERATION STEP       ITERATION  ITERATION  MAXIMUM CHANGE SUCCESS             MODEL-PACKAGE-(NUMBER)
 ----------------------------------------------------------------------------------------------------------
 Model                              1          2       2.6460681                            2_GWT-(1,37,78)
 Model                              2          1  1.31791467E-09       *                    2_GWT-(1,32,28)
 ----------------------------------------------------------------------------------------------------------


 2 CALLS TO NUMERICAL SOLUTION IN TIME STEP 190 STRESS PERIOD 2
 3 TOTAL ITERATIONS
 
    Solving:  Stress period:     2    Time step:   191
 

 SLN_1 OUTER ITERATION SUMMARY
 ----------------------------------------------------------------------------------------------------------
                                OUTER      INNER                    STEP   MAXIMUM CHANGE MODEL-(CELLID) OR
 OUTER ITERATION STEP       ITERATION  ITERATION  MAXIMUM CHANGE SUCCESS             MODEL-PACKAGE-(NUMBER)
 ----------------------------------------------------------------------------------------------------------
 Model                              1          1 -7.97539387E-05       *                     1_GWF-(1,2,85)
 ----------------------------------------------------------------------------------------------------------


 1 CALLS TO NUMERICAL SOLUTION IN TIME STEP 191 STRESS PERIOD 2
 1 TOTAL ITERATIONS

 SLN_2 OUTER ITERATION SUMMARY
 ----------------------------------------------------------------------------------------------------------
                                OUTER      INNER                    STEP   MAXIMUM CHANGE MODEL-(CELLID) OR
 OUTER ITERATION STEP       ITERATION  ITERATION  MAXIMUM CHANGE SUCCESS             MODEL-PACKAGE-(NUMBER)
 ----------------------------------------------------------------------------------------------------------
 Model                              1          2       2.6330304                            2_GWT-(1,37,79)
 Model                              2          1 -1.33542244E-09       *                    2_GWT-(1,32,28)
 ----------------------------------------------------------------------------------------------------------


 2 CALLS TO NUMERICAL SOLUTION IN TIME STEP 191 STRESS PERIOD 2
 3 TOTAL ITERATIONS
 
    Solving:  Stress period:     2    Time step:   192
 

 SLN_1 OUTER ITERATION SUMMARY
 ----------------------------------------------------------------------------------------------------------
                                OUTER      INNER                    STEP   MAXIMUM CHANGE MODEL-(CELLID) OR
 OUTER ITERATION STEP       ITERATION  ITERATION  MAXIMUM CHANGE SUCCESS             MODEL-PACKAGE-(NUMBER)
 ----------------------------------------------------------------------------------------------------------
 Model                              1          1 -7.84096172E-05       *                     1_GWF-(1,2,88)
 ----------------------------------------------------------------------------------------------------------


 1 CALLS TO NUMERICAL SOLUTION IN TIME STEP 192 STRESS PERIOD 2
 1 TOTAL ITERATIONS

 SLN_2 OUTER ITERATION SUMMARY
 ----------------------------------------------------------------------------------------------------------
                                OUTER      INNER                    STEP   MAXIMUM CHANGE MODEL-(CELLID) OR
 OUTER ITERATION STEP       ITERATION  ITERATION  MAXIMUM CHANGE SUCCESS             MODEL-PACKAGE-(NUMBER)
 ----------------------------------------------------------------------------------------------------------
 Model                              1          2       2.6204683                            2_GWT-(1,37,79)
 Model                              2          1  1.36682843E-09       *                    2_GWT-(1,32,28)
 ----------------------------------------------------------------------------------------------------------


 2 CALLS TO NUMERICAL SOLUTION IN TIME STEP 192 STRESS PERIOD 2
 3 TOTAL ITERATIONS
 
    Solving:  Stress period:     2    Time step:   193
 

 SLN_1 OUTER ITERATION SUMMARY
 ----------------------------------------------------------------------------------------------------------
                                OUTER      INNER                    STEP   MAXIMUM CHANGE MODEL-(CELLID) OR
 OUTER ITERATION STEP       ITERATION  ITERATION  MAXIMUM CHANGE SUCCESS             MODEL-PACKAGE-(NUMBER)
 ----------------------------------------------------------------------------------------------------------
 Model                              1          1 -7.91802113E-05       *                     1_GWF-(1,2,85)
 ----------------------------------------------------------------------------------------------------------


 1 CALLS TO NUMERICAL SOLUTION IN TIME STEP 193 STRESS PERIOD 2
 1 TOTAL ITERATIONS

 SLN_2 OUTER ITERATION SUMMARY
 ----------------------------------------------------------------------------------------------------------
                                OUTER      INNER                    STEP   MAXIMUM CHANGE MODEL-(CELLID) OR
 OUTER ITERATION STEP       ITERATION  ITERATION  MAXIMUM CHANGE SUCCESS             MODEL-PACKAGE-(NUMBER)
 ----------------------------------------------------------------------------------------------------------
 Model                              1          2       2.6056630                            2_GWT-(1,37,79)
 Model                              2          1 -1.38797418E-09       *                    2_GWT-(1,32,28)
 ----------------------------------------------------------------------------------------------------------


 2 CALLS TO NUMERICAL SOLUTION IN TIME STEP 193 STRESS PERIOD 2
 3 TOTAL ITERATIONS
 
    Solving:  Stress period:     2    Time step:   194
 

 SLN_1 OUTER ITERATION SUMMARY
 ----------------------------------------------------------------------------------------------------------
                                OUTER      INNER                    STEP   MAXIMUM CHANGE MODEL-(CELLID) OR
 OUTER ITERATION STEP       ITERATION  ITERATION  MAXIMUM CHANGE SUCCESS             MODEL-PACKAGE-(NUMBER)
 ----------------------------------------------------------------------------------------------------------
 Model                              1          1 -7.78298090E-05       *                     1_GWF-(1,2,88)
 ----------------------------------------------------------------------------------------------------------


 1 CALLS TO NUMERICAL SOLUTION IN TIME STEP 194 STRESS PERIOD 2
 1 TOTAL ITERATIONS

 SLN_2 OUTER ITERATION SUMMARY
 ----------------------------------------------------------------------------------------------------------
                                OUTER      INNER                    STEP   MAXIMUM CHANGE MODEL-(CELLID) OR
 OUTER ITERATION STEP       ITERATION  ITERATION  MAXIMUM CHANGE SUCCESS             MODEL-PACKAGE-(NUMBER)
 ----------------------------------------------------------------------------------------------------------
 Model                              1          2       2.5926289                            2_GWT-(1,37,80)
 Model                              2          1  1.42455292E-09       *                    2_GWT-(1,32,28)
 ----------------------------------------------------------------------------------------------------------


 2 CALLS TO NUMERICAL SOLUTION IN TIME STEP 194 STRESS PERIOD 2
 3 TOTAL ITERATIONS
 
    Solving:  Stress period:     2    Time step:   195
 

 SLN_1 OUTER ITERATION SUMMARY
 ----------------------------------------------------------------------------------------------------------
                                OUTER      INNER                    STEP   MAXIMUM CHANGE MODEL-(CELLID) OR
 OUTER ITERATION STEP       ITERATION  ITERATION  MAXIMUM CHANGE SUCCESS             MODEL-PACKAGE-(NUMBER)
 ----------------------------------------------------------------------------------------------------------
 Model                              1          1 -7.86120399E-05       *                     1_GWF-(1,2,85)
 ----------------------------------------------------------------------------------------------------------


 1 CALLS TO NUMERICAL SOLUTION IN TIME STEP 195 STRESS PERIOD 2
 1 TOTAL ITERATIONS

 SLN_2 OUTER ITERATION SUMMARY
 ----------------------------------------------------------------------------------------------------------
                                OUTER      INNER                    STEP   MAXIMUM CHANGE MODEL-(CELLID) OR
 OUTER ITERATION STEP       ITERATION  ITERATION  MAXIMUM CHANGE SUCCESS             MODEL-PACKAGE-(NUMBER)
 ----------------------------------------------------------------------------------------------------------
 Model                              1          2       2.5804059                            2_GWT-(1,37,80)
 Model                              2          1 -1.44947876E-09       *                    2_GWT-(1,32,28)
 ----------------------------------------------------------------------------------------------------------


 2 CALLS TO NUMERICAL SOLUTION IN TIME STEP 195 STRESS PERIOD 2
 3 TOTAL ITERATIONS
 
    Solving:  Stress period:     2    Time step:   196
 

 SLN_1 OUTER ITERATION SUMMARY
 ----------------------------------------------------------------------------------------------------------
                                OUTER      INNER                    STEP   MAXIMUM CHANGE MODEL-(CELLID) OR
 OUTER ITERATION STEP       ITERATION  ITERATION  MAXIMUM CHANGE SUCCESS             MODEL-PACKAGE-(NUMBER)
 ----------------------------------------------------------------------------------------------------------
 Model                              1          1 -7.72558436E-05       *                     1_GWF-(1,2,88)
 ----------------------------------------------------------------------------------------------------------


 1 CALLS TO NUMERICAL SOLUTION IN TIME STEP 196 STRESS PERIOD 2
 1 TOTAL ITERATIONS

 SLN_2 OUTER ITERATION SUMMARY
 ----------------------------------------------------------------------------------------------------------
                                OUTER      INNER                    STEP   MAXIMUM CHANGE MODEL-(CELLID) OR
 OUTER ITERATION STEP       ITERATION  ITERATION  MAXIMUM CHANGE SUCCESS             MODEL-PACKAGE-(NUMBER)
 ----------------------------------------------------------------------------------------------------------
 Model                              1          2       2.5670543                            2_GWT-(1,37,80)
 Model                              2          1  1.49165658E-09       *                    2_GWT-(1,32,28)
 ----------------------------------------------------------------------------------------------------------


 2 CALLS TO NUMERICAL SOLUTION IN TIME STEP 196 STRESS PERIOD 2
 3 TOTAL ITERATIONS
 
    Solving:  Stress period:     2    Time step:   197
 

 SLN_1 OUTER ITERATION SUMMARY
 ----------------------------------------------------------------------------------------------------------
                                OUTER      INNER                    STEP   MAXIMUM CHANGE MODEL-(CELLID) OR
 OUTER ITERATION STEP       ITERATION  ITERATION  MAXIMUM CHANGE SUCCESS             MODEL-PACKAGE-(NUMBER)
 ----------------------------------------------------------------------------------------------------------
 Model                              1          1 -7.80493354E-05       *                     1_GWF-(1,2,85)
 ----------------------------------------------------------------------------------------------------------


 1 CALLS TO NUMERICAL SOLUTION IN TIME STEP 197 STRESS PERIOD 2
 1 TOTAL ITERATIONS

 SLN_2 OUTER ITERATION SUMMARY
 ----------------------------------------------------------------------------------------------------------
                                OUTER      INNER                    STEP   MAXIMUM CHANGE MODEL-(CELLID) OR
 OUTER ITERATION STEP       ITERATION  ITERATION  MAXIMUM CHANGE SUCCESS             MODEL-PACKAGE-(NUMBER)
 ----------------------------------------------------------------------------------------------------------
 Model                              1          2       2.5532172                            2_GWT-(1,37,81)
 Model                              2          1 -1.52053303E-09       *                    2_GWT-(1,32,28)
 ----------------------------------------------------------------------------------------------------------


 2 CALLS TO NUMERICAL SOLUTION IN TIME STEP 197 STRESS PERIOD 2
 3 TOTAL ITERATIONS
 
    Solving:  Stress period:     2    Time step:   198
 

 SLN_1 OUTER ITERATION SUMMARY
 ----------------------------------------------------------------------------------------------------------
                                OUTER      INNER                    STEP   MAXIMUM CHANGE MODEL-(CELLID) OR
 OUTER ITERATION STEP       ITERATION  ITERATION  MAXIMUM CHANGE SUCCESS             MODEL-PACKAGE-(NUMBER)
 ----------------------------------------------------------------------------------------------------------
 Model                              1          1 -7.66876257E-05       *                     1_GWF-(1,2,88)
 ----------------------------------------------------------------------------------------------------------


 1 CALLS TO NUMERICAL SOLUTION IN TIME STEP 198 STRESS PERIOD 2
 1 TOTAL ITERATIONS

 SLN_2 OUTER ITERATION SUMMARY
 ----------------------------------------------------------------------------------------------------------
                                OUTER      INNER                    STEP   MAXIMUM CHANGE MODEL-(CELLID) OR
 OUTER ITERATION STEP       ITERATION  ITERATION  MAXIMUM CHANGE SUCCESS             MODEL-PACKAGE-(NUMBER)
 ----------------------------------------------------------------------------------------------------------
 Model                              1          2       2.5413733                            2_GWT-(1,37,81)
 Model                              2          1  1.56890678E-09       *                    2_GWT-(1,32,28)
 ----------------------------------------------------------------------------------------------------------


 2 CALLS TO NUMERICAL SOLUTION IN TIME STEP 198 STRESS PERIOD 2
 3 TOTAL ITERATIONS
 
    Solving:  Stress period:     2    Time step:   199
 

 SLN_1 OUTER ITERATION SUMMARY
 ----------------------------------------------------------------------------------------------------------
                                OUTER      INNER                    STEP   MAXIMUM CHANGE MODEL-(CELLID) OR
 OUTER ITERATION STEP       ITERATION  ITERATION  MAXIMUM CHANGE SUCCESS             MODEL-PACKAGE-(NUMBER)
 ----------------------------------------------------------------------------------------------------------
 Model                              1          1 -7.74920112E-05       *                     1_GWF-(1,2,85)
 ----------------------------------------------------------------------------------------------------------


 1 CALLS TO NUMERICAL SOLUTION IN TIME STEP 199 STRESS PERIOD 2
 1 TOTAL ITERATIONS

 SLN_2 OUTER ITERATION SUMMARY
 ----------------------------------------------------------------------------------------------------------
                                OUTER      INNER                    STEP   MAXIMUM CHANGE MODEL-(CELLID) OR
 OUTER ITERATION STEP       ITERATION  ITERATION  MAXIMUM CHANGE SUCCESS             MODEL-PACKAGE-(NUMBER)
 ----------------------------------------------------------------------------------------------------------
 Model                              1          2       2.5293435                            2_GWT-(1,37,81)
 Model                              2          1 -1.60238756E-09       *                    2_GWT-(1,32,28)
 ----------------------------------------------------------------------------------------------------------


 2 CALLS TO NUMERICAL SOLUTION IN TIME STEP 199 STRESS PERIOD 2
 3 TOTAL ITERATIONS
 
    Solving:  Stress period:     2    Time step:   200
 

 SLN_1 OUTER ITERATION SUMMARY
 ----------------------------------------------------------------------------------------------------------
                                OUTER      INNER                    STEP   MAXIMUM CHANGE MODEL-(CELLID) OR
 OUTER ITERATION STEP       ITERATION  ITERATION  MAXIMUM CHANGE SUCCESS             MODEL-PACKAGE-(NUMBER)
 ----------------------------------------------------------------------------------------------------------
 Model                              1          1 -7.61250625E-05       *                     1_GWF-(1,2,88)
 ----------------------------------------------------------------------------------------------------------


 1 CALLS TO NUMERICAL SOLUTION IN TIME STEP 200 STRESS PERIOD 2
 1 TOTAL ITERATIONS

 SLN_2 OUTER ITERATION SUMMARY
 ----------------------------------------------------------------------------------------------------------
                                OUTER      INNER                    STEP   MAXIMUM CHANGE MODEL-(CELLID) OR
 OUTER ITERATION STEP       ITERATION  ITERATION  MAXIMUM CHANGE SUCCESS             MODEL-PACKAGE-(NUMBER)
 ----------------------------------------------------------------------------------------------------------
 Model                              1          2       2.5154994                            2_GWT-(1,37,81)
 Model                              2          1  1.65778147E-09       *                    2_GWT-(1,32,28)
 ----------------------------------------------------------------------------------------------------------


 2 CALLS TO NUMERICAL SOLUTION IN TIME STEP 200 STRESS PERIOD 2
 3 TOTAL ITERATIONS
 
    Solving:  Stress period:     2    Time step:   201
 

 SLN_1 OUTER ITERATION SUMMARY
 ----------------------------------------------------------------------------------------------------------
                                OUTER      INNER                    STEP   MAXIMUM CHANGE MODEL-(CELLID) OR
 OUTER ITERATION STEP       ITERATION  ITERATION  MAXIMUM CHANGE SUCCESS             MODEL-PACKAGE-(NUMBER)
 ----------------------------------------------------------------------------------------------------------
 Model                              1          1 -7.69399827E-05       *                     1_GWF-(1,2,85)
 ----------------------------------------------------------------------------------------------------------


 1 CALLS TO NUMERICAL SOLUTION IN TIME STEP 201 STRESS PERIOD 2
 1 TOTAL ITERATIONS

 SLN_2 OUTER ITERATION SUMMARY
 ----------------------------------------------------------------------------------------------------------
                                OUTER      INNER                    STEP   MAXIMUM CHANGE MODEL-(CELLID) OR
 OUTER ITERATION STEP       ITERATION  ITERATION  MAXIMUM CHANGE SUCCESS             MODEL-PACKAGE-(NUMBER)
 ----------------------------------------------------------------------------------------------------------
 Model                              1          2       2.5038216                            2_GWT-(1,37,82)
 Model                              2          1 -1.69674763E-09       *                    2_GWT-(1,32,28)
 ----------------------------------------------------------------------------------------------------------


 2 CALLS TO NUMERICAL SOLUTION IN TIME STEP 201 STRESS PERIOD 2
 3 TOTAL ITERATIONS
 
    Solving:  Stress period:     2    Time step:   202
 

 SLN_1 OUTER ITERATION SUMMARY
 ----------------------------------------------------------------------------------------------------------
                                OUTER      INNER                    STEP   MAXIMUM CHANGE MODEL-(CELLID) OR
 OUTER ITERATION STEP       ITERATION  ITERATION  MAXIMUM CHANGE SUCCESS             MODEL-PACKAGE-(NUMBER)
 ----------------------------------------------------------------------------------------------------------
 Model                              1          1 -7.55680633E-05       *                     1_GWF-(1,2,88)
 ----------------------------------------------------------------------------------------------------------


 1 CALLS TO NUMERICAL SOLUTION IN TIME STEP 202 STRESS PERIOD 2
 1 TOTAL ITERATIONS

 SLN_2 OUTER ITERATION SUMMARY
 ----------------------------------------------------------------------------------------------------------
                                OUTER      INNER                    STEP   MAXIMUM CHANGE MODEL-(CELLID) OR
 OUTER ITERATION STEP       ITERATION  ITERATION  MAXIMUM CHANGE SUCCESS             MODEL-PACKAGE-(NUMBER)
 ----------------------------------------------------------------------------------------------------------
 Model                              1          2       2.4920207                            2_GWT-(1,37,82)
 Model                              2          1  1.76063963E-09       *                    2_GWT-(1,32,28)
 ----------------------------------------------------------------------------------------------------------


 2 CALLS TO NUMERICAL SOLUTION IN TIME STEP 202 STRESS PERIOD 2
 3 TOTAL ITERATIONS
 
    Solving:  Stress period:     2    Time step:   203
 

 SLN_1 OUTER ITERATION SUMMARY
 ----------------------------------------------------------------------------------------------------------
                                OUTER      INNER                    STEP   MAXIMUM CHANGE MODEL-(CELLID) OR
 OUTER ITERATION STEP       ITERATION  ITERATION  MAXIMUM CHANGE SUCCESS             MODEL-PACKAGE-(NUMBER)
 ----------------------------------------------------------------------------------------------------------
 Model                              1          1 -7.63931674E-05       *                     1_GWF-(1,2,85)
 ----------------------------------------------------------------------------------------------------------


 1 CALLS TO NUMERICAL SOLUTION IN TIME STEP 203 STRESS PERIOD 2
 1 TOTAL ITERATIONS

 SLN_2 OUTER ITERATION SUMMARY
 ----------------------------------------------------------------------------------------------------------
                                OUTER      INNER                    STEP   MAXIMUM CHANGE MODEL-(CELLID) OR
 OUTER ITERATION STEP       ITERATION  ITERATION  MAXIMUM CHANGE SUCCESS             MODEL-PACKAGE-(NUMBER)
 ----------------------------------------------------------------------------------------------------------
 Model                              1          2       2.4795987                            2_GWT-(1,37,82)
 Model                              2          1 -1.80654069E-09       *                    2_GWT-(1,32,28)
 ----------------------------------------------------------------------------------------------------------


 2 CALLS TO NUMERICAL SOLUTION IN TIME STEP 203 STRESS PERIOD 2
 3 TOTAL ITERATIONS
 
    Solving:  Stress period:     2    Time step:   204
 

 SLN_1 OUTER ITERATION SUMMARY
 ----------------------------------------------------------------------------------------------------------
                                OUTER      INNER                    STEP   MAXIMUM CHANGE MODEL-(CELLID) OR
 OUTER ITERATION STEP       ITERATION  ITERATION  MAXIMUM CHANGE SUCCESS             MODEL-PACKAGE-(NUMBER)
 ----------------------------------------------------------------------------------------------------------
 Model                              1          1 -7.50165396E-05       *                     1_GWF-(1,2,88)
 ----------------------------------------------------------------------------------------------------------


 1 CALLS TO NUMERICAL SOLUTION IN TIME STEP 204 STRESS PERIOD 2
 1 TOTAL ITERATIONS

 SLN_2 OUTER ITERATION SUMMARY
 ----------------------------------------------------------------------------------------------------------
                                OUTER      INNER                    STEP   MAXIMUM CHANGE MODEL-(CELLID) OR
 OUTER ITERATION STEP       ITERATION  ITERATION  MAXIMUM CHANGE SUCCESS             MODEL-PACKAGE-(NUMBER)
 ----------------------------------------------------------------------------------------------------------
 Model                              1          2       2.4669129                            2_GWT-(1,37,83)
 Model                              2          1  1.88086346E-09       *                    2_GWT-(1,32,28)
 ----------------------------------------------------------------------------------------------------------


 2 CALLS TO NUMERICAL SOLUTION IN TIME STEP 204 STRESS PERIOD 2
 3 TOTAL ITERATIONS
 
    Solving:  Stress period:     2    Time step:   205
 

 SLN_1 OUTER ITERATION SUMMARY
 ----------------------------------------------------------------------------------------------------------
                                OUTER      INNER                    STEP   MAXIMUM CHANGE MODEL-(CELLID) OR
 OUTER ITERATION STEP       ITERATION  ITERATION  MAXIMUM CHANGE SUCCESS             MODEL-PACKAGE-(NUMBER)
 ----------------------------------------------------------------------------------------------------------
 Model                              1          1 -7.58514851E-05       *                     1_GWF-(1,2,85)
 ----------------------------------------------------------------------------------------------------------


 1 CALLS TO NUMERICAL SOLUTION IN TIME STEP 205 STRESS PERIOD 2
 1 TOTAL ITERATIONS

 SLN_2 OUTER ITERATION SUMMARY
 ----------------------------------------------------------------------------------------------------------
                                OUTER      INNER                    STEP   MAXIMUM CHANGE MODEL-(CELLID) OR
 OUTER ITERATION STEP       ITERATION  ITERATION  MAXIMUM CHANGE SUCCESS             MODEL-PACKAGE-(NUMBER)
 ----------------------------------------------------------------------------------------------------------
 Model                              1          2       2.4558742                            2_GWT-(1,37,83)
 Model                              2          1 -1.93583105E-09       *                    2_GWT-(1,32,28)
 ----------------------------------------------------------------------------------------------------------


 2 CALLS TO NUMERICAL SOLUTION IN TIME STEP 205 STRESS PERIOD 2
 3 TOTAL ITERATIONS
 
    Solving:  Stress period:     2    Time step:   206
 

 SLN_1 OUTER ITERATION SUMMARY
 ----------------------------------------------------------------------------------------------------------
                                OUTER      INNER                    STEP   MAXIMUM CHANGE MODEL-(CELLID) OR
 OUTER ITERATION STEP       ITERATION  ITERATION  MAXIMUM CHANGE SUCCESS             MODEL-PACKAGE-(NUMBER)
 ----------------------------------------------------------------------------------------------------------
 Model                              1          1 -7.44704054E-05       *                     1_GWF-(1,2,88)
 ----------------------------------------------------------------------------------------------------------


 1 CALLS TO NUMERICAL SOLUTION IN TIME STEP 206 STRESS PERIOD 2
 1 TOTAL ITERATIONS

 SLN_2 OUTER ITERATION SUMMARY
 ----------------------------------------------------------------------------------------------------------
                                OUTER      INNER                    STEP   MAXIMUM CHANGE MODEL-(CELLID) OR
 OUTER ITERATION STEP       ITERATION  ITERATION  MAXIMUM CHANGE SUCCESS             MODEL-PACKAGE-(NUMBER)
 ----------------------------------------------------------------------------------------------------------
 Model                              1          2       2.4442556                            2_GWT-(1,37,83)
 Model                              2          1  2.02317096E-09       *                    2_GWT-(1,32,28)
 ----------------------------------------------------------------------------------------------------------


 2 CALLS TO NUMERICAL SOLUTION IN TIME STEP 206 STRESS PERIOD 2
 3 TOTAL ITERATIONS
 
    Solving:  Stress period:     2    Time step:   207
 

 SLN_1 OUTER ITERATION SUMMARY
 ----------------------------------------------------------------------------------------------------------
                                OUTER      INNER                    STEP   MAXIMUM CHANGE MODEL-(CELLID) OR
 OUTER ITERATION STEP       ITERATION  ITERATION  MAXIMUM CHANGE SUCCESS             MODEL-PACKAGE-(NUMBER)
 ----------------------------------------------------------------------------------------------------------
 Model                              1          1 -7.53148574E-05       *                     1_GWF-(1,2,85)
 ----------------------------------------------------------------------------------------------------------


 1 CALLS TO NUMERICAL SOLUTION IN TIME STEP 207 STRESS PERIOD 2
 1 TOTAL ITERATIONS

 SLN_2 OUTER ITERATION SUMMARY
 ----------------------------------------------------------------------------------------------------------
                                OUTER      INNER                    STEP   MAXIMUM CHANGE MODEL-(CELLID) OR
 OUTER ITERATION STEP       ITERATION  ITERATION  MAXIMUM CHANGE SUCCESS             MODEL-PACKAGE-(NUMBER)
 ----------------------------------------------------------------------------------------------------------
 Model                              1          2       2.4313525                            2_GWT-(1,37,83)
 Model                              2          1 -2.08962092E-09       *                    2_GWT-(1,32,28)
 ----------------------------------------------------------------------------------------------------------


 2 CALLS TO NUMERICAL SOLUTION IN TIME STEP 207 STRESS PERIOD 2
 3 TOTAL ITERATIONS
 
    Solving:  Stress period:     2    Time step:   208
 

 SLN_1 OUTER ITERATION SUMMARY
 ----------------------------------------------------------------------------------------------------------
                                OUTER      INNER                    STEP   MAXIMUM CHANGE MODEL-(CELLID) OR
 OUTER ITERATION STEP       ITERATION  ITERATION  MAXIMUM CHANGE SUCCESS             MODEL-PACKAGE-(NUMBER)
 ----------------------------------------------------------------------------------------------------------
 Model                              1          1 -7.39295765E-05       *                     1_GWF-(1,2,88)
 ----------------------------------------------------------------------------------------------------------


 1 CALLS TO NUMERICAL SOLUTION IN TIME STEP 208 STRESS PERIOD 2
 1 TOTAL ITERATIONS

 SLN_2 OUTER ITERATION SUMMARY
 ----------------------------------------------------------------------------------------------------------
                                OUTER      INNER                    STEP   MAXIMUM CHANGE MODEL-(CELLID) OR
 OUTER ITERATION STEP       ITERATION  ITERATION  MAXIMUM CHANGE SUCCESS             MODEL-PACKAGE-(NUMBER)
 ----------------------------------------------------------------------------------------------------------
 Model                              1          2       2.4207840                            2_GWT-(1,37,84)
 Model                              2          1  2.19375806E-09       *                    2_GWT-(1,32,28)
 ----------------------------------------------------------------------------------------------------------


 2 CALLS TO NUMERICAL SOLUTION IN TIME STEP 208 STRESS PERIOD 2
 3 TOTAL ITERATIONS
 
    Solving:  Stress period:     2    Time step:   209
 

 SLN_1 OUTER ITERATION SUMMARY
 ----------------------------------------------------------------------------------------------------------
                                OUTER      INNER                    STEP   MAXIMUM CHANGE MODEL-(CELLID) OR
 OUTER ITERATION STEP       ITERATION  ITERATION  MAXIMUM CHANGE SUCCESS             MODEL-PACKAGE-(NUMBER)
 ----------------------------------------------------------------------------------------------------------
 Model                              1          1 -7.47832079E-05       *                     1_GWF-(1,2,85)
 ----------------------------------------------------------------------------------------------------------


 1 CALLS TO NUMERICAL SOLUTION IN TIME STEP 209 STRESS PERIOD 2
 1 TOTAL ITERATIONS

 SLN_2 OUTER ITERATION SUMMARY
 ----------------------------------------------------------------------------------------------------------
                                OUTER      INNER                    STEP   MAXIMUM CHANGE MODEL-(CELLID) OR
 OUTER ITERATION STEP       ITERATION  ITERATION  MAXIMUM CHANGE SUCCESS             MODEL-PACKAGE-(NUMBER)
 ----------------------------------------------------------------------------------------------------------
 Model                              1          2       2.4095417                            2_GWT-(1,37,84)
 Model                              2          1 -2.27515784E-09       *                    2_GWT-(1,32,28)
 ----------------------------------------------------------------------------------------------------------


 2 CALLS TO NUMERICAL SOLUTION IN TIME STEP 209 STRESS PERIOD 2
 3 TOTAL ITERATIONS
 
    Solving:  Stress period:     2    Time step:   210
 

 SLN_1 OUTER ITERATION SUMMARY
 ----------------------------------------------------------------------------------------------------------
                                OUTER      INNER                    STEP   MAXIMUM CHANGE MODEL-(CELLID) OR
 OUTER ITERATION STEP       ITERATION  ITERATION  MAXIMUM CHANGE SUCCESS             MODEL-PACKAGE-(NUMBER)
 ----------------------------------------------------------------------------------------------------------
 Model                              1          1 -7.33939708E-05       *                     1_GWF-(1,2,88)
 ----------------------------------------------------------------------------------------------------------


 1 CALLS TO NUMERICAL SOLUTION IN TIME STEP 210 STRESS PERIOD 2
 1 TOTAL ITERATIONS

 SLN_2 OUTER ITERATION SUMMARY
 ----------------------------------------------------------------------------------------------------------
                                OUTER      INNER                    STEP   MAXIMUM CHANGE MODEL-(CELLID) OR
 OUTER ITERATION STEP       ITERATION  ITERATION  MAXIMUM CHANGE SUCCESS             MODEL-PACKAGE-(NUMBER)
 ----------------------------------------------------------------------------------------------------------
 Model                              1          2       2.3977863                            2_GWT-(1,37,84)
 Model                              2          1  2.40075337E-09       *                    2_GWT-(1,32,28)
 ----------------------------------------------------------------------------------------------------------


 2 CALLS TO NUMERICAL SOLUTION IN TIME STEP 210 STRESS PERIOD 2
 3 TOTAL ITERATIONS
 
    Solving:  Stress period:     2    Time step:   211
 

 SLN_1 OUTER ITERATION SUMMARY
 ----------------------------------------------------------------------------------------------------------
                                OUTER      INNER                    STEP   MAXIMUM CHANGE MODEL-(CELLID) OR
 OUTER ITERATION STEP       ITERATION  ITERATION  MAXIMUM CHANGE SUCCESS             MODEL-PACKAGE-(NUMBER)
 ----------------------------------------------------------------------------------------------------------
 Model                              1          1 -7.42564622E-05       *                     1_GWF-(1,2,85)
 ----------------------------------------------------------------------------------------------------------


 1 CALLS TO NUMERICAL SOLUTION IN TIME STEP 211 STRESS PERIOD 2
 1 TOTAL ITERATIONS

 SLN_2 OUTER ITERATION SUMMARY
 ----------------------------------------------------------------------------------------------------------
                                OUTER      INNER                    STEP   MAXIMUM CHANGE MODEL-(CELLID) OR
 OUTER ITERATION STEP       ITERATION  ITERATION  MAXIMUM CHANGE SUCCESS             MODEL-PACKAGE-(NUMBER)
 ----------------------------------------------------------------------------------------------------------
 Model                              1          2       2.3862605                            2_GWT-(1,37,85)
 Model                              2          1 -2.50173571E-09       *                    2_GWT-(1,32,28)
 ----------------------------------------------------------------------------------------------------------


 2 CALLS TO NUMERICAL SOLUTION IN TIME STEP 211 STRESS PERIOD 2
 3 TOTAL ITERATIONS
 
    Solving:  Stress period:     2    Time step:   212
 

 SLN_1 OUTER ITERATION SUMMARY
 ----------------------------------------------------------------------------------------------------------
                                OUTER      INNER                    STEP   MAXIMUM CHANGE MODEL-(CELLID) OR
 OUTER ITERATION STEP       ITERATION  ITERATION  MAXIMUM CHANGE SUCCESS             MODEL-PACKAGE-(NUMBER)
 ----------------------------------------------------------------------------------------------------------
 Model                              1          1 -7.28635084E-05       *                     1_GWF-(1,2,88)
 ----------------------------------------------------------------------------------------------------------


 1 CALLS TO NUMERICAL SOLUTION IN TIME STEP 212 STRESS PERIOD 2
 1 TOTAL ITERATIONS

 SLN_2 OUTER ITERATION SUMMARY
 ----------------------------------------------------------------------------------------------------------
                                OUTER      INNER                    STEP   MAXIMUM CHANGE MODEL-(CELLID) OR
 OUTER ITERATION STEP       ITERATION  ITERATION  MAXIMUM CHANGE SUCCESS             MODEL-PACKAGE-(NUMBER)
 ----------------------------------------------------------------------------------------------------------
 Model                              1          2       2.3759027                            2_GWT-(1,37,85)
 Model                              2          1  2.65495714E-09       *                    2_GWT-(1,32,28)
 ----------------------------------------------------------------------------------------------------------


 2 CALLS TO NUMERICAL SOLUTION IN TIME STEP 212 STRESS PERIOD 2
 3 TOTAL ITERATIONS
 
    Solving:  Stress period:     2    Time step:   213
 

 SLN_1 OUTER ITERATION SUMMARY
 ----------------------------------------------------------------------------------------------------------
                                OUTER      INNER                    STEP   MAXIMUM CHANGE MODEL-(CELLID) OR
 OUTER ITERATION STEP       ITERATION  ITERATION  MAXIMUM CHANGE SUCCESS             MODEL-PACKAGE-(NUMBER)
 ----------------------------------------------------------------------------------------------------------
 Model                              1          1 -7.37345474E-05       *                     1_GWF-(1,2,85)
 ----------------------------------------------------------------------------------------------------------


 1 CALLS TO NUMERICAL SOLUTION IN TIME STEP 213 STRESS PERIOD 2
 1 TOTAL ITERATIONS

 SLN_2 OUTER ITERATION SUMMARY
 ----------------------------------------------------------------------------------------------------------
                                OUTER      INNER                    STEP   MAXIMUM CHANGE MODEL-(CELLID) OR
 OUTER ITERATION STEP       ITERATION  ITERATION  MAXIMUM CHANGE SUCCESS             MODEL-PACKAGE-(NUMBER)
 ----------------------------------------------------------------------------------------------------------
 Model                              1          2       2.3647096                            2_GWT-(1,37,85)
 Model                              2          1 -2.78200218E-09       *                    2_GWT-(1,32,28)
 ----------------------------------------------------------------------------------------------------------


 2 CALLS TO NUMERICAL SOLUTION IN TIME STEP 213 STRESS PERIOD 2
 3 TOTAL ITERATIONS
 
    Solving:  Stress period:     2    Time step:   214
 

 SLN_1 OUTER ITERATION SUMMARY
 ----------------------------------------------------------------------------------------------------------
                                OUTER      INNER                    STEP   MAXIMUM CHANGE MODEL-(CELLID) OR
 OUTER ITERATION STEP       ITERATION  ITERATION  MAXIMUM CHANGE SUCCESS             MODEL-PACKAGE-(NUMBER)
 ----------------------------------------------------------------------------------------------------------
 Model                              1          1 -7.23381110E-05       *                     1_GWF-(1,2,88)
 ----------------------------------------------------------------------------------------------------------


 1 CALLS TO NUMERICAL SOLUTION IN TIME STEP 214 STRESS PERIOD 2
 1 TOTAL ITERATIONS

 SLN_2 OUTER ITERATION SUMMARY
 ----------------------------------------------------------------------------------------------------------
                                OUTER      INNER                    STEP   MAXIMUM CHANGE MODEL-(CELLID) OR
 OUTER ITERATION STEP       ITERATION  ITERATION  MAXIMUM CHANGE SUCCESS             MODEL-PACKAGE-(NUMBER)
 ----------------------------------------------------------------------------------------------------------
 Model                              1          2       2.3526102                            2_GWT-(1,37,85)
 Model                              2          1  2.97123393E-09       *                    2_GWT-(1,32,28)
 ----------------------------------------------------------------------------------------------------------


 2 CALLS TO NUMERICAL SOLUTION IN TIME STEP 214 STRESS PERIOD 2
 3 TOTAL ITERATIONS
 
    Solving:  Stress period:     2    Time step:   215
 

 SLN_1 OUTER ITERATION SUMMARY
 ----------------------------------------------------------------------------------------------------------
                                OUTER      INNER                    STEP   MAXIMUM CHANGE MODEL-(CELLID) OR
 OUTER ITERATION STEP       ITERATION  ITERATION  MAXIMUM CHANGE SUCCESS             MODEL-PACKAGE-(NUMBER)
 ----------------------------------------------------------------------------------------------------------
 Model                              1          1 -7.32173928E-05       *                     1_GWF-(1,2,85)
 ----------------------------------------------------------------------------------------------------------


 1 CALLS TO NUMERICAL SOLUTION IN TIME STEP 215 STRESS PERIOD 2
 1 TOTAL ITERATIONS

 SLN_2 OUTER ITERATION SUMMARY
 ----------------------------------------------------------------------------------------------------------
                                OUTER      INNER                    STEP   MAXIMUM CHANGE MODEL-(CELLID) OR
 OUTER ITERATION STEP       ITERATION  ITERATION  MAXIMUM CHANGE SUCCESS             MODEL-PACKAGE-(NUMBER)
 ----------------------------------------------------------------------------------------------------------
 Model                              1          2       2.3430335                            2_GWT-(1,37,86)
 Model                              2          1 -3.13320925E-09       *                    2_GWT-(1,32,28)
 ----------------------------------------------------------------------------------------------------------


 2 CALLS TO NUMERICAL SOLUTION IN TIME STEP 215 STRESS PERIOD 2
 3 TOTAL ITERATIONS
 
    Solving:  Stress period:     2    Time step:   216
 

 SLN_1 OUTER ITERATION SUMMARY
 ----------------------------------------------------------------------------------------------------------
                                OUTER      INNER                    STEP   MAXIMUM CHANGE MODEL-(CELLID) OR
 OUTER ITERATION STEP       ITERATION  ITERATION  MAXIMUM CHANGE SUCCESS             MODEL-PACKAGE-(NUMBER)
 ----------------------------------------------------------------------------------------------------------
 Model                              1          1 -7.18177024E-05       *                     1_GWF-(1,2,88)
 ----------------------------------------------------------------------------------------------------------


 1 CALLS TO NUMERICAL SOLUTION IN TIME STEP 216 STRESS PERIOD 2
 1 TOTAL ITERATIONS

 SLN_2 OUTER ITERATION SUMMARY
 ----------------------------------------------------------------------------------------------------------
                                OUTER      INNER                    STEP   MAXIMUM CHANGE MODEL-(CELLID) OR
 OUTER ITERATION STEP       ITERATION  ITERATION  MAXIMUM CHANGE SUCCESS             MODEL-PACKAGE-(NUMBER)
 ----------------------------------------------------------------------------------------------------------
 Model                              1          2       2.3323867                            2_GWT-(1,37,86)
 Model                              2          1  3.37050210E-09       *                    2_GWT-(1,32,28)
 ----------------------------------------------------------------------------------------------------------


 2 CALLS TO NUMERICAL SOLUTION IN TIME STEP 216 STRESS PERIOD 2
 3 TOTAL ITERATIONS
 
    Solving:  Stress period:     2    Time step:   217
 

 SLN_1 OUTER ITERATION SUMMARY
 ----------------------------------------------------------------------------------------------------------
                                OUTER      INNER                    STEP   MAXIMUM CHANGE MODEL-(CELLID) OR
 OUTER ITERATION STEP       ITERATION  ITERATION  MAXIMUM CHANGE SUCCESS             MODEL-PACKAGE-(NUMBER)
 ----------------------------------------------------------------------------------------------------------
 Model                              1          1 -7.27049290E-05       *                     1_GWF-(1,2,85)
 ----------------------------------------------------------------------------------------------------------


 1 CALLS TO NUMERICAL SOLUTION IN TIME STEP 217 STRESS PERIOD 2
 1 TOTAL ITERATIONS

 SLN_2 OUTER ITERATION SUMMARY
 ----------------------------------------------------------------------------------------------------------
                                OUTER      INNER                    STEP   MAXIMUM CHANGE MODEL-(CELLID) OR
 OUTER ITERATION STEP       ITERATION  ITERATION  MAXIMUM CHANGE SUCCESS             MODEL-PACKAGE-(NUMBER)
 ----------------------------------------------------------------------------------------------------------
 Model                              1          2       2.3211516                            2_GWT-(1,37,86)
 Model                              2          1 -3.58036800E-09       *                    2_GWT-(1,32,28)
 ----------------------------------------------------------------------------------------------------------


 2 CALLS TO NUMERICAL SOLUTION IN TIME STEP 217 STRESS PERIOD 2
 3 TOTAL ITERATIONS
 
    Solving:  Stress period:     2    Time step:   218
 

 SLN_1 OUTER ITERATION SUMMARY
 ----------------------------------------------------------------------------------------------------------
                                OUTER      INNER                    STEP   MAXIMUM CHANGE MODEL-(CELLID) OR
 OUTER ITERATION STEP       ITERATION  ITERATION  MAXIMUM CHANGE SUCCESS             MODEL-PACKAGE-(NUMBER)
 ----------------------------------------------------------------------------------------------------------
 Model                              1          1 -7.13022081E-05       *                     1_GWF-(1,2,88)
 ----------------------------------------------------------------------------------------------------------


 1 CALLS TO NUMERICAL SOLUTION IN TIME STEP 218 STRESS PERIOD 2
 1 TOTAL ITERATIONS

 SLN_2 OUTER ITERATION SUMMARY
 ----------------------------------------------------------------------------------------------------------
                                OUTER      INNER                    STEP   MAXIMUM CHANGE MODEL-(CELLID) OR
 OUTER ITERATION STEP       ITERATION  ITERATION  MAXIMUM CHANGE SUCCESS             MODEL-PACKAGE-(NUMBER)
 ----------------------------------------------------------------------------------------------------------
 Model                              1          2       2.3107641                            2_GWT-(1,37,87)
 Model                              2          1  3.88399712E-09       *                    2_GWT-(1,32,28)
 ----------------------------------------------------------------------------------------------------------


 2 CALLS TO NUMERICAL SOLUTION IN TIME STEP 218 STRESS PERIOD 2
 3 TOTAL ITERATIONS
 
    Solving:  Stress period:     2    Time step:   219
 

 SLN_1 OUTER ITERATION SUMMARY
 ----------------------------------------------------------------------------------------------------------
                                OUTER      INNER                    STEP   MAXIMUM CHANGE MODEL-(CELLID) OR
 OUTER ITERATION STEP       ITERATION  ITERATION  MAXIMUM CHANGE SUCCESS             MODEL-PACKAGE-(NUMBER)
 ----------------------------------------------------------------------------------------------------------
 Model                              1          1 -7.21970885E-05       *                     1_GWF-(1,2,85)
 ----------------------------------------------------------------------------------------------------------


 1 CALLS TO NUMERICAL SOLUTION IN TIME STEP 219 STRESS PERIOD 2
 1 TOTAL ITERATIONS

 SLN_2 OUTER ITERATION SUMMARY
 ----------------------------------------------------------------------------------------------------------
                                OUTER      INNER                    STEP   MAXIMUM CHANGE MODEL-(CELLID) OR
 OUTER ITERATION STEP       ITERATION  ITERATION  MAXIMUM CHANGE SUCCESS             MODEL-PACKAGE-(NUMBER)
 ----------------------------------------------------------------------------------------------------------
 Model                              1          2       2.3009485                            2_GWT-(1,37,87)
 Model                              2          1 -4.16244461E-09       *                    2_GWT-(1,32,28)
 ----------------------------------------------------------------------------------------------------------


 2 CALLS TO NUMERICAL SOLUTION IN TIME STEP 219 STRESS PERIOD 2
 3 TOTAL ITERATIONS
 
    Solving:  Stress period:     2    Time step:   220
 

 SLN_1 OUTER ITERATION SUMMARY
 ----------------------------------------------------------------------------------------------------------
                                OUTER      INNER                    STEP   MAXIMUM CHANGE MODEL-(CELLID) OR
 OUTER ITERATION STEP       ITERATION  ITERATION  MAXIMUM CHANGE SUCCESS             MODEL-PACKAGE-(NUMBER)
 ----------------------------------------------------------------------------------------------------------
 Model                              1          1 -7.07915554E-05       *                     1_GWF-(1,2,88)
 ----------------------------------------------------------------------------------------------------------


 1 CALLS TO NUMERICAL SOLUTION IN TIME STEP 220 STRESS PERIOD 2
 1 TOTAL ITERATIONS

 SLN_2 OUTER ITERATION SUMMARY
 ----------------------------------------------------------------------------------------------------------
                                OUTER      INNER                    STEP   MAXIMUM CHANGE MODEL-(CELLID) OR
 OUTER ITERATION STEP       ITERATION  ITERATION  MAXIMUM CHANGE SUCCESS             MODEL-PACKAGE-(NUMBER)
 ----------------------------------------------------------------------------------------------------------
 Model                              1          2       2.2902243                            2_GWT-(1,37,87)
 Model                              2          1  4.56199700E-09       *                    2_GWT-(1,32,28)
 ----------------------------------------------------------------------------------------------------------


 2 CALLS TO NUMERICAL SOLUTION IN TIME STEP 220 STRESS PERIOD 2
 3 TOTAL ITERATIONS
 
    Solving:  Stress period:     2    Time step:   221
 

 SLN_1 OUTER ITERATION SUMMARY
 ----------------------------------------------------------------------------------------------------------
                                OUTER      INNER                    STEP   MAXIMUM CHANGE MODEL-(CELLID) OR
 OUTER ITERATION STEP       ITERATION  ITERATION  MAXIMUM CHANGE SUCCESS             MODEL-PACKAGE-(NUMBER)
 ----------------------------------------------------------------------------------------------------------
 Model                              1          1 -7.16938054E-05       *                     1_GWF-(1,2,85)
 ----------------------------------------------------------------------------------------------------------


 1 CALLS TO NUMERICAL SOLUTION IN TIME STEP 221 STRESS PERIOD 2
 1 TOTAL ITERATIONS

 SLN_2 OUTER ITERATION SUMMARY
 ----------------------------------------------------------------------------------------------------------
                                OUTER      INNER                    STEP   MAXIMUM CHANGE MODEL-(CELLID) OR
 OUTER ITERATION STEP       ITERATION  ITERATION  MAXIMUM CHANGE SUCCESS             MODEL-PACKAGE-(NUMBER)
 ----------------------------------------------------------------------------------------------------------
 Model                              1          2       2.2793098                            2_GWT-(1,37,88)
 Model                              2          1 -4.94486585E-09       *                    2_GWT-(1,32,28)
 ----------------------------------------------------------------------------------------------------------


 2 CALLS TO NUMERICAL SOLUTION IN TIME STEP 221 STRESS PERIOD 2
 3 TOTAL ITERATIONS
 
    Solving:  Stress period:     2    Time step:   222
 

 SLN_1 OUTER ITERATION SUMMARY
 ----------------------------------------------------------------------------------------------------------
                                OUTER      INNER                    STEP   MAXIMUM CHANGE MODEL-(CELLID) OR
 OUTER ITERATION STEP       ITERATION  ITERATION  MAXIMUM CHANGE SUCCESS             MODEL-PACKAGE-(NUMBER)
 ----------------------------------------------------------------------------------------------------------
 Model                              1          1 -7.02856733E-05       *                     1_GWF-(1,2,88)
 ----------------------------------------------------------------------------------------------------------


 1 CALLS TO NUMERICAL SOLUTION IN TIME STEP 222 STRESS PERIOD 2
 1 TOTAL ITERATIONS

 SLN_2 OUTER ITERATION SUMMARY
 ----------------------------------------------------------------------------------------------------------
                                OUTER      INNER                    STEP   MAXIMUM CHANGE MODEL-(CELLID) OR
 OUTER ITERATION STEP       ITERATION  ITERATION  MAXIMUM CHANGE SUCCESS             MODEL-PACKAGE-(NUMBER)
 ----------------------------------------------------------------------------------------------------------
 Model                              1          2       2.2701396                            2_GWT-(1,37,88)
 Model                              2          1  5.49405854E-09       *                    2_GWT-(1,32,28)
 ----------------------------------------------------------------------------------------------------------


 2 CALLS TO NUMERICAL SOLUTION IN TIME STEP 222 STRESS PERIOD 2
 3 TOTAL ITERATIONS
 
    Solving:  Stress period:     2    Time step:   223
 

 SLN_1 OUTER ITERATION SUMMARY
 ----------------------------------------------------------------------------------------------------------
                                OUTER      INNER                    STEP   MAXIMUM CHANGE MODEL-(CELLID) OR
 OUTER ITERATION STEP       ITERATION  ITERATION  MAXIMUM CHANGE SUCCESS             MODEL-PACKAGE-(NUMBER)
 ----------------------------------------------------------------------------------------------------------
 Model                              1          1 -7.11950151E-05       *                     1_GWF-(1,2,85)
 ----------------------------------------------------------------------------------------------------------


 1 CALLS TO NUMERICAL SOLUTION IN TIME STEP 223 STRESS PERIOD 2
 1 TOTAL ITERATIONS

 SLN_2 OUTER ITERATION SUMMARY
 ----------------------------------------------------------------------------------------------------------
                                OUTER      INNER                    STEP   MAXIMUM CHANGE MODEL-(CELLID) OR
 OUTER ITERATION STEP       ITERATION  ITERATION  MAXIMUM CHANGE SUCCESS             MODEL-PACKAGE-(NUMBER)
 ----------------------------------------------------------------------------------------------------------
 Model                              1          2       2.2600499                            2_GWT-(1,37,88)
 Model                              2          1 -6.05152195E-09       *                    2_GWT-(1,32,28)
 ----------------------------------------------------------------------------------------------------------


 2 CALLS TO NUMERICAL SOLUTION IN TIME STEP 223 STRESS PERIOD 2
 3 TOTAL ITERATIONS
 
    Solving:  Stress period:     2    Time step:   224
 

 SLN_1 OUTER ITERATION SUMMARY
 ----------------------------------------------------------------------------------------------------------
                                OUTER      INNER                    STEP   MAXIMUM CHANGE MODEL-(CELLID) OR
 OUTER ITERATION STEP       ITERATION  ITERATION  MAXIMUM CHANGE SUCCESS             MODEL-PACKAGE-(NUMBER)
 ----------------------------------------------------------------------------------------------------------
 Model                              1          1 -6.97844923E-05       *                     1_GWF-(1,2,88)
 ----------------------------------------------------------------------------------------------------------


 1 CALLS TO NUMERICAL SOLUTION IN TIME STEP 224 STRESS PERIOD 2
 1 TOTAL ITERATIONS

 SLN_2 OUTER ITERATION SUMMARY
 ----------------------------------------------------------------------------------------------------------
                                OUTER      INNER                    STEP   MAXIMUM CHANGE MODEL-(CELLID) OR
 OUTER ITERATION STEP       ITERATION  ITERATION  MAXIMUM CHANGE SUCCESS             MODEL-PACKAGE-(NUMBER)
 ----------------------------------------------------------------------------------------------------------
 Model                              1          2       2.2492786                            2_GWT-(1,37,88)
 Model                              2          1  6.86154067E-09       *                    2_GWT-(1,32,28)
 ----------------------------------------------------------------------------------------------------------


 2 CALLS TO NUMERICAL SOLUTION IN TIME STEP 224 STRESS PERIOD 2
 3 TOTAL ITERATIONS
 
    Solving:  Stress period:     2    Time step:   225
 

 SLN_1 OUTER ITERATION SUMMARY
 ----------------------------------------------------------------------------------------------------------
                                OUTER      INNER                    STEP   MAXIMUM CHANGE MODEL-(CELLID) OR
 OUTER ITERATION STEP       ITERATION  ITERATION  MAXIMUM CHANGE SUCCESS             MODEL-PACKAGE-(NUMBER)
 ----------------------------------------------------------------------------------------------------------
 Model                              1          1 -7.07006549E-05       *                     1_GWF-(1,2,85)
 ----------------------------------------------------------------------------------------------------------


 1 CALLS TO NUMERICAL SOLUTION IN TIME STEP 225 STRESS PERIOD 2
 1 TOTAL ITERATIONS

 SLN_2 OUTER ITERATION SUMMARY
 ----------------------------------------------------------------------------------------------------------
                                OUTER      INNER                    STEP   MAXIMUM CHANGE MODEL-(CELLID) OR
 OUTER ITERATION STEP       ITERATION  ITERATION  MAXIMUM CHANGE SUCCESS             MODEL-PACKAGE-(NUMBER)
 ----------------------------------------------------------------------------------------------------------
 Model                              1          2       2.2399655                            2_GWT-(1,37,89)
 Model                              2          1 -7.75577291E-09       *                    2_GWT-(1,32,28)
 ----------------------------------------------------------------------------------------------------------


 2 CALLS TO NUMERICAL SOLUTION IN TIME STEP 225 STRESS PERIOD 2
 3 TOTAL ITERATIONS
 
    Solving:  Stress period:     2    Time step:   226
 

 SLN_1 OUTER ITERATION SUMMARY
 ----------------------------------------------------------------------------------------------------------
                                OUTER      INNER                    STEP   MAXIMUM CHANGE MODEL-(CELLID) OR
 OUTER ITERATION STEP       ITERATION  ITERATION  MAXIMUM CHANGE SUCCESS             MODEL-PACKAGE-(NUMBER)
 ----------------------------------------------------------------------------------------------------------
 Model                              1          1 -6.92879447E-05       *                     1_GWF-(1,2,88)
 ----------------------------------------------------------------------------------------------------------


 1 CALLS TO NUMERICAL SOLUTION IN TIME STEP 226 STRESS PERIOD 2
 1 TOTAL ITERATIONS

 SLN_2 OUTER ITERATION SUMMARY
 ----------------------------------------------------------------------------------------------------------
                                OUTER      INNER                    STEP   MAXIMUM CHANGE MODEL-(CELLID) OR
 OUTER ITERATION STEP       ITERATION  ITERATION  MAXIMUM CHANGE SUCCESS             MODEL-PACKAGE-(NUMBER)
 ----------------------------------------------------------------------------------------------------------
 Model                              1          2       2.2305911                            2_GWT-(1,37,89)
 Model                              2          1  9.10694098E-09       *                    2_GWT-(1,32,28)
 ----------------------------------------------------------------------------------------------------------


 2 CALLS TO NUMERICAL SOLUTION IN TIME STEP 226 STRESS PERIOD 2
 3 TOTAL ITERATIONS
 
    Solving:  Stress period:     2    Time step:   227
 

 SLN_1 OUTER ITERATION SUMMARY
 ----------------------------------------------------------------------------------------------------------
                                OUTER      INNER                    STEP   MAXIMUM CHANGE MODEL-(CELLID) OR
 OUTER ITERATION STEP       ITERATION  ITERATION  MAXIMUM CHANGE SUCCESS             MODEL-PACKAGE-(NUMBER)
 ----------------------------------------------------------------------------------------------------------
 Model                              1          1 -7.02106632E-05       *                     1_GWF-(1,2,85)
 ----------------------------------------------------------------------------------------------------------


 1 CALLS TO NUMERICAL SOLUTION IN TIME STEP 227 STRESS PERIOD 2
 1 TOTAL ITERATIONS

 SLN_2 OUTER ITERATION SUMMARY
 ----------------------------------------------------------------------------------------------------------
                                OUTER      INNER                    STEP   MAXIMUM CHANGE MODEL-(CELLID) OR
 OUTER ITERATION STEP       ITERATION  ITERATION  MAXIMUM CHANGE SUCCESS             MODEL-PACKAGE-(NUMBER)
 ----------------------------------------------------------------------------------------------------------
 Model                              1          2       2.2203539                            2_GWT-(1,37,89)
 Model                              2          1 -1.09234080E-08       *                    2_GWT-(1,30,99)
 ----------------------------------------------------------------------------------------------------------


 2 CALLS TO NUMERICAL SOLUTION IN TIME STEP 227 STRESS PERIOD 2
 3 TOTAL ITERATIONS
 
    Solving:  Stress period:     2    Time step:   228
 

 SLN_1 OUTER ITERATION SUMMARY
 ----------------------------------------------------------------------------------------------------------
                                OUTER      INNER                    STEP   MAXIMUM CHANGE MODEL-(CELLID) OR
 OUTER ITERATION STEP       ITERATION  ITERATION  MAXIMUM CHANGE SUCCESS             MODEL-PACKAGE-(NUMBER)
 ----------------------------------------------------------------------------------------------------------
 Model                              1          1 -6.87959643E-05       *                     1_GWF-(1,2,88)
 ----------------------------------------------------------------------------------------------------------


 1 CALLS TO NUMERICAL SOLUTION IN TIME STEP 228 STRESS PERIOD 2
 1 TOTAL ITERATIONS

 SLN_2 OUTER ITERATION SUMMARY
 ----------------------------------------------------------------------------------------------------------
                                OUTER      INNER                    STEP   MAXIMUM CHANGE MODEL-(CELLID) OR
 OUTER ITERATION STEP       ITERATION  ITERATION  MAXIMUM CHANGE SUCCESS             MODEL-PACKAGE-(NUMBER)
 ----------------------------------------------------------------------------------------------------------
 Model                              1          2       2.2105315                            2_GWT-(1,37,90)
 Model                              2          1 -1.43266874E-08       *                    2_GWT-(1,29,99)
 ----------------------------------------------------------------------------------------------------------


 2 CALLS TO NUMERICAL SOLUTION IN TIME STEP 228 STRESS PERIOD 2
 3 TOTAL ITERATIONS
 
    Solving:  Stress period:     2    Time step:   229
 

 SLN_1 OUTER ITERATION SUMMARY
 ----------------------------------------------------------------------------------------------------------
                                OUTER      INNER                    STEP   MAXIMUM CHANGE MODEL-(CELLID) OR
 OUTER ITERATION STEP       ITERATION  ITERATION  MAXIMUM CHANGE SUCCESS             MODEL-PACKAGE-(NUMBER)
 ----------------------------------------------------------------------------------------------------------
 Model                              1          1 -6.97249801E-05       *                     1_GWF-(1,2,85)
 ----------------------------------------------------------------------------------------------------------


 1 CALLS TO NUMERICAL SOLUTION IN TIME STEP 229 STRESS PERIOD 2
 1 TOTAL ITERATIONS

 SLN_2 OUTER ITERATION SUMMARY
 ----------------------------------------------------------------------------------------------------------
                                OUTER      INNER                    STEP   MAXIMUM CHANGE MODEL-(CELLID) OR
 OUTER ITERATION STEP       ITERATION  ITERATION  MAXIMUM CHANGE SUCCESS             MODEL-PACKAGE-(NUMBER)
 ----------------------------------------------------------------------------------------------------------
 Model                              1          2       2.2017156                            2_GWT-(1,37,90)
 Model                              2          1 -2.02721537E-08       *                    2_GWT-(1,29,99)
 ----------------------------------------------------------------------------------------------------------


 2 CALLS TO NUMERICAL SOLUTION IN TIME STEP 229 STRESS PERIOD 2
 3 TOTAL ITERATIONS
 
    Solving:  Stress period:     2    Time step:   230
 

 SLN_1 OUTER ITERATION SUMMARY
 ----------------------------------------------------------------------------------------------------------
                                OUTER      INNER                    STEP   MAXIMUM CHANGE MODEL-(CELLID) OR
 OUTER ITERATION STEP       ITERATION  ITERATION  MAXIMUM CHANGE SUCCESS             MODEL-PACKAGE-(NUMBER)
 ----------------------------------------------------------------------------------------------------------
 Model                              1          1 -6.83084864E-05       *                     1_GWF-(1,2,88)
 ----------------------------------------------------------------------------------------------------------


 1 CALLS TO NUMERICAL SOLUTION IN TIME STEP 230 STRESS PERIOD 2
 1 TOTAL ITERATIONS

 SLN_2 OUTER ITERATION SUMMARY
 ----------------------------------------------------------------------------------------------------------
                                OUTER      INNER                    STEP   MAXIMUM CHANGE MODEL-(CELLID) OR
 OUTER ITERATION STEP       ITERATION  ITERATION  MAXIMUM CHANGE SUCCESS             MODEL-PACKAGE-(NUMBER)
 ----------------------------------------------------------------------------------------------------------
 Model                              1          2       2.1921138                            2_GWT-(1,37,90)
 Model                              2          1 -3.33894690E-08       *                    2_GWT-(1,29,99)
 ----------------------------------------------------------------------------------------------------------


 2 CALLS TO NUMERICAL SOLUTION IN TIME STEP 230 STRESS PERIOD 2
 3 TOTAL ITERATIONS
 
    Solving:  Stress period:     2    Time step:   231
 

 SLN_1 OUTER ITERATION SUMMARY
 ----------------------------------------------------------------------------------------------------------
                                OUTER      INNER                    STEP   MAXIMUM CHANGE MODEL-(CELLID) OR
 OUTER ITERATION STEP       ITERATION  ITERATION  MAXIMUM CHANGE SUCCESS             MODEL-PACKAGE-(NUMBER)
 ----------------------------------------------------------------------------------------------------------
 Model                              1          1 -6.92435468E-05       *                     1_GWF-(1,2,85)
 ----------------------------------------------------------------------------------------------------------


 1 CALLS TO NUMERICAL SOLUTION IN TIME STEP 231 STRESS PERIOD 2
 1 TOTAL ITERATIONS

 SLN_2 OUTER ITERATION SUMMARY
 ----------------------------------------------------------------------------------------------------------
                                OUTER      INNER                    STEP   MAXIMUM CHANGE MODEL-(CELLID) OR
 OUTER ITERATION STEP       ITERATION  ITERATION  MAXIMUM CHANGE SUCCESS             MODEL-PACKAGE-(NUMBER)
 ----------------------------------------------------------------------------------------------------------
 Model                              1          2       2.1817930                            2_GWT-(1,37,90)
 Model                              2          1 -8.99880206E-08       *                    2_GWT-(1,29,99)
 ----------------------------------------------------------------------------------------------------------


 2 CALLS TO NUMERICAL SOLUTION IN TIME STEP 231 STRESS PERIOD 2
 3 TOTAL ITERATIONS
 
    Solving:  Stress period:     2    Time step:   232
 

 SLN_1 OUTER ITERATION SUMMARY
 ----------------------------------------------------------------------------------------------------------
                                OUTER      INNER                    STEP   MAXIMUM CHANGE MODEL-(CELLID) OR
 OUTER ITERATION STEP       ITERATION  ITERATION  MAXIMUM CHANGE SUCCESS             MODEL-PACKAGE-(NUMBER)
 ----------------------------------------------------------------------------------------------------------
 Model                              1          1 -6.78254475E-05       *                     1_GWF-(1,2,88)
 ----------------------------------------------------------------------------------------------------------


 1 CALLS TO NUMERICAL SOLUTION IN TIME STEP 232 STRESS PERIOD 2
 1 TOTAL ITERATIONS

 SLN_2 OUTER ITERATION SUMMARY
 ----------------------------------------------------------------------------------------------------------
                                OUTER      INNER                    STEP   MAXIMUM CHANGE MODEL-(CELLID) OR
 OUTER ITERATION STEP       ITERATION  ITERATION  MAXIMUM CHANGE SUCCESS             MODEL-PACKAGE-(NUMBER)
 ----------------------------------------------------------------------------------------------------------
 Model                              1          2       2.1734784                            2_GWT-(1,37,91)
 Model                              2          1 -1.40305133E-07       *                   2_GWT-(1,42,101)
 ----------------------------------------------------------------------------------------------------------


 2 CALLS TO NUMERICAL SOLUTION IN TIME STEP 232 STRESS PERIOD 2
 3 TOTAL ITERATIONS
 
    Solving:  Stress period:     2    Time step:   233
 

 SLN_1 OUTER ITERATION SUMMARY
 ----------------------------------------------------------------------------------------------------------
                                OUTER      INNER                    STEP   MAXIMUM CHANGE MODEL-(CELLID) OR
 OUTER ITERATION STEP       ITERATION  ITERATION  MAXIMUM CHANGE SUCCESS             MODEL-PACKAGE-(NUMBER)
 ----------------------------------------------------------------------------------------------------------
 Model                              1          1 -6.87663060E-05       *                     1_GWF-(1,2,85)
 ----------------------------------------------------------------------------------------------------------


 1 CALLS TO NUMERICAL SOLUTION IN TIME STEP 233 STRESS PERIOD 2
 1 TOTAL ITERATIONS

 SLN_2 OUTER ITERATION SUMMARY
 ----------------------------------------------------------------------------------------------------------
                                OUTER      INNER                    STEP   MAXIMUM CHANGE MODEL-(CELLID) OR
 OUTER ITERATION STEP       ITERATION  ITERATION  MAXIMUM CHANGE SUCCESS             MODEL-PACKAGE-(NUMBER)
 ----------------------------------------------------------------------------------------------------------
 Model                              1          2       2.1644914                            2_GWT-(1,37,91)
 Model                              2          1 -4.26978346E-08       *                   2_GWT-(1,42,101)
 ----------------------------------------------------------------------------------------------------------


 2 CALLS TO NUMERICAL SOLUTION IN TIME STEP 233 STRESS PERIOD 2
 3 TOTAL ITERATIONS
 
    Solving:  Stress period:     2    Time step:   234
 

 SLN_1 OUTER ITERATION SUMMARY
 ----------------------------------------------------------------------------------------------------------
                                OUTER      INNER                    STEP   MAXIMUM CHANGE MODEL-(CELLID) OR
 OUTER ITERATION STEP       ITERATION  ITERATION  MAXIMUM CHANGE SUCCESS             MODEL-PACKAGE-(NUMBER)
 ----------------------------------------------------------------------------------------------------------
 Model                              1          1 -6.73467859E-05       *                     1_GWF-(1,2,88)
 ----------------------------------------------------------------------------------------------------------


 1 CALLS TO NUMERICAL SOLUTION IN TIME STEP 234 STRESS PERIOD 2
 1 TOTAL ITERATIONS

 SLN_2 OUTER ITERATION SUMMARY
 ----------------------------------------------------------------------------------------------------------
                                OUTER      INNER                    STEP   MAXIMUM CHANGE MODEL-(CELLID) OR
 OUTER ITERATION STEP       ITERATION  ITERATION  MAXIMUM CHANGE SUCCESS             MODEL-PACKAGE-(NUMBER)
 ----------------------------------------------------------------------------------------------------------
 Model                              1          2       2.1547224                            2_GWT-(1,37,91)
 Model                              2          1 -2.64380731E-08       *                   2_GWT-(1,42,101)
 ----------------------------------------------------------------------------------------------------------


 2 CALLS TO NUMERICAL SOLUTION IN TIME STEP 234 STRESS PERIOD 2
 3 TOTAL ITERATIONS
 
    Solving:  Stress period:     2    Time step:   235
 

 SLN_1 OUTER ITERATION SUMMARY
 ----------------------------------------------------------------------------------------------------------
                                OUTER      INNER                    STEP   MAXIMUM CHANGE MODEL-(CELLID) OR
 OUTER ITERATION STEP       ITERATION  ITERATION  MAXIMUM CHANGE SUCCESS             MODEL-PACKAGE-(NUMBER)
 ----------------------------------------------------------------------------------------------------------
 Model                              1          1 -6.82932016E-05       *                     1_GWF-(1,2,85)
 ----------------------------------------------------------------------------------------------------------


 1 CALLS TO NUMERICAL SOLUTION IN TIME STEP 235 STRESS PERIOD 2
 1 TOTAL ITERATIONS

 SLN_2 OUTER ITERATION SUMMARY
 ----------------------------------------------------------------------------------------------------------
                                OUTER      INNER                    STEP   MAXIMUM CHANGE MODEL-(CELLID) OR
 OUTER ITERATION STEP       ITERATION  ITERATION  MAXIMUM CHANGE SUCCESS             MODEL-PACKAGE-(NUMBER)
 ----------------------------------------------------------------------------------------------------------
 Model                              1          2       2.1459201                            2_GWT-(1,37,92)
 Model                              2          1 -1.96067589E-08       *                   2_GWT-(1,42,101)
 ----------------------------------------------------------------------------------------------------------


 2 CALLS TO NUMERICAL SOLUTION IN TIME STEP 235 STRESS PERIOD 2
 3 TOTAL ITERATIONS
 
    Solving:  Stress period:     2    Time step:   236
 

 SLN_1 OUTER ITERATION SUMMARY
 ----------------------------------------------------------------------------------------------------------
                                OUTER      INNER                    STEP   MAXIMUM CHANGE MODEL-(CELLID) OR
 OUTER ITERATION STEP       ITERATION  ITERATION  MAXIMUM CHANGE SUCCESS             MODEL-PACKAGE-(NUMBER)
 ----------------------------------------------------------------------------------------------------------
 Model                              1          1 -6.68724410E-05       *                     1_GWF-(1,2,88)
 ----------------------------------------------------------------------------------------------------------


 1 CALLS TO NUMERICAL SOLUTION IN TIME STEP 236 STRESS PERIOD 2
 1 TOTAL ITERATIONS

 SLN_2 OUTER ITERATION SUMMARY
 ----------------------------------------------------------------------------------------------------------
                                OUTER      INNER                    STEP   MAXIMUM CHANGE MODEL-(CELLID) OR
 OUTER ITERATION STEP       ITERATION  ITERATION  MAXIMUM CHANGE SUCCESS             MODEL-PACKAGE-(NUMBER)
 ----------------------------------------------------------------------------------------------------------
 Model                              1          2       2.1374550                            2_GWT-(1,37,92)
 Model                              2          1 -1.58030247E-08       *                   2_GWT-(1,41,101)
 ----------------------------------------------------------------------------------------------------------


 2 CALLS TO NUMERICAL SOLUTION IN TIME STEP 236 STRESS PERIOD 2
 3 TOTAL ITERATIONS
 
    Solving:  Stress period:     2    Time step:   237
 

 SLN_1 OUTER ITERATION SUMMARY
 ----------------------------------------------------------------------------------------------------------
                                OUTER      INNER                    STEP   MAXIMUM CHANGE MODEL-(CELLID) OR
 OUTER ITERATION STEP       ITERATION  ITERATION  MAXIMUM CHANGE SUCCESS             MODEL-PACKAGE-(NUMBER)
 ----------------------------------------------------------------------------------------------------------
 Model                              1          1 -6.78241788E-05       *                     1_GWF-(1,2,85)
 ----------------------------------------------------------------------------------------------------------


 1 CALLS TO NUMERICAL SOLUTION IN TIME STEP 237 STRESS PERIOD 2
 1 TOTAL ITERATIONS

 SLN_2 OUTER ITERATION SUMMARY
 ----------------------------------------------------------------------------------------------------------
                                OUTER      INNER                    STEP   MAXIMUM CHANGE MODEL-(CELLID) OR
 OUTER ITERATION STEP       ITERATION  ITERATION  MAXIMUM CHANGE SUCCESS             MODEL-PACKAGE-(NUMBER)
 ----------------------------------------------------------------------------------------------------------
 Model                              1          2       2.1282802                            2_GWT-(1,37,92)
 Model                              2          1 -1.33327092E-08       *                   2_GWT-(1,41,101)
 ----------------------------------------------------------------------------------------------------------


 2 CALLS TO NUMERICAL SOLUTION IN TIME STEP 237 STRESS PERIOD 2
 3 TOTAL ITERATIONS
 
    Solving:  Stress period:     2    Time step:   238
 

 SLN_1 OUTER ITERATION SUMMARY
 ----------------------------------------------------------------------------------------------------------
                                OUTER      INNER                    STEP   MAXIMUM CHANGE MODEL-(CELLID) OR
 OUTER ITERATION STEP       ITERATION  ITERATION  MAXIMUM CHANGE SUCCESS             MODEL-PACKAGE-(NUMBER)
 ----------------------------------------------------------------------------------------------------------
 Model                              1          1 -6.64023538E-05       *                     1_GWF-(1,2,88)
 ----------------------------------------------------------------------------------------------------------


 1 CALLS TO NUMERICAL SOLUTION IN TIME STEP 238 STRESS PERIOD 2
 1 TOTAL ITERATIONS

 SLN_2 OUTER ITERATION SUMMARY
 ----------------------------------------------------------------------------------------------------------
                                OUTER      INNER                    STEP   MAXIMUM CHANGE MODEL-(CELLID) OR
 OUTER ITERATION STEP       ITERATION  ITERATION  MAXIMUM CHANGE SUCCESS             MODEL-PACKAGE-(NUMBER)
 ----------------------------------------------------------------------------------------------------------
 Model                              1          2       2.1190190                            2_GWT-(1,37,93)
 Model                              2          1 -1.15555849E-08       *                   2_GWT-(1,41,101)
 ----------------------------------------------------------------------------------------------------------


 2 CALLS TO NUMERICAL SOLUTION IN TIME STEP 238 STRESS PERIOD 2
 3 TOTAL ITERATIONS
 
    Solving:  Stress period:     2    Time step:   239
 

 SLN_1 OUTER ITERATION SUMMARY
 ----------------------------------------------------------------------------------------------------------
                                OUTER      INNER                    STEP   MAXIMUM CHANGE MODEL-(CELLID) OR
 OUTER ITERATION STEP       ITERATION  ITERATION  MAXIMUM CHANGE SUCCESS             MODEL-PACKAGE-(NUMBER)
 ----------------------------------------------------------------------------------------------------------
 Model                              1          1 -6.73591839E-05       *                     1_GWF-(1,2,85)
 ----------------------------------------------------------------------------------------------------------


 1 CALLS TO NUMERICAL SOLUTION IN TIME STEP 239 STRESS PERIOD 2
 1 TOTAL ITERATIONS

 SLN_2 OUTER ITERATION SUMMARY
 ----------------------------------------------------------------------------------------------------------
                                OUTER      INNER                    STEP   MAXIMUM CHANGE MODEL-(CELLID) OR
 OUTER ITERATION STEP       ITERATION  ITERATION  MAXIMUM CHANGE SUCCESS             MODEL-PACKAGE-(NUMBER)
 ----------------------------------------------------------------------------------------------------------
 Model                              1          2       2.1110756                            2_GWT-(1,37,93)
 Model                              2          1 -1.01800026E-08       *                   2_GWT-(1,41,101)
 ----------------------------------------------------------------------------------------------------------


 2 CALLS TO NUMERICAL SOLUTION IN TIME STEP 239 STRESS PERIOD 2
 3 TOTAL ITERATIONS
 
    Solving:  Stress period:     2    Time step:   240
 

 SLN_1 OUTER ITERATION SUMMARY
 ----------------------------------------------------------------------------------------------------------
                                OUTER      INNER                    STEP   MAXIMUM CHANGE MODEL-(CELLID) OR
 OUTER ITERATION STEP       ITERATION  ITERATION  MAXIMUM CHANGE SUCCESS             MODEL-PACKAGE-(NUMBER)
 ----------------------------------------------------------------------------------------------------------
 Model                              1          1 -6.59364661E-05       *                     1_GWF-(1,2,88)
 ----------------------------------------------------------------------------------------------------------


 1 CALLS TO NUMERICAL SOLUTION IN TIME STEP 240 STRESS PERIOD 2
 1 TOTAL ITERATIONS

 SLN_2 OUTER ITERATION SUMMARY
 ----------------------------------------------------------------------------------------------------------
                                OUTER      INNER                    STEP   MAXIMUM CHANGE MODEL-(CELLID) OR
 OUTER ITERATION STEP       ITERATION  ITERATION  MAXIMUM CHANGE SUCCESS             MODEL-PACKAGE-(NUMBER)
 ----------------------------------------------------------------------------------------------------------
 Model                              1          2       2.1024458                            2_GWT-(1,37,93)
 Model                              2          1 -9.06639741E-09       *                   2_GWT-(1,41,101)
 ----------------------------------------------------------------------------------------------------------


 2 CALLS TO NUMERICAL SOLUTION IN TIME STEP 240 STRESS PERIOD 2
 3 TOTAL ITERATIONS
 
    Solving:  Stress period:     2    Time step:   241
 

 SLN_1 OUTER ITERATION SUMMARY
 ----------------------------------------------------------------------------------------------------------
                                OUTER      INNER                    STEP   MAXIMUM CHANGE MODEL-(CELLID) OR
 OUTER ITERATION STEP       ITERATION  ITERATION  MAXIMUM CHANGE SUCCESS             MODEL-PACKAGE-(NUMBER)
 ----------------------------------------------------------------------------------------------------------
 Model                              1          1 -6.68981645E-05       *                     1_GWF-(1,2,85)
 ----------------------------------------------------------------------------------------------------------


 1 CALLS TO NUMERICAL SOLUTION IN TIME STEP 241 STRESS PERIOD 2
 1 TOTAL ITERATIONS

 SLN_2 OUTER ITERATION SUMMARY
 ----------------------------------------------------------------------------------------------------------
                                OUTER      INNER                    STEP   MAXIMUM CHANGE MODEL-(CELLID) OR
 OUTER ITERATION STEP       ITERATION  ITERATION  MAXIMUM CHANGE SUCCESS             MODEL-PACKAGE-(NUMBER)
 ----------------------------------------------------------------------------------------------------------
 Model                              1          2       2.0931090                            2_GWT-(1,37,93)
 Model                              2          1 -8.12447354E-09       *                   2_GWT-(1,41,101)
 ----------------------------------------------------------------------------------------------------------


 2 CALLS TO NUMERICAL SOLUTION IN TIME STEP 241 STRESS PERIOD 2
 3 TOTAL ITERATIONS
 
    Solving:  Stress period:     2    Time step:   242
 

 SLN_1 OUTER ITERATION SUMMARY
 ----------------------------------------------------------------------------------------------------------
                                OUTER      INNER                    STEP   MAXIMUM CHANGE MODEL-(CELLID) OR
 OUTER ITERATION STEP       ITERATION  ITERATION  MAXIMUM CHANGE SUCCESS             MODEL-PACKAGE-(NUMBER)
 ----------------------------------------------------------------------------------------------------------
 Model                              1          1 -6.54747215E-05       *                     1_GWF-(1,2,88)
 ----------------------------------------------------------------------------------------------------------


 1 CALLS TO NUMERICAL SOLUTION IN TIME STEP 242 STRESS PERIOD 2
 1 TOTAL ITERATIONS

 SLN_2 OUTER ITERATION SUMMARY
 ----------------------------------------------------------------------------------------------------------
                                OUTER      INNER                    STEP   MAXIMUM CHANGE MODEL-(CELLID) OR
 OUTER ITERATION STEP       ITERATION  ITERATION  MAXIMUM CHANGE SUCCESS             MODEL-PACKAGE-(NUMBER)
 ----------------------------------------------------------------------------------------------------------
 Model                              1          2       2.0854099                            2_GWT-(1,37,94)
 Model                              2          1 -7.31131422E-09       *                   2_GWT-(1,41,101)
 ----------------------------------------------------------------------------------------------------------


 2 CALLS TO NUMERICAL SOLUTION IN TIME STEP 242 STRESS PERIOD 2
 3 TOTAL ITERATIONS
 
    Solving:  Stress period:     2    Time step:   243
 

 SLN_1 OUTER ITERATION SUMMARY
 ----------------------------------------------------------------------------------------------------------
                                OUTER      INNER                    STEP   MAXIMUM CHANGE MODEL-(CELLID) OR
 OUTER ITERATION STEP       ITERATION  ITERATION  MAXIMUM CHANGE SUCCESS             MODEL-PACKAGE-(NUMBER)
 ----------------------------------------------------------------------------------------------------------
 Model                              1          1 -6.64410693E-05       *                     1_GWF-(1,2,85)
 ----------------------------------------------------------------------------------------------------------


 1 CALLS TO NUMERICAL SOLUTION IN TIME STEP 243 STRESS PERIOD 2
 1 TOTAL ITERATIONS

 SLN_2 OUTER ITERATION SUMMARY
 ----------------------------------------------------------------------------------------------------------
                                OUTER      INNER                    STEP   MAXIMUM CHANGE MODEL-(CELLID) OR
 OUTER ITERATION STEP       ITERATION  ITERATION  MAXIMUM CHANGE SUCCESS             MODEL-PACKAGE-(NUMBER)
 ----------------------------------------------------------------------------------------------------------
 Model                              1          2       2.0772810                            2_GWT-(1,37,94)
 Model                              2          1 -6.58863542E-09       *                   2_GWT-(1,41,101)
 ----------------------------------------------------------------------------------------------------------


 2 CALLS TO NUMERICAL SOLUTION IN TIME STEP 243 STRESS PERIOD 2
 3 TOTAL ITERATIONS
 
    Solving:  Stress period:     2    Time step:   244
 

 SLN_1 OUTER ITERATION SUMMARY
 ----------------------------------------------------------------------------------------------------------
                                OUTER      INNER                    STEP   MAXIMUM CHANGE MODEL-(CELLID) OR
 OUTER ITERATION STEP       ITERATION  ITERATION  MAXIMUM CHANGE SUCCESS             MODEL-PACKAGE-(NUMBER)
 ----------------------------------------------------------------------------------------------------------
 Model                              1          1 -6.50170645E-05       *                     1_GWF-(1,2,88)
 ----------------------------------------------------------------------------------------------------------


 1 CALLS TO NUMERICAL SOLUTION IN TIME STEP 244 STRESS PERIOD 2
 1 TOTAL ITERATIONS

 SLN_2 OUTER ITERATION SUMMARY
 ----------------------------------------------------------------------------------------------------------
                                OUTER      INNER                    STEP   MAXIMUM CHANGE MODEL-(CELLID) OR
 OUTER ITERATION STEP       ITERATION  ITERATION  MAXIMUM CHANGE SUCCESS             MODEL-PACKAGE-(NUMBER)
 ----------------------------------------------------------------------------------------------------------
 Model                              1          2       2.0684837                            2_GWT-(1,37,94)
 Model                              2          1 -5.94275207E-09       *                   2_GWT-(1,41,101)
 ----------------------------------------------------------------------------------------------------------


 2 CALLS TO NUMERICAL SOLUTION IN TIME STEP 244 STRESS PERIOD 2
 3 TOTAL ITERATIONS
 
    Solving:  Stress period:     2    Time step:   245
 

 SLN_1 OUTER ITERATION SUMMARY
 ----------------------------------------------------------------------------------------------------------
                                OUTER      INNER                    STEP   MAXIMUM CHANGE MODEL-(CELLID) OR
 OUTER ITERATION STEP       ITERATION  ITERATION  MAXIMUM CHANGE SUCCESS             MODEL-PACKAGE-(NUMBER)
 ----------------------------------------------------------------------------------------------------------
 Model                              1          1 -6.59878480E-05       *                     1_GWF-(1,2,85)
 ----------------------------------------------------------------------------------------------------------


 1 CALLS TO NUMERICAL SOLUTION IN TIME STEP 245 STRESS PERIOD 2
 1 TOTAL ITERATIONS

 SLN_2 OUTER ITERATION SUMMARY
 ----------------------------------------------------------------------------------------------------------
                                OUTER      INNER                    STEP   MAXIMUM CHANGE MODEL-(CELLID) OR
 OUTER ITERATION STEP       ITERATION  ITERATION  MAXIMUM CHANGE SUCCESS             MODEL-PACKAGE-(NUMBER)
 ----------------------------------------------------------------------------------------------------------
 Model                              1          2       2.0605575                            2_GWT-(1,37,95)
 Model                              2          1 -5.35364109E-09       *                   2_GWT-(1,41,101)
 ----------------------------------------------------------------------------------------------------------


 2 CALLS TO NUMERICAL SOLUTION IN TIME STEP 245 STRESS PERIOD 2
 3 TOTAL ITERATIONS
 
    Solving:  Stress period:     2    Time step:   246
 

 SLN_1 OUTER ITERATION SUMMARY
 ----------------------------------------------------------------------------------------------------------
                                OUTER      INNER                    STEP   MAXIMUM CHANGE MODEL-(CELLID) OR
 OUTER ITERATION STEP       ITERATION  ITERATION  MAXIMUM CHANGE SUCCESS             MODEL-PACKAGE-(NUMBER)
 ----------------------------------------------------------------------------------------------------------
 Model                              1          1 -6.45634408E-05       *                     1_GWF-(1,2,88)
 ----------------------------------------------------------------------------------------------------------


 1 CALLS TO NUMERICAL SOLUTION IN TIME STEP 246 STRESS PERIOD 2
 1 TOTAL ITERATIONS

 SLN_2 OUTER ITERATION SUMMARY
 ----------------------------------------------------------------------------------------------------------
                                OUTER      INNER                    STEP   MAXIMUM CHANGE MODEL-(CELLID) OR
 OUTER ITERATION STEP       ITERATION  ITERATION  MAXIMUM CHANGE SUCCESS             MODEL-PACKAGE-(NUMBER)
 ----------------------------------------------------------------------------------------------------------
 Model                              1          2       2.0529176                            2_GWT-(1,37,95)
 Model                              2          1 -4.82360463E-09       *                   2_GWT-(1,40,101)
 ----------------------------------------------------------------------------------------------------------


 2 CALLS TO NUMERICAL SOLUTION IN TIME STEP 246 STRESS PERIOD 2
 3 TOTAL ITERATIONS
 
    Solving:  Stress period:     2    Time step:   247
 

 SLN_1 OUTER ITERATION SUMMARY
 ----------------------------------------------------------------------------------------------------------
                                OUTER      INNER                    STEP   MAXIMUM CHANGE MODEL-(CELLID) OR
 OUTER ITERATION STEP       ITERATION  ITERATION  MAXIMUM CHANGE SUCCESS             MODEL-PACKAGE-(NUMBER)
 ----------------------------------------------------------------------------------------------------------
 Model                              1          1 -6.55384515E-05       *                     1_GWF-(1,2,85)
 ----------------------------------------------------------------------------------------------------------


 1 CALLS TO NUMERICAL SOLUTION IN TIME STEP 247 STRESS PERIOD 2
 1 TOTAL ITERATIONS

 SLN_2 OUTER ITERATION SUMMARY
 ----------------------------------------------------------------------------------------------------------
                                OUTER      INNER                    STEP   MAXIMUM CHANGE MODEL-(CELLID) OR
 OUTER ITERATION STEP       ITERATION  ITERATION  MAXIMUM CHANGE SUCCESS             MODEL-PACKAGE-(NUMBER)
 ----------------------------------------------------------------------------------------------------------
 Model                              1          2       2.0446167                            2_GWT-(1,37,95)
 Model                              2          1 -4.33595915E-09       *                   2_GWT-(1,40,101)
 ----------------------------------------------------------------------------------------------------------


 2 CALLS TO NUMERICAL SOLUTION IN TIME STEP 247 STRESS PERIOD 2
 3 TOTAL ITERATIONS
 
    Solving:  Stress period:     2    Time step:   248
 

 SLN_1 OUTER ITERATION SUMMARY
 ----------------------------------------------------------------------------------------------------------
                                OUTER      INNER                    STEP   MAXIMUM CHANGE MODEL-(CELLID) OR
 OUTER ITERATION STEP       ITERATION  ITERATION  MAXIMUM CHANGE SUCCESS             MODEL-PACKAGE-(NUMBER)
 ----------------------------------------------------------------------------------------------------------
 Model                              1          1 -6.41137973E-05       *                     1_GWF-(1,2,88)
 ----------------------------------------------------------------------------------------------------------


 1 CALLS TO NUMERICAL SOLUTION IN TIME STEP 248 STRESS PERIOD 2
 1 TOTAL ITERATIONS

 SLN_2 OUTER ITERATION SUMMARY
 ----------------------------------------------------------------------------------------------------------
                                OUTER      INNER                    STEP   MAXIMUM CHANGE MODEL-(CELLID) OR
 OUTER ITERATION STEP       ITERATION  ITERATION  MAXIMUM CHANGE SUCCESS             MODEL-PACKAGE-(NUMBER)
 ----------------------------------------------------------------------------------------------------------
 Model                              1          2       2.0367298                            2_GWT-(1,37,96)
 Model                              2          1 -3.88871513E-09       *                   2_GWT-(1,40,101)
 ----------------------------------------------------------------------------------------------------------


 2 CALLS TO NUMERICAL SOLUTION IN TIME STEP 248 STRESS PERIOD 2
 3 TOTAL ITERATIONS
 
    Solving:  Stress period:     2    Time step:   249
 

 SLN_1 OUTER ITERATION SUMMARY
 ----------------------------------------------------------------------------------------------------------
                                OUTER      INNER                    STEP   MAXIMUM CHANGE MODEL-(CELLID) OR
 OUTER ITERATION STEP       ITERATION  ITERATION  MAXIMUM CHANGE SUCCESS             MODEL-PACKAGE-(NUMBER)
 ----------------------------------------------------------------------------------------------------------
 Model                              1          1 -6.50928317E-05       *                     1_GWF-(1,2,85)
 ----------------------------------------------------------------------------------------------------------


 1 CALLS TO NUMERICAL SOLUTION IN TIME STEP 249 STRESS PERIOD 2
 1 TOTAL ITERATIONS

 SLN_2 OUTER ITERATION SUMMARY
 ----------------------------------------------------------------------------------------------------------
                                OUTER      INNER                    STEP   MAXIMUM CHANGE MODEL-(CELLID) OR
 OUTER ITERATION STEP       ITERATION  ITERATION  MAXIMUM CHANGE SUCCESS             MODEL-PACKAGE-(NUMBER)
 ----------------------------------------------------------------------------------------------------------
 Model                              1          2       2.0295476                            2_GWT-(1,37,96)
 Model                              2          1 -3.47391449E-09       *                   2_GWT-(1,40,101)
 ----------------------------------------------------------------------------------------------------------


 2 CALLS TO NUMERICAL SOLUTION IN TIME STEP 249 STRESS PERIOD 2
 3 TOTAL ITERATIONS
 
    Solving:  Stress period:     2    Time step:   250
 

 SLN_1 OUTER ITERATION SUMMARY
 ----------------------------------------------------------------------------------------------------------
                                OUTER      INNER                    STEP   MAXIMUM CHANGE MODEL-(CELLID) OR
 OUTER ITERATION STEP       ITERATION  ITERATION  MAXIMUM CHANGE SUCCESS             MODEL-PACKAGE-(NUMBER)
 ----------------------------------------------------------------------------------------------------------
 Model                              1          1 -6.36680820E-05       *                     1_GWF-(1,2,88)
 ----------------------------------------------------------------------------------------------------------


 1 CALLS TO NUMERICAL SOLUTION IN TIME STEP 250 STRESS PERIOD 2
 1 TOTAL ITERATIONS

 SLN_2 OUTER ITERATION SUMMARY
 ----------------------------------------------------------------------------------------------------------
                                OUTER      INNER                    STEP   MAXIMUM CHANGE MODEL-(CELLID) OR
 OUTER ITERATION STEP       ITERATION  ITERATION  MAXIMUM CHANGE SUCCESS             MODEL-PACKAGE-(NUMBER)
 ----------------------------------------------------------------------------------------------------------
 Model                              1          2       2.0217048                            2_GWT-(1,37,96)
 Model                              2          1 -3.09351833E-09       *                   2_GWT-(1,40,101)
 ----------------------------------------------------------------------------------------------------------


 2 CALLS TO NUMERICAL SOLUTION IN TIME STEP 250 STRESS PERIOD 2
 3 TOTAL ITERATIONS

 MEMORY MANAGER TOTAL STORAGE BY DATA TYPE, IN MEGABYTES
 -------------------------------
                    ALLOCATED   
 DATA TYPE           MEMORY     
 -------------------------------
 Character        1.37620000E-02
 Logical          6.40000000E-05
 Integer          5.4216120     
 Real             12.678856     
 -------------------------------
 Total            18.114294     
 Virtual          0.0000000     
 -------------------------------


 
 Run end date and time (yyyy/mm/dd hh:mm:ss): 2025/10/01 17:43:40
 Elapsed run time: 34.766 Seconds
 Normal termination of simulation.
