                                   MODFLOW 6
                U.S. GEOLOGICAL SURVEY MODULAR HYDROLOGIC MODEL
                            VERSION 6.6.2 05/12/2025

   MODFLOW 6 compiled May 12 2025 12:42:18 with Intel(R) Fortran Intel(R) 64
   Compiler Classic for applications running on Intel(R) 64, Version 2021.7.0
                             Build 20220726_000000

This software has been approved for release by the U.S. Geological 
Survey (USGS). Although the software has been subjected to rigorous 
review, the USGS reserves the right to update the software as needed 
pursuant to further analysis and review. No warranty, expressed or 
implied, is made by the USGS or the U.S. Government as to the 
functionality of the software and related material nor shall the 
fact of release constitute any such warranty. Furthermore, the 
software is released on condition that neither the USGS nor the U.S. 
Government shall be held liable for any damages resulting from its 
authorized or unauthorized use. Also refer to the USGS Water 
Resources Software User Rights Notice for complete use, copyright, 
and distribution information.


As a work of the United States Government, this USGS product is 
in the public domain within the United States. You can copy, 
modify, distribute, and perform the work, even for commercial 
purposes, all without asking permission. Additionally, USGS 
waives copyright and related rights in the work worldwide 
through CC0 1.0 Universal Public Domain Dedication 
(https://creativecommons.org/publicdomain/zero/1.0/).

The following GNU Lesser General Public License (LGPL) libraries
are used in this USGS product:

    SPARSKIT version 2.0
      ilut, luson, and qsplit 
      (https://www-users.cse.umn.edu/~saad/software/SPARSKIT/)

    RCM - Reverse Cuthill McKee Ordering
      (https://people.math.sc.edu/Burkardt/f_src/rcm/rcm.html)

    BLAS - Basic Linear Algebra Subprograms Level 1
      (https://people.math.sc.edu/Burkardt/f_src/blas1_d/blas1_d.html)

    SPARSEKIT - Sparse Matrix Utility Package
      amux, dperm, dvperm, rperm, and cperm
      (https://people.sc.fsu.edu/~jburkardt/f77_src/sparsekit/sparsekit.html)

The following BSD-3 License libraries are used in this USGS product:

    Modern Fortran DAG Library
      Copyright (c) 2018, Jacob Williams
      All rights reserved.
      (https://github.com/jacobwilliams/daglib)

MODFLOW 6 compiler options: /Isrc\libmf6core.a.p /Isrc /I..\src
/Isrc\libmf6_external.a.p /MT /nologo /warn:general /warn:truncated_source
/stand:f18 /O2 /fpe:0 /heap-arrays:0 /traceback /fpp /Qdiag-disable:7416
/Qdiag-disable:7025 /Qdiag-disable:5268 /Qdiag-disable:10448
/Fdsrc\libmf6core.a.p\Utilities_compilerversion.F90.pdb
/module:src\libmf6core.a.p
/Fosrc/libmf6core.a.p/Utilities_compilerversion.F90.obj /c

System command used to initiate simulation:
C:\Users\lucialabarca\mf6.6.2_win64\bin\mf6.exe

MODFLOW was compiled using uniform precision.

Real Variables
  KIND: 8
  TINY (smallest non-zero value):    2.225074-308
  HUGE (largest value):    1.797693+308
  PRECISION: 15
  SIZE IN BITS: 64

Integer Variables
  KIND: 4
  HUGE (largest value): 2147483647
  SIZE IN BITS: 32

Long Integer Variables
  KIND: 8
  HUGE (largest value): 9223372036854775807
  SIZE IN BITS: 64

Logical Variables
  KIND: 4
  SIZE IN BITS: 32
 

 OPENED mfsim.nam
 FILE TYPE:NAM6               UNIT 1001   STATUS:OLD                 
 FORMAT:FORMATTED              ACCESS:SEQUENTIAL          
 ACTION:READ                

 # File generated by Flopy version 3.9.3 on 10/01/2025 at 17:56:05.

 OPENED gwf_pumptreat.tdis
 FILE TYPE:TDIS6              UNIT 1002   STATUS:OLD                 
 FORMAT:FORMATTED              ACCESS:SEQUENTIAL          
 ACTION:READ                

 # File generated by Flopy version 3.9.3 on 10/01/2025 at 17:56:05.

 OPENED gwf_pumptreat.nam
 FILE TYPE:GWF6               UNIT 1003   STATUS:OLD                 
 FORMAT:FORMATTED              ACCESS:SEQUENTIAL          
 ACTION:READ                

 # File generated by Flopy version 3.9.3 on 10/01/2025 at 17:56:05.

 OPENED gwf_pumptreat.dis
 FILE TYPE:DIS6               UNIT 1004   STATUS:OLD                 
 FORMAT:FORMATTED              ACCESS:SEQUENTIAL          
 ACTION:READ                

 # File generated by Flopy version 3.9.3 on 10/01/2025 at 17:56:05.

 OPENED gwf_pumptreat.npf
 FILE TYPE:NPF6               UNIT 1005   STATUS:OLD                 
 FORMAT:FORMATTED              ACCESS:SEQUENTIAL          
 ACTION:READ                

 # File generated by Flopy version 3.9.3 on 10/01/2025 at 17:56:05.

 OPENED gwf_pumptreat.sto
 FILE TYPE:STO6               UNIT 1006   STATUS:OLD                 
 FORMAT:FORMATTED              ACCESS:SEQUENTIAL          
 ACTION:READ                

 # File generated by Flopy version 3.9.3 on 10/01/2025 at 17:56:05.

 OPENED gwf_pumptreat.ic
 FILE TYPE:IC6                UNIT 1007   STATUS:OLD                 
 FORMAT:FORMATTED              ACCESS:SEQUENTIAL          
 ACTION:READ                

 # File generated by Flopy version 3.9.3 on 10/01/2025 at 17:56:05.

 OPENED gwf_pumptreat.oc
 FILE TYPE:OC6       UNIT 1008   STATUS:OLD                 
 FORMAT:FORMATTED              ACCESS:SEQUENTIAL          
 ACTION:READ                


 OPENED gwf_pumptreat.wel
 FILE TYPE:WEL6               UNIT 1009   STATUS:OLD                 
 FORMAT:FORMATTED              ACCESS:SEQUENTIAL          
 ACTION:READ                

 # File generated by Flopy version 3.9.3 on 10/01/2025 at 17:56:05.
    AUXILIARY  VARIABLE: CONCENTRATION   

 OPENED gwf_pumptreat.chd
 FILE TYPE:CHD6               UNIT 1010   STATUS:OLD                 
 FORMAT:FORMATTED              ACCESS:SEQUENTIAL          
 ACTION:READ                

 # File generated by Flopy version 3.9.3 on 10/01/2025 at 17:56:05.
    AUXILIARY  VARIABLE: CONCENTRATION   

 OPENED gwt_pumptreat.nam
 FILE TYPE:GWT6               UNIT 1011   STATUS:OLD                 
 FORMAT:FORMATTED              ACCESS:SEQUENTIAL          
 ACTION:READ                

 # File generated by Flopy version 3.9.3 on 10/01/2025 at 17:56:05.

 OPENED gwt_pumptreat.dis
 FILE TYPE:DIS6               UNIT 1012   STATUS:OLD                 
 FORMAT:FORMATTED              ACCESS:SEQUENTIAL          
 ACTION:READ                

 # File generated by Flopy version 3.9.3 on 10/01/2025 at 17:56:05.

 OPENED gwt_pumptreat.ic
 FILE TYPE:IC6                UNIT 1013   STATUS:OLD                 
 FORMAT:FORMATTED              ACCESS:SEQUENTIAL          
 ACTION:READ                

 # File generated by Flopy version 3.9.3 on 10/01/2025 at 17:56:05.

 OPENED gwt_pumptreat.mst
 FILE TYPE:MST6      UNIT 1014   STATUS:OLD                 
 FORMAT:FORMATTED              ACCESS:SEQUENTIAL          
 ACTION:READ                


 OPENED gwt_pumptreat.adv
 FILE TYPE:ADV6      UNIT 1015   STATUS:OLD                 
 FORMAT:FORMATTED              ACCESS:SEQUENTIAL          
 ACTION:READ                


 OPENED gwt_pumptreat.dsp
 FILE TYPE:DSP6               UNIT 1016   STATUS:OLD                 
 FORMAT:FORMATTED              ACCESS:SEQUENTIAL          
 ACTION:READ                

 # File generated by Flopy version 3.9.3 on 10/01/2025 at 17:56:05.

 OPENED gwt_pumptreat.ssm
 FILE TYPE:SSM6      UNIT 1017   STATUS:OLD                 
 FORMAT:FORMATTED              ACCESS:SEQUENTIAL          
 ACTION:READ                


 OPENED gwt_pumptreat.oc
 FILE TYPE:OC6       UNIT 1018   STATUS:OLD                 
 FORMAT:FORMATTED              ACCESS:SEQUENTIAL          
 ACTION:READ                


 OPENED gwt_pumptreat.cnc
 FILE TYPE:CNC6               UNIT 1019   STATUS:OLD                 
 FORMAT:FORMATTED              ACCESS:SEQUENTIAL          
 ACTION:READ                

 # File generated by Flopy version 3.9.3 on 10/01/2025 at 17:56:05.

 OPENED pumptreat.gwfgwt
 FILE TYPE:GWF6-GWT6          UNIT 1020   STATUS:OLD                 
 FORMAT:FORMATTED              ACCESS:SEQUENTIAL          
 ACTION:READ                

 # File generated by Flopy version 3.9.3 on 10/01/2025 at 17:56:05.

 READING SIMULATION OPTIONS
    MAXIMUM NUMBER OF ERRORS THAT WILL BE STORED IS 1000
 END OF SIMULATION OPTIONS

 READING SIMULATION TIMING

 TDIS -- TEMPORAL DISCRETIZATION PACKAGE,
 VERSION 1 : 11/13/2014 - INPUT READ FROM MEMPATH: __INPUT__/SIM/TDIS                                
 PROCESSING TDIS OPTIONS
    SIMULATION TIME UNIT IS DAYS
 END OF TDIS OPTIONS
 PROCESSING TDIS DIMENSIONS
    2 STRESS PERIOD(S) IN SIMULATION
 END OF TDIS DIMENSIONS
 PROCESSING TDIS PERIODDATA


 STRESS PERIOD     LENGTH       TIME STEPS     MULTIPLIER FOR DELT
 ----------------------------------------------------------------------------
        1         1.000000          1                    1.000
        2         3000.000        250                    1.000
 END OF TDIS PERIODDATA
 END OF SIMULATION TIMING

 READING SIMULATION MODELS
    GWF6 model 1 will be created
    GWT6 model 2 will be created
 END OF SIMULATION MODELS

 READING SIMULATION EXCHANGES
    GWF6-GWT6 exchange 1 will be created to connect model 1 with model 2
 END OF SIMULATION EXCHANGES

 READING SOLUTIONGROUP

 Creating solution: SLN_1           

 OPENED gwf_pumptreat.ims
 FILE TYPE:IMS   UNIT 1023   STATUS:OLD                 
 FORMAT:FORMATTED              ACCESS:SEQUENTIAL          
 ACTION:READ                


 Creating solution: SLN_2           

 OPENED gwt_pumptreat.ims
 FILE TYPE:IMS   UNIT 1024   STATUS:OLD                 
 FORMAT:FORMATTED              ACCESS:SEQUENTIAL          
 ACTION:READ                

 END OF SOLUTIONGROUP

PROCESSING MODEL CONNECTIONS
END OF MODEL CONNECTIONS

 IMS -- ITERATIVE MODEL SOLUTION PACKAGE, VERSION 6, 4/28/2017
         INPUT READ FROM UNIT 1023
 # File generated by Flopy version 3.9.3 on 10/01/2025 at 17:56:05.

 PROCESSING IMS OPTIONS
 SIMPLE OPTION:
 DEFAULT SOLVER INPUT VALUES FOR FAST SOLUTIONS
 END OF IMS OPTIONS
 ***UNDER-RELAXATION WILL NOT BE USED***
 
 ***IMS LINEAR SOLVER WILL BE USED***

 IMSLINEAR -- UNSTRUCTURED LINEAR SOLUTION PACKAGE, VERSION 8, 04/28/2017
 A symmetric matrix will be solved

 OUTER ITERATION CONVERGENCE CRITERION    (DVCLOSE) =    0.100000E-02
 MAXIMUM NUMBER OF OUTER ITERATIONS        (MXITER) = 25
 SOLVER PRINTOUT INDEX                     (IPRIMS) = 1
 NONLINEAR ITERATION METHOD            (NONLINMETH) = 0
 LINEAR SOLUTION METHOD                   (LINMETH) = 1

       SOLUTION BY THE        CONJUGATE-GRADIENT       METHOD
 ------------------------------------------------------------------
 MAXIMUM OF 25 CALLS OF SOLUTION ROUTINE
 MAXIMUM OF 50 INTERNAL ITERATIONS PER CALL TO SOLUTION ROUTINE
 LINEAR ACCELERATION METHOD            = CG        
 MATRIX PRECONDITIONING TYPE           = INCOMPLETE LU       
 MATRIX SCALING APPROACH               = NO SCALING          
 MATRIX REORDERING APPROACH            = ORIGINAL ORDERING        
 NUMBER OF ORTHOGONALIZATIONS          = 0
 HEAD CHANGE CRITERION FOR CLOSURE     =    0.10000E-02
 RESIDUAL CHANGE CRITERION FOR CLOSURE =    0.10000E+00
 RESIDUAL CONVERGENCE OPTION           = 0
 RESIDUAL CONVERGENCE NORM             = INFINITY NORM   
 RELAXATION FACTOR                     =    0.00000E+00




 IMS -- ITERATIVE MODEL SOLUTION PACKAGE, VERSION 6, 4/28/2017
         INPUT READ FROM UNIT 1024
 # File generated by Flopy version 3.9.3 on 10/01/2025 at 17:56:05.

 PROCESSING IMS OPTIONS
 END OF IMS OPTIONS

 PROCESSING IMS NONLINEAR
 END OF IMS NONLINEAR DATA
 ***UNDER-RELAXATION WILL NOT BE USED***
 

 PROCESSING LINEAR DATA
 END OF LINEAR DATA
 ***IMS LINEAR SOLVER WILL BE USED***

 IMSLINEAR -- UNSTRUCTURED LINEAR SOLUTION PACKAGE, VERSION 8, 04/28/2017
 An asymmetric matrix will be solved

 OUTER ITERATION CONVERGENCE CRITERION    (DVCLOSE) =    0.100000E-02
 MAXIMUM NUMBER OF OUTER ITERATIONS        (MXITER) = 25
 SOLVER PRINTOUT INDEX                     (IPRIMS) = 1
 NONLINEAR ITERATION METHOD            (NONLINMETH) = 0
 LINEAR SOLUTION METHOD                   (LINMETH) = 1

       SOLUTION BY THE BICONJUGATE-GRADIENT STABILIZED METHOD
 ------------------------------------------------------------------
 MAXIMUM OF 25 CALLS OF SOLUTION ROUTINE
 MAXIMUM OF 50 INTERNAL ITERATIONS PER CALL TO SOLUTION ROUTINE
 LINEAR ACCELERATION METHOD            = BCGS      
 MATRIX PRECONDITIONING TYPE           = INCOMPLETE LU       
 MATRIX SCALING APPROACH               = NO SCALING          
 MATRIX REORDERING APPROACH            = ORIGINAL ORDERING        
 NUMBER OF ORTHOGONALIZATIONS          = 0
 HEAD CHANGE CRITERION FOR CLOSURE     =    0.10000E-02
 RESIDUAL CHANGE CRITERION FOR CLOSURE =    0.10000E+00
 RESIDUAL CONVERGENCE OPTION           = 0
 RESIDUAL CONVERGENCE NORM             = INFINITY NORM   
 RELAXATION FACTOR                     =    0.00000E+00



 
    Solving:  Stress period:     1    Time step:     1
 
1
 STRESS PERIOD NO. 1, LENGTH =   1.000000    
 ------------------------------------------
 NUMBER OF TIME STEPS = 1
 MULTIPLIER FOR DELT =     1.000
 INITIAL TIME STEP SIZE =   1.000000    

 SLN_1 OUTER ITERATION SUMMARY
 ----------------------------------------------------------------------------------------------------------
                                OUTER      INNER                    STEP   MAXIMUM CHANGE MODEL-(CELLID) OR
 OUTER ITERATION STEP       ITERATION  ITERATION  MAXIMUM CHANGE SUCCESS             MODEL-PACKAGE-(NUMBER)
 ----------------------------------------------------------------------------------------------------------
 Model                              1         45     -0.49507281                          1_GWF-(1,101,100)
 Model                              2          1  2.98305048E-04       *                     1_GWF-(1,2,88)
 ----------------------------------------------------------------------------------------------------------


 2 CALLS TO NUMERICAL SOLUTION IN TIME STEP 1 STRESS PERIOD 1
 46 TOTAL ITERATIONS

 SLN_2 OUTER ITERATION SUMMARY
 ----------------------------------------------------------------------------------------------------------
                                OUTER      INNER                    STEP   MAXIMUM CHANGE MODEL-(CELLID) OR
 OUTER ITERATION STEP       ITERATION  ITERATION  MAXIMUM CHANGE SUCCESS             MODEL-PACKAGE-(NUMBER)
 ----------------------------------------------------------------------------------------------------------
 Model                              1          2       68.659043                            2_GWT-(1,43,25)
 Model                              2          1  2.83247818E-18       *                    2_GWT-(1,40,31)
 ----------------------------------------------------------------------------------------------------------


 2 CALLS TO NUMERICAL SOLUTION IN TIME STEP 1 STRESS PERIOD 1
 3 TOTAL ITERATIONS
 
    Solving:  Stress period:     2    Time step:     1
 
1
 STRESS PERIOD NO. 2, LENGTH =   3000.000    
 ------------------------------------------
 NUMBER OF TIME STEPS = 250
 MULTIPLIER FOR DELT =     1.000
 INITIAL TIME STEP SIZE =   12.00000    

 SLN_1 OUTER ITERATION SUMMARY
 ----------------------------------------------------------------------------------------------------------
                                OUTER      INNER                    STEP   MAXIMUM CHANGE MODEL-(CELLID) OR
 OUTER ITERATION STEP       ITERATION  ITERATION  MAXIMUM CHANGE SUCCESS             MODEL-PACKAGE-(NUMBER)
 ----------------------------------------------------------------------------------------------------------
 Model                              1         12 -2.37604770E-02                            1_GWF-(1,34,26)
 Model                              2          1  2.97121130E-04       *                    1_GWF-(1,45,22)
 ----------------------------------------------------------------------------------------------------------


 2 CALLS TO NUMERICAL SOLUTION IN TIME STEP 1 STRESS PERIOD 2
 13 TOTAL ITERATIONS

 SLN_2 OUTER ITERATION SUMMARY
 ----------------------------------------------------------------------------------------------------------
                                OUTER      INNER                    STEP   MAXIMUM CHANGE MODEL-(CELLID) OR
 OUTER ITERATION STEP       ITERATION  ITERATION  MAXIMUM CHANGE SUCCESS             MODEL-PACKAGE-(NUMBER)
 ----------------------------------------------------------------------------------------------------------
 Model                              1          3       385.28951                            2_GWT-(1,43,25)
 Model                              2          1  1.98228933E-10       *                    2_GWT-(1,31,30)
 ----------------------------------------------------------------------------------------------------------


 2 CALLS TO NUMERICAL SOLUTION IN TIME STEP 1 STRESS PERIOD 2
 4 TOTAL ITERATIONS
 
    Solving:  Stress period:     2    Time step:     2
 

 SLN_1 OUTER ITERATION SUMMARY
 ----------------------------------------------------------------------------------------------------------
                                OUTER      INNER                    STEP   MAXIMUM CHANGE MODEL-(CELLID) OR
 OUTER ITERATION STEP       ITERATION  ITERATION  MAXIMUM CHANGE SUCCESS             MODEL-PACKAGE-(NUMBER)
 ----------------------------------------------------------------------------------------------------------
 Model                              1          1 -1.95965976E-04       *                    1_GWF-(1,37,30)
 ----------------------------------------------------------------------------------------------------------


 1 CALLS TO NUMERICAL SOLUTION IN TIME STEP 2 STRESS PERIOD 2
 1 TOTAL ITERATIONS

 SLN_2 OUTER ITERATION SUMMARY
 ----------------------------------------------------------------------------------------------------------
                                OUTER      INNER                    STEP   MAXIMUM CHANGE MODEL-(CELLID) OR
 OUTER ITERATION STEP       ITERATION  ITERATION  MAXIMUM CHANGE SUCCESS             MODEL-PACKAGE-(NUMBER)
 ----------------------------------------------------------------------------------------------------------
 Model                              1          3       178.15914                            2_GWT-(1,43,25)
 Model                              2          1 -5.03863617E-10       *                    2_GWT-(1,32,28)
 ----------------------------------------------------------------------------------------------------------


 2 CALLS TO NUMERICAL SOLUTION IN TIME STEP 2 STRESS PERIOD 2
 4 TOTAL ITERATIONS
 
    Solving:  Stress period:     2    Time step:     3
 

 SLN_1 OUTER ITERATION SUMMARY
 ----------------------------------------------------------------------------------------------------------
                                OUTER      INNER                    STEP   MAXIMUM CHANGE MODEL-(CELLID) OR
 OUTER ITERATION STEP       ITERATION  ITERATION  MAXIMUM CHANGE SUCCESS             MODEL-PACKAGE-(NUMBER)
 ----------------------------------------------------------------------------------------------------------
 Model                              1          1  1.61704199E-04       *                    1_GWF-(1,45,22)
 ----------------------------------------------------------------------------------------------------------


 1 CALLS TO NUMERICAL SOLUTION IN TIME STEP 3 STRESS PERIOD 2
 1 TOTAL ITERATIONS

 SLN_2 OUTER ITERATION SUMMARY
 ----------------------------------------------------------------------------------------------------------
                                OUTER      INNER                    STEP   MAXIMUM CHANGE MODEL-(CELLID) OR
 OUTER ITERATION STEP       ITERATION  ITERATION  MAXIMUM CHANGE SUCCESS             MODEL-PACKAGE-(NUMBER)
 ----------------------------------------------------------------------------------------------------------
 Model                              1          3       102.75504                            2_GWT-(1,42,27)
 Model                              2          1 -6.48193145E-10       *                    2_GWT-(1,39,36)
 ----------------------------------------------------------------------------------------------------------


 2 CALLS TO NUMERICAL SOLUTION IN TIME STEP 3 STRESS PERIOD 2
 4 TOTAL ITERATIONS
 
    Solving:  Stress period:     2    Time step:     4
 

 SLN_1 OUTER ITERATION SUMMARY
 ----------------------------------------------------------------------------------------------------------
                                OUTER      INNER                    STEP   MAXIMUM CHANGE MODEL-(CELLID) OR
 OUTER ITERATION STEP       ITERATION  ITERATION  MAXIMUM CHANGE SUCCESS             MODEL-PACKAGE-(NUMBER)
 ----------------------------------------------------------------------------------------------------------
 Model                              1          1  1.60866008E-04       *                     1_GWF-(1,2,88)
 ----------------------------------------------------------------------------------------------------------


 1 CALLS TO NUMERICAL SOLUTION IN TIME STEP 4 STRESS PERIOD 2
 1 TOTAL ITERATIONS

 SLN_2 OUTER ITERATION SUMMARY
 ----------------------------------------------------------------------------------------------------------
                                OUTER      INNER                    STEP   MAXIMUM CHANGE MODEL-(CELLID) OR
 OUTER ITERATION STEP       ITERATION  ITERATION  MAXIMUM CHANGE SUCCESS             MODEL-PACKAGE-(NUMBER)
 ----------------------------------------------------------------------------------------------------------
 Model                              1          3       79.050293                            2_GWT-(1,42,27)
 Model                              2          1 -5.59601990E-10       *                    2_GWT-(1,39,36)
 ----------------------------------------------------------------------------------------------------------


 2 CALLS TO NUMERICAL SOLUTION IN TIME STEP 4 STRESS PERIOD 2
 4 TOTAL ITERATIONS
 
    Solving:  Stress period:     2    Time step:     5
 

 SLN_1 OUTER ITERATION SUMMARY
 ----------------------------------------------------------------------------------------------------------
                                OUTER      INNER                    STEP   MAXIMUM CHANGE MODEL-(CELLID) OR
 OUTER ITERATION STEP       ITERATION  ITERATION  MAXIMUM CHANGE SUCCESS             MODEL-PACKAGE-(NUMBER)
 ----------------------------------------------------------------------------------------------------------
 Model                              1          1 -1.62828703E-04       *                     1_GWF-(1,2,88)
 ----------------------------------------------------------------------------------------------------------


 1 CALLS TO NUMERICAL SOLUTION IN TIME STEP 5 STRESS PERIOD 2
 1 TOTAL ITERATIONS

 SLN_2 OUTER ITERATION SUMMARY
 ----------------------------------------------------------------------------------------------------------
                                OUTER      INNER                    STEP   MAXIMUM CHANGE MODEL-(CELLID) OR
 OUTER ITERATION STEP       ITERATION  ITERATION  MAXIMUM CHANGE SUCCESS             MODEL-PACKAGE-(NUMBER)
 ----------------------------------------------------------------------------------------------------------
 Model                              1          3       64.630219                            2_GWT-(1,42,27)
 Model                              2          1 -5.46070966E-10       *                    2_GWT-(1,38,36)
 ----------------------------------------------------------------------------------------------------------


 2 CALLS TO NUMERICAL SOLUTION IN TIME STEP 5 STRESS PERIOD 2
 4 TOTAL ITERATIONS
 
    Solving:  Stress period:     2    Time step:     6
 

 SLN_1 OUTER ITERATION SUMMARY
 ----------------------------------------------------------------------------------------------------------
                                OUTER      INNER                    STEP   MAXIMUM CHANGE MODEL-(CELLID) OR
 OUTER ITERATION STEP       ITERATION  ITERATION  MAXIMUM CHANGE SUCCESS             MODEL-PACKAGE-(NUMBER)
 ----------------------------------------------------------------------------------------------------------
 Model                              1          1  1.64251467E-04       *                     1_GWF-(1,2,88)
 ----------------------------------------------------------------------------------------------------------


 1 CALLS TO NUMERICAL SOLUTION IN TIME STEP 6 STRESS PERIOD 2
 1 TOTAL ITERATIONS

 SLN_2 OUTER ITERATION SUMMARY
 ----------------------------------------------------------------------------------------------------------
                                OUTER      INNER                    STEP   MAXIMUM CHANGE MODEL-(CELLID) OR
 OUTER ITERATION STEP       ITERATION  ITERATION  MAXIMUM CHANGE SUCCESS             MODEL-PACKAGE-(NUMBER)
 ----------------------------------------------------------------------------------------------------------
 Model                              1          3       50.782511                            2_GWT-(1,42,28)
 Model                              2          1 -4.26078062E-10       *                    2_GWT-(1,38,37)
 ----------------------------------------------------------------------------------------------------------


 2 CALLS TO NUMERICAL SOLUTION IN TIME STEP 6 STRESS PERIOD 2
 4 TOTAL ITERATIONS
 
    Solving:  Stress period:     2    Time step:     7
 

 SLN_1 OUTER ITERATION SUMMARY
 ----------------------------------------------------------------------------------------------------------
                                OUTER      INNER                    STEP   MAXIMUM CHANGE MODEL-(CELLID) OR
 OUTER ITERATION STEP       ITERATION  ITERATION  MAXIMUM CHANGE SUCCESS             MODEL-PACKAGE-(NUMBER)
 ----------------------------------------------------------------------------------------------------------
 Model                              1          1 -1.65298586E-04       *                     1_GWF-(1,2,88)
 ----------------------------------------------------------------------------------------------------------


 1 CALLS TO NUMERICAL SOLUTION IN TIME STEP 7 STRESS PERIOD 2
 1 TOTAL ITERATIONS

 SLN_2 OUTER ITERATION SUMMARY
 ----------------------------------------------------------------------------------------------------------
                                OUTER      INNER                    STEP   MAXIMUM CHANGE MODEL-(CELLID) OR
 OUTER ITERATION STEP       ITERATION  ITERATION  MAXIMUM CHANGE SUCCESS             MODEL-PACKAGE-(NUMBER)
 ----------------------------------------------------------------------------------------------------------
 Model                              1          3       45.129850                            2_GWT-(1,42,28)
 Model                              2          1 -3.48817752E-10       *                    2_GWT-(1,38,37)
 ----------------------------------------------------------------------------------------------------------


 2 CALLS TO NUMERICAL SOLUTION IN TIME STEP 7 STRESS PERIOD 2
 4 TOTAL ITERATIONS
 
    Solving:  Stress period:     2    Time step:     8
 

 SLN_1 OUTER ITERATION SUMMARY
 ----------------------------------------------------------------------------------------------------------
                                OUTER      INNER                    STEP   MAXIMUM CHANGE MODEL-(CELLID) OR
 OUTER ITERATION STEP       ITERATION  ITERATION  MAXIMUM CHANGE SUCCESS             MODEL-PACKAGE-(NUMBER)
 ----------------------------------------------------------------------------------------------------------
 Model                              1          1  1.66050356E-04       *                     1_GWF-(1,2,88)
 ----------------------------------------------------------------------------------------------------------


 1 CALLS TO NUMERICAL SOLUTION IN TIME STEP 8 STRESS PERIOD 2
 1 TOTAL ITERATIONS

 SLN_2 OUTER ITERATION SUMMARY
 ----------------------------------------------------------------------------------------------------------
                                OUTER      INNER                    STEP   MAXIMUM CHANGE MODEL-(CELLID) OR
 OUTER ITERATION STEP       ITERATION  ITERATION  MAXIMUM CHANGE SUCCESS             MODEL-PACKAGE-(NUMBER)
 ----------------------------------------------------------------------------------------------------------
 Model                              1          3       38.258807                            2_GWT-(1,41,28)
 Model                              2          1 -2.63676192E-10       *                    2_GWT-(1,38,37)
 ----------------------------------------------------------------------------------------------------------


 2 CALLS TO NUMERICAL SOLUTION IN TIME STEP 8 STRESS PERIOD 2
 4 TOTAL ITERATIONS
 
    Solving:  Stress period:     2    Time step:     9
 

 SLN_1 OUTER ITERATION SUMMARY
 ----------------------------------------------------------------------------------------------------------
                                OUTER      INNER                    STEP   MAXIMUM CHANGE MODEL-(CELLID) OR
 OUTER ITERATION STEP       ITERATION  ITERATION  MAXIMUM CHANGE SUCCESS             MODEL-PACKAGE-(NUMBER)
 ----------------------------------------------------------------------------------------------------------
 Model                              1          1 -1.66599239E-04       *                     1_GWF-(1,2,88)
 ----------------------------------------------------------------------------------------------------------


 1 CALLS TO NUMERICAL SOLUTION IN TIME STEP 9 STRESS PERIOD 2
 1 TOTAL ITERATIONS

 SLN_2 OUTER ITERATION SUMMARY
 ----------------------------------------------------------------------------------------------------------
                                OUTER      INNER                    STEP   MAXIMUM CHANGE MODEL-(CELLID) OR
 OUTER ITERATION STEP       ITERATION  ITERATION  MAXIMUM CHANGE SUCCESS             MODEL-PACKAGE-(NUMBER)
 ----------------------------------------------------------------------------------------------------------
 Model                              1          3       33.494156                            2_GWT-(1,42,28)
 Model                              2          1 -2.02226902E-10       *                    2_GWT-(1,38,37)
 ----------------------------------------------------------------------------------------------------------


 2 CALLS TO NUMERICAL SOLUTION IN TIME STEP 9 STRESS PERIOD 2
 4 TOTAL ITERATIONS
 
    Solving:  Stress period:     2    Time step:    10
 

 SLN_1 OUTER ITERATION SUMMARY
 ----------------------------------------------------------------------------------------------------------
                                OUTER      INNER                    STEP   MAXIMUM CHANGE MODEL-(CELLID) OR
 OUTER ITERATION STEP       ITERATION  ITERATION  MAXIMUM CHANGE SUCCESS             MODEL-PACKAGE-(NUMBER)
 ----------------------------------------------------------------------------------------------------------
 Model                              1          1  1.66949715E-04       *                     1_GWF-(1,2,88)
 ----------------------------------------------------------------------------------------------------------


 1 CALLS TO NUMERICAL SOLUTION IN TIME STEP 10 STRESS PERIOD 2
 1 TOTAL ITERATIONS

 SLN_2 OUTER ITERATION SUMMARY
 ----------------------------------------------------------------------------------------------------------
                                OUTER      INNER                    STEP   MAXIMUM CHANGE MODEL-(CELLID) OR
 OUTER ITERATION STEP       ITERATION  ITERATION  MAXIMUM CHANGE SUCCESS             MODEL-PACKAGE-(NUMBER)
 ----------------------------------------------------------------------------------------------------------
 Model                              1          3       31.894998                            2_GWT-(1,42,29)
 Model                              2          1 -1.41384460E-10       *                    2_GWT-(1,38,38)
 ----------------------------------------------------------------------------------------------------------


 2 CALLS TO NUMERICAL SOLUTION IN TIME STEP 10 STRESS PERIOD 2
 4 TOTAL ITERATIONS
 
    Solving:  Stress period:     2    Time step:    11
 

 SLN_1 OUTER ITERATION SUMMARY
 ----------------------------------------------------------------------------------------------------------
                                OUTER      INNER                    STEP   MAXIMUM CHANGE MODEL-(CELLID) OR
 OUTER ITERATION STEP       ITERATION  ITERATION  MAXIMUM CHANGE SUCCESS             MODEL-PACKAGE-(NUMBER)
 ----------------------------------------------------------------------------------------------------------
 Model                              1          1 -1.67188917E-04       *                     1_GWF-(1,2,88)
 ----------------------------------------------------------------------------------------------------------


 1 CALLS TO NUMERICAL SOLUTION IN TIME STEP 11 STRESS PERIOD 2
 1 TOTAL ITERATIONS

 SLN_2 OUTER ITERATION SUMMARY
 ----------------------------------------------------------------------------------------------------------
                                OUTER      INNER                    STEP   MAXIMUM CHANGE MODEL-(CELLID) OR
 OUTER ITERATION STEP       ITERATION  ITERATION  MAXIMUM CHANGE SUCCESS             MODEL-PACKAGE-(NUMBER)
 ----------------------------------------------------------------------------------------------------------
 Model                              1          3       27.223880                            2_GWT-(1,41,29)
 Model                              2          1 -1.09205089E-10       *                    2_GWT-(1,37,38)
 ----------------------------------------------------------------------------------------------------------


 2 CALLS TO NUMERICAL SOLUTION IN TIME STEP 11 STRESS PERIOD 2
 4 TOTAL ITERATIONS
 
    Solving:  Stress period:     2    Time step:    12
 

 SLN_1 OUTER ITERATION SUMMARY
 ----------------------------------------------------------------------------------------------------------
                                OUTER      INNER                    STEP   MAXIMUM CHANGE MODEL-(CELLID) OR
 OUTER ITERATION STEP       ITERATION  ITERATION  MAXIMUM CHANGE SUCCESS             MODEL-PACKAGE-(NUMBER)
 ----------------------------------------------------------------------------------------------------------
 Model                              1          1  1.67272012E-04       *                     1_GWF-(1,2,88)
 ----------------------------------------------------------------------------------------------------------


 1 CALLS TO NUMERICAL SOLUTION IN TIME STEP 12 STRESS PERIOD 2
 1 TOTAL ITERATIONS

 SLN_2 OUTER ITERATION SUMMARY
 ----------------------------------------------------------------------------------------------------------
                                OUTER      INNER                    STEP   MAXIMUM CHANGE MODEL-(CELLID) OR
 OUTER ITERATION STEP       ITERATION  ITERATION  MAXIMUM CHANGE SUCCESS             MODEL-PACKAGE-(NUMBER)
 ----------------------------------------------------------------------------------------------------------
 Model                              1          3       27.543550                            2_GWT-(1,41,29)
 Model                              2          1 -1.00565778E-10       *                    2_GWT-(1,37,38)
 ----------------------------------------------------------------------------------------------------------


 2 CALLS TO NUMERICAL SOLUTION IN TIME STEP 12 STRESS PERIOD 2
 4 TOTAL ITERATIONS
 
    Solving:  Stress period:     2    Time step:    13
 

 SLN_1 OUTER ITERATION SUMMARY
 ----------------------------------------------------------------------------------------------------------
                                OUTER      INNER                    STEP   MAXIMUM CHANGE MODEL-(CELLID) OR
 OUTER ITERATION STEP       ITERATION  ITERATION  MAXIMUM CHANGE SUCCESS             MODEL-PACKAGE-(NUMBER)
 ----------------------------------------------------------------------------------------------------------
 Model                              1          1 -1.67308731E-04       *                     1_GWF-(1,2,88)
 ----------------------------------------------------------------------------------------------------------


 1 CALLS TO NUMERICAL SOLUTION IN TIME STEP 13 STRESS PERIOD 2
 1 TOTAL ITERATIONS

 SLN_2 OUTER ITERATION SUMMARY
 ----------------------------------------------------------------------------------------------------------
                                OUTER      INNER                    STEP   MAXIMUM CHANGE MODEL-(CELLID) OR
 OUTER ITERATION STEP       ITERATION  ITERATION  MAXIMUM CHANGE SUCCESS             MODEL-PACKAGE-(NUMBER)
 ----------------------------------------------------------------------------------------------------------
 Model                              1          2       24.639466                            2_GWT-(1,41,30)
 Model                              2          1 -1.21468108E-07       *                    2_GWT-(1,38,37)
 ----------------------------------------------------------------------------------------------------------


 2 CALLS TO NUMERICAL SOLUTION IN TIME STEP 13 STRESS PERIOD 2
 3 TOTAL ITERATIONS
 
    Solving:  Stress period:     2    Time step:    14
 

 SLN_1 OUTER ITERATION SUMMARY
 ----------------------------------------------------------------------------------------------------------
                                OUTER      INNER                    STEP   MAXIMUM CHANGE MODEL-(CELLID) OR
 OUTER ITERATION STEP       ITERATION  ITERATION  MAXIMUM CHANGE SUCCESS             MODEL-PACKAGE-(NUMBER)
 ----------------------------------------------------------------------------------------------------------
 Model                              1          1  1.67203012E-04       *                     1_GWF-(1,2,88)
 ----------------------------------------------------------------------------------------------------------


 1 CALLS TO NUMERICAL SOLUTION IN TIME STEP 14 STRESS PERIOD 2
 1 TOTAL ITERATIONS

 SLN_2 OUTER ITERATION SUMMARY
 ----------------------------------------------------------------------------------------------------------
                                OUTER      INNER                    STEP   MAXIMUM CHANGE MODEL-(CELLID) OR
 OUTER ITERATION STEP       ITERATION  ITERATION  MAXIMUM CHANGE SUCCESS             MODEL-PACKAGE-(NUMBER)
 ----------------------------------------------------------------------------------------------------------
 Model                              1          3       23.706986                            2_GWT-(1,41,29)
 Model                              2          1 -1.28754785E-10       *                    2_GWT-(1,38,38)
 ----------------------------------------------------------------------------------------------------------


 2 CALLS TO NUMERICAL SOLUTION IN TIME STEP 14 STRESS PERIOD 2
 4 TOTAL ITERATIONS
 
    Solving:  Stress period:     2    Time step:    15
 

 SLN_1 OUTER ITERATION SUMMARY
 ----------------------------------------------------------------------------------------------------------
                                OUTER      INNER                    STEP   MAXIMUM CHANGE MODEL-(CELLID) OR
 OUTER ITERATION STEP       ITERATION  ITERATION  MAXIMUM CHANGE SUCCESS             MODEL-PACKAGE-(NUMBER)
 ----------------------------------------------------------------------------------------------------------
 Model                              1          1 -1.67108115E-04       *                     1_GWF-(1,2,88)
 ----------------------------------------------------------------------------------------------------------


 1 CALLS TO NUMERICAL SOLUTION IN TIME STEP 15 STRESS PERIOD 2
 1 TOTAL ITERATIONS

 SLN_2 OUTER ITERATION SUMMARY
 ----------------------------------------------------------------------------------------------------------
                                OUTER      INNER                    STEP   MAXIMUM CHANGE MODEL-(CELLID) OR
 OUTER ITERATION STEP       ITERATION  ITERATION  MAXIMUM CHANGE SUCCESS             MODEL-PACKAGE-(NUMBER)
 ----------------------------------------------------------------------------------------------------------
 Model                              1          2       22.253500                            2_GWT-(1,41,30)
 Model                              2          1 -1.18013730E-07       *                    2_GWT-(1,38,37)
 ----------------------------------------------------------------------------------------------------------


 2 CALLS TO NUMERICAL SOLUTION IN TIME STEP 15 STRESS PERIOD 2
 3 TOTAL ITERATIONS
 
    Solving:  Stress period:     2    Time step:    16
 

 SLN_1 OUTER ITERATION SUMMARY
 ----------------------------------------------------------------------------------------------------------
                                OUTER      INNER                    STEP   MAXIMUM CHANGE MODEL-(CELLID) OR
 OUTER ITERATION STEP       ITERATION  ITERATION  MAXIMUM CHANGE SUCCESS             MODEL-PACKAGE-(NUMBER)
 ----------------------------------------------------------------------------------------------------------
 Model                              1          1  1.66862118E-04       *                     1_GWF-(1,2,88)
 ----------------------------------------------------------------------------------------------------------


 1 CALLS TO NUMERICAL SOLUTION IN TIME STEP 16 STRESS PERIOD 2
 1 TOTAL ITERATIONS

 SLN_2 OUTER ITERATION SUMMARY
 ----------------------------------------------------------------------------------------------------------
                                OUTER      INNER                    STEP   MAXIMUM CHANGE MODEL-(CELLID) OR
 OUTER ITERATION STEP       ITERATION  ITERATION  MAXIMUM CHANGE SUCCESS             MODEL-PACKAGE-(NUMBER)
 ----------------------------------------------------------------------------------------------------------
 Model                              1          2       20.246207                            2_GWT-(1,41,29)
 Model                              2          1  9.31622424E-08       *                    2_GWT-(1,39,33)
 ----------------------------------------------------------------------------------------------------------


 2 CALLS TO NUMERICAL SOLUTION IN TIME STEP 16 STRESS PERIOD 2
 3 TOTAL ITERATIONS
 
    Solving:  Stress period:     2    Time step:    17
 

 SLN_1 OUTER ITERATION SUMMARY
 ----------------------------------------------------------------------------------------------------------
                                OUTER      INNER                    STEP   MAXIMUM CHANGE MODEL-(CELLID) OR
 OUTER ITERATION STEP       ITERATION  ITERATION  MAXIMUM CHANGE SUCCESS             MODEL-PACKAGE-(NUMBER)
 ----------------------------------------------------------------------------------------------------------
 Model                              1          1 -1.66688382E-04       *                     1_GWF-(1,2,88)
 ----------------------------------------------------------------------------------------------------------


 1 CALLS TO NUMERICAL SOLUTION IN TIME STEP 17 STRESS PERIOD 2
 1 TOTAL ITERATIONS

 SLN_2 OUTER ITERATION SUMMARY
 ----------------------------------------------------------------------------------------------------------
                                OUTER      INNER                    STEP   MAXIMUM CHANGE MODEL-(CELLID) OR
 OUTER ITERATION STEP       ITERATION  ITERATION  MAXIMUM CHANGE SUCCESS             MODEL-PACKAGE-(NUMBER)
 ----------------------------------------------------------------------------------------------------------
 Model                              1          2       20.208263                            2_GWT-(1,41,31)
 Model                              2          1 -1.09283313E-07       *                    2_GWT-(1,38,38)
 ----------------------------------------------------------------------------------------------------------


 2 CALLS TO NUMERICAL SOLUTION IN TIME STEP 17 STRESS PERIOD 2
 3 TOTAL ITERATIONS
 
    Solving:  Stress period:     2    Time step:    18
 

 SLN_1 OUTER ITERATION SUMMARY
 ----------------------------------------------------------------------------------------------------------
                                OUTER      INNER                    STEP   MAXIMUM CHANGE MODEL-(CELLID) OR
 OUTER ITERATION STEP       ITERATION  ITERATION  MAXIMUM CHANGE SUCCESS             MODEL-PACKAGE-(NUMBER)
 ----------------------------------------------------------------------------------------------------------
 Model                              1          1  1.66330097E-04       *                     1_GWF-(1,2,88)
 ----------------------------------------------------------------------------------------------------------


 1 CALLS TO NUMERICAL SOLUTION IN TIME STEP 18 STRESS PERIOD 2
 1 TOTAL ITERATIONS

 SLN_2 OUTER ITERATION SUMMARY
 ----------------------------------------------------------------------------------------------------------
                                OUTER      INNER                    STEP   MAXIMUM CHANGE MODEL-(CELLID) OR
 OUTER ITERATION STEP       ITERATION  ITERATION  MAXIMUM CHANGE SUCCESS             MODEL-PACKAGE-(NUMBER)
 ----------------------------------------------------------------------------------------------------------
 Model                              1          2       17.873120                            2_GWT-(1,36,30)
 Model                              2          1  9.61396296E-08       *                    2_GWT-(1,39,33)
 ----------------------------------------------------------------------------------------------------------


 2 CALLS TO NUMERICAL SOLUTION IN TIME STEP 18 STRESS PERIOD 2
 3 TOTAL ITERATIONS
 
    Solving:  Stress period:     2    Time step:    19
 

 SLN_1 OUTER ITERATION SUMMARY
 ----------------------------------------------------------------------------------------------------------
                                OUTER      INNER                    STEP   MAXIMUM CHANGE MODEL-(CELLID) OR
 OUTER ITERATION STEP       ITERATION  ITERATION  MAXIMUM CHANGE SUCCESS             MODEL-PACKAGE-(NUMBER)
 ----------------------------------------------------------------------------------------------------------
 Model                              1          1 -1.66121286E-04       *                     1_GWF-(1,2,88)
 ----------------------------------------------------------------------------------------------------------


 1 CALLS TO NUMERICAL SOLUTION IN TIME STEP 19 STRESS PERIOD 2
 1 TOTAL ITERATIONS

 SLN_2 OUTER ITERATION SUMMARY
 ----------------------------------------------------------------------------------------------------------
                                OUTER      INNER                    STEP   MAXIMUM CHANGE MODEL-(CELLID) OR
 OUTER ITERATION STEP       ITERATION  ITERATION  MAXIMUM CHANGE SUCCESS             MODEL-PACKAGE-(NUMBER)
 ----------------------------------------------------------------------------------------------------------
 Model                              1          2       18.617509                            2_GWT-(1,41,31)
 Model                              2          1  1.08322979E-07       *                    2_GWT-(1,38,34)
 ----------------------------------------------------------------------------------------------------------


 2 CALLS TO NUMERICAL SOLUTION IN TIME STEP 19 STRESS PERIOD 2
 3 TOTAL ITERATIONS
 
    Solving:  Stress period:     2    Time step:    20
 

 SLN_1 OUTER ITERATION SUMMARY
 ----------------------------------------------------------------------------------------------------------
                                OUTER      INNER                    STEP   MAXIMUM CHANGE MODEL-(CELLID) OR
 OUTER ITERATION STEP       ITERATION  ITERATION  MAXIMUM CHANGE SUCCESS             MODEL-PACKAGE-(NUMBER)
 ----------------------------------------------------------------------------------------------------------
 Model                              1          1  1.65662939E-04       *                     1_GWF-(1,2,88)
 ----------------------------------------------------------------------------------------------------------


 1 CALLS TO NUMERICAL SOLUTION IN TIME STEP 20 STRESS PERIOD 2
 1 TOTAL ITERATIONS

 SLN_2 OUTER ITERATION SUMMARY
 ----------------------------------------------------------------------------------------------------------
                                OUTER      INNER                    STEP   MAXIMUM CHANGE MODEL-(CELLID) OR
 OUTER ITERATION STEP       ITERATION  ITERATION  MAXIMUM CHANGE SUCCESS             MODEL-PACKAGE-(NUMBER)
 ----------------------------------------------------------------------------------------------------------
 Model                              1          2       16.948448                            2_GWT-(1,40,32)
 Model                              2          1  9.61408375E-08       *                    2_GWT-(1,39,33)
 ----------------------------------------------------------------------------------------------------------


 2 CALLS TO NUMERICAL SOLUTION IN TIME STEP 20 STRESS PERIOD 2
 3 TOTAL ITERATIONS
 
    Solving:  Stress period:     2    Time step:    21
 

 SLN_1 OUTER ITERATION SUMMARY
 ----------------------------------------------------------------------------------------------------------
                                OUTER      INNER                    STEP   MAXIMUM CHANGE MODEL-(CELLID) OR
 OUTER ITERATION STEP       ITERATION  ITERATION  MAXIMUM CHANGE SUCCESS             MODEL-PACKAGE-(NUMBER)
 ----------------------------------------------------------------------------------------------------------
 Model                              1          1 -1.65458495E-04       *                     1_GWF-(1,2,88)
 ----------------------------------------------------------------------------------------------------------


 1 CALLS TO NUMERICAL SOLUTION IN TIME STEP 21 STRESS PERIOD 2
 1 TOTAL ITERATIONS

 SLN_2 OUTER ITERATION SUMMARY
 ----------------------------------------------------------------------------------------------------------
                                OUTER      INNER                    STEP   MAXIMUM CHANGE MODEL-(CELLID) OR
 OUTER ITERATION STEP       ITERATION  ITERATION  MAXIMUM CHANGE SUCCESS             MODEL-PACKAGE-(NUMBER)
 ----------------------------------------------------------------------------------------------------------
 Model                              1          2       16.941288                            2_GWT-(1,41,31)
 Model                              2          1  1.27657273E-07       *                    2_GWT-(1,38,34)
 ----------------------------------------------------------------------------------------------------------


 2 CALLS TO NUMERICAL SOLUTION IN TIME STEP 21 STRESS PERIOD 2
 3 TOTAL ITERATIONS
 
    Solving:  Stress period:     2    Time step:    22
 

 SLN_1 OUTER ITERATION SUMMARY
 ----------------------------------------------------------------------------------------------------------
                                OUTER      INNER                    STEP   MAXIMUM CHANGE MODEL-(CELLID) OR
 OUTER ITERATION STEP       ITERATION  ITERATION  MAXIMUM CHANGE SUCCESS             MODEL-PACKAGE-(NUMBER)
 ----------------------------------------------------------------------------------------------------------
 Model                              1          1  1.64900089E-04       *                     1_GWF-(1,2,88)
 ----------------------------------------------------------------------------------------------------------


 1 CALLS TO NUMERICAL SOLUTION IN TIME STEP 22 STRESS PERIOD 2
 1 TOTAL ITERATIONS

 SLN_2 OUTER ITERATION SUMMARY
 ----------------------------------------------------------------------------------------------------------
                                OUTER      INNER                    STEP   MAXIMUM CHANGE MODEL-(CELLID) OR
 OUTER ITERATION STEP       ITERATION  ITERATION  MAXIMUM CHANGE SUCCESS             MODEL-PACKAGE-(NUMBER)
 ----------------------------------------------------------------------------------------------------------
 Model                              1          2       16.205837                            2_GWT-(1,40,32)
 Model                              2          1  9.42523570E-08       *                    2_GWT-(1,39,33)
 ----------------------------------------------------------------------------------------------------------


 2 CALLS TO NUMERICAL SOLUTION IN TIME STEP 22 STRESS PERIOD 2
 3 TOTAL ITERATIONS
 
    Solving:  Stress period:     2    Time step:    23
 

 SLN_1 OUTER ITERATION SUMMARY
 ----------------------------------------------------------------------------------------------------------
                                OUTER      INNER                    STEP   MAXIMUM CHANGE MODEL-(CELLID) OR
 OUTER ITERATION STEP       ITERATION  ITERATION  MAXIMUM CHANGE SUCCESS             MODEL-PACKAGE-(NUMBER)
 ----------------------------------------------------------------------------------------------------------
 Model                              1          1 -1.64737250E-04       *                     1_GWF-(1,2,88)
 ----------------------------------------------------------------------------------------------------------


 1 CALLS TO NUMERICAL SOLUTION IN TIME STEP 23 STRESS PERIOD 2
 1 TOTAL ITERATIONS

 SLN_2 OUTER ITERATION SUMMARY
 ----------------------------------------------------------------------------------------------------------
                                OUTER      INNER                    STEP   MAXIMUM CHANGE MODEL-(CELLID) OR
 OUTER ITERATION STEP       ITERATION  ITERATION  MAXIMUM CHANGE SUCCESS             MODEL-PACKAGE-(NUMBER)
 ----------------------------------------------------------------------------------------------------------
 Model                              1          2       15.350624                            2_GWT-(1,36,32)
 Model                              2          1  1.50445118E-07       *                    2_GWT-(1,38,34)
 ----------------------------------------------------------------------------------------------------------


 2 CALLS TO NUMERICAL SOLUTION IN TIME STEP 23 STRESS PERIOD 2
 3 TOTAL ITERATIONS
 
    Solving:  Stress period:     2    Time step:    24
 

 SLN_1 OUTER ITERATION SUMMARY
 ----------------------------------------------------------------------------------------------------------
                                OUTER      INNER                    STEP   MAXIMUM CHANGE MODEL-(CELLID) OR
 OUTER ITERATION STEP       ITERATION  ITERATION  MAXIMUM CHANGE SUCCESS             MODEL-PACKAGE-(NUMBER)
 ----------------------------------------------------------------------------------------------------------
 Model                              1          1  1.64069726E-04       *                     1_GWF-(1,2,88)
 ----------------------------------------------------------------------------------------------------------


 1 CALLS TO NUMERICAL SOLUTION IN TIME STEP 24 STRESS PERIOD 2
 1 TOTAL ITERATIONS

 SLN_2 OUTER ITERATION SUMMARY
 ----------------------------------------------------------------------------------------------------------
                                OUTER      INNER                    STEP   MAXIMUM CHANGE MODEL-(CELLID) OR
 OUTER ITERATION STEP       ITERATION  ITERATION  MAXIMUM CHANGE SUCCESS             MODEL-PACKAGE-(NUMBER)
 ----------------------------------------------------------------------------------------------------------
 Model                              1          2       15.251999                            2_GWT-(1,40,32)
 Model                              2          1  9.09833773E-08       *                    2_GWT-(1,39,33)
 ----------------------------------------------------------------------------------------------------------


 2 CALLS TO NUMERICAL SOLUTION IN TIME STEP 24 STRESS PERIOD 2
 3 TOTAL ITERATIONS
 
    Solving:  Stress period:     2    Time step:    25
 

 SLN_1 OUTER ITERATION SUMMARY
 ----------------------------------------------------------------------------------------------------------
                                OUTER      INNER                    STEP   MAXIMUM CHANGE MODEL-(CELLID) OR
 OUTER ITERATION STEP       ITERATION  ITERATION  MAXIMUM CHANGE SUCCESS             MODEL-PACKAGE-(NUMBER)
 ----------------------------------------------------------------------------------------------------------
 Model                              1          1 -1.63984135E-04       *                     1_GWF-(1,2,88)
 ----------------------------------------------------------------------------------------------------------


 1 CALLS TO NUMERICAL SOLUTION IN TIME STEP 25 STRESS PERIOD 2
 1 TOTAL ITERATIONS

 SLN_2 OUTER ITERATION SUMMARY
 ----------------------------------------------------------------------------------------------------------
                                OUTER      INNER                    STEP   MAXIMUM CHANGE MODEL-(CELLID) OR
 OUTER ITERATION STEP       ITERATION  ITERATION  MAXIMUM CHANGE SUCCESS             MODEL-PACKAGE-(NUMBER)
 ----------------------------------------------------------------------------------------------------------
 Model                              1          2       14.593476                            2_GWT-(1,38,33)
 Model                              2          1  2.02707611E-07       *                    2_GWT-(1,38,34)
 ----------------------------------------------------------------------------------------------------------


 2 CALLS TO NUMERICAL SOLUTION IN TIME STEP 25 STRESS PERIOD 2
 3 TOTAL ITERATIONS
 
    Solving:  Stress period:     2    Time step:    26
 

 SLN_1 OUTER ITERATION SUMMARY
 ----------------------------------------------------------------------------------------------------------
                                OUTER      INNER                    STEP   MAXIMUM CHANGE MODEL-(CELLID) OR
 OUTER ITERATION STEP       ITERATION  ITERATION  MAXIMUM CHANGE SUCCESS             MODEL-PACKAGE-(NUMBER)
 ----------------------------------------------------------------------------------------------------------
 Model                              1          1  1.63192226E-04       *                     1_GWF-(1,2,88)
 ----------------------------------------------------------------------------------------------------------


 1 CALLS TO NUMERICAL SOLUTION IN TIME STEP 26 STRESS PERIOD 2
 1 TOTAL ITERATIONS

 SLN_2 OUTER ITERATION SUMMARY
 ----------------------------------------------------------------------------------------------------------
                                OUTER      INNER                    STEP   MAXIMUM CHANGE MODEL-(CELLID) OR
 OUTER ITERATION STEP       ITERATION  ITERATION  MAXIMUM CHANGE SUCCESS             MODEL-PACKAGE-(NUMBER)
 ----------------------------------------------------------------------------------------------------------
 Model                              1          2       14.381733                            2_GWT-(1,36,33)
 Model                              2          1  8.59282920E-08       *                    2_GWT-(1,39,33)
 ----------------------------------------------------------------------------------------------------------


 2 CALLS TO NUMERICAL SOLUTION IN TIME STEP 26 STRESS PERIOD 2
 3 TOTAL ITERATIONS
 
    Solving:  Stress period:     2    Time step:    27
 

 SLN_1 OUTER ITERATION SUMMARY
 ----------------------------------------------------------------------------------------------------------
                                OUTER      INNER                    STEP   MAXIMUM CHANGE MODEL-(CELLID) OR
 OUTER ITERATION STEP       ITERATION  ITERATION  MAXIMUM CHANGE SUCCESS             MODEL-PACKAGE-(NUMBER)
 ----------------------------------------------------------------------------------------------------------
 Model                              1          1 -1.63217772E-04       *                     1_GWF-(1,2,88)
 ----------------------------------------------------------------------------------------------------------


 1 CALLS TO NUMERICAL SOLUTION IN TIME STEP 27 STRESS PERIOD 2
 1 TOTAL ITERATIONS

 SLN_2 OUTER ITERATION SUMMARY
 ----------------------------------------------------------------------------------------------------------
                                OUTER      INNER                    STEP   MAXIMUM CHANGE MODEL-(CELLID) OR
 OUTER ITERATION STEP       ITERATION  ITERATION  MAXIMUM CHANGE SUCCESS             MODEL-PACKAGE-(NUMBER)
 ----------------------------------------------------------------------------------------------------------
 Model                              1          2       13.994300                            2_GWT-(1,38,33)
 Model                              2          1 -2.00458453E-06       *                    2_GWT-(1,42,30)
 ----------------------------------------------------------------------------------------------------------


 2 CALLS TO NUMERICAL SOLUTION IN TIME STEP 27 STRESS PERIOD 2
 3 TOTAL ITERATIONS
 
    Solving:  Stress period:     2    Time step:    28
 

 SLN_1 OUTER ITERATION SUMMARY
 ----------------------------------------------------------------------------------------------------------
                                OUTER      INNER                    STEP   MAXIMUM CHANGE MODEL-(CELLID) OR
 OUTER ITERATION STEP       ITERATION  ITERATION  MAXIMUM CHANGE SUCCESS             MODEL-PACKAGE-(NUMBER)
 ----------------------------------------------------------------------------------------------------------
 Model                              1          1  1.62282451E-04       *                     1_GWF-(1,2,88)
 ----------------------------------------------------------------------------------------------------------


 1 CALLS TO NUMERICAL SOLUTION IN TIME STEP 28 STRESS PERIOD 2
 1 TOTAL ITERATIONS

 SLN_2 OUTER ITERATION SUMMARY
 ----------------------------------------------------------------------------------------------------------
                                OUTER      INNER                    STEP   MAXIMUM CHANGE MODEL-(CELLID) OR
 OUTER ITERATION STEP       ITERATION  ITERATION  MAXIMUM CHANGE SUCCESS             MODEL-PACKAGE-(NUMBER)
 ----------------------------------------------------------------------------------------------------------
 Model                              1          2       13.668011                            2_GWT-(1,37,34)
 Model                              2          1  7.41181339E-08       *                    2_GWT-(1,39,33)
 ----------------------------------------------------------------------------------------------------------


 2 CALLS TO NUMERICAL SOLUTION IN TIME STEP 28 STRESS PERIOD 2
 3 TOTAL ITERATIONS
 
    Solving:  Stress period:     2    Time step:    29
 

 SLN_1 OUTER ITERATION SUMMARY
 ----------------------------------------------------------------------------------------------------------
                                OUTER      INNER                    STEP   MAXIMUM CHANGE MODEL-(CELLID) OR
 OUTER ITERATION STEP       ITERATION  ITERATION  MAXIMUM CHANGE SUCCESS             MODEL-PACKAGE-(NUMBER)
 ----------------------------------------------------------------------------------------------------------
 Model                              1          1 -1.62450815E-04       *                     1_GWF-(1,2,88)
 ----------------------------------------------------------------------------------------------------------


 1 CALLS TO NUMERICAL SOLUTION IN TIME STEP 29 STRESS PERIOD 2
 1 TOTAL ITERATIONS

 SLN_2 OUTER ITERATION SUMMARY
 ----------------------------------------------------------------------------------------------------------
                                OUTER      INNER                    STEP   MAXIMUM CHANGE MODEL-(CELLID) OR
 OUTER ITERATION STEP       ITERATION  ITERATION  MAXIMUM CHANGE SUCCESS             MODEL-PACKAGE-(NUMBER)
 ----------------------------------------------------------------------------------------------------------
 Model                              1          2       13.353918                            2_GWT-(1,39,34)
 Model                              2          1  3.24367875E-08       *                    2_GWT-(1,41,33)
 ----------------------------------------------------------------------------------------------------------


 2 CALLS TO NUMERICAL SOLUTION IN TIME STEP 29 STRESS PERIOD 2
 3 TOTAL ITERATIONS
 
    Solving:  Stress period:     2    Time step:    30
 

 SLN_1 OUTER ITERATION SUMMARY
 ----------------------------------------------------------------------------------------------------------
                                OUTER      INNER                    STEP   MAXIMUM CHANGE MODEL-(CELLID) OR
 OUTER ITERATION STEP       ITERATION  ITERATION  MAXIMUM CHANGE SUCCESS             MODEL-PACKAGE-(NUMBER)
 ----------------------------------------------------------------------------------------------------------
 Model                              1          1  1.61351276E-04       *                     1_GWF-(1,2,88)
 ----------------------------------------------------------------------------------------------------------


 1 CALLS TO NUMERICAL SOLUTION IN TIME STEP 30 STRESS PERIOD 2
 1 TOTAL ITERATIONS

 SLN_2 OUTER ITERATION SUMMARY
 ----------------------------------------------------------------------------------------------------------
                                OUTER      INNER                    STEP   MAXIMUM CHANGE MODEL-(CELLID) OR
 OUTER ITERATION STEP       ITERATION  ITERATION  MAXIMUM CHANGE SUCCESS             MODEL-PACKAGE-(NUMBER)
 ----------------------------------------------------------------------------------------------------------
 Model                              1          2       13.165272                            2_GWT-(1,37,34)
 Model                              2          1 -2.32287164E-07       *                    2_GWT-(1,41,32)
 ----------------------------------------------------------------------------------------------------------


 2 CALLS TO NUMERICAL SOLUTION IN TIME STEP 30 STRESS PERIOD 2
 3 TOTAL ITERATIONS
 
    Solving:  Stress period:     2    Time step:    31
 

 SLN_1 OUTER ITERATION SUMMARY
 ----------------------------------------------------------------------------------------------------------
                                OUTER      INNER                    STEP   MAXIMUM CHANGE MODEL-(CELLID) OR
 OUTER ITERATION STEP       ITERATION  ITERATION  MAXIMUM CHANGE SUCCESS             MODEL-PACKAGE-(NUMBER)
 ----------------------------------------------------------------------------------------------------------
 Model                              1          1 -1.61691457E-04       *                     1_GWF-(1,2,88)
 ----------------------------------------------------------------------------------------------------------


 1 CALLS TO NUMERICAL SOLUTION IN TIME STEP 31 STRESS PERIOD 2
 1 TOTAL ITERATIONS

 SLN_2 OUTER ITERATION SUMMARY
 ----------------------------------------------------------------------------------------------------------
                                OUTER      INNER                    STEP   MAXIMUM CHANGE MODEL-(CELLID) OR
 OUTER ITERATION STEP       ITERATION  ITERATION  MAXIMUM CHANGE SUCCESS             MODEL-PACKAGE-(NUMBER)
 ----------------------------------------------------------------------------------------------------------
 Model                              1          2       12.803769                            2_GWT-(1,39,34)
 Model                              2          1  3.12073212E-08       *                    2_GWT-(1,41,33)
 ----------------------------------------------------------------------------------------------------------


 2 CALLS TO NUMERICAL SOLUTION IN TIME STEP 31 STRESS PERIOD 2
 3 TOTAL ITERATIONS
 
    Solving:  Stress period:     2    Time step:    32
 

 SLN_1 OUTER ITERATION SUMMARY
 ----------------------------------------------------------------------------------------------------------
                                OUTER      INNER                    STEP   MAXIMUM CHANGE MODEL-(CELLID) OR
 OUTER ITERATION STEP       ITERATION  ITERATION  MAXIMUM CHANGE SUCCESS             MODEL-PACKAGE-(NUMBER)
 ----------------------------------------------------------------------------------------------------------
 Model                              1          1  1.60406638E-04       *                     1_GWF-(1,2,88)
 ----------------------------------------------------------------------------------------------------------


 1 CALLS TO NUMERICAL SOLUTION IN TIME STEP 32 STRESS PERIOD 2
 1 TOTAL ITERATIONS

 SLN_2 OUTER ITERATION SUMMARY
 ----------------------------------------------------------------------------------------------------------
                                OUTER      INNER                    STEP   MAXIMUM CHANGE MODEL-(CELLID) OR
 OUTER ITERATION STEP       ITERATION  ITERATION  MAXIMUM CHANGE SUCCESS             MODEL-PACKAGE-(NUMBER)
 ----------------------------------------------------------------------------------------------------------
 Model                              1          2       12.559077                            2_GWT-(1,37,34)
 Model                              2          1  1.01725391E-07       *                    2_GWT-(1,40,34)
 ----------------------------------------------------------------------------------------------------------


 2 CALLS TO NUMERICAL SOLUTION IN TIME STEP 32 STRESS PERIOD 2
 3 TOTAL ITERATIONS
 
    Solving:  Stress period:     2    Time step:    33
 

 SLN_1 OUTER ITERATION SUMMARY
 ----------------------------------------------------------------------------------------------------------
                                OUTER      INNER                    STEP   MAXIMUM CHANGE MODEL-(CELLID) OR
 OUTER ITERATION STEP       ITERATION  ITERATION  MAXIMUM CHANGE SUCCESS             MODEL-PACKAGE-(NUMBER)
 ----------------------------------------------------------------------------------------------------------
 Model                              1          1 -1.60944589E-04       *                     1_GWF-(1,2,88)
 ----------------------------------------------------------------------------------------------------------


 1 CALLS TO NUMERICAL SOLUTION IN TIME STEP 33 STRESS PERIOD 2
 1 TOTAL ITERATIONS

 SLN_2 OUTER ITERATION SUMMARY
 ----------------------------------------------------------------------------------------------------------
                                OUTER      INNER                    STEP   MAXIMUM CHANGE MODEL-(CELLID) OR
 OUTER ITERATION STEP       ITERATION  ITERATION  MAXIMUM CHANGE SUCCESS             MODEL-PACKAGE-(NUMBER)
 ----------------------------------------------------------------------------------------------------------
 Model                              1          2       12.154227                            2_GWT-(1,39,34)
 Model                              2          1  4.65453240E-08       *                    2_GWT-(1,38,35)
 ----------------------------------------------------------------------------------------------------------


 2 CALLS TO NUMERICAL SOLUTION IN TIME STEP 33 STRESS PERIOD 2
 3 TOTAL ITERATIONS
 
    Solving:  Stress period:     2    Time step:    34
 

 SLN_1 OUTER ITERATION SUMMARY
 ----------------------------------------------------------------------------------------------------------
                                OUTER      INNER                    STEP   MAXIMUM CHANGE MODEL-(CELLID) OR
 OUTER ITERATION STEP       ITERATION  ITERATION  MAXIMUM CHANGE SUCCESS             MODEL-PACKAGE-(NUMBER)
 ----------------------------------------------------------------------------------------------------------
 Model                              1          1  1.59454275E-04       *                     1_GWF-(1,2,88)
 ----------------------------------------------------------------------------------------------------------


 1 CALLS TO NUMERICAL SOLUTION IN TIME STEP 34 STRESS PERIOD 2
 1 TOTAL ITERATIONS

 SLN_2 OUTER ITERATION SUMMARY
 ----------------------------------------------------------------------------------------------------------
                                OUTER      INNER                    STEP   MAXIMUM CHANGE MODEL-(CELLID) OR
 OUTER ITERATION STEP       ITERATION  ITERATION  MAXIMUM CHANGE SUCCESS             MODEL-PACKAGE-(NUMBER)
 ----------------------------------------------------------------------------------------------------------
 Model                              1          2       12.022901                            2_GWT-(1,38,35)
 Model                              2          1  9.59363433E-08       *                    2_GWT-(1,40,34)
 ----------------------------------------------------------------------------------------------------------


 2 CALLS TO NUMERICAL SOLUTION IN TIME STEP 34 STRESS PERIOD 2
 3 TOTAL ITERATIONS
 
    Solving:  Stress period:     2    Time step:    35
 

 SLN_1 OUTER ITERATION SUMMARY
 ----------------------------------------------------------------------------------------------------------
                                OUTER      INNER                    STEP   MAXIMUM CHANGE MODEL-(CELLID) OR
 OUTER ITERATION STEP       ITERATION  ITERATION  MAXIMUM CHANGE SUCCESS             MODEL-PACKAGE-(NUMBER)
 ----------------------------------------------------------------------------------------------------------
 Model                              1          1 -1.60212684E-04       *                     1_GWF-(1,2,88)
 ----------------------------------------------------------------------------------------------------------


 1 CALLS TO NUMERICAL SOLUTION IN TIME STEP 35 STRESS PERIOD 2
 1 TOTAL ITERATIONS

 SLN_2 OUTER ITERATION SUMMARY
 ----------------------------------------------------------------------------------------------------------
                                OUTER      INNER                    STEP   MAXIMUM CHANGE MODEL-(CELLID) OR
 OUTER ITERATION STEP       ITERATION  ITERATION  MAXIMUM CHANGE SUCCESS             MODEL-PACKAGE-(NUMBER)
 ----------------------------------------------------------------------------------------------------------
 Model                              1          2       11.582953                            2_GWT-(1,39,35)
 Model                              2          1  5.67710572E-08       *                    2_GWT-(1,38,35)
 ----------------------------------------------------------------------------------------------------------


 2 CALLS TO NUMERICAL SOLUTION IN TIME STEP 35 STRESS PERIOD 2
 3 TOTAL ITERATIONS
 
    Solving:  Stress period:     2    Time step:    36
 

 SLN_1 OUTER ITERATION SUMMARY
 ----------------------------------------------------------------------------------------------------------
                                OUTER      INNER                    STEP   MAXIMUM CHANGE MODEL-(CELLID) OR
 OUTER ITERATION STEP       ITERATION  ITERATION  MAXIMUM CHANGE SUCCESS             MODEL-PACKAGE-(NUMBER)
 ----------------------------------------------------------------------------------------------------------
 Model                              1          1  1.58498258E-04       *                     1_GWF-(1,2,88)
 ----------------------------------------------------------------------------------------------------------


 1 CALLS TO NUMERICAL SOLUTION IN TIME STEP 36 STRESS PERIOD 2
 1 TOTAL ITERATIONS

 SLN_2 OUTER ITERATION SUMMARY
 ----------------------------------------------------------------------------------------------------------
                                OUTER      INNER                    STEP   MAXIMUM CHANGE MODEL-(CELLID) OR
 OUTER ITERATION STEP       ITERATION  ITERATION  MAXIMUM CHANGE SUCCESS             MODEL-PACKAGE-(NUMBER)
 ----------------------------------------------------------------------------------------------------------
 Model                              1          2       11.532567                            2_GWT-(1,38,36)
 Model                              2          1  9.39648430E-08       *                    2_GWT-(1,40,34)
 ----------------------------------------------------------------------------------------------------------


 2 CALLS TO NUMERICAL SOLUTION IN TIME STEP 36 STRESS PERIOD 2
 3 TOTAL ITERATIONS
 
    Solving:  Stress period:     2    Time step:    37
 

 SLN_1 OUTER ITERATION SUMMARY
 ----------------------------------------------------------------------------------------------------------
                                OUTER      INNER                    STEP   MAXIMUM CHANGE MODEL-(CELLID) OR
 OUTER ITERATION STEP       ITERATION  ITERATION  MAXIMUM CHANGE SUCCESS             MODEL-PACKAGE-(NUMBER)
 ----------------------------------------------------------------------------------------------------------
 Model                              1          1 -1.59496479E-04       *                     1_GWF-(1,2,88)
 ----------------------------------------------------------------------------------------------------------


 1 CALLS TO NUMERICAL SOLUTION IN TIME STEP 37 STRESS PERIOD 2
 1 TOTAL ITERATIONS

 SLN_2 OUTER ITERATION SUMMARY
 ----------------------------------------------------------------------------------------------------------
                                OUTER      INNER                    STEP   MAXIMUM CHANGE MODEL-(CELLID) OR
 OUTER ITERATION STEP       ITERATION  ITERATION  MAXIMUM CHANGE SUCCESS             MODEL-PACKAGE-(NUMBER)
 ----------------------------------------------------------------------------------------------------------
 Model                              1          2       11.144193                            2_GWT-(1,37,36)
 Model                              2          1  6.16998932E-08       *                    2_GWT-(1,38,35)
 ----------------------------------------------------------------------------------------------------------


 2 CALLS TO NUMERICAL SOLUTION IN TIME STEP 37 STRESS PERIOD 2
 3 TOTAL ITERATIONS
 
    Solving:  Stress period:     2    Time step:    38
 

 SLN_1 OUTER ITERATION SUMMARY
 ----------------------------------------------------------------------------------------------------------
                                OUTER      INNER                    STEP   MAXIMUM CHANGE MODEL-(CELLID) OR
 OUTER ITERATION STEP       ITERATION  ITERATION  MAXIMUM CHANGE SUCCESS             MODEL-PACKAGE-(NUMBER)
 ----------------------------------------------------------------------------------------------------------
 Model                              1          1  1.57541399E-04       *                     1_GWF-(1,2,88)
 ----------------------------------------------------------------------------------------------------------


 1 CALLS TO NUMERICAL SOLUTION IN TIME STEP 38 STRESS PERIOD 2
 1 TOTAL ITERATIONS

 SLN_2 OUTER ITERATION SUMMARY
 ----------------------------------------------------------------------------------------------------------
                                OUTER      INNER                    STEP   MAXIMUM CHANGE MODEL-(CELLID) OR
 OUTER ITERATION STEP       ITERATION  ITERATION  MAXIMUM CHANGE SUCCESS             MODEL-PACKAGE-(NUMBER)
 ----------------------------------------------------------------------------------------------------------
 Model                              1          2       11.142878                            2_GWT-(1,38,36)
 Model                              2          1  9.30486408E-08       *                    2_GWT-(1,40,34)
 ----------------------------------------------------------------------------------------------------------


 2 CALLS TO NUMERICAL SOLUTION IN TIME STEP 38 STRESS PERIOD 2
 3 TOTAL ITERATIONS
 
    Solving:  Stress period:     2    Time step:    39
 

 SLN_1 OUTER ITERATION SUMMARY
 ----------------------------------------------------------------------------------------------------------
                                OUTER      INNER                    STEP   MAXIMUM CHANGE MODEL-(CELLID) OR
 OUTER ITERATION STEP       ITERATION  ITERATION  MAXIMUM CHANGE SUCCESS             MODEL-PACKAGE-(NUMBER)
 ----------------------------------------------------------------------------------------------------------
 Model                              1          1 -1.58795499E-04       *                     1_GWF-(1,2,88)
 ----------------------------------------------------------------------------------------------------------


 1 CALLS TO NUMERICAL SOLUTION IN TIME STEP 39 STRESS PERIOD 2
 1 TOTAL ITERATIONS

 SLN_2 OUTER ITERATION SUMMARY
 ----------------------------------------------------------------------------------------------------------
                                OUTER      INNER                    STEP   MAXIMUM CHANGE MODEL-(CELLID) OR
 OUTER ITERATION STEP       ITERATION  ITERATION  MAXIMUM CHANGE SUCCESS             MODEL-PACKAGE-(NUMBER)
 ----------------------------------------------------------------------------------------------------------
 Model                              1          2       10.813968                            2_GWT-(1,37,37)
 Model                              2          1  6.40267217E-08       *                    2_GWT-(1,38,35)
 ----------------------------------------------------------------------------------------------------------


 2 CALLS TO NUMERICAL SOLUTION IN TIME STEP 39 STRESS PERIOD 2
 3 TOTAL ITERATIONS
 
    Solving:  Stress period:     2    Time step:    40
 

 SLN_1 OUTER ITERATION SUMMARY
 ----------------------------------------------------------------------------------------------------------
                                OUTER      INNER                    STEP   MAXIMUM CHANGE MODEL-(CELLID) OR
 OUTER ITERATION STEP       ITERATION  ITERATION  MAXIMUM CHANGE SUCCESS             MODEL-PACKAGE-(NUMBER)
 ----------------------------------------------------------------------------------------------------------
 Model                              1          1  1.56585554E-04       *                     1_GWF-(1,2,88)
 ----------------------------------------------------------------------------------------------------------


 1 CALLS TO NUMERICAL SOLUTION IN TIME STEP 40 STRESS PERIOD 2
 1 TOTAL ITERATIONS

 SLN_2 OUTER ITERATION SUMMARY
 ----------------------------------------------------------------------------------------------------------
                                OUTER      INNER                    STEP   MAXIMUM CHANGE MODEL-(CELLID) OR
 OUTER ITERATION STEP       ITERATION  ITERATION  MAXIMUM CHANGE SUCCESS             MODEL-PACKAGE-(NUMBER)
 ----------------------------------------------------------------------------------------------------------
 Model                              1          2       10.677508                            2_GWT-(1,38,36)
 Model                              2          1  9.25102768E-08       *                    2_GWT-(1,40,34)
 ----------------------------------------------------------------------------------------------------------


 2 CALLS TO NUMERICAL SOLUTION IN TIME STEP 40 STRESS PERIOD 2
 3 TOTAL ITERATIONS
 
    Solving:  Stress period:     2    Time step:    41
 

 SLN_1 OUTER ITERATION SUMMARY
 ----------------------------------------------------------------------------------------------------------
                                OUTER      INNER                    STEP   MAXIMUM CHANGE MODEL-(CELLID) OR
 OUTER ITERATION STEP       ITERATION  ITERATION  MAXIMUM CHANGE SUCCESS             MODEL-PACKAGE-(NUMBER)
 ----------------------------------------------------------------------------------------------------------
 Model                              1          1 -1.58108452E-04       *                     1_GWF-(1,2,88)
 ----------------------------------------------------------------------------------------------------------


 1 CALLS TO NUMERICAL SOLUTION IN TIME STEP 41 STRESS PERIOD 2
 1 TOTAL ITERATIONS

 SLN_2 OUTER ITERATION SUMMARY
 ----------------------------------------------------------------------------------------------------------
                                OUTER      INNER                    STEP   MAXIMUM CHANGE MODEL-(CELLID) OR
 OUTER ITERATION STEP       ITERATION  ITERATION  MAXIMUM CHANGE SUCCESS             MODEL-PACKAGE-(NUMBER)
 ----------------------------------------------------------------------------------------------------------
 Model                              1          2       10.506048                            2_GWT-(1,37,37)
 Model                              2          1  6.49345111E-08       *                    2_GWT-(1,41,32)
 ----------------------------------------------------------------------------------------------------------


 2 CALLS TO NUMERICAL SOLUTION IN TIME STEP 41 STRESS PERIOD 2
 3 TOTAL ITERATIONS
 
    Solving:  Stress period:     2    Time step:    42
 

 SLN_1 OUTER ITERATION SUMMARY
 ----------------------------------------------------------------------------------------------------------
                                OUTER      INNER                    STEP   MAXIMUM CHANGE MODEL-(CELLID) OR
 OUTER ITERATION STEP       ITERATION  ITERATION  MAXIMUM CHANGE SUCCESS             MODEL-PACKAGE-(NUMBER)
 ----------------------------------------------------------------------------------------------------------
 Model                              1          1  1.55631863E-04       *                     1_GWF-(1,2,88)
 ----------------------------------------------------------------------------------------------------------


 1 CALLS TO NUMERICAL SOLUTION IN TIME STEP 42 STRESS PERIOD 2
 1 TOTAL ITERATIONS

 SLN_2 OUTER ITERATION SUMMARY
 ----------------------------------------------------------------------------------------------------------
                                OUTER      INNER                    STEP   MAXIMUM CHANGE MODEL-(CELLID) OR
 OUTER ITERATION STEP       ITERATION  ITERATION  MAXIMUM CHANGE SUCCESS             MODEL-PACKAGE-(NUMBER)
 ----------------------------------------------------------------------------------------------------------
 Model                              1          2       10.258705                            2_GWT-(1,39,37)
 Model                              2          1  9.20582579E-08       *                    2_GWT-(1,40,34)
 ----------------------------------------------------------------------------------------------------------


 2 CALLS TO NUMERICAL SOLUTION IN TIME STEP 42 STRESS PERIOD 2
 3 TOTAL ITERATIONS
 
    Solving:  Stress period:     2    Time step:    43
 

 SLN_1 OUTER ITERATION SUMMARY
 ----------------------------------------------------------------------------------------------------------
                                OUTER      INNER                    STEP   MAXIMUM CHANGE MODEL-(CELLID) OR
 OUTER ITERATION STEP       ITERATION  ITERATION  MAXIMUM CHANGE SUCCESS             MODEL-PACKAGE-(NUMBER)
 ----------------------------------------------------------------------------------------------------------
 Model                              1          1 -1.57433531E-04       *                     1_GWF-(1,2,88)
 ----------------------------------------------------------------------------------------------------------


 1 CALLS TO NUMERICAL SOLUTION IN TIME STEP 43 STRESS PERIOD 2
 1 TOTAL ITERATIONS

 SLN_2 OUTER ITERATION SUMMARY
 ----------------------------------------------------------------------------------------------------------
                                OUTER      INNER                    STEP   MAXIMUM CHANGE MODEL-(CELLID) OR
 OUTER ITERATION STEP       ITERATION  ITERATION  MAXIMUM CHANGE SUCCESS             MODEL-PACKAGE-(NUMBER)
 ----------------------------------------------------------------------------------------------------------
 Model                              1          2       10.172495                            2_GWT-(1,38,38)
 Model                              2          1  6.96298343E-08       *                    2_GWT-(1,41,32)
 ----------------------------------------------------------------------------------------------------------


 2 CALLS TO NUMERICAL SOLUTION IN TIME STEP 43 STRESS PERIOD 2
 3 TOTAL ITERATIONS
 
    Solving:  Stress period:     2    Time step:    44
 

 SLN_1 OUTER ITERATION SUMMARY
 ----------------------------------------------------------------------------------------------------------
                                OUTER      INNER                    STEP   MAXIMUM CHANGE MODEL-(CELLID) OR
 OUTER ITERATION STEP       ITERATION  ITERATION  MAXIMUM CHANGE SUCCESS             MODEL-PACKAGE-(NUMBER)
 ----------------------------------------------------------------------------------------------------------
 Model                              1          1  1.54680936E-04       *                     1_GWF-(1,2,88)
 ----------------------------------------------------------------------------------------------------------


 1 CALLS TO NUMERICAL SOLUTION IN TIME STEP 44 STRESS PERIOD 2
 1 TOTAL ITERATIONS

 SLN_2 OUTER ITERATION SUMMARY
 ----------------------------------------------------------------------------------------------------------
                                OUTER      INNER                    STEP   MAXIMUM CHANGE MODEL-(CELLID) OR
 OUTER ITERATION STEP       ITERATION  ITERATION  MAXIMUM CHANGE SUCCESS             MODEL-PACKAGE-(NUMBER)
 ----------------------------------------------------------------------------------------------------------
 Model                              1          2       9.8763974                            2_GWT-(1,39,38)
 Model                              2          1  9.15258624E-08       *                    2_GWT-(1,40,34)
 ----------------------------------------------------------------------------------------------------------


 2 CALLS TO NUMERICAL SOLUTION IN TIME STEP 44 STRESS PERIOD 2
 3 TOTAL ITERATIONS
 
    Solving:  Stress period:     2    Time step:    45
 

 SLN_1 OUTER ITERATION SUMMARY
 ----------------------------------------------------------------------------------------------------------
                                OUTER      INNER                    STEP   MAXIMUM CHANGE MODEL-(CELLID) OR
 OUTER ITERATION STEP       ITERATION  ITERATION  MAXIMUM CHANGE SUCCESS             MODEL-PACKAGE-(NUMBER)
 ----------------------------------------------------------------------------------------------------------
 Model                              1          1 -1.56768640E-04       *                     1_GWF-(1,2,88)
 ----------------------------------------------------------------------------------------------------------


 1 CALLS TO NUMERICAL SOLUTION IN TIME STEP 45 STRESS PERIOD 2
 1 TOTAL ITERATIONS

 SLN_2 OUTER ITERATION SUMMARY
 ----------------------------------------------------------------------------------------------------------
                                OUTER      INNER                    STEP   MAXIMUM CHANGE MODEL-(CELLID) OR
 OUTER ITERATION STEP       ITERATION  ITERATION  MAXIMUM CHANGE SUCCESS             MODEL-PACKAGE-(NUMBER)
 ----------------------------------------------------------------------------------------------------------
 Model                              1          2       9.8728637                            2_GWT-(1,38,38)
 Model                              2          1  7.34574428E-08       *                    2_GWT-(1,41,32)
 ----------------------------------------------------------------------------------------------------------


 2 CALLS TO NUMERICAL SOLUTION IN TIME STEP 45 STRESS PERIOD 2
 3 TOTAL ITERATIONS
 
    Solving:  Stress period:     2    Time step:    46
 

 SLN_1 OUTER ITERATION SUMMARY
 ----------------------------------------------------------------------------------------------------------
                                OUTER      INNER                    STEP   MAXIMUM CHANGE MODEL-(CELLID) OR
 OUTER ITERATION STEP       ITERATION  ITERATION  MAXIMUM CHANGE SUCCESS             MODEL-PACKAGE-(NUMBER)
 ----------------------------------------------------------------------------------------------------------
 Model                              1          1  1.53733002E-04       *                     1_GWF-(1,2,88)
 ----------------------------------------------------------------------------------------------------------


 1 CALLS TO NUMERICAL SOLUTION IN TIME STEP 46 STRESS PERIOD 2
 1 TOTAL ITERATIONS

 SLN_2 OUTER ITERATION SUMMARY
 ----------------------------------------------------------------------------------------------------------
                                OUTER      INNER                    STEP   MAXIMUM CHANGE MODEL-(CELLID) OR
 OUTER ITERATION STEP       ITERATION  ITERATION  MAXIMUM CHANGE SUCCESS             MODEL-PACKAGE-(NUMBER)
 ----------------------------------------------------------------------------------------------------------
 Model                              1          2       9.5832610                            2_GWT-(1,38,39)
 Model                              2          1  9.08084985E-08       *                    2_GWT-(1,40,34)
 ----------------------------------------------------------------------------------------------------------


 2 CALLS TO NUMERICAL SOLUTION IN TIME STEP 46 STRESS PERIOD 2
 3 TOTAL ITERATIONS
 
    Solving:  Stress period:     2    Time step:    47
 

 SLN_1 OUTER ITERATION SUMMARY
 ----------------------------------------------------------------------------------------------------------
                                OUTER      INNER                    STEP   MAXIMUM CHANGE MODEL-(CELLID) OR
 OUTER ITERATION STEP       ITERATION  ITERATION  MAXIMUM CHANGE SUCCESS             MODEL-PACKAGE-(NUMBER)
 ----------------------------------------------------------------------------------------------------------
 Model                              1          1 -1.56111556E-04       *                     1_GWF-(1,2,88)
 ----------------------------------------------------------------------------------------------------------


 1 CALLS TO NUMERICAL SOLUTION IN TIME STEP 47 STRESS PERIOD 2
 1 TOTAL ITERATIONS

 SLN_2 OUTER ITERATION SUMMARY
 ----------------------------------------------------------------------------------------------------------
                                OUTER      INNER                    STEP   MAXIMUM CHANGE MODEL-(CELLID) OR
 OUTER ITERATION STEP       ITERATION  ITERATION  MAXIMUM CHANGE SUCCESS             MODEL-PACKAGE-(NUMBER)
 ----------------------------------------------------------------------------------------------------------
 Model                              1          2       9.5356397                            2_GWT-(1,38,39)
 Model                              2          1  7.64746346E-08       *                    2_GWT-(1,41,32)
 ----------------------------------------------------------------------------------------------------------


 2 CALLS TO NUMERICAL SOLUTION IN TIME STEP 47 STRESS PERIOD 2
 3 TOTAL ITERATIONS
 
    Solving:  Stress period:     2    Time step:    48
 

 SLN_1 OUTER ITERATION SUMMARY
 ----------------------------------------------------------------------------------------------------------
                                OUTER      INNER                    STEP   MAXIMUM CHANGE MODEL-(CELLID) OR
 OUTER ITERATION STEP       ITERATION  ITERATION  MAXIMUM CHANGE SUCCESS             MODEL-PACKAGE-(NUMBER)
 ----------------------------------------------------------------------------------------------------------
 Model                              1          1  1.52788018E-04       *                     1_GWF-(1,2,88)
 ----------------------------------------------------------------------------------------------------------


 1 CALLS TO NUMERICAL SOLUTION IN TIME STEP 48 STRESS PERIOD 2
 1 TOTAL ITERATIONS

 SLN_2 OUTER ITERATION SUMMARY
 ----------------------------------------------------------------------------------------------------------
                                OUTER      INNER                    STEP   MAXIMUM CHANGE MODEL-(CELLID) OR
 OUTER ITERATION STEP       ITERATION  ITERATION  MAXIMUM CHANGE SUCCESS             MODEL-PACKAGE-(NUMBER)
 ----------------------------------------------------------------------------------------------------------
 Model                              1          2       9.3253818                            2_GWT-(1,38,39)
 Model                              2          1  8.98387498E-08       *                    2_GWT-(1,40,34)
 ----------------------------------------------------------------------------------------------------------


 2 CALLS TO NUMERICAL SOLUTION IN TIME STEP 48 STRESS PERIOD 2
 3 TOTAL ITERATIONS
 
    Solving:  Stress period:     2    Time step:    49
 

 SLN_1 OUTER ITERATION SUMMARY
 ----------------------------------------------------------------------------------------------------------
                                OUTER      INNER                    STEP   MAXIMUM CHANGE MODEL-(CELLID) OR
 OUTER ITERATION STEP       ITERATION  ITERATION  MAXIMUM CHANGE SUCCESS             MODEL-PACKAGE-(NUMBER)
 ----------------------------------------------------------------------------------------------------------
 Model                              1          1 -1.55460048E-04       *                     1_GWF-(1,2,88)
 ----------------------------------------------------------------------------------------------------------


 1 CALLS TO NUMERICAL SOLUTION IN TIME STEP 49 STRESS PERIOD 2
 1 TOTAL ITERATIONS

 SLN_2 OUTER ITERATION SUMMARY
 ----------------------------------------------------------------------------------------------------------
                                OUTER      INNER                    STEP   MAXIMUM CHANGE MODEL-(CELLID) OR
 OUTER ITERATION STEP       ITERATION  ITERATION  MAXIMUM CHANGE SUCCESS             MODEL-PACKAGE-(NUMBER)
 ----------------------------------------------------------------------------------------------------------
 Model                              1          2       9.2518936                            2_GWT-(1,38,39)
 Model                              2          1  7.87121621E-08       *                    2_GWT-(1,41,32)
 ----------------------------------------------------------------------------------------------------------


 2 CALLS TO NUMERICAL SOLUTION IN TIME STEP 49 STRESS PERIOD 2
 3 TOTAL ITERATIONS
 
    Solving:  Stress period:     2    Time step:    50
 

 SLN_1 OUTER ITERATION SUMMARY
 ----------------------------------------------------------------------------------------------------------
                                OUTER      INNER                    STEP   MAXIMUM CHANGE MODEL-(CELLID) OR
 OUTER ITERATION STEP       ITERATION  ITERATION  MAXIMUM CHANGE SUCCESS             MODEL-PACKAGE-(NUMBER)
 ----------------------------------------------------------------------------------------------------------
 Model                              1          1  1.51845760E-04       *                     1_GWF-(1,2,88)
 ----------------------------------------------------------------------------------------------------------


 1 CALLS TO NUMERICAL SOLUTION IN TIME STEP 50 STRESS PERIOD 2
 1 TOTAL ITERATIONS

 SLN_2 OUTER ITERATION SUMMARY
 ----------------------------------------------------------------------------------------------------------
                                OUTER      INNER                    STEP   MAXIMUM CHANGE MODEL-(CELLID) OR
 OUTER ITERATION STEP       ITERATION  ITERATION  MAXIMUM CHANGE SUCCESS             MODEL-PACKAGE-(NUMBER)
 ----------------------------------------------------------------------------------------------------------
 Model                              1          2       9.0833070                            2_GWT-(1,38,40)
 Model                              2          1  8.85785880E-08       *                    2_GWT-(1,40,34)
 ----------------------------------------------------------------------------------------------------------


 2 CALLS TO NUMERICAL SOLUTION IN TIME STEP 50 STRESS PERIOD 2
 3 TOTAL ITERATIONS
 
    Solving:  Stress period:     2    Time step:    51
 

 SLN_1 OUTER ITERATION SUMMARY
 ----------------------------------------------------------------------------------------------------------
                                OUTER      INNER                    STEP   MAXIMUM CHANGE MODEL-(CELLID) OR
 OUTER ITERATION STEP       ITERATION  ITERATION  MAXIMUM CHANGE SUCCESS             MODEL-PACKAGE-(NUMBER)
 ----------------------------------------------------------------------------------------------------------
 Model                              1          1 -1.54811962E-04       *                     1_GWF-(1,2,88)
 ----------------------------------------------------------------------------------------------------------


 1 CALLS TO NUMERICAL SOLUTION IN TIME STEP 51 STRESS PERIOD 2
 1 TOTAL ITERATIONS

 SLN_2 OUTER ITERATION SUMMARY
 ----------------------------------------------------------------------------------------------------------
                                OUTER      INNER                    STEP   MAXIMUM CHANGE MODEL-(CELLID) OR
 OUTER ITERATION STEP       ITERATION  ITERATION  MAXIMUM CHANGE SUCCESS             MODEL-PACKAGE-(NUMBER)
 ----------------------------------------------------------------------------------------------------------
 Model                              1          2       8.9508341                            2_GWT-(1,38,40)
 Model                              2          1  8.02016871E-08       *                    2_GWT-(1,41,32)
 ----------------------------------------------------------------------------------------------------------


 2 CALLS TO NUMERICAL SOLUTION IN TIME STEP 51 STRESS PERIOD 2
 3 TOTAL ITERATIONS
 
    Solving:  Stress period:     2    Time step:    52
 

 SLN_1 OUTER ITERATION SUMMARY
 ----------------------------------------------------------------------------------------------------------
                                OUTER      INNER                    STEP   MAXIMUM CHANGE MODEL-(CELLID) OR
 OUTER ITERATION STEP       ITERATION  ITERATION  MAXIMUM CHANGE SUCCESS             MODEL-PACKAGE-(NUMBER)
 ----------------------------------------------------------------------------------------------------------
 Model                              1          1  1.50905891E-04       *                     1_GWF-(1,2,88)
 ----------------------------------------------------------------------------------------------------------


 1 CALLS TO NUMERICAL SOLUTION IN TIME STEP 52 STRESS PERIOD 2
 1 TOTAL ITERATIONS

 SLN_2 OUTER ITERATION SUMMARY
 ----------------------------------------------------------------------------------------------------------
                                OUTER      INNER                    STEP   MAXIMUM CHANGE MODEL-(CELLID) OR
 OUTER ITERATION STEP       ITERATION  ITERATION  MAXIMUM CHANGE SUCCESS             MODEL-PACKAGE-(NUMBER)
 ----------------------------------------------------------------------------------------------------------
 Model                              1          2       8.8426138                            2_GWT-(1,38,40)
 Model                              2          1  8.70151098E-08       *                    2_GWT-(1,40,34)
 ----------------------------------------------------------------------------------------------------------


 2 CALLS TO NUMERICAL SOLUTION IN TIME STEP 52 STRESS PERIOD 2
 3 TOTAL ITERATIONS
 
    Solving:  Stress period:     2    Time step:    53
 

 SLN_1 OUTER ITERATION SUMMARY
 ----------------------------------------------------------------------------------------------------------
                                OUTER      INNER                    STEP   MAXIMUM CHANGE MODEL-(CELLID) OR
 OUTER ITERATION STEP       ITERATION  ITERATION  MAXIMUM CHANGE SUCCESS             MODEL-PACKAGE-(NUMBER)
 ----------------------------------------------------------------------------------------------------------
 Model                              1          1 -1.54165275E-04       *                     1_GWF-(1,2,88)
 ----------------------------------------------------------------------------------------------------------


 1 CALLS TO NUMERICAL SOLUTION IN TIME STEP 53 STRESS PERIOD 2
 1 TOTAL ITERATIONS

 SLN_2 OUTER ITERATION SUMMARY
 ----------------------------------------------------------------------------------------------------------
                                OUTER      INNER                    STEP   MAXIMUM CHANGE MODEL-(CELLID) OR
 OUTER ITERATION STEP       ITERATION  ITERATION  MAXIMUM CHANGE SUCCESS             MODEL-PACKAGE-(NUMBER)
 ----------------------------------------------------------------------------------------------------------
 Model                              1          2       8.6820182                            2_GWT-(1,38,40)
 Model                              2          1  8.09935727E-08       *                    2_GWT-(1,41,32)
 ----------------------------------------------------------------------------------------------------------


 2 CALLS TO NUMERICAL SOLUTION IN TIME STEP 53 STRESS PERIOD 2
 3 TOTAL ITERATIONS
 
    Solving:  Stress period:     2    Time step:    54
 

 SLN_1 OUTER ITERATION SUMMARY
 ----------------------------------------------------------------------------------------------------------
                                OUTER      INNER                    STEP   MAXIMUM CHANGE MODEL-(CELLID) OR
 OUTER ITERATION STEP       ITERATION  ITERATION  MAXIMUM CHANGE SUCCESS             MODEL-PACKAGE-(NUMBER)
 ----------------------------------------------------------------------------------------------------------
 Model                              1          1  1.49968010E-04       *                     1_GWF-(1,2,88)
 ----------------------------------------------------------------------------------------------------------


 1 CALLS TO NUMERICAL SOLUTION IN TIME STEP 54 STRESS PERIOD 2
 1 TOTAL ITERATIONS

 SLN_2 OUTER ITERATION SUMMARY
 ----------------------------------------------------------------------------------------------------------
                                OUTER      INNER                    STEP   MAXIMUM CHANGE MODEL-(CELLID) OR
 OUTER ITERATION STEP       ITERATION  ITERATION  MAXIMUM CHANGE SUCCESS             MODEL-PACKAGE-(NUMBER)
 ----------------------------------------------------------------------------------------------------------
 Model                              1          2       8.5991032                            2_GWT-(1,38,41)
 Model                              2          1  8.51555342E-08       *                    2_GWT-(1,40,34)
 ----------------------------------------------------------------------------------------------------------


 2 CALLS TO NUMERICAL SOLUTION IN TIME STEP 54 STRESS PERIOD 2
 3 TOTAL ITERATIONS
 
    Solving:  Stress period:     2    Time step:    55
 

 SLN_1 OUTER ITERATION SUMMARY
 ----------------------------------------------------------------------------------------------------------
                                OUTER      INNER                    STEP   MAXIMUM CHANGE MODEL-(CELLID) OR
 OUTER ITERATION STEP       ITERATION  ITERATION  MAXIMUM CHANGE SUCCESS             MODEL-PACKAGE-(NUMBER)
 ----------------------------------------------------------------------------------------------------------
 Model                              1          1 -1.53518130E-04       *                     1_GWF-(1,2,88)
 ----------------------------------------------------------------------------------------------------------


 1 CALLS TO NUMERICAL SOLUTION IN TIME STEP 55 STRESS PERIOD 2
 1 TOTAL ITERATIONS

 SLN_2 OUTER ITERATION SUMMARY
 ----------------------------------------------------------------------------------------------------------
                                OUTER      INNER                    STEP   MAXIMUM CHANGE MODEL-(CELLID) OR
 OUTER ITERATION STEP       ITERATION  ITERATION  MAXIMUM CHANGE SUCCESS             MODEL-PACKAGE-(NUMBER)
 ----------------------------------------------------------------------------------------------------------
 Model                              1          2       8.4545401                            2_GWT-(1,38,41)
 Model                              2          1  8.11279506E-08       *                    2_GWT-(1,41,32)
 ----------------------------------------------------------------------------------------------------------


 2 CALLS TO NUMERICAL SOLUTION IN TIME STEP 55 STRESS PERIOD 2
 3 TOTAL ITERATIONS
 
    Solving:  Stress period:     2    Time step:    56
 

 SLN_1 OUTER ITERATION SUMMARY
 ----------------------------------------------------------------------------------------------------------
                                OUTER      INNER                    STEP   MAXIMUM CHANGE MODEL-(CELLID) OR
 OUTER ITERATION STEP       ITERATION  ITERATION  MAXIMUM CHANGE SUCCESS             MODEL-PACKAGE-(NUMBER)
 ----------------------------------------------------------------------------------------------------------
 Model                              1          1  1.49031695E-04       *                     1_GWF-(1,2,88)
 ----------------------------------------------------------------------------------------------------------


 1 CALLS TO NUMERICAL SOLUTION IN TIME STEP 56 STRESS PERIOD 2
 1 TOTAL ITERATIONS

 SLN_2 OUTER ITERATION SUMMARY
 ----------------------------------------------------------------------------------------------------------
                                OUTER      INNER                    STEP   MAXIMUM CHANGE MODEL-(CELLID) OR
 OUTER ITERATION STEP       ITERATION  ITERATION  MAXIMUM CHANGE SUCCESS             MODEL-PACKAGE-(NUMBER)
 ----------------------------------------------------------------------------------------------------------
 Model                              1          2       8.3712636                            2_GWT-(1,38,41)
 Model                              2          1  8.30206659E-08       *                    2_GWT-(1,40,34)
 ----------------------------------------------------------------------------------------------------------


 2 CALLS TO NUMERICAL SOLUTION IN TIME STEP 56 STRESS PERIOD 2
 3 TOTAL ITERATIONS
 
    Solving:  Stress period:     2    Time step:    57
 

 SLN_1 OUTER ITERATION SUMMARY
 ----------------------------------------------------------------------------------------------------------
                                OUTER      INNER                    STEP   MAXIMUM CHANGE MODEL-(CELLID) OR
 OUTER ITERATION STEP       ITERATION  ITERATION  MAXIMUM CHANGE SUCCESS             MODEL-PACKAGE-(NUMBER)
 ----------------------------------------------------------------------------------------------------------
 Model                              1          1 -1.52868860E-04       *                     1_GWF-(1,2,88)
 ----------------------------------------------------------------------------------------------------------


 1 CALLS TO NUMERICAL SOLUTION IN TIME STEP 57 STRESS PERIOD 2
 1 TOTAL ITERATIONS

 SLN_2 OUTER ITERATION SUMMARY
 ----------------------------------------------------------------------------------------------------------
                                OUTER      INNER                    STEP   MAXIMUM CHANGE MODEL-(CELLID) OR
 OUTER ITERATION STEP       ITERATION  ITERATION  MAXIMUM CHANGE SUCCESS             MODEL-PACKAGE-(NUMBER)
 ----------------------------------------------------------------------------------------------------------
 Model                              1          2       8.2210962                            2_GWT-(1,38,42)
 Model                              2          1  8.06689968E-08       *                    2_GWT-(1,41,32)
 ----------------------------------------------------------------------------------------------------------


 2 CALLS TO NUMERICAL SOLUTION IN TIME STEP 57 STRESS PERIOD 2
 3 TOTAL ITERATIONS
 
    Solving:  Stress period:     2    Time step:    58
 

 SLN_1 OUTER ITERATION SUMMARY
 ----------------------------------------------------------------------------------------------------------
                                OUTER      INNER                    STEP   MAXIMUM CHANGE MODEL-(CELLID) OR
 OUTER ITERATION STEP       ITERATION  ITERATION  MAXIMUM CHANGE SUCCESS             MODEL-PACKAGE-(NUMBER)
 ----------------------------------------------------------------------------------------------------------
 Model                              1          1  1.48096524E-04       *                     1_GWF-(1,2,88)
 ----------------------------------------------------------------------------------------------------------


 1 CALLS TO NUMERICAL SOLUTION IN TIME STEP 58 STRESS PERIOD 2
 1 TOTAL ITERATIONS

 SLN_2 OUTER ITERATION SUMMARY
 ----------------------------------------------------------------------------------------------------------
                                OUTER      INNER                    STEP   MAXIMUM CHANGE MODEL-(CELLID) OR
 OUTER ITERATION STEP       ITERATION  ITERATION  MAXIMUM CHANGE SUCCESS             MODEL-PACKAGE-(NUMBER)
 ----------------------------------------------------------------------------------------------------------
 Model                              1          2       8.1392224                            2_GWT-(1,38,42)
 Model                              2          1  8.06381877E-08       *                    2_GWT-(1,40,34)
 ----------------------------------------------------------------------------------------------------------


 2 CALLS TO NUMERICAL SOLUTION IN TIME STEP 58 STRESS PERIOD 2
 3 TOTAL ITERATIONS
 
    Solving:  Stress period:     2    Time step:    59
 

 SLN_1 OUTER ITERATION SUMMARY
 ----------------------------------------------------------------------------------------------------------
                                OUTER      INNER                    STEP   MAXIMUM CHANGE MODEL-(CELLID) OR
 OUTER ITERATION STEP       ITERATION  ITERATION  MAXIMUM CHANGE SUCCESS             MODEL-PACKAGE-(NUMBER)
 ----------------------------------------------------------------------------------------------------------
 Model                              1          1 -1.52215995E-04       *                     1_GWF-(1,2,88)
 ----------------------------------------------------------------------------------------------------------


 1 CALLS TO NUMERICAL SOLUTION IN TIME STEP 59 STRESS PERIOD 2
 1 TOTAL ITERATIONS

 SLN_2 OUTER ITERATION SUMMARY
 ----------------------------------------------------------------------------------------------------------
                                OUTER      INNER                    STEP   MAXIMUM CHANGE MODEL-(CELLID) OR
 OUTER ITERATION STEP       ITERATION  ITERATION  MAXIMUM CHANGE SUCCESS             MODEL-PACKAGE-(NUMBER)
 ----------------------------------------------------------------------------------------------------------
 Model                              1          2       8.0239513                            2_GWT-(1,38,42)
 Model                              2          1  7.96778750E-08       *                    2_GWT-(1,41,32)
 ----------------------------------------------------------------------------------------------------------


 2 CALLS TO NUMERICAL SOLUTION IN TIME STEP 59 STRESS PERIOD 2
 3 TOTAL ITERATIONS
 
    Solving:  Stress period:     2    Time step:    60
 

 SLN_1 OUTER ITERATION SUMMARY
 ----------------------------------------------------------------------------------------------------------
                                OUTER      INNER                    STEP   MAXIMUM CHANGE MODEL-(CELLID) OR
 OUTER ITERATION STEP       ITERATION  ITERATION  MAXIMUM CHANGE SUCCESS             MODEL-PACKAGE-(NUMBER)
 ----------------------------------------------------------------------------------------------------------
 Model                              1          1  1.47162103E-04       *                     1_GWF-(1,2,88)
 ----------------------------------------------------------------------------------------------------------


 1 CALLS TO NUMERICAL SOLUTION IN TIME STEP 60 STRESS PERIOD 2
 1 TOTAL ITERATIONS

 SLN_2 OUTER ITERATION SUMMARY
 ----------------------------------------------------------------------------------------------------------
                                OUTER      INNER                    STEP   MAXIMUM CHANGE MODEL-(CELLID) OR
 OUTER ITERATION STEP       ITERATION  ITERATION  MAXIMUM CHANGE SUCCESS             MODEL-PACKAGE-(NUMBER)
 ----------------------------------------------------------------------------------------------------------
 Model                              1          2       7.9220615                            2_GWT-(1,38,42)
 Model                              2          1  7.80445930E-08       *                    2_GWT-(1,40,34)
 ----------------------------------------------------------------------------------------------------------


 2 CALLS TO NUMERICAL SOLUTION IN TIME STEP 60 STRESS PERIOD 2
 3 TOTAL ITERATIONS
 
    Solving:  Stress period:     2    Time step:    61
 

 SLN_1 OUTER ITERATION SUMMARY
 ----------------------------------------------------------------------------------------------------------
                                OUTER      INNER                    STEP   MAXIMUM CHANGE MODEL-(CELLID) OR
 OUTER ITERATION STEP       ITERATION  ITERATION  MAXIMUM CHANGE SUCCESS             MODEL-PACKAGE-(NUMBER)
 ----------------------------------------------------------------------------------------------------------
 Model                              1          1 -1.51558258E-04       *                     1_GWF-(1,2,88)
 ----------------------------------------------------------------------------------------------------------


 1 CALLS TO NUMERICAL SOLUTION IN TIME STEP 61 STRESS PERIOD 2
 1 TOTAL ITERATIONS

 SLN_2 OUTER ITERATION SUMMARY
 ----------------------------------------------------------------------------------------------------------
                                OUTER      INNER                    STEP   MAXIMUM CHANGE MODEL-(CELLID) OR
 OUTER ITERATION STEP       ITERATION  ITERATION  MAXIMUM CHANGE SUCCESS             MODEL-PACKAGE-(NUMBER)
 ----------------------------------------------------------------------------------------------------------
 Model                              1          2       7.8172332                            2_GWT-(1,38,43)
 Model                              2          1  7.82205234E-08       *                    2_GWT-(1,41,32)
 ----------------------------------------------------------------------------------------------------------


 2 CALLS TO NUMERICAL SOLUTION IN TIME STEP 61 STRESS PERIOD 2
 3 TOTAL ITERATIONS
 
    Solving:  Stress period:     2    Time step:    62
 

 SLN_1 OUTER ITERATION SUMMARY
 ----------------------------------------------------------------------------------------------------------
                                OUTER      INNER                    STEP   MAXIMUM CHANGE MODEL-(CELLID) OR
 OUTER ITERATION STEP       ITERATION  ITERATION  MAXIMUM CHANGE SUCCESS             MODEL-PACKAGE-(NUMBER)
 ----------------------------------------------------------------------------------------------------------
 Model                              1          1  1.46228072E-04       *                     1_GWF-(1,2,88)
 ----------------------------------------------------------------------------------------------------------


 1 CALLS TO NUMERICAL SOLUTION IN TIME STEP 62 STRESS PERIOD 2
 1 TOTAL ITERATIONS

 SLN_2 OUTER ITERATION SUMMARY
 ----------------------------------------------------------------------------------------------------------
                                OUTER      INNER                    STEP   MAXIMUM CHANGE MODEL-(CELLID) OR
 OUTER ITERATION STEP       ITERATION  ITERATION  MAXIMUM CHANGE SUCCESS             MODEL-PACKAGE-(NUMBER)
 ----------------------------------------------------------------------------------------------------------
 Model                              1          2       7.7215115                            2_GWT-(1,38,43)
 Model                              2          1 -7.52955884E-08       *                    2_GWT-(1,41,32)
 ----------------------------------------------------------------------------------------------------------


 2 CALLS TO NUMERICAL SOLUTION IN TIME STEP 62 STRESS PERIOD 2
 3 TOTAL ITERATIONS
 
    Solving:  Stress period:     2    Time step:    63
 

 SLN_1 OUTER ITERATION SUMMARY
 ----------------------------------------------------------------------------------------------------------
                                OUTER      INNER                    STEP   MAXIMUM CHANGE MODEL-(CELLID) OR
 OUTER ITERATION STEP       ITERATION  ITERATION  MAXIMUM CHANGE SUCCESS             MODEL-PACKAGE-(NUMBER)
 ----------------------------------------------------------------------------------------------------------
 Model                              1          1 -1.50894569E-04       *                     1_GWF-(1,2,88)
 ----------------------------------------------------------------------------------------------------------


 1 CALLS TO NUMERICAL SOLUTION IN TIME STEP 63 STRESS PERIOD 2
 1 TOTAL ITERATIONS

 SLN_2 OUTER ITERATION SUMMARY
 ----------------------------------------------------------------------------------------------------------
                                OUTER      INNER                    STEP   MAXIMUM CHANGE MODEL-(CELLID) OR
 OUTER ITERATION STEP       ITERATION  ITERATION  MAXIMUM CHANGE SUCCESS             MODEL-PACKAGE-(NUMBER)
 ----------------------------------------------------------------------------------------------------------
 Model                              1          2       7.6291340                            2_GWT-(1,38,43)
 Model                              2          1  7.63649268E-08       *                    2_GWT-(1,41,32)
 ----------------------------------------------------------------------------------------------------------


 2 CALLS TO NUMERICAL SOLUTION IN TIME STEP 63 STRESS PERIOD 2
 3 TOTAL ITERATIONS
 
    Solving:  Stress period:     2    Time step:    64
 

 SLN_1 OUTER ITERATION SUMMARY
 ----------------------------------------------------------------------------------------------------------
                                OUTER      INNER                    STEP   MAXIMUM CHANGE MODEL-(CELLID) OR
 OUTER ITERATION STEP       ITERATION  ITERATION  MAXIMUM CHANGE SUCCESS             MODEL-PACKAGE-(NUMBER)
 ----------------------------------------------------------------------------------------------------------
 Model                              1          1  1.45294120E-04       *                     1_GWF-(1,2,88)
 ----------------------------------------------------------------------------------------------------------


 1 CALLS TO NUMERICAL SOLUTION IN TIME STEP 64 STRESS PERIOD 2
 1 TOTAL ITERATIONS

 SLN_2 OUTER ITERATION SUMMARY
 ----------------------------------------------------------------------------------------------------------
                                OUTER      INNER                    STEP   MAXIMUM CHANGE MODEL-(CELLID) OR
 OUTER ITERATION STEP       ITERATION  ITERATION  MAXIMUM CHANGE SUCCESS             MODEL-PACKAGE-(NUMBER)
 ----------------------------------------------------------------------------------------------------------
 Model                              1          2       7.5148655                            2_GWT-(1,38,43)
 Model                              2          1 -7.30602778E-08       *                    2_GWT-(1,41,32)
 ----------------------------------------------------------------------------------------------------------


 2 CALLS TO NUMERICAL SOLUTION IN TIME STEP 64 STRESS PERIOD 2
 3 TOTAL ITERATIONS
 
    Solving:  Stress period:     2    Time step:    65
 

 SLN_1 OUTER ITERATION SUMMARY
 ----------------------------------------------------------------------------------------------------------
                                OUTER      INNER                    STEP   MAXIMUM CHANGE MODEL-(CELLID) OR
 OUTER ITERATION STEP       ITERATION  ITERATION  MAXIMUM CHANGE SUCCESS             MODEL-PACKAGE-(NUMBER)
 ----------------------------------------------------------------------------------------------------------
 Model                              1          1 -1.50224029E-04       *                     1_GWF-(1,2,88)
 ----------------------------------------------------------------------------------------------------------


 1 CALLS TO NUMERICAL SOLUTION IN TIME STEP 65 STRESS PERIOD 2
 1 TOTAL ITERATIONS

 SLN_2 OUTER ITERATION SUMMARY
 ----------------------------------------------------------------------------------------------------------
                                OUTER      INNER                    STEP   MAXIMUM CHANGE MODEL-(CELLID) OR
 OUTER ITERATION STEP       ITERATION  ITERATION  MAXIMUM CHANGE SUCCESS             MODEL-PACKAGE-(NUMBER)
 ----------------------------------------------------------------------------------------------------------
 Model                              1          2       7.4397578                            2_GWT-(1,38,44)
 Model                              2          1  7.41800932E-08       *                    2_GWT-(1,41,32)
 ----------------------------------------------------------------------------------------------------------


 2 CALLS TO NUMERICAL SOLUTION IN TIME STEP 65 STRESS PERIOD 2
 3 TOTAL ITERATIONS
 
    Solving:  Stress period:     2    Time step:    66
 

 SLN_1 OUTER ITERATION SUMMARY
 ----------------------------------------------------------------------------------------------------------
                                OUTER      INNER                    STEP   MAXIMUM CHANGE MODEL-(CELLID) OR
 OUTER ITERATION STEP       ITERATION  ITERATION  MAXIMUM CHANGE SUCCESS             MODEL-PACKAGE-(NUMBER)
 ----------------------------------------------------------------------------------------------------------
 Model                              1          1  1.44359985E-04       *                     1_GWF-(1,2,88)
 ----------------------------------------------------------------------------------------------------------


 1 CALLS TO NUMERICAL SOLUTION IN TIME STEP 66 STRESS PERIOD 2
 1 TOTAL ITERATIONS

 SLN_2 OUTER ITERATION SUMMARY
 ----------------------------------------------------------------------------------------------------------
                                OUTER      INNER                    STEP   MAXIMUM CHANGE MODEL-(CELLID) OR
 OUTER ITERATION STEP       ITERATION  ITERATION  MAXIMUM CHANGE SUCCESS             MODEL-PACKAGE-(NUMBER)
 ----------------------------------------------------------------------------------------------------------
 Model                              1          2       7.3470514                            2_GWT-(1,38,44)
 Model                              2          1 -7.06567107E-08       *                    2_GWT-(1,41,32)
 ----------------------------------------------------------------------------------------------------------


 2 CALLS TO NUMERICAL SOLUTION IN TIME STEP 66 STRESS PERIOD 2
 3 TOTAL ITERATIONS
 
    Solving:  Stress period:     2    Time step:    67
 

 SLN_1 OUTER ITERATION SUMMARY
 ----------------------------------------------------------------------------------------------------------
                                OUTER      INNER                    STEP   MAXIMUM CHANGE MODEL-(CELLID) OR
 OUTER ITERATION STEP       ITERATION  ITERATION  MAXIMUM CHANGE SUCCESS             MODEL-PACKAGE-(NUMBER)
 ----------------------------------------------------------------------------------------------------------
 Model                              1          1 -1.49545913E-04       *                     1_GWF-(1,2,88)
 ----------------------------------------------------------------------------------------------------------


 1 CALLS TO NUMERICAL SOLUTION IN TIME STEP 67 STRESS PERIOD 2
 1 TOTAL ITERATIONS

 SLN_2 OUTER ITERATION SUMMARY
 ----------------------------------------------------------------------------------------------------------
                                OUTER      INNER                    STEP   MAXIMUM CHANGE MODEL-(CELLID) OR
 OUTER ITERATION STEP       ITERATION  ITERATION  MAXIMUM CHANGE SUCCESS             MODEL-PACKAGE-(NUMBER)
 ----------------------------------------------------------------------------------------------------------
 Model                              1          2       7.2595321                            2_GWT-(1,38,44)
 Model                              2          1  7.17358262E-08       *                    2_GWT-(1,41,32)
 ----------------------------------------------------------------------------------------------------------


 2 CALLS TO NUMERICAL SOLUTION IN TIME STEP 67 STRESS PERIOD 2
 3 TOTAL ITERATIONS
 
    Solving:  Stress period:     2    Time step:    68
 

 SLN_1 OUTER ITERATION SUMMARY
 ----------------------------------------------------------------------------------------------------------
                                OUTER      INNER                    STEP   MAXIMUM CHANGE MODEL-(CELLID) OR
 OUTER ITERATION STEP       ITERATION  ITERATION  MAXIMUM CHANGE SUCCESS             MODEL-PACKAGE-(NUMBER)
 ----------------------------------------------------------------------------------------------------------
 Model                              1          1  1.43425460E-04       *                     1_GWF-(1,2,88)
 ----------------------------------------------------------------------------------------------------------


 1 CALLS TO NUMERICAL SOLUTION IN TIME STEP 68 STRESS PERIOD 2
 1 TOTAL ITERATIONS

 SLN_2 OUTER ITERATION SUMMARY
 ----------------------------------------------------------------------------------------------------------
                                OUTER      INNER                    STEP   MAXIMUM CHANGE MODEL-(CELLID) OR
 OUTER ITERATION STEP       ITERATION  ITERATION  MAXIMUM CHANGE SUCCESS             MODEL-PACKAGE-(NUMBER)
 ----------------------------------------------------------------------------------------------------------
 Model                              1          2       7.1641885                            2_GWT-(1,38,45)
 Model                              2          1 -6.81191068E-08       *                    2_GWT-(1,41,32)
 ----------------------------------------------------------------------------------------------------------


 2 CALLS TO NUMERICAL SOLUTION IN TIME STEP 68 STRESS PERIOD 2
 3 TOTAL ITERATIONS
 
    Solving:  Stress period:     2    Time step:    69
 

 SLN_1 OUTER ITERATION SUMMARY
 ----------------------------------------------------------------------------------------------------------
                                OUTER      INNER                    STEP   MAXIMUM CHANGE MODEL-(CELLID) OR
 OUTER ITERATION STEP       ITERATION  ITERATION  MAXIMUM CHANGE SUCCESS             MODEL-PACKAGE-(NUMBER)
 ----------------------------------------------------------------------------------------------------------
 Model                              1          1 -1.48859653E-04       *                     1_GWF-(1,2,88)
 ----------------------------------------------------------------------------------------------------------


 1 CALLS TO NUMERICAL SOLUTION IN TIME STEP 69 STRESS PERIOD 2
 1 TOTAL ITERATIONS

 SLN_2 OUTER ITERATION SUMMARY
 ----------------------------------------------------------------------------------------------------------
                                OUTER      INNER                    STEP   MAXIMUM CHANGE MODEL-(CELLID) OR
 OUTER ITERATION STEP       ITERATION  ITERATION  MAXIMUM CHANGE SUCCESS             MODEL-PACKAGE-(NUMBER)
 ----------------------------------------------------------------------------------------------------------
 Model                              1          2       7.0900836                            2_GWT-(1,38,45)
 Model                              2          1  6.90959041E-08       *                    2_GWT-(1,41,32)
 ----------------------------------------------------------------------------------------------------------


 2 CALLS TO NUMERICAL SOLUTION IN TIME STEP 69 STRESS PERIOD 2
 3 TOTAL ITERATIONS
 
    Solving:  Stress period:     2    Time step:    70
 

 SLN_1 OUTER ITERATION SUMMARY
 ----------------------------------------------------------------------------------------------------------
                                OUTER      INNER                    STEP   MAXIMUM CHANGE MODEL-(CELLID) OR
 OUTER ITERATION STEP       ITERATION  ITERATION  MAXIMUM CHANGE SUCCESS             MODEL-PACKAGE-(NUMBER)
 ----------------------------------------------------------------------------------------------------------
 Model                              1          1  1.42490389E-04       *                     1_GWF-(1,2,88)
 ----------------------------------------------------------------------------------------------------------


 1 CALLS TO NUMERICAL SOLUTION IN TIME STEP 70 STRESS PERIOD 2
 1 TOTAL ITERATIONS

 SLN_2 OUTER ITERATION SUMMARY
 ----------------------------------------------------------------------------------------------------------
                                OUTER      INNER                    STEP   MAXIMUM CHANGE MODEL-(CELLID) OR
 OUTER ITERATION STEP       ITERATION  ITERATION  MAXIMUM CHANGE SUCCESS             MODEL-PACKAGE-(NUMBER)
 ----------------------------------------------------------------------------------------------------------
 Model                              1          2       7.0061025                            2_GWT-(1,38,45)
 Model                              2          1 -6.54822543E-08       *                    2_GWT-(1,41,32)
 ----------------------------------------------------------------------------------------------------------


 2 CALLS TO NUMERICAL SOLUTION IN TIME STEP 70 STRESS PERIOD 2
 3 TOTAL ITERATIONS
 
    Solving:  Stress period:     2    Time step:    71
 

 SLN_1 OUTER ITERATION SUMMARY
 ----------------------------------------------------------------------------------------------------------
                                OUTER      INNER                    STEP   MAXIMUM CHANGE MODEL-(CELLID) OR
 OUTER ITERATION STEP       ITERATION  ITERATION  MAXIMUM CHANGE SUCCESS             MODEL-PACKAGE-(NUMBER)
 ----------------------------------------------------------------------------------------------------------
 Model                              1          1 -1.48164827E-04       *                     1_GWF-(1,2,88)
 ----------------------------------------------------------------------------------------------------------


 1 CALLS TO NUMERICAL SOLUTION IN TIME STEP 71 STRESS PERIOD 2
 1 TOTAL ITERATIONS

 SLN_2 OUTER ITERATION SUMMARY
 ----------------------------------------------------------------------------------------------------------
                                OUTER      INNER                    STEP   MAXIMUM CHANGE MODEL-(CELLID) OR
 OUTER ITERATION STEP       ITERATION  ITERATION  MAXIMUM CHANGE SUCCESS             MODEL-PACKAGE-(NUMBER)
 ----------------------------------------------------------------------------------------------------------
 Model                              1          2       6.9171942                            2_GWT-(1,38,45)
 Model                              2          1  6.63163746E-08       *                    2_GWT-(1,41,32)
 ----------------------------------------------------------------------------------------------------------


 2 CALLS TO NUMERICAL SOLUTION IN TIME STEP 71 STRESS PERIOD 2
 3 TOTAL ITERATIONS
 
    Solving:  Stress period:     2    Time step:    72
 

 SLN_1 OUTER ITERATION SUMMARY
 ----------------------------------------------------------------------------------------------------------
                                OUTER      INNER                    STEP   MAXIMUM CHANGE MODEL-(CELLID) OR
 OUTER ITERATION STEP       ITERATION  ITERATION  MAXIMUM CHANGE SUCCESS             MODEL-PACKAGE-(NUMBER)
 ----------------------------------------------------------------------------------------------------------
 Model                              1          1  1.41554671E-04       *                     1_GWF-(1,2,88)
 ----------------------------------------------------------------------------------------------------------


 1 CALLS TO NUMERICAL SOLUTION IN TIME STEP 72 STRESS PERIOD 2
 1 TOTAL ITERATIONS

 SLN_2 OUTER ITERATION SUMMARY
 ----------------------------------------------------------------------------------------------------------
                                OUTER      INNER                    STEP   MAXIMUM CHANGE MODEL-(CELLID) OR
 OUTER ITERATION STEP       ITERATION  ITERATION  MAXIMUM CHANGE SUCCESS             MODEL-PACKAGE-(NUMBER)
 ----------------------------------------------------------------------------------------------------------
 Model                              1          2       6.8430797                            2_GWT-(1,38,46)
 Model                              2          1 -6.27800318E-08       *                    2_GWT-(1,41,32)
 ----------------------------------------------------------------------------------------------------------


 2 CALLS TO NUMERICAL SOLUTION IN TIME STEP 72 STRESS PERIOD 2
 3 TOTAL ITERATIONS
 
    Solving:  Stress period:     2    Time step:    73
 

 SLN_1 OUTER ITERATION SUMMARY
 ----------------------------------------------------------------------------------------------------------
                                OUTER      INNER                    STEP   MAXIMUM CHANGE MODEL-(CELLID) OR
 OUTER ITERATION STEP       ITERATION  ITERATION  MAXIMUM CHANGE SUCCESS             MODEL-PACKAGE-(NUMBER)
 ----------------------------------------------------------------------------------------------------------
 Model                              1          1 -1.47461147E-04       *                     1_GWF-(1,2,88)
 ----------------------------------------------------------------------------------------------------------


 1 CALLS TO NUMERICAL SOLUTION IN TIME STEP 73 STRESS PERIOD 2
 1 TOTAL ITERATIONS

 SLN_2 OUTER ITERATION SUMMARY
 ----------------------------------------------------------------------------------------------------------
                                OUTER      INNER                    STEP   MAXIMUM CHANGE MODEL-(CELLID) OR
 OUTER ITERATION STEP       ITERATION  ITERATION  MAXIMUM CHANGE SUCCESS             MODEL-PACKAGE-(NUMBER)
 ----------------------------------------------------------------------------------------------------------
 Model                              1          2       6.7692681                            2_GWT-(1,38,46)
 Model                              2          1  6.34404387E-08       *                    2_GWT-(1,41,32)
 ----------------------------------------------------------------------------------------------------------


 2 CALLS TO NUMERICAL SOLUTION IN TIME STEP 73 STRESS PERIOD 2
 3 TOTAL ITERATIONS
 
    Solving:  Stress period:     2    Time step:    74
 

 SLN_1 OUTER ITERATION SUMMARY
 ----------------------------------------------------------------------------------------------------------
                                OUTER      INNER                    STEP   MAXIMUM CHANGE MODEL-(CELLID) OR
 OUTER ITERATION STEP       ITERATION  ITERATION  MAXIMUM CHANGE SUCCESS             MODEL-PACKAGE-(NUMBER)
 ----------------------------------------------------------------------------------------------------------
 Model                              1          1  1.40618250E-04       *                     1_GWF-(1,2,88)
 ----------------------------------------------------------------------------------------------------------


 1 CALLS TO NUMERICAL SOLUTION IN TIME STEP 74 STRESS PERIOD 2
 1 TOTAL ITERATIONS

 SLN_2 OUTER ITERATION SUMMARY
 ----------------------------------------------------------------------------------------------------------
                                OUTER      INNER                    STEP   MAXIMUM CHANGE MODEL-(CELLID) OR
 OUTER ITERATION STEP       ITERATION  ITERATION  MAXIMUM CHANGE SUCCESS             MODEL-PACKAGE-(NUMBER)
 ----------------------------------------------------------------------------------------------------------
 Model                              1          2       6.6905545                            2_GWT-(1,38,46)
 Model                              2          1 -6.00408612E-08       *                    2_GWT-(1,41,32)
 ----------------------------------------------------------------------------------------------------------


 2 CALLS TO NUMERICAL SOLUTION IN TIME STEP 74 STRESS PERIOD 2
 3 TOTAL ITERATIONS
 
    Solving:  Stress period:     2    Time step:    75
 

 SLN_1 OUTER ITERATION SUMMARY
 ----------------------------------------------------------------------------------------------------------
                                OUTER      INNER                    STEP   MAXIMUM CHANGE MODEL-(CELLID) OR
 OUTER ITERATION STEP       ITERATION  ITERATION  MAXIMUM CHANGE SUCCESS             MODEL-PACKAGE-(NUMBER)
 ----------------------------------------------------------------------------------------------------------
 Model                              1          1 -1.46748438E-04       *                     1_GWF-(1,2,88)
 ----------------------------------------------------------------------------------------------------------


 1 CALLS TO NUMERICAL SOLUTION IN TIME STEP 75 STRESS PERIOD 2
 1 TOTAL ITERATIONS

 SLN_2 OUTER ITERATION SUMMARY
 ----------------------------------------------------------------------------------------------------------
                                OUTER      INNER                    STEP   MAXIMUM CHANGE MODEL-(CELLID) OR
 OUTER ITERATION STEP       ITERATION  ITERATION  MAXIMUM CHANGE SUCCESS             MODEL-PACKAGE-(NUMBER)
 ----------------------------------------------------------------------------------------------------------
 Model                              1          2       6.6090694                            2_GWT-(1,38,47)
 Model                              2          1  6.05151627E-08       *                    2_GWT-(1,41,32)
 ----------------------------------------------------------------------------------------------------------


 2 CALLS TO NUMERICAL SOLUTION IN TIME STEP 75 STRESS PERIOD 2
 3 TOTAL ITERATIONS
 
    Solving:  Stress period:     2    Time step:    76
 

 SLN_1 OUTER ITERATION SUMMARY
 ----------------------------------------------------------------------------------------------------------
                                OUTER      INNER                    STEP   MAXIMUM CHANGE MODEL-(CELLID) OR
 OUTER ITERATION STEP       ITERATION  ITERATION  MAXIMUM CHANGE SUCCESS             MODEL-PACKAGE-(NUMBER)
 ----------------------------------------------------------------------------------------------------------
 Model                              1          1  1.39681120E-04       *                     1_GWF-(1,2,88)
 ----------------------------------------------------------------------------------------------------------


 1 CALLS TO NUMERICAL SOLUTION IN TIME STEP 76 STRESS PERIOD 2
 1 TOTAL ITERATIONS

 SLN_2 OUTER ITERATION SUMMARY
 ----------------------------------------------------------------------------------------------------------
                                OUTER      INNER                    STEP   MAXIMUM CHANGE MODEL-(CELLID) OR
 OUTER ITERATION STEP       ITERATION  ITERATION  MAXIMUM CHANGE SUCCESS             MODEL-PACKAGE-(NUMBER)
 ----------------------------------------------------------------------------------------------------------
 Model                              1          2       6.5449065                            2_GWT-(1,38,47)
 Model                              2          1 -5.72928229E-08       *                    2_GWT-(1,41,32)
 ----------------------------------------------------------------------------------------------------------


 2 CALLS TO NUMERICAL SOLUTION IN TIME STEP 76 STRESS PERIOD 2
 3 TOTAL ITERATIONS
 
    Solving:  Stress period:     2    Time step:    77
 

 SLN_1 OUTER ITERATION SUMMARY
 ----------------------------------------------------------------------------------------------------------
                                OUTER      INNER                    STEP   MAXIMUM CHANGE MODEL-(CELLID) OR
 OUTER ITERATION STEP       ITERATION  ITERATION  MAXIMUM CHANGE SUCCESS             MODEL-PACKAGE-(NUMBER)
 ----------------------------------------------------------------------------------------------------------
 Model                              1          1 -1.46026636E-04       *                     1_GWF-(1,2,88)
 ----------------------------------------------------------------------------------------------------------


 1 CALLS TO NUMERICAL SOLUTION IN TIME STEP 77 STRESS PERIOD 2
 1 TOTAL ITERATIONS

 SLN_2 OUTER ITERATION SUMMARY
 ----------------------------------------------------------------------------------------------------------
                                OUTER      INNER                    STEP   MAXIMUM CHANGE MODEL-(CELLID) OR
 OUTER ITERATION STEP       ITERATION  ITERATION  MAXIMUM CHANGE SUCCESS             MODEL-PACKAGE-(NUMBER)
 ----------------------------------------------------------------------------------------------------------
 Model                              1          2       6.4742024                            2_GWT-(1,38,47)
 Model                              2          1  5.75889771E-08       *                    2_GWT-(1,41,32)
 ----------------------------------------------------------------------------------------------------------


 2 CALLS TO NUMERICAL SOLUTION IN TIME STEP 77 STRESS PERIOD 2
 3 TOTAL ITERATIONS
 
    Solving:  Stress period:     2    Time step:    78
 

 SLN_1 OUTER ITERATION SUMMARY
 ----------------------------------------------------------------------------------------------------------
                                OUTER      INNER                    STEP   MAXIMUM CHANGE MODEL-(CELLID) OR
 OUTER ITERATION STEP       ITERATION  ITERATION  MAXIMUM CHANGE SUCCESS             MODEL-PACKAGE-(NUMBER)
 ----------------------------------------------------------------------------------------------------------
 Model                              1          1  1.38743313E-04       *                     1_GWF-(1,2,88)
 ----------------------------------------------------------------------------------------------------------


 1 CALLS TO NUMERICAL SOLUTION IN TIME STEP 78 STRESS PERIOD 2
 1 TOTAL ITERATIONS

 SLN_2 OUTER ITERATION SUMMARY
 ----------------------------------------------------------------------------------------------------------
                                OUTER      INNER                    STEP   MAXIMUM CHANGE MODEL-(CELLID) OR
 OUTER ITERATION STEP       ITERATION  ITERATION  MAXIMUM CHANGE SUCCESS             MODEL-PACKAGE-(NUMBER)
 ----------------------------------------------------------------------------------------------------------
 Model                              1          2       6.3976354                            2_GWT-(1,38,47)
 Model                              2          1 -5.45651346E-08       *                    2_GWT-(1,41,32)
 ----------------------------------------------------------------------------------------------------------


 2 CALLS TO NUMERICAL SOLUTION IN TIME STEP 78 STRESS PERIOD 2
 3 TOTAL ITERATIONS
 
    Solving:  Stress period:     2    Time step:    79
 

 SLN_1 OUTER ITERATION SUMMARY
 ----------------------------------------------------------------------------------------------------------
                                OUTER      INNER                    STEP   MAXIMUM CHANGE MODEL-(CELLID) OR
 OUTER ITERATION STEP       ITERATION  ITERATION  MAXIMUM CHANGE SUCCESS             MODEL-PACKAGE-(NUMBER)
 ----------------------------------------------------------------------------------------------------------
 Model                              1          1 -1.45295765E-04       *                     1_GWF-(1,2,88)
 ----------------------------------------------------------------------------------------------------------


 1 CALLS TO NUMERICAL SOLUTION IN TIME STEP 79 STRESS PERIOD 2
 1 TOTAL ITERATIONS

 SLN_2 OUTER ITERATION SUMMARY
 ----------------------------------------------------------------------------------------------------------
                                OUTER      INNER                    STEP   MAXIMUM CHANGE MODEL-(CELLID) OR
 OUTER ITERATION STEP       ITERATION  ITERATION  MAXIMUM CHANGE SUCCESS             MODEL-PACKAGE-(NUMBER)
 ----------------------------------------------------------------------------------------------------------
 Model                              1          2       6.3315883                            2_GWT-(1,38,48)
 Model                              2          1  5.46934871E-08       *                    2_GWT-(1,41,32)
 ----------------------------------------------------------------------------------------------------------


 2 CALLS TO NUMERICAL SOLUTION IN TIME STEP 79 STRESS PERIOD 2
 3 TOTAL ITERATIONS
 
    Solving:  Stress period:     2    Time step:    80
 

 SLN_1 OUTER ITERATION SUMMARY
 ----------------------------------------------------------------------------------------------------------
                                OUTER      INNER                    STEP   MAXIMUM CHANGE MODEL-(CELLID) OR
 OUTER ITERATION STEP       ITERATION  ITERATION  MAXIMUM CHANGE SUCCESS             MODEL-PACKAGE-(NUMBER)
 ----------------------------------------------------------------------------------------------------------
 Model                              1          1  1.37804901E-04       *                     1_GWF-(1,2,88)
 ----------------------------------------------------------------------------------------------------------


 1 CALLS TO NUMERICAL SOLUTION IN TIME STEP 80 STRESS PERIOD 2
 1 TOTAL ITERATIONS

 SLN_2 OUTER ITERATION SUMMARY
 ----------------------------------------------------------------------------------------------------------
                                OUTER      INNER                    STEP   MAXIMUM CHANGE MODEL-(CELLID) OR
 OUTER ITERATION STEP       ITERATION  ITERATION  MAXIMUM CHANGE SUCCESS             MODEL-PACKAGE-(NUMBER)
 ----------------------------------------------------------------------------------------------------------
 Model                              1          2       6.2688454                            2_GWT-(1,38,48)
 Model                              2          1 -5.18795105E-08       *                    2_GWT-(1,41,32)
 ----------------------------------------------------------------------------------------------------------


 2 CALLS TO NUMERICAL SOLUTION IN TIME STEP 80 STRESS PERIOD 2
 3 TOTAL ITERATIONS
 
    Solving:  Stress period:     2    Time step:    81
 

 SLN_1 OUTER ITERATION SUMMARY
 ----------------------------------------------------------------------------------------------------------
                                OUTER      INNER                    STEP   MAXIMUM CHANGE MODEL-(CELLID) OR
 OUTER ITERATION STEP       ITERATION  ITERATION  MAXIMUM CHANGE SUCCESS             MODEL-PACKAGE-(NUMBER)
 ----------------------------------------------------------------------------------------------------------
 Model                              1          1 -1.44555930E-04       *                     1_GWF-(1,2,88)
 ----------------------------------------------------------------------------------------------------------


 1 CALLS TO NUMERICAL SOLUTION IN TIME STEP 81 STRESS PERIOD 2
 1 TOTAL ITERATIONS

 SLN_2 OUTER ITERATION SUMMARY
 ----------------------------------------------------------------------------------------------------------
                                OUTER      INNER                    STEP   MAXIMUM CHANGE MODEL-(CELLID) OR
 OUTER ITERATION STEP       ITERATION  ITERATION  MAXIMUM CHANGE SUCCESS             MODEL-PACKAGE-(NUMBER)
 ----------------------------------------------------------------------------------------------------------
 Model                              1          2       6.2005345                            2_GWT-(1,38,48)
 Model                              2          1  5.18525667E-08       *                    2_GWT-(1,41,32)
 ----------------------------------------------------------------------------------------------------------


 2 CALLS TO NUMERICAL SOLUTION IN TIME STEP 81 STRESS PERIOD 2
 3 TOTAL ITERATIONS
 
    Solving:  Stress period:     2    Time step:    82
 

 SLN_1 OUTER ITERATION SUMMARY
 ----------------------------------------------------------------------------------------------------------
                                OUTER      INNER                    STEP   MAXIMUM CHANGE MODEL-(CELLID) OR
 OUTER ITERATION STEP       ITERATION  ITERATION  MAXIMUM CHANGE SUCCESS             MODEL-PACKAGE-(NUMBER)
 ----------------------------------------------------------------------------------------------------------
 Model                              1          1  1.36865990E-04       *                     1_GWF-(1,2,88)
 ----------------------------------------------------------------------------------------------------------


 1 CALLS TO NUMERICAL SOLUTION IN TIME STEP 82 STRESS PERIOD 2
 1 TOTAL ITERATIONS

 SLN_2 OUTER ITERATION SUMMARY
 ----------------------------------------------------------------------------------------------------------
                                OUTER      INNER                    STEP   MAXIMUM CHANGE MODEL-(CELLID) OR
 OUTER ITERATION STEP       ITERATION  ITERATION  MAXIMUM CHANGE SUCCESS             MODEL-PACKAGE-(NUMBER)
 ----------------------------------------------------------------------------------------------------------
 Model                              1          2       6.1296032                            2_GWT-(1,38,49)
 Model                              2          1 -4.92552772E-08       *                    2_GWT-(1,41,32)
 ----------------------------------------------------------------------------------------------------------


 2 CALLS TO NUMERICAL SOLUTION IN TIME STEP 82 STRESS PERIOD 2
 3 TOTAL ITERATIONS
 
    Solving:  Stress period:     2    Time step:    83
 

 SLN_1 OUTER ITERATION SUMMARY
 ----------------------------------------------------------------------------------------------------------
                                OUTER      INNER                    STEP   MAXIMUM CHANGE MODEL-(CELLID) OR
 OUTER ITERATION STEP       ITERATION  ITERATION  MAXIMUM CHANGE SUCCESS             MODEL-PACKAGE-(NUMBER)
 ----------------------------------------------------------------------------------------------------------
 Model                              1          1 -1.43807308E-04       *                     1_GWF-(1,2,88)
 ----------------------------------------------------------------------------------------------------------


 1 CALLS TO NUMERICAL SOLUTION IN TIME STEP 83 STRESS PERIOD 2
 1 TOTAL ITERATIONS

 SLN_2 OUTER ITERATION SUMMARY
 ----------------------------------------------------------------------------------------------------------
                                OUTER      INNER                    STEP   MAXIMUM CHANGE MODEL-(CELLID) OR
 OUTER ITERATION STEP       ITERATION  ITERATION  MAXIMUM CHANGE SUCCESS             MODEL-PACKAGE-(NUMBER)
 ----------------------------------------------------------------------------------------------------------
 Model                              1          2       6.0730722                            2_GWT-(1,38,49)
 Model                              2          1  4.90869070E-08       *                    2_GWT-(1,41,32)
 ----------------------------------------------------------------------------------------------------------


 2 CALLS TO NUMERICAL SOLUTION IN TIME STEP 83 STRESS PERIOD 2
 3 TOTAL ITERATIONS
 
    Solving:  Stress period:     2    Time step:    84
 

 SLN_1 OUTER ITERATION SUMMARY
 ----------------------------------------------------------------------------------------------------------
                                OUTER      INNER                    STEP   MAXIMUM CHANGE MODEL-(CELLID) OR
 OUTER ITERATION STEP       ITERATION  ITERATION  MAXIMUM CHANGE SUCCESS             MODEL-PACKAGE-(NUMBER)
 ----------------------------------------------------------------------------------------------------------
 Model                              1          1  1.35926715E-04       *                     1_GWF-(1,2,88)
 ----------------------------------------------------------------------------------------------------------


 1 CALLS TO NUMERICAL SOLUTION IN TIME STEP 84 STRESS PERIOD 2
 1 TOTAL ITERATIONS

 SLN_2 OUTER ITERATION SUMMARY
 ----------------------------------------------------------------------------------------------------------
                                OUTER      INNER                    STEP   MAXIMUM CHANGE MODEL-(CELLID) OR
 OUTER ITERATION STEP       ITERATION  ITERATION  MAXIMUM CHANGE SUCCESS             MODEL-PACKAGE-(NUMBER)
 ----------------------------------------------------------------------------------------------------------
 Model                              1          2       6.0129498                            2_GWT-(1,38,49)
 Model                              2          1 -4.67032351E-08       *                    2_GWT-(1,41,32)
 ----------------------------------------------------------------------------------------------------------


 2 CALLS TO NUMERICAL SOLUTION IN TIME STEP 84 STRESS PERIOD 2
 3 TOTAL ITERATIONS
 
    Solving:  Stress period:     2    Time step:    85
 

 SLN_1 OUTER ITERATION SUMMARY
 ----------------------------------------------------------------------------------------------------------
                                OUTER      INNER                    STEP   MAXIMUM CHANGE MODEL-(CELLID) OR
 OUTER ITERATION STEP       ITERATION  ITERATION  MAXIMUM CHANGE SUCCESS             MODEL-PACKAGE-(NUMBER)
 ----------------------------------------------------------------------------------------------------------
 Model                              1          1 -1.43050133E-04       *                     1_GWF-(1,2,88)
 ----------------------------------------------------------------------------------------------------------


 1 CALLS TO NUMERICAL SOLUTION IN TIME STEP 85 STRESS PERIOD 2
 1 TOTAL ITERATIONS

 SLN_2 OUTER ITERATION SUMMARY
 ----------------------------------------------------------------------------------------------------------
                                OUTER      INNER                    STEP   MAXIMUM CHANGE MODEL-(CELLID) OR
 OUTER ITERATION STEP       ITERATION  ITERATION  MAXIMUM CHANGE SUCCESS             MODEL-PACKAGE-(NUMBER)
 ----------------------------------------------------------------------------------------------------------
 Model                              1          2       5.9457589                            2_GWT-(1,38,49)
 Model                              2          1  4.64106051E-08       *                    2_GWT-(1,41,32)
 ----------------------------------------------------------------------------------------------------------


 2 CALLS TO NUMERICAL SOLUTION IN TIME STEP 85 STRESS PERIOD 2
 3 TOTAL ITERATIONS
 
    Solving:  Stress period:     2    Time step:    86
 

 SLN_1 OUTER ITERATION SUMMARY
 ----------------------------------------------------------------------------------------------------------
                                OUTER      INNER                    STEP   MAXIMUM CHANGE MODEL-(CELLID) OR
 OUTER ITERATION STEP       ITERATION  ITERATION  MAXIMUM CHANGE SUCCESS             MODEL-PACKAGE-(NUMBER)
 ----------------------------------------------------------------------------------------------------------
 Model                              1          1  1.34987236E-04       *                     1_GWF-(1,2,88)
 ----------------------------------------------------------------------------------------------------------


 1 CALLS TO NUMERICAL SOLUTION IN TIME STEP 86 STRESS PERIOD 2
 1 TOTAL ITERATIONS

 SLN_2 OUTER ITERATION SUMMARY
 ----------------------------------------------------------------------------------------------------------
                                OUTER      INNER                    STEP   MAXIMUM CHANGE MODEL-(CELLID) OR
 OUTER ITERATION STEP       ITERATION  ITERATION  MAXIMUM CHANGE SUCCESS             MODEL-PACKAGE-(NUMBER)
 ----------------------------------------------------------------------------------------------------------
 Model                              1          2       5.8882398                            2_GWT-(1,38,50)
 Model                              2          1 -4.42360033E-08       *                    2_GWT-(1,41,32)
 ----------------------------------------------------------------------------------------------------------


 2 CALLS TO NUMERICAL SOLUTION IN TIME STEP 86 STRESS PERIOD 2
 3 TOTAL ITERATIONS
 
    Solving:  Stress period:     2    Time step:    87
 

 SLN_1 OUTER ITERATION SUMMARY
 ----------------------------------------------------------------------------------------------------------
                                OUTER      INNER                    STEP   MAXIMUM CHANGE MODEL-(CELLID) OR
 OUTER ITERATION STEP       ITERATION  ITERATION  MAXIMUM CHANGE SUCCESS             MODEL-PACKAGE-(NUMBER)
 ----------------------------------------------------------------------------------------------------------
 Model                              1          1 -1.42284693E-04       *                     1_GWF-(1,2,88)
 ----------------------------------------------------------------------------------------------------------


 1 CALLS TO NUMERICAL SOLUTION IN TIME STEP 87 STRESS PERIOD 2
 1 TOTAL ITERATIONS

 SLN_2 OUTER ITERATION SUMMARY
 ----------------------------------------------------------------------------------------------------------
                                OUTER      INNER                    STEP   MAXIMUM CHANGE MODEL-(CELLID) OR
 OUTER ITERATION STEP       ITERATION  ITERATION  MAXIMUM CHANGE SUCCESS             MODEL-PACKAGE-(NUMBER)
 ----------------------------------------------------------------------------------------------------------
 Model                              1          2       5.8327040                            2_GWT-(1,38,50)
 Model                              2          1  4.38396910E-08       *                    2_GWT-(1,41,32)
 ----------------------------------------------------------------------------------------------------------


 2 CALLS TO NUMERICAL SOLUTION IN TIME STEP 87 STRESS PERIOD 2
 3 TOTAL ITERATIONS
 
    Solving:  Stress period:     2    Time step:    88
 

 SLN_1 OUTER ITERATION SUMMARY
 ----------------------------------------------------------------------------------------------------------
                                OUTER      INNER                    STEP   MAXIMUM CHANGE MODEL-(CELLID) OR
 OUTER ITERATION STEP       ITERATION  ITERATION  MAXIMUM CHANGE SUCCESS             MODEL-PACKAGE-(NUMBER)
 ----------------------------------------------------------------------------------------------------------
 Model                              1          1  1.34047738E-04       *                     1_GWF-(1,2,88)
 ----------------------------------------------------------------------------------------------------------


 1 CALLS TO NUMERICAL SOLUTION IN TIME STEP 88 STRESS PERIOD 2
 1 TOTAL ITERATIONS

 SLN_2 OUTER ITERATION SUMMARY
 ----------------------------------------------------------------------------------------------------------
                                OUTER      INNER                    STEP   MAXIMUM CHANGE MODEL-(CELLID) OR
 OUTER ITERATION STEP       ITERATION  ITERATION  MAXIMUM CHANGE SUCCESS             MODEL-PACKAGE-(NUMBER)
 ----------------------------------------------------------------------------------------------------------
 Model                              1          2       5.7741680                            2_GWT-(1,38,50)
 Model                              2          1 -4.18622221E-08       *                    2_GWT-(1,41,32)
 ----------------------------------------------------------------------------------------------------------


 2 CALLS TO NUMERICAL SOLUTION IN TIME STEP 88 STRESS PERIOD 2
 3 TOTAL ITERATIONS
 
    Solving:  Stress period:     2    Time step:    89
 

 SLN_1 OUTER ITERATION SUMMARY
 ----------------------------------------------------------------------------------------------------------
                                OUTER      INNER                    STEP   MAXIMUM CHANGE MODEL-(CELLID) OR
 OUTER ITERATION STEP       ITERATION  ITERATION  MAXIMUM CHANGE SUCCESS             MODEL-PACKAGE-(NUMBER)
 ----------------------------------------------------------------------------------------------------------
 Model                              1          1 -1.41511314E-04       *                     1_GWF-(1,2,88)
 ----------------------------------------------------------------------------------------------------------


 1 CALLS TO NUMERICAL SOLUTION IN TIME STEP 89 STRESS PERIOD 2
 1 TOTAL ITERATIONS

 SLN_2 OUTER ITERATION SUMMARY
 ----------------------------------------------------------------------------------------------------------
                                OUTER      INNER                    STEP   MAXIMUM CHANGE MODEL-(CELLID) OR
 OUTER ITERATION STEP       ITERATION  ITERATION  MAXIMUM CHANGE SUCCESS             MODEL-PACKAGE-(NUMBER)
 ----------------------------------------------------------------------------------------------------------
 Model                              1          2       5.7112953                            2_GWT-(1,38,51)
 Model                              2          1  4.13778025E-08       *                    2_GWT-(1,41,32)
 ----------------------------------------------------------------------------------------------------------


 2 CALLS TO NUMERICAL SOLUTION IN TIME STEP 89 STRESS PERIOD 2
 3 TOTAL ITERATIONS
 
    Solving:  Stress period:     2    Time step:    90
 

 SLN_1 OUTER ITERATION SUMMARY
 ----------------------------------------------------------------------------------------------------------
                                OUTER      INNER                    STEP   MAXIMUM CHANGE MODEL-(CELLID) OR
 OUTER ITERATION STEP       ITERATION  ITERATION  MAXIMUM CHANGE SUCCESS             MODEL-PACKAGE-(NUMBER)
 ----------------------------------------------------------------------------------------------------------
 Model                              1          1  1.33108421E-04       *                     1_GWF-(1,2,88)
 ----------------------------------------------------------------------------------------------------------


 1 CALLS TO NUMERICAL SOLUTION IN TIME STEP 90 STRESS PERIOD 2
 1 TOTAL ITERATIONS

 SLN_2 OUTER ITERATION SUMMARY
 ----------------------------------------------------------------------------------------------------------
                                OUTER      INNER                    STEP   MAXIMUM CHANGE MODEL-(CELLID) OR
 OUTER ITERATION STEP       ITERATION  ITERATION  MAXIMUM CHANGE SUCCESS             MODEL-PACKAGE-(NUMBER)
 ----------------------------------------------------------------------------------------------------------
 Model                              1          2       5.6619118                            2_GWT-(1,38,51)
 Model                              2          1 -3.95805273E-08       *                    2_GWT-(1,41,32)
 ----------------------------------------------------------------------------------------------------------


 2 CALLS TO NUMERICAL SOLUTION IN TIME STEP 90 STRESS PERIOD 2
 3 TOTAL ITERATIONS
 
    Solving:  Stress period:     2    Time step:    91
 

 SLN_1 OUTER ITERATION SUMMARY
 ----------------------------------------------------------------------------------------------------------
                                OUTER      INNER                    STEP   MAXIMUM CHANGE MODEL-(CELLID) OR
 OUTER ITERATION STEP       ITERATION  ITERATION  MAXIMUM CHANGE SUCCESS             MODEL-PACKAGE-(NUMBER)
 ----------------------------------------------------------------------------------------------------------
 Model                              1          1 -1.40730360E-04       *                     1_GWF-(1,2,88)
 ----------------------------------------------------------------------------------------------------------


 1 CALLS TO NUMERICAL SOLUTION IN TIME STEP 91 STRESS PERIOD 2
 1 TOTAL ITERATIONS

 SLN_2 OUTER ITERATION SUMMARY
 ----------------------------------------------------------------------------------------------------------
                                OUTER      INNER                    STEP   MAXIMUM CHANGE MODEL-(CELLID) OR
 OUTER ITERATION STEP       ITERATION  ITERATION  MAXIMUM CHANGE SUCCESS             MODEL-PACKAGE-(NUMBER)
 ----------------------------------------------------------------------------------------------------------
 Model                              1          2       5.6091392                            2_GWT-(1,38,51)
 Model                              2          1  3.90267587E-08       *                    2_GWT-(1,41,32)
 ----------------------------------------------------------------------------------------------------------


 2 CALLS TO NUMERICAL SOLUTION IN TIME STEP 91 STRESS PERIOD 2
 3 TOTAL ITERATIONS
 
    Solving:  Stress period:     2    Time step:    92
 

 SLN_1 OUTER ITERATION SUMMARY
 ----------------------------------------------------------------------------------------------------------
                                OUTER      INNER                    STEP   MAXIMUM CHANGE MODEL-(CELLID) OR
 OUTER ITERATION STEP       ITERATION  ITERATION  MAXIMUM CHANGE SUCCESS             MODEL-PACKAGE-(NUMBER)
 ----------------------------------------------------------------------------------------------------------
 Model                              1          1  1.32169501E-04       *                     1_GWF-(1,2,88)
 ----------------------------------------------------------------------------------------------------------


 1 CALLS TO NUMERICAL SOLUTION IN TIME STEP 92 STRESS PERIOD 2
 1 TOTAL ITERATIONS

 SLN_2 OUTER ITERATION SUMMARY
 ----------------------------------------------------------------------------------------------------------
                                OUTER      INNER                    STEP   MAXIMUM CHANGE MODEL-(CELLID) OR
 OUTER ITERATION STEP       ITERATION  ITERATION  MAXIMUM CHANGE SUCCESS             MODEL-PACKAGE-(NUMBER)
 ----------------------------------------------------------------------------------------------------------
 Model                              1          2       5.5504648                            2_GWT-(1,38,51)
 Model                              2          1 -3.74053570E-08       *                    2_GWT-(1,41,32)
 ----------------------------------------------------------------------------------------------------------


 2 CALLS TO NUMERICAL SOLUTION IN TIME STEP 92 STRESS PERIOD 2
 3 TOTAL ITERATIONS
 
    Solving:  Stress period:     2    Time step:    93
 

 SLN_1 OUTER ITERATION SUMMARY
 ----------------------------------------------------------------------------------------------------------
                                OUTER      INNER                    STEP   MAXIMUM CHANGE MODEL-(CELLID) OR
 OUTER ITERATION STEP       ITERATION  ITERATION  MAXIMUM CHANGE SUCCESS             MODEL-PACKAGE-(NUMBER)
 ----------------------------------------------------------------------------------------------------------
 Model                              1          1 -1.39942223E-04       *                     1_GWF-(1,2,88)
 ----------------------------------------------------------------------------------------------------------


 1 CALLS TO NUMERICAL SOLUTION IN TIME STEP 93 STRESS PERIOD 2
 1 TOTAL ITERATIONS

 SLN_2 OUTER ITERATION SUMMARY
 ----------------------------------------------------------------------------------------------------------
                                OUTER      INNER                    STEP   MAXIMUM CHANGE MODEL-(CELLID) OR
 OUTER ITERATION STEP       ITERATION  ITERATION  MAXIMUM CHANGE SUCCESS             MODEL-PACKAGE-(NUMBER)
 ----------------------------------------------------------------------------------------------------------
 Model                              1          2       5.5000165                            2_GWT-(1,38,52)
 Model                              2          1  3.67916755E-08       *                    2_GWT-(1,41,32)
 ----------------------------------------------------------------------------------------------------------


 2 CALLS TO NUMERICAL SOLUTION IN TIME STEP 93 STRESS PERIOD 2
 3 TOTAL ITERATIONS
 
    Solving:  Stress period:     2    Time step:    94
 

 SLN_1 OUTER ITERATION SUMMARY
 ----------------------------------------------------------------------------------------------------------
                                OUTER      INNER                    STEP   MAXIMUM CHANGE MODEL-(CELLID) OR
 OUTER ITERATION STEP       ITERATION  ITERATION  MAXIMUM CHANGE SUCCESS             MODEL-PACKAGE-(NUMBER)
 ----------------------------------------------------------------------------------------------------------
 Model                              1          1  1.31231206E-04       *                     1_GWF-(1,2,88)
 ----------------------------------------------------------------------------------------------------------


 1 CALLS TO NUMERICAL SOLUTION IN TIME STEP 94 STRESS PERIOD 2
 1 TOTAL ITERATIONS

 SLN_2 OUTER ITERATION SUMMARY
 ----------------------------------------------------------------------------------------------------------
                                OUTER      INNER                    STEP   MAXIMUM CHANGE MODEL-(CELLID) OR
 OUTER ITERATION STEP       ITERATION  ITERATION  MAXIMUM CHANGE SUCCESS             MODEL-PACKAGE-(NUMBER)
 ----------------------------------------------------------------------------------------------------------
 Model                              1          2       5.4504414                            2_GWT-(1,38,52)
 Model                              2          1 -3.53352334E-08       *                    2_GWT-(1,41,32)
 ----------------------------------------------------------------------------------------------------------


 2 CALLS TO NUMERICAL SOLUTION IN TIME STEP 94 STRESS PERIOD 2
 3 TOTAL ITERATIONS
 
    Solving:  Stress period:     2    Time step:    95
 

 SLN_1 OUTER ITERATION SUMMARY
 ----------------------------------------------------------------------------------------------------------
                                OUTER      INNER                    STEP   MAXIMUM CHANGE MODEL-(CELLID) OR
 OUTER ITERATION STEP       ITERATION  ITERATION  MAXIMUM CHANGE SUCCESS             MODEL-PACKAGE-(NUMBER)
 ----------------------------------------------------------------------------------------------------------
 Model                              1          1 -1.39147315E-04       *                     1_GWF-(1,2,88)
 ----------------------------------------------------------------------------------------------------------


 1 CALLS TO NUMERICAL SOLUTION IN TIME STEP 95 STRESS PERIOD 2
 1 TOTAL ITERATIONS

 SLN_2 OUTER ITERATION SUMMARY
 ----------------------------------------------------------------------------------------------------------
                                OUTER      INNER                    STEP   MAXIMUM CHANGE MODEL-(CELLID) OR
 OUTER ITERATION STEP       ITERATION  ITERATION  MAXIMUM CHANGE SUCCESS             MODEL-PACKAGE-(NUMBER)
 ----------------------------------------------------------------------------------------------------------
 Model                              1          2       5.3995985                            2_GWT-(1,38,52)
 Model                              2          1  3.46744855E-08       *                    2_GWT-(1,41,32)
 ----------------------------------------------------------------------------------------------------------


 2 CALLS TO NUMERICAL SOLUTION IN TIME STEP 95 STRESS PERIOD 2
 3 TOTAL ITERATIONS
 
    Solving:  Stress period:     2    Time step:    96
 

 SLN_1 OUTER ITERATION SUMMARY
 ----------------------------------------------------------------------------------------------------------
                                OUTER      INNER                    STEP   MAXIMUM CHANGE MODEL-(CELLID) OR
 OUTER ITERATION STEP       ITERATION  ITERATION  MAXIMUM CHANGE SUCCESS             MODEL-PACKAGE-(NUMBER)
 ----------------------------------------------------------------------------------------------------------
 Model                              1          1  1.30293774E-04       *                     1_GWF-(1,2,88)
 ----------------------------------------------------------------------------------------------------------


 1 CALLS TO NUMERICAL SOLUTION IN TIME STEP 96 STRESS PERIOD 2
 1 TOTAL ITERATIONS

 SLN_2 OUTER ITERATION SUMMARY
 ----------------------------------------------------------------------------------------------------------
                                OUTER      INNER                    STEP   MAXIMUM CHANGE MODEL-(CELLID) OR
 OUTER ITERATION STEP       ITERATION  ITERATION  MAXIMUM CHANGE SUCCESS             MODEL-PACKAGE-(NUMBER)
 ----------------------------------------------------------------------------------------------------------
 Model                              1          2       5.3439163                            2_GWT-(1,38,53)
 Model                              2          1 -3.33693606E-08       *                    2_GWT-(1,41,32)
 ----------------------------------------------------------------------------------------------------------


 2 CALLS TO NUMERICAL SOLUTION IN TIME STEP 96 STRESS PERIOD 2
 3 TOTAL ITERATIONS
 
    Solving:  Stress period:     2    Time step:    97
 

 SLN_1 OUTER ITERATION SUMMARY
 ----------------------------------------------------------------------------------------------------------
                                OUTER      INNER                    STEP   MAXIMUM CHANGE MODEL-(CELLID) OR
 OUTER ITERATION STEP       ITERATION  ITERATION  MAXIMUM CHANGE SUCCESS             MODEL-PACKAGE-(NUMBER)
 ----------------------------------------------------------------------------------------------------------
 Model                              1          1 -1.38346065E-04       *                     1_GWF-(1,2,88)
 ----------------------------------------------------------------------------------------------------------


 1 CALLS TO NUMERICAL SOLUTION IN TIME STEP 97 STRESS PERIOD 2
 1 TOTAL ITERATIONS

 SLN_2 OUTER ITERATION SUMMARY
 ----------------------------------------------------------------------------------------------------------
                                OUTER      INNER                    STEP   MAXIMUM CHANGE MODEL-(CELLID) OR
 OUTER ITERATION STEP       ITERATION  ITERATION  MAXIMUM CHANGE SUCCESS             MODEL-PACKAGE-(NUMBER)
 ----------------------------------------------------------------------------------------------------------
 Model                              1          2       5.3004678                            2_GWT-(1,38,53)
 Model                              2          1  3.26740519E-08       *                    2_GWT-(1,41,32)
 ----------------------------------------------------------------------------------------------------------


 2 CALLS TO NUMERICAL SOLUTION IN TIME STEP 97 STRESS PERIOD 2
 3 TOTAL ITERATIONS
 
    Solving:  Stress period:     2    Time step:    98
 

 SLN_1 OUTER ITERATION SUMMARY
 ----------------------------------------------------------------------------------------------------------
                                OUTER      INNER                    STEP   MAXIMUM CHANGE MODEL-(CELLID) OR
 OUTER ITERATION STEP       ITERATION  ITERATION  MAXIMUM CHANGE SUCCESS             MODEL-PACKAGE-(NUMBER)
 ----------------------------------------------------------------------------------------------------------
 Model                              1          1  1.29357448E-04       *                     1_GWF-(1,2,88)
 ----------------------------------------------------------------------------------------------------------


 1 CALLS TO NUMERICAL SOLUTION IN TIME STEP 98 STRESS PERIOD 2
 1 TOTAL ITERATIONS

 SLN_2 OUTER ITERATION SUMMARY
 ----------------------------------------------------------------------------------------------------------
                                OUTER      INNER                    STEP   MAXIMUM CHANGE MODEL-(CELLID) OR
 OUTER ITERATION STEP       ITERATION  ITERATION  MAXIMUM CHANGE SUCCESS             MODEL-PACKAGE-(NUMBER)
 ----------------------------------------------------------------------------------------------------------
 Model                              1          2       5.2534670                            2_GWT-(1,38,53)
 Model                              2          1 -3.15086481E-08       *                    2_GWT-(1,41,32)
 ----------------------------------------------------------------------------------------------------------


 2 CALLS TO NUMERICAL SOLUTION IN TIME STEP 98 STRESS PERIOD 2
 3 TOTAL ITERATIONS
 
    Solving:  Stress period:     2    Time step:    99
 

 SLN_1 OUTER ITERATION SUMMARY
 ----------------------------------------------------------------------------------------------------------
                                OUTER      INNER                    STEP   MAXIMUM CHANGE MODEL-(CELLID) OR
 OUTER ITERATION STEP       ITERATION  ITERATION  MAXIMUM CHANGE SUCCESS             MODEL-PACKAGE-(NUMBER)
 ----------------------------------------------------------------------------------------------------------
 Model                              1          1 -1.37538916E-04       *                     1_GWF-(1,2,88)
 ----------------------------------------------------------------------------------------------------------


 1 CALLS TO NUMERICAL SOLUTION IN TIME STEP 99 STRESS PERIOD 2
 1 TOTAL ITERATIONS

 SLN_2 OUTER ITERATION SUMMARY
 ----------------------------------------------------------------------------------------------------------
                                OUTER      INNER                    STEP   MAXIMUM CHANGE MODEL-(CELLID) OR
 OUTER ITERATION STEP       ITERATION  ITERATION  MAXIMUM CHANGE SUCCESS             MODEL-PACKAGE-(NUMBER)
 ----------------------------------------------------------------------------------------------------------
 Model                              1          2       5.2018562                            2_GWT-(1,38,53)
 Model                              2          1  3.07882146E-08       *                    2_GWT-(1,41,32)
 ----------------------------------------------------------------------------------------------------------


 2 CALLS TO NUMERICAL SOLUTION IN TIME STEP 99 STRESS PERIOD 2
 3 TOTAL ITERATIONS
 
    Solving:  Stress period:     2    Time step:   100
 

 SLN_1 OUTER ITERATION SUMMARY
 ----------------------------------------------------------------------------------------------------------
                                OUTER      INNER                    STEP   MAXIMUM CHANGE MODEL-(CELLID) OR
 OUTER ITERATION STEP       ITERATION  ITERATION  MAXIMUM CHANGE SUCCESS             MODEL-PACKAGE-(NUMBER)
 ----------------------------------------------------------------------------------------------------------
 Model                              1          1  1.28422475E-04       *                     1_GWF-(1,2,88)
 ----------------------------------------------------------------------------------------------------------


 1 CALLS TO NUMERICAL SOLUTION IN TIME STEP 100 STRESS PERIOD 2
 1 TOTAL ITERATIONS

 SLN_2 OUTER ITERATION SUMMARY
 ----------------------------------------------------------------------------------------------------------
                                OUTER      INNER                    STEP   MAXIMUM CHANGE MODEL-(CELLID) OR
 OUTER ITERATION STEP       ITERATION  ITERATION  MAXIMUM CHANGE SUCCESS             MODEL-PACKAGE-(NUMBER)
 ----------------------------------------------------------------------------------------------------------
 Model                              1          2       5.1576968                            2_GWT-(1,38,54)
 Model                              2          1 -2.97511633E-08       *                    2_GWT-(1,41,32)
 ----------------------------------------------------------------------------------------------------------


 2 CALLS TO NUMERICAL SOLUTION IN TIME STEP 100 STRESS PERIOD 2
 3 TOTAL ITERATIONS
 
    Solving:  Stress period:     2    Time step:   101
 

 SLN_1 OUTER ITERATION SUMMARY
 ----------------------------------------------------------------------------------------------------------
                                OUTER      INNER                    STEP   MAXIMUM CHANGE MODEL-(CELLID) OR
 OUTER ITERATION STEP       ITERATION  ITERATION  MAXIMUM CHANGE SUCCESS             MODEL-PACKAGE-(NUMBER)
 ----------------------------------------------------------------------------------------------------------
 Model                              1          1 -1.36726317E-04       *                     1_GWF-(1,2,88)
 ----------------------------------------------------------------------------------------------------------


 1 CALLS TO NUMERICAL SOLUTION IN TIME STEP 101 STRESS PERIOD 2
 1 TOTAL ITERATIONS

 SLN_2 OUTER ITERATION SUMMARY
 ----------------------------------------------------------------------------------------------------------
                                OUTER      INNER                    STEP   MAXIMUM CHANGE MODEL-(CELLID) OR
 OUTER ITERATION STEP       ITERATION  ITERATION  MAXIMUM CHANGE SUCCESS             MODEL-PACKAGE-(NUMBER)
 ----------------------------------------------------------------------------------------------------------
 Model                              1          2       5.1129028                            2_GWT-(1,38,54)
 Model                              2          1  2.90137905E-08       *                    2_GWT-(1,41,32)
 ----------------------------------------------------------------------------------------------------------


 2 CALLS TO NUMERICAL SOLUTION IN TIME STEP 101 STRESS PERIOD 2
 3 TOTAL ITERATIONS
 
    Solving:  Stress period:     2    Time step:   102
 

 SLN_1 OUTER ITERATION SUMMARY
 ----------------------------------------------------------------------------------------------------------
                                OUTER      INNER                    STEP   MAXIMUM CHANGE MODEL-(CELLID) OR
 OUTER ITERATION STEP       ITERATION  ITERATION  MAXIMUM CHANGE SUCCESS             MODEL-PACKAGE-(NUMBER)
 ----------------------------------------------------------------------------------------------------------
 Model                              1          1  1.27489106E-04       *                     1_GWF-(1,2,88)
 ----------------------------------------------------------------------------------------------------------


 1 CALLS TO NUMERICAL SOLUTION IN TIME STEP 102 STRESS PERIOD 2
 1 TOTAL ITERATIONS

 SLN_2 OUTER ITERATION SUMMARY
 ----------------------------------------------------------------------------------------------------------
                                OUTER      INNER                    STEP   MAXIMUM CHANGE MODEL-(CELLID) OR
 OUTER ITERATION STEP       ITERATION  ITERATION  MAXIMUM CHANGE SUCCESS             MODEL-PACKAGE-(NUMBER)
 ----------------------------------------------------------------------------------------------------------
 Model                              1          2       5.0684232                            2_GWT-(1,38,54)
 Model                              2          1 -2.80941777E-08       *                    2_GWT-(1,41,32)
 ----------------------------------------------------------------------------------------------------------


 2 CALLS TO NUMERICAL SOLUTION IN TIME STEP 102 STRESS PERIOD 2
 3 TOTAL ITERATIONS
 
    Solving:  Stress period:     2    Time step:   103
 

 SLN_1 OUTER ITERATION SUMMARY
 ----------------------------------------------------------------------------------------------------------
                                OUTER      INNER                    STEP   MAXIMUM CHANGE MODEL-(CELLID) OR
 OUTER ITERATION STEP       ITERATION  ITERATION  MAXIMUM CHANGE SUCCESS             MODEL-PACKAGE-(NUMBER)
 ----------------------------------------------------------------------------------------------------------
 Model                              1          1 -1.35908722E-04       *                     1_GWF-(1,2,88)
 ----------------------------------------------------------------------------------------------------------


 1 CALLS TO NUMERICAL SOLUTION IN TIME STEP 103 STRESS PERIOD 2
 1 TOTAL ITERATIONS

 SLN_2 OUTER ITERATION SUMMARY
 ----------------------------------------------------------------------------------------------------------
                                OUTER      INNER                    STEP   MAXIMUM CHANGE MODEL-(CELLID) OR
 OUTER ITERATION STEP       ITERATION  ITERATION  MAXIMUM CHANGE SUCCESS             MODEL-PACKAGE-(NUMBER)
 ----------------------------------------------------------------------------------------------------------
 Model                              1          2       5.0190376                            2_GWT-(1,38,55)
 Model                              2          1  2.73454361E-08       *                    2_GWT-(1,41,32)
 ----------------------------------------------------------------------------------------------------------


 2 CALLS TO NUMERICAL SOLUTION IN TIME STEP 103 STRESS PERIOD 2
 3 TOTAL ITERATIONS
 
    Solving:  Stress period:     2    Time step:   104
 

 SLN_1 OUTER ITERATION SUMMARY
 ----------------------------------------------------------------------------------------------------------
                                OUTER      INNER                    STEP   MAXIMUM CHANGE MODEL-(CELLID) OR
 OUTER ITERATION STEP       ITERATION  ITERATION  MAXIMUM CHANGE SUCCESS             MODEL-PACKAGE-(NUMBER)
 ----------------------------------------------------------------------------------------------------------
 Model                              1          1  1.26557591E-04       *                     1_GWF-(1,2,88)
 ----------------------------------------------------------------------------------------------------------


 1 CALLS TO NUMERICAL SOLUTION IN TIME STEP 104 STRESS PERIOD 2
 1 TOTAL ITERATIONS

 SLN_2 OUTER ITERATION SUMMARY
 ----------------------------------------------------------------------------------------------------------
                                OUTER      INNER                    STEP   MAXIMUM CHANGE MODEL-(CELLID) OR
 OUTER ITERATION STEP       ITERATION  ITERATION  MAXIMUM CHANGE SUCCESS             MODEL-PACKAGE-(NUMBER)
 ----------------------------------------------------------------------------------------------------------
 Model                              1          2       4.9805049                            2_GWT-(1,38,55)
 Model                              2          1 -2.65330300E-08       *                    2_GWT-(1,41,32)
 ----------------------------------------------------------------------------------------------------------


 2 CALLS TO NUMERICAL SOLUTION IN TIME STEP 104 STRESS PERIOD 2
 3 TOTAL ITERATIONS
 
    Solving:  Stress period:     2    Time step:   105
 

 SLN_1 OUTER ITERATION SUMMARY
 ----------------------------------------------------------------------------------------------------------
                                OUTER      INNER                    STEP   MAXIMUM CHANGE MODEL-(CELLID) OR
 OUTER ITERATION STEP       ITERATION  ITERATION  MAXIMUM CHANGE SUCCESS             MODEL-PACKAGE-(NUMBER)
 ----------------------------------------------------------------------------------------------------------
 Model                              1          1 -1.35086585E-04       *                     1_GWF-(1,2,88)
 ----------------------------------------------------------------------------------------------------------


 1 CALLS TO NUMERICAL SOLUTION IN TIME STEP 105 STRESS PERIOD 2
 1 TOTAL ITERATIONS

 SLN_2 OUTER ITERATION SUMMARY
 ----------------------------------------------------------------------------------------------------------
                                OUTER      INNER                    STEP   MAXIMUM CHANGE MODEL-(CELLID) OR
 OUTER ITERATION STEP       ITERATION  ITERATION  MAXIMUM CHANGE SUCCESS             MODEL-PACKAGE-(NUMBER)
 ----------------------------------------------------------------------------------------------------------
 Model                              1          2       4.9381589                            2_GWT-(1,38,55)
 Model                              2          1  2.57792863E-08       *                    2_GWT-(1,41,32)
 ----------------------------------------------------------------------------------------------------------


 2 CALLS TO NUMERICAL SOLUTION IN TIME STEP 105 STRESS PERIOD 2
 3 TOTAL ITERATIONS
 
    Solving:  Stress period:     2    Time step:   106
 

 SLN_1 OUTER ITERATION SUMMARY
 ----------------------------------------------------------------------------------------------------------
                                OUTER      INNER                    STEP   MAXIMUM CHANGE MODEL-(CELLID) OR
 OUTER ITERATION STEP       ITERATION  ITERATION  MAXIMUM CHANGE SUCCESS             MODEL-PACKAGE-(NUMBER)
 ----------------------------------------------------------------------------------------------------------
 Model                              1          1  1.25628177E-04       *                     1_GWF-(1,2,88)
 ----------------------------------------------------------------------------------------------------------


 1 CALLS TO NUMERICAL SOLUTION IN TIME STEP 106 STRESS PERIOD 2
 1 TOTAL ITERATIONS

 SLN_2 OUTER ITERATION SUMMARY
 ----------------------------------------------------------------------------------------------------------
                                OUTER      INNER                    STEP   MAXIMUM CHANGE MODEL-(CELLID) OR
 OUTER ITERATION STEP       ITERATION  ITERATION  MAXIMUM CHANGE SUCCESS             MODEL-PACKAGE-(NUMBER)
 ----------------------------------------------------------------------------------------------------------
 Model                              1          2       4.8924432                            2_GWT-(1,38,55)
 Model                              2          1 -2.50634002E-08       *                    2_GWT-(1,41,32)
 ----------------------------------------------------------------------------------------------------------


 2 CALLS TO NUMERICAL SOLUTION IN TIME STEP 106 STRESS PERIOD 2
 3 TOTAL ITERATIONS
 
    Solving:  Stress period:     2    Time step:   107
 

 SLN_1 OUTER ITERATION SUMMARY
 ----------------------------------------------------------------------------------------------------------
                                OUTER      INNER                    STEP   MAXIMUM CHANGE MODEL-(CELLID) OR
 OUTER ITERATION STEP       ITERATION  ITERATION  MAXIMUM CHANGE SUCCESS             MODEL-PACKAGE-(NUMBER)
 ----------------------------------------------------------------------------------------------------------
 Model                              1          1 -1.34260358E-04       *                     1_GWF-(1,2,88)
 ----------------------------------------------------------------------------------------------------------


 1 CALLS TO NUMERICAL SOLUTION IN TIME STEP 107 STRESS PERIOD 2
 1 TOTAL ITERATIONS

 SLN_2 OUTER ITERATION SUMMARY
 ----------------------------------------------------------------------------------------------------------
                                OUTER      INNER                    STEP   MAXIMUM CHANGE MODEL-(CELLID) OR
 OUTER ITERATION STEP       ITERATION  ITERATION  MAXIMUM CHANGE SUCCESS             MODEL-PACKAGE-(NUMBER)
 ----------------------------------------------------------------------------------------------------------
 Model                              1          2       4.8541117                            2_GWT-(1,38,56)
 Model                              2          1  2.43111344E-08       *                    2_GWT-(1,41,32)
 ----------------------------------------------------------------------------------------------------------


 2 CALLS TO NUMERICAL SOLUTION IN TIME STEP 107 STRESS PERIOD 2
 3 TOTAL ITERATIONS
 
    Solving:  Stress period:     2    Time step:   108
 

 SLN_1 OUTER ITERATION SUMMARY
 ----------------------------------------------------------------------------------------------------------
                                OUTER      INNER                    STEP   MAXIMUM CHANGE MODEL-(CELLID) OR
 OUTER ITERATION STEP       ITERATION  ITERATION  MAXIMUM CHANGE SUCCESS             MODEL-PACKAGE-(NUMBER)
 ----------------------------------------------------------------------------------------------------------
 Model                              1          1  1.24701110E-04       *                     1_GWF-(1,2,88)
 ----------------------------------------------------------------------------------------------------------


 1 CALLS TO NUMERICAL SOLUTION IN TIME STEP 108 STRESS PERIOD 2
 1 TOTAL ITERATIONS

 SLN_2 OUTER ITERATION SUMMARY
 ----------------------------------------------------------------------------------------------------------
                                OUTER      INNER                    STEP   MAXIMUM CHANGE MODEL-(CELLID) OR
 OUTER ITERATION STEP       ITERATION  ITERATION  MAXIMUM CHANGE SUCCESS             MODEL-PACKAGE-(NUMBER)
 ----------------------------------------------------------------------------------------------------------
 Model                              1          2       4.8126914                            2_GWT-(1,38,56)
 Model                              2          1  2.37856739E-08       *                    2_GWT-(1,40,34)
 ----------------------------------------------------------------------------------------------------------


 2 CALLS TO NUMERICAL SOLUTION IN TIME STEP 108 STRESS PERIOD 2
 3 TOTAL ITERATIONS
 
    Solving:  Stress period:     2    Time step:   109
 

 SLN_1 OUTER ITERATION SUMMARY
 ----------------------------------------------------------------------------------------------------------
                                OUTER      INNER                    STEP   MAXIMUM CHANGE MODEL-(CELLID) OR
 OUTER ITERATION STEP       ITERATION  ITERATION  MAXIMUM CHANGE SUCCESS             MODEL-PACKAGE-(NUMBER)
 ----------------------------------------------------------------------------------------------------------
 Model                              1          1 -1.33430490E-04       *                     1_GWF-(1,2,88)
 ----------------------------------------------------------------------------------------------------------


 1 CALLS TO NUMERICAL SOLUTION IN TIME STEP 109 STRESS PERIOD 2
 1 TOTAL ITERATIONS

 SLN_2 OUTER ITERATION SUMMARY
 ----------------------------------------------------------------------------------------------------------
                                OUTER      INNER                    STEP   MAXIMUM CHANGE MODEL-(CELLID) OR
 OUTER ITERATION STEP       ITERATION  ITERATION  MAXIMUM CHANGE SUCCESS             MODEL-PACKAGE-(NUMBER)
 ----------------------------------------------------------------------------------------------------------
 Model                              1          2       4.7740424                            2_GWT-(1,38,56)
 Model                              2          1  2.29338184E-08       *                    2_GWT-(1,41,32)
 ----------------------------------------------------------------------------------------------------------


 2 CALLS TO NUMERICAL SOLUTION IN TIME STEP 109 STRESS PERIOD 2
 3 TOTAL ITERATIONS
 
    Solving:  Stress period:     2    Time step:   110
 

 SLN_1 OUTER ITERATION SUMMARY
 ----------------------------------------------------------------------------------------------------------
                                OUTER      INNER                    STEP   MAXIMUM CHANGE MODEL-(CELLID) OR
 OUTER ITERATION STEP       ITERATION  ITERATION  MAXIMUM CHANGE SUCCESS             MODEL-PACKAGE-(NUMBER)
 ----------------------------------------------------------------------------------------------------------
 Model                              1          1 -1.23898027E-04       *                     1_GWF-(1,2,85)
 ----------------------------------------------------------------------------------------------------------


 1 CALLS TO NUMERICAL SOLUTION IN TIME STEP 110 STRESS PERIOD 2
 1 TOTAL ITERATIONS

 SLN_2 OUTER ITERATION SUMMARY
 ----------------------------------------------------------------------------------------------------------
                                OUTER      INNER                    STEP   MAXIMUM CHANGE MODEL-(CELLID) OR
 OUTER ITERATION STEP       ITERATION  ITERATION  MAXIMUM CHANGE SUCCESS             MODEL-PACKAGE-(NUMBER)
 ----------------------------------------------------------------------------------------------------------
 Model                              1          2       4.7294880                            2_GWT-(1,38,57)
 Model                              2          1  2.26482371E-08       *                    2_GWT-(1,40,34)
 ----------------------------------------------------------------------------------------------------------


 2 CALLS TO NUMERICAL SOLUTION IN TIME STEP 110 STRESS PERIOD 2
 3 TOTAL ITERATIONS
 
    Solving:  Stress period:     2    Time step:   111
 

 SLN_1 OUTER ITERATION SUMMARY
 ----------------------------------------------------------------------------------------------------------
                                OUTER      INNER                    STEP   MAXIMUM CHANGE MODEL-(CELLID) OR
 OUTER ITERATION STEP       ITERATION  ITERATION  MAXIMUM CHANGE SUCCESS             MODEL-PACKAGE-(NUMBER)
 ----------------------------------------------------------------------------------------------------------
 Model                              1          1 -1.32597423E-04       *                     1_GWF-(1,2,88)
 ----------------------------------------------------------------------------------------------------------


 1 CALLS TO NUMERICAL SOLUTION IN TIME STEP 111 STRESS PERIOD 2
 1 TOTAL ITERATIONS

 SLN_2 OUTER ITERATION SUMMARY
 ----------------------------------------------------------------------------------------------------------
                                OUTER      INNER                    STEP   MAXIMUM CHANGE MODEL-(CELLID) OR
 OUTER ITERATION STEP       ITERATION  ITERATION  MAXIMUM CHANGE SUCCESS             MODEL-PACKAGE-(NUMBER)
 ----------------------------------------------------------------------------------------------------------
 Model                              1          2       4.6959242                            2_GWT-(1,38,57)
 Model                              2          1  2.16452918E-08       *                    2_GWT-(1,41,32)
 ----------------------------------------------------------------------------------------------------------


 2 CALLS TO NUMERICAL SOLUTION IN TIME STEP 111 STRESS PERIOD 2
 3 TOTAL ITERATIONS
 
    Solving:  Stress period:     2    Time step:   112
 

 SLN_1 OUTER ITERATION SUMMARY
 ----------------------------------------------------------------------------------------------------------
                                OUTER      INNER                    STEP   MAXIMUM CHANGE MODEL-(CELLID) OR
 OUTER ITERATION STEP       ITERATION  ITERATION  MAXIMUM CHANGE SUCCESS             MODEL-PACKAGE-(NUMBER)
 ----------------------------------------------------------------------------------------------------------
 Model                              1          1 -1.23335289E-04       *                     1_GWF-(1,2,85)
 ----------------------------------------------------------------------------------------------------------


 1 CALLS TO NUMERICAL SOLUTION IN TIME STEP 112 STRESS PERIOD 2
 1 TOTAL ITERATIONS

 SLN_2 OUTER ITERATION SUMMARY
 ----------------------------------------------------------------------------------------------------------
                                OUTER      INNER                    STEP   MAXIMUM CHANGE MODEL-(CELLID) OR
 OUTER ITERATION STEP       ITERATION  ITERATION  MAXIMUM CHANGE SUCCESS             MODEL-PACKAGE-(NUMBER)
 ----------------------------------------------------------------------------------------------------------
 Model                              1          2       4.6565211                            2_GWT-(1,38,57)
 Model                              2          1  2.15793534E-08       *                    2_GWT-(1,40,34)
 ----------------------------------------------------------------------------------------------------------


 2 CALLS TO NUMERICAL SOLUTION IN TIME STEP 112 STRESS PERIOD 2
 3 TOTAL ITERATIONS
 
    Solving:  Stress period:     2    Time step:   113
 

 SLN_1 OUTER ITERATION SUMMARY
 ----------------------------------------------------------------------------------------------------------
                                OUTER      INNER                    STEP   MAXIMUM CHANGE MODEL-(CELLID) OR
 OUTER ITERATION STEP       ITERATION  ITERATION  MAXIMUM CHANGE SUCCESS             MODEL-PACKAGE-(NUMBER)
 ----------------------------------------------------------------------------------------------------------
 Model                              1          1 -1.31761591E-04       *                     1_GWF-(1,2,88)
 ----------------------------------------------------------------------------------------------------------


 1 CALLS TO NUMERICAL SOLUTION IN TIME STEP 113 STRESS PERIOD 2
 1 TOTAL ITERATIONS

 SLN_2 OUTER ITERATION SUMMARY
 ----------------------------------------------------------------------------------------------------------
                                OUTER      INNER                    STEP   MAXIMUM CHANGE MODEL-(CELLID) OR
 OUTER ITERATION STEP       ITERATION  ITERATION  MAXIMUM CHANGE SUCCESS             MODEL-PACKAGE-(NUMBER)
 ----------------------------------------------------------------------------------------------------------
 Model                              1          2       4.6166525                            2_GWT-(1,38,57)
 Model                              2          1  2.04413482E-08       *                    2_GWT-(1,41,32)
 ----------------------------------------------------------------------------------------------------------


 2 CALLS TO NUMERICAL SOLUTION IN TIME STEP 113 STRESS PERIOD 2
 3 TOTAL ITERATIONS
 
    Solving:  Stress period:     2    Time step:   114
 

 SLN_1 OUTER ITERATION SUMMARY
 ----------------------------------------------------------------------------------------------------------
                                OUTER      INNER                    STEP   MAXIMUM CHANGE MODEL-(CELLID) OR
 OUTER ITERATION STEP       ITERATION  ITERATION  MAXIMUM CHANGE SUCCESS             MODEL-PACKAGE-(NUMBER)
 ----------------------------------------------------------------------------------------------------------
 Model                              1          1 -1.22763785E-04       *                     1_GWF-(1,2,85)
 ----------------------------------------------------------------------------------------------------------


 1 CALLS TO NUMERICAL SOLUTION IN TIME STEP 114 STRESS PERIOD 2
 1 TOTAL ITERATIONS

 SLN_2 OUTER ITERATION SUMMARY
 ----------------------------------------------------------------------------------------------------------
                                OUTER      INNER                    STEP   MAXIMUM CHANGE MODEL-(CELLID) OR
 OUTER ITERATION STEP       ITERATION  ITERATION  MAXIMUM CHANGE SUCCESS             MODEL-PACKAGE-(NUMBER)
 ----------------------------------------------------------------------------------------------------------
 Model                              1          2       4.5829924                            2_GWT-(1,38,58)
 Model                              2          1  2.05726565E-08       *                    2_GWT-(1,40,34)
 ----------------------------------------------------------------------------------------------------------


 2 CALLS TO NUMERICAL SOLUTION IN TIME STEP 114 STRESS PERIOD 2
 3 TOTAL ITERATIONS
 
    Solving:  Stress period:     2    Time step:   115
 

 SLN_1 OUTER ITERATION SUMMARY
 ----------------------------------------------------------------------------------------------------------
                                OUTER      INNER                    STEP   MAXIMUM CHANGE MODEL-(CELLID) OR
 OUTER ITERATION STEP       ITERATION  ITERATION  MAXIMUM CHANGE SUCCESS             MODEL-PACKAGE-(NUMBER)
 ----------------------------------------------------------------------------------------------------------
 Model                              1          1 -1.30923418E-04       *                     1_GWF-(1,2,88)
 ----------------------------------------------------------------------------------------------------------


 1 CALLS TO NUMERICAL SOLUTION IN TIME STEP 115 STRESS PERIOD 2
 1 TOTAL ITERATIONS

 SLN_2 OUTER ITERATION SUMMARY
 ----------------------------------------------------------------------------------------------------------
                                OUTER      INNER                    STEP   MAXIMUM CHANGE MODEL-(CELLID) OR
 OUTER ITERATION STEP       ITERATION  ITERATION  MAXIMUM CHANGE SUCCESS             MODEL-PACKAGE-(NUMBER)
 ----------------------------------------------------------------------------------------------------------
 Model                              1          2       4.5443948                            2_GWT-(1,38,58)
 Model                              2          1  1.93155074E-08       *                    2_GWT-(1,41,32)
 ----------------------------------------------------------------------------------------------------------


 2 CALLS TO NUMERICAL SOLUTION IN TIME STEP 115 STRESS PERIOD 2
 3 TOTAL ITERATIONS
 
    Solving:  Stress period:     2    Time step:   116
 

 SLN_1 OUTER ITERATION SUMMARY
 ----------------------------------------------------------------------------------------------------------
                                OUTER      INNER                    STEP   MAXIMUM CHANGE MODEL-(CELLID) OR
 OUTER ITERATION STEP       ITERATION  ITERATION  MAXIMUM CHANGE SUCCESS             MODEL-PACKAGE-(NUMBER)
 ----------------------------------------------------------------------------------------------------------
 Model                              1          1 -1.22184039E-04       *                     1_GWF-(1,2,85)
 ----------------------------------------------------------------------------------------------------------


 1 CALLS TO NUMERICAL SOLUTION IN TIME STEP 116 STRESS PERIOD 2
 1 TOTAL ITERATIONS

 SLN_2 OUTER ITERATION SUMMARY
 ----------------------------------------------------------------------------------------------------------
                                OUTER      INNER                    STEP   MAXIMUM CHANGE MODEL-(CELLID) OR
 OUTER ITERATION STEP       ITERATION  ITERATION  MAXIMUM CHANGE SUCCESS             MODEL-PACKAGE-(NUMBER)
 ----------------------------------------------------------------------------------------------------------
 Model                              1          2       4.5105957                            2_GWT-(1,38,58)
 Model                              2          1  1.96242809E-08       *                    2_GWT-(1,40,34)
 ----------------------------------------------------------------------------------------------------------


 2 CALLS TO NUMERICAL SOLUTION IN TIME STEP 116 STRESS PERIOD 2
 3 TOTAL ITERATIONS
 
    Solving:  Stress period:     2    Time step:   117
 

 SLN_1 OUTER ITERATION SUMMARY
 ----------------------------------------------------------------------------------------------------------
                                OUTER      INNER                    STEP   MAXIMUM CHANGE MODEL-(CELLID) OR
 OUTER ITERATION STEP       ITERATION  ITERATION  MAXIMUM CHANGE SUCCESS             MODEL-PACKAGE-(NUMBER)
 ----------------------------------------------------------------------------------------------------------
 Model                              1          1 -1.30083320E-04       *                     1_GWF-(1,2,88)
 ----------------------------------------------------------------------------------------------------------


 1 CALLS TO NUMERICAL SOLUTION IN TIME STEP 117 STRESS PERIOD 2
 1 TOTAL ITERATIONS

 SLN_2 OUTER ITERATION SUMMARY
 ----------------------------------------------------------------------------------------------------------
                                OUTER      INNER                    STEP   MAXIMUM CHANGE MODEL-(CELLID) OR
 OUTER ITERATION STEP       ITERATION  ITERATION  MAXIMUM CHANGE SUCCESS             MODEL-PACKAGE-(NUMBER)
 ----------------------------------------------------------------------------------------------------------
 Model                              1          2       4.4696949                            2_GWT-(1,38,59)
 Model                              2          1 -1.84402325E-08       *                    2_GWT-(1,40,34)
 ----------------------------------------------------------------------------------------------------------


 2 CALLS TO NUMERICAL SOLUTION IN TIME STEP 117 STRESS PERIOD 2
 3 TOTAL ITERATIONS
 
    Solving:  Stress period:     2    Time step:   118
 

 SLN_1 OUTER ITERATION SUMMARY
 ----------------------------------------------------------------------------------------------------------
                                OUTER      INNER                    STEP   MAXIMUM CHANGE MODEL-(CELLID) OR
 OUTER ITERATION STEP       ITERATION  ITERATION  MAXIMUM CHANGE SUCCESS             MODEL-PACKAGE-(NUMBER)
 ----------------------------------------------------------------------------------------------------------
 Model                              1          1 -1.21596564E-04       *                     1_GWF-(1,2,85)
 ----------------------------------------------------------------------------------------------------------


 1 CALLS TO NUMERICAL SOLUTION IN TIME STEP 118 STRESS PERIOD 2
 1 TOTAL ITERATIONS

 SLN_2 OUTER ITERATION SUMMARY
 ----------------------------------------------------------------------------------------------------------
                                OUTER      INNER                    STEP   MAXIMUM CHANGE MODEL-(CELLID) OR
 OUTER ITERATION STEP       ITERATION  ITERATION  MAXIMUM CHANGE SUCCESS             MODEL-PACKAGE-(NUMBER)
 ----------------------------------------------------------------------------------------------------------
 Model                              1          2       4.4416075                            2_GWT-(1,38,59)
 Model                              2          1  1.87303613E-08       *                    2_GWT-(1,40,34)
 ----------------------------------------------------------------------------------------------------------


 2 CALLS TO NUMERICAL SOLUTION IN TIME STEP 118 STRESS PERIOD 2
 3 TOTAL ITERATIONS
 
    Solving:  Stress period:     2    Time step:   119
 

 SLN_1 OUTER ITERATION SUMMARY
 ----------------------------------------------------------------------------------------------------------
                                OUTER      INNER                    STEP   MAXIMUM CHANGE MODEL-(CELLID) OR
 OUTER ITERATION STEP       ITERATION  ITERATION  MAXIMUM CHANGE SUCCESS             MODEL-PACKAGE-(NUMBER)
 ----------------------------------------------------------------------------------------------------------
 Model                              1          1 -1.29241697E-04       *                     1_GWF-(1,2,88)
 ----------------------------------------------------------------------------------------------------------


 1 CALLS TO NUMERICAL SOLUTION IN TIME STEP 119 STRESS PERIOD 2
 1 TOTAL ITERATIONS

 SLN_2 OUTER ITERATION SUMMARY
 ----------------------------------------------------------------------------------------------------------
                                OUTER      INNER                    STEP   MAXIMUM CHANGE MODEL-(CELLID) OR
 OUTER ITERATION STEP       ITERATION  ITERATION  MAXIMUM CHANGE SUCCESS             MODEL-PACKAGE-(NUMBER)
 ----------------------------------------------------------------------------------------------------------
 Model                              1          2       4.4033477                            2_GWT-(1,38,59)
 Model                              2          1 -1.76445383E-08       *                    2_GWT-(1,40,34)
 ----------------------------------------------------------------------------------------------------------


 2 CALLS TO NUMERICAL SOLUTION IN TIME STEP 119 STRESS PERIOD 2
 3 TOTAL ITERATIONS
 
    Solving:  Stress period:     2    Time step:   120
 

 SLN_1 OUTER ITERATION SUMMARY
 ----------------------------------------------------------------------------------------------------------
                                OUTER      INNER                    STEP   MAXIMUM CHANGE MODEL-(CELLID) OR
 OUTER ITERATION STEP       ITERATION  ITERATION  MAXIMUM CHANGE SUCCESS             MODEL-PACKAGE-(NUMBER)
 ----------------------------------------------------------------------------------------------------------
 Model                              1          1 -1.21001860E-04       *                     1_GWF-(1,2,85)
 ----------------------------------------------------------------------------------------------------------


 1 CALLS TO NUMERICAL SOLUTION IN TIME STEP 120 STRESS PERIOD 2
 1 TOTAL ITERATIONS

 SLN_2 OUTER ITERATION SUMMARY
 ----------------------------------------------------------------------------------------------------------
                                OUTER      INNER                    STEP   MAXIMUM CHANGE MODEL-(CELLID) OR
 OUTER ITERATION STEP       ITERATION  ITERATION  MAXIMUM CHANGE SUCCESS             MODEL-PACKAGE-(NUMBER)
 ----------------------------------------------------------------------------------------------------------
 Model                              1          2       4.3697388                            2_GWT-(1,38,59)
 Model                              2          1  1.78874870E-08       *                    2_GWT-(1,40,34)
 ----------------------------------------------------------------------------------------------------------


 2 CALLS TO NUMERICAL SOLUTION IN TIME STEP 120 STRESS PERIOD 2
 3 TOTAL ITERATIONS
 
    Solving:  Stress period:     2    Time step:   121
 

 SLN_1 OUTER ITERATION SUMMARY
 ----------------------------------------------------------------------------------------------------------
                                OUTER      INNER                    STEP   MAXIMUM CHANGE MODEL-(CELLID) OR
 OUTER ITERATION STEP       ITERATION  ITERATION  MAXIMUM CHANGE SUCCESS             MODEL-PACKAGE-(NUMBER)
 ----------------------------------------------------------------------------------------------------------
 Model                              1          1 -1.28398941E-04       *                     1_GWF-(1,2,88)
 ----------------------------------------------------------------------------------------------------------


 1 CALLS TO NUMERICAL SOLUTION IN TIME STEP 121 STRESS PERIOD 2
 1 TOTAL ITERATIONS

 SLN_2 OUTER ITERATION SUMMARY
 ----------------------------------------------------------------------------------------------------------
                                OUTER      INNER                    STEP   MAXIMUM CHANGE MODEL-(CELLID) OR
 OUTER ITERATION STEP       ITERATION  ITERATION  MAXIMUM CHANGE SUCCESS             MODEL-PACKAGE-(NUMBER)
 ----------------------------------------------------------------------------------------------------------
 Model                              1          2       4.3389286                            2_GWT-(1,38,60)
 Model                              2          1 -1.68880661E-08       *                    2_GWT-(1,40,34)
 ----------------------------------------------------------------------------------------------------------


 2 CALLS TO NUMERICAL SOLUTION IN TIME STEP 121 STRESS PERIOD 2
 3 TOTAL ITERATIONS
 
    Solving:  Stress period:     2    Time step:   122
 

 SLN_1 OUTER ITERATION SUMMARY
 ----------------------------------------------------------------------------------------------------------
                                OUTER      INNER                    STEP   MAXIMUM CHANGE MODEL-(CELLID) OR
 OUTER ITERATION STEP       ITERATION  ITERATION  MAXIMUM CHANGE SUCCESS             MODEL-PACKAGE-(NUMBER)
 ----------------------------------------------------------------------------------------------------------
 Model                              1          1 -1.20400414E-04       *                     1_GWF-(1,2,85)
 ----------------------------------------------------------------------------------------------------------


 1 CALLS TO NUMERICAL SOLUTION IN TIME STEP 122 STRESS PERIOD 2
 1 TOTAL ITERATIONS

 SLN_2 OUTER ITERATION SUMMARY
 ----------------------------------------------------------------------------------------------------------
                                OUTER      INNER                    STEP   MAXIMUM CHANGE MODEL-(CELLID) OR
 OUTER ITERATION STEP       ITERATION  ITERATION  MAXIMUM CHANGE SUCCESS             MODEL-PACKAGE-(NUMBER)
 ----------------------------------------------------------------------------------------------------------
 Model                              1          2       4.3039578                            2_GWT-(1,38,60)
 Model                              2          1  1.70916792E-08       *                    2_GWT-(1,40,34)
 ----------------------------------------------------------------------------------------------------------


 2 CALLS TO NUMERICAL SOLUTION IN TIME STEP 122 STRESS PERIOD 2
 3 TOTAL ITERATIONS
 
    Solving:  Stress period:     2    Time step:   123
 

 SLN_1 OUTER ITERATION SUMMARY
 ----------------------------------------------------------------------------------------------------------
                                OUTER      INNER                    STEP   MAXIMUM CHANGE MODEL-(CELLID) OR
 OUTER ITERATION STEP       ITERATION  ITERATION  MAXIMUM CHANGE SUCCESS             MODEL-PACKAGE-(NUMBER)
 ----------------------------------------------------------------------------------------------------------
 Model                              1          1 -1.27555429E-04       *                     1_GWF-(1,2,88)
 ----------------------------------------------------------------------------------------------------------


 1 CALLS TO NUMERICAL SOLUTION IN TIME STEP 123 STRESS PERIOD 2
 1 TOTAL ITERATIONS

 SLN_2 OUTER ITERATION SUMMARY
 ----------------------------------------------------------------------------------------------------------
                                OUTER      INNER                    STEP   MAXIMUM CHANGE MODEL-(CELLID) OR
 OUTER ITERATION STEP       ITERATION  ITERATION  MAXIMUM CHANGE SUCCESS             MODEL-PACKAGE-(NUMBER)
 ----------------------------------------------------------------------------------------------------------
 Model                              1          2       4.2729791                            2_GWT-(1,38,60)
 Model                              2          1 -1.61683147E-08       *                    2_GWT-(1,40,34)
 ----------------------------------------------------------------------------------------------------------


 2 CALLS TO NUMERICAL SOLUTION IN TIME STEP 123 STRESS PERIOD 2
 3 TOTAL ITERATIONS
 
    Solving:  Stress period:     2    Time step:   124
 

 SLN_1 OUTER ITERATION SUMMARY
 ----------------------------------------------------------------------------------------------------------
                                OUTER      INNER                    STEP   MAXIMUM CHANGE MODEL-(CELLID) OR
 OUTER ITERATION STEP       ITERATION  ITERATION  MAXIMUM CHANGE SUCCESS             MODEL-PACKAGE-(NUMBER)
 ----------------------------------------------------------------------------------------------------------
 Model                              1          1 -1.19792701E-04       *                     1_GWF-(1,2,85)
 ----------------------------------------------------------------------------------------------------------


 1 CALLS TO NUMERICAL SOLUTION IN TIME STEP 124 STRESS PERIOD 2
 1 TOTAL ITERATIONS

 SLN_2 OUTER ITERATION SUMMARY
 ----------------------------------------------------------------------------------------------------------
                                OUTER      INNER                    STEP   MAXIMUM CHANGE MODEL-(CELLID) OR
 OUTER ITERATION STEP       ITERATION  ITERATION  MAXIMUM CHANGE SUCCESS             MODEL-PACKAGE-(NUMBER)
 ----------------------------------------------------------------------------------------------------------
 Model                              1          2       4.2357303                            2_GWT-(1,38,61)
 Model                              2          1  1.63396408E-08       *                    2_GWT-(1,40,34)
 ----------------------------------------------------------------------------------------------------------


 2 CALLS TO NUMERICAL SOLUTION IN TIME STEP 124 STRESS PERIOD 2
 3 TOTAL ITERATIONS
 
    Solving:  Stress period:     2    Time step:   125
 

 SLN_1 OUTER ITERATION SUMMARY
 ----------------------------------------------------------------------------------------------------------
                                OUTER      INNER                    STEP   MAXIMUM CHANGE MODEL-(CELLID) OR
 OUTER ITERATION STEP       ITERATION  ITERATION  MAXIMUM CHANGE SUCCESS             MODEL-PACKAGE-(NUMBER)
 ----------------------------------------------------------------------------------------------------------
 Model                              1          1 -1.26711525E-04       *                     1_GWF-(1,2,88)
 ----------------------------------------------------------------------------------------------------------


 1 CALLS TO NUMERICAL SOLUTION IN TIME STEP 125 STRESS PERIOD 2
 1 TOTAL ITERATIONS

 SLN_2 OUTER ITERATION SUMMARY
 ----------------------------------------------------------------------------------------------------------
                                OUTER      INNER                    STEP   MAXIMUM CHANGE MODEL-(CELLID) OR
 OUTER ITERATION STEP       ITERATION  ITERATION  MAXIMUM CHANGE SUCCESS             MODEL-PACKAGE-(NUMBER)
 ----------------------------------------------------------------------------------------------------------
 Model                              1          2       4.2127921                            2_GWT-(1,38,61)
 Model                              2          1 -1.54830104E-08       *                    2_GWT-(1,40,34)
 ----------------------------------------------------------------------------------------------------------


 2 CALLS TO NUMERICAL SOLUTION IN TIME STEP 125 STRESS PERIOD 2
 3 TOTAL ITERATIONS
 
    Solving:  Stress period:     2    Time step:   126
 

 SLN_1 OUTER ITERATION SUMMARY
 ----------------------------------------------------------------------------------------------------------
                                OUTER      INNER                    STEP   MAXIMUM CHANGE MODEL-(CELLID) OR
 OUTER ITERATION STEP       ITERATION  ITERATION  MAXIMUM CHANGE SUCCESS             MODEL-PACKAGE-(NUMBER)
 ----------------------------------------------------------------------------------------------------------
 Model                              1          1 -1.19179181E-04       *                     1_GWF-(1,2,85)
 ----------------------------------------------------------------------------------------------------------


 1 CALLS TO NUMERICAL SOLUTION IN TIME STEP 126 STRESS PERIOD 2
 1 TOTAL ITERATIONS

 SLN_2 OUTER ITERATION SUMMARY
 ----------------------------------------------------------------------------------------------------------
                                OUTER      INNER                    STEP   MAXIMUM CHANGE MODEL-(CELLID) OR
 OUTER ITERATION STEP       ITERATION  ITERATION  MAXIMUM CHANGE SUCCESS             MODEL-PACKAGE-(NUMBER)
 ----------------------------------------------------------------------------------------------------------
 Model                              1          2       4.1749951                            2_GWT-(1,38,61)
 Model                              2          1  1.56281885E-08       *                    2_GWT-(1,40,34)
 ----------------------------------------------------------------------------------------------------------


 2 CALLS TO NUMERICAL SOLUTION IN TIME STEP 126 STRESS PERIOD 2
 3 TOTAL ITERATIONS
 
    Solving:  Stress period:     2    Time step:   127
 

 SLN_1 OUTER ITERATION SUMMARY
 ----------------------------------------------------------------------------------------------------------
                                OUTER      INNER                    STEP   MAXIMUM CHANGE MODEL-(CELLID) OR
 OUTER ITERATION STEP       ITERATION  ITERATION  MAXIMUM CHANGE SUCCESS             MODEL-PACKAGE-(NUMBER)
 ----------------------------------------------------------------------------------------------------------
 Model                              1          1 -1.25867577E-04       *                     1_GWF-(1,2,88)
 ----------------------------------------------------------------------------------------------------------


 1 CALLS TO NUMERICAL SOLUTION IN TIME STEP 127 STRESS PERIOD 2
 1 TOTAL ITERATIONS

 SLN_2 OUTER ITERATION SUMMARY
 ----------------------------------------------------------------------------------------------------------
                                OUTER      INNER                    STEP   MAXIMUM CHANGE MODEL-(CELLID) OR
 OUTER ITERATION STEP       ITERATION  ITERATION  MAXIMUM CHANGE SUCCESS             MODEL-PACKAGE-(NUMBER)
 ----------------------------------------------------------------------------------------------------------
 Model                              1          2       4.1472054                            2_GWT-(1,38,61)
 Model                              2          1 -1.48312438E-08       *                    2_GWT-(1,40,34)
 ----------------------------------------------------------------------------------------------------------


 2 CALLS TO NUMERICAL SOLUTION IN TIME STEP 127 STRESS PERIOD 2
 3 TOTAL ITERATIONS
 
    Solving:  Stress period:     2    Time step:   128
 

 SLN_1 OUTER ITERATION SUMMARY
 ----------------------------------------------------------------------------------------------------------
                                OUTER      INNER                    STEP   MAXIMUM CHANGE MODEL-(CELLID) OR
 OUTER ITERATION STEP       ITERATION  ITERATION  MAXIMUM CHANGE SUCCESS             MODEL-PACKAGE-(NUMBER)
 ----------------------------------------------------------------------------------------------------------
 Model                              1          1 -1.18560299E-04       *                     1_GWF-(1,2,85)
 ----------------------------------------------------------------------------------------------------------


 1 CALLS TO NUMERICAL SOLUTION IN TIME STEP 128 STRESS PERIOD 2
 1 TOTAL ITERATIONS

 SLN_2 OUTER ITERATION SUMMARY
 ----------------------------------------------------------------------------------------------------------
                                OUTER      INNER                    STEP   MAXIMUM CHANGE MODEL-(CELLID) OR
 OUTER ITERATION STEP       ITERATION  ITERATION  MAXIMUM CHANGE SUCCESS             MODEL-PACKAGE-(NUMBER)
 ----------------------------------------------------------------------------------------------------------
 Model                              1          2       4.1177709                            2_GWT-(1,38,62)
 Model                              2          1  1.49541393E-08       *                    2_GWT-(1,40,34)
 ----------------------------------------------------------------------------------------------------------


 2 CALLS TO NUMERICAL SOLUTION IN TIME STEP 128 STRESS PERIOD 2
 3 TOTAL ITERATIONS
 
    Solving:  Stress period:     2    Time step:   129
 

 SLN_1 OUTER ITERATION SUMMARY
 ----------------------------------------------------------------------------------------------------------
                                OUTER      INNER                    STEP   MAXIMUM CHANGE MODEL-(CELLID) OR
 OUTER ITERATION STEP       ITERATION  ITERATION  MAXIMUM CHANGE SUCCESS             MODEL-PACKAGE-(NUMBER)
 ----------------------------------------------------------------------------------------------------------
 Model                              1          1 -1.25023924E-04       *                     1_GWF-(1,2,88)
 ----------------------------------------------------------------------------------------------------------


 1 CALLS TO NUMERICAL SOLUTION IN TIME STEP 129 STRESS PERIOD 2
 1 TOTAL ITERATIONS

 SLN_2 OUTER ITERATION SUMMARY
 ----------------------------------------------------------------------------------------------------------
                                OUTER      INNER                    STEP   MAXIMUM CHANGE MODEL-(CELLID) OR
 OUTER ITERATION STEP       ITERATION  ITERATION  MAXIMUM CHANGE SUCCESS             MODEL-PACKAGE-(NUMBER)
 ----------------------------------------------------------------------------------------------------------
 Model                              1          2       4.0877916                            2_GWT-(1,38,62)
 Model                              2          1 -1.42104000E-08       *                    2_GWT-(1,40,34)
 ----------------------------------------------------------------------------------------------------------


 2 CALLS TO NUMERICAL SOLUTION IN TIME STEP 129 STRESS PERIOD 2
 3 TOTAL ITERATIONS
 
    Solving:  Stress period:     2    Time step:   130
 

 SLN_1 OUTER ITERATION SUMMARY
 ----------------------------------------------------------------------------------------------------------
                                OUTER      INNER                    STEP   MAXIMUM CHANGE MODEL-(CELLID) OR
 OUTER ITERATION STEP       ITERATION  ITERATION  MAXIMUM CHANGE SUCCESS             MODEL-PACKAGE-(NUMBER)
 ----------------------------------------------------------------------------------------------------------
 Model                              1          1 -1.17936487E-04       *                     1_GWF-(1,2,85)
 ----------------------------------------------------------------------------------------------------------


 1 CALLS TO NUMERICAL SOLUTION IN TIME STEP 130 STRESS PERIOD 2
 1 TOTAL ITERATIONS

 SLN_2 OUTER ITERATION SUMMARY
 ----------------------------------------------------------------------------------------------------------
                                OUTER      INNER                    STEP   MAXIMUM CHANGE MODEL-(CELLID) OR
 OUTER ITERATION STEP       ITERATION  ITERATION  MAXIMUM CHANGE SUCCESS             MODEL-PACKAGE-(NUMBER)
 ----------------------------------------------------------------------------------------------------------
 Model                              1          2       4.0572858                            2_GWT-(1,38,62)
 Model                              2          1  1.43157877E-08       *                    2_GWT-(1,40,34)
 ----------------------------------------------------------------------------------------------------------


 2 CALLS TO NUMERICAL SOLUTION IN TIME STEP 130 STRESS PERIOD 2
 3 TOTAL ITERATIONS
 
    Solving:  Stress period:     2    Time step:   131
 

 SLN_1 OUTER ITERATION SUMMARY
 ----------------------------------------------------------------------------------------------------------
                                OUTER      INNER                    STEP   MAXIMUM CHANGE MODEL-(CELLID) OR
 OUTER ITERATION STEP       ITERATION  ITERATION  MAXIMUM CHANGE SUCCESS             MODEL-PACKAGE-(NUMBER)
 ----------------------------------------------------------------------------------------------------------
 Model                              1          1 -1.24180887E-04       *                     1_GWF-(1,2,88)
 ----------------------------------------------------------------------------------------------------------


 1 CALLS TO NUMERICAL SOLUTION IN TIME STEP 131 STRESS PERIOD 2
 1 TOTAL ITERATIONS

 SLN_2 OUTER ITERATION SUMMARY
 ----------------------------------------------------------------------------------------------------------
                                OUTER      INNER                    STEP   MAXIMUM CHANGE MODEL-(CELLID) OR
 OUTER ITERATION STEP       ITERATION  ITERATION  MAXIMUM CHANGE SUCCESS             MODEL-PACKAGE-(NUMBER)
 ----------------------------------------------------------------------------------------------------------
 Model                              1          2       4.0247343                            2_GWT-(1,38,63)
 Model                              2          1 -1.36188874E-08       *                    2_GWT-(1,40,34)
 ----------------------------------------------------------------------------------------------------------


 2 CALLS TO NUMERICAL SOLUTION IN TIME STEP 131 STRESS PERIOD 2
 3 TOTAL ITERATIONS
 
    Solving:  Stress period:     2    Time step:   132
 

 SLN_1 OUTER ITERATION SUMMARY
 ----------------------------------------------------------------------------------------------------------
                                OUTER      INNER                    STEP   MAXIMUM CHANGE MODEL-(CELLID) OR
 OUTER ITERATION STEP       ITERATION  ITERATION  MAXIMUM CHANGE SUCCESS             MODEL-PACKAGE-(NUMBER)
 ----------------------------------------------------------------------------------------------------------
 Model                              1          1 -1.17308162E-04       *                     1_GWF-(1,2,85)
 ----------------------------------------------------------------------------------------------------------


 1 CALLS TO NUMERICAL SOLUTION IN TIME STEP 132 STRESS PERIOD 2
 1 TOTAL ITERATIONS

 SLN_2 OUTER ITERATION SUMMARY
 ----------------------------------------------------------------------------------------------------------
                                OUTER      INNER                    STEP   MAXIMUM CHANGE MODEL-(CELLID) OR
 OUTER ITERATION STEP       ITERATION  ITERATION  MAXIMUM CHANGE SUCCESS             MODEL-PACKAGE-(NUMBER)
 ----------------------------------------------------------------------------------------------------------
 Model                              1          2       4.0052133                            2_GWT-(1,38,63)
 Model                              2          1  1.37101779E-08       *                    2_GWT-(1,40,34)
 ----------------------------------------------------------------------------------------------------------


 2 CALLS TO NUMERICAL SOLUTION IN TIME STEP 132 STRESS PERIOD 2
 3 TOTAL ITERATIONS
 
    Solving:  Stress period:     2    Time step:   133
 

 SLN_1 OUTER ITERATION SUMMARY
 ----------------------------------------------------------------------------------------------------------
                                OUTER      INNER                    STEP   MAXIMUM CHANGE MODEL-(CELLID) OR
 OUTER ITERATION STEP       ITERATION  ITERATION  MAXIMUM CHANGE SUCCESS             MODEL-PACKAGE-(NUMBER)
 ----------------------------------------------------------------------------------------------------------
 Model                              1          1 -1.23338774E-04       *                     1_GWF-(1,2,88)
 ----------------------------------------------------------------------------------------------------------


 1 CALLS TO NUMERICAL SOLUTION IN TIME STEP 133 STRESS PERIOD 2
 1 TOTAL ITERATIONS

 SLN_2 OUTER ITERATION SUMMARY
 ----------------------------------------------------------------------------------------------------------
                                OUTER      INNER                    STEP   MAXIMUM CHANGE MODEL-(CELLID) OR
 OUTER ITERATION STEP       ITERATION  ITERATION  MAXIMUM CHANGE SUCCESS             MODEL-PACKAGE-(NUMBER)
 ----------------------------------------------------------------------------------------------------------
 Model                              1          2       3.9688209                            2_GWT-(1,38,63)
 Model                              2          1 -1.30552280E-08       *                    2_GWT-(1,40,34)
 ----------------------------------------------------------------------------------------------------------


 2 CALLS TO NUMERICAL SOLUTION IN TIME STEP 133 STRESS PERIOD 2
 3 TOTAL ITERATIONS
 
    Solving:  Stress period:     2    Time step:   134
 

 SLN_1 OUTER ITERATION SUMMARY
 ----------------------------------------------------------------------------------------------------------
                                OUTER      INNER                    STEP   MAXIMUM CHANGE MODEL-(CELLID) OR
 OUTER ITERATION STEP       ITERATION  ITERATION  MAXIMUM CHANGE SUCCESS             MODEL-PACKAGE-(NUMBER)
 ----------------------------------------------------------------------------------------------------------
 Model                              1          1 -1.16675726E-04       *                     1_GWF-(1,2,85)
 ----------------------------------------------------------------------------------------------------------


 1 CALLS TO NUMERICAL SOLUTION IN TIME STEP 134 STRESS PERIOD 2
 1 TOTAL ITERATIONS

 SLN_2 OUTER ITERATION SUMMARY
 ----------------------------------------------------------------------------------------------------------
                                OUTER      INNER                    STEP   MAXIMUM CHANGE MODEL-(CELLID) OR
 OUTER ITERATION STEP       ITERATION  ITERATION  MAXIMUM CHANGE SUCCESS             MODEL-PACKAGE-(NUMBER)
 ----------------------------------------------------------------------------------------------------------
 Model                              1          2       3.9449881                            2_GWT-(1,38,63)
 Model                              2          1  1.31354909E-08       *                    2_GWT-(1,40,34)
 ----------------------------------------------------------------------------------------------------------


 2 CALLS TO NUMERICAL SOLUTION IN TIME STEP 134 STRESS PERIOD 2
 3 TOTAL ITERATIONS
 
    Solving:  Stress period:     2    Time step:   135
 

 SLN_1 OUTER ITERATION SUMMARY
 ----------------------------------------------------------------------------------------------------------
                                OUTER      INNER                    STEP   MAXIMUM CHANGE MODEL-(CELLID) OR
 OUTER ITERATION STEP       ITERATION  ITERATION  MAXIMUM CHANGE SUCCESS             MODEL-PACKAGE-(NUMBER)
 ----------------------------------------------------------------------------------------------------------
 Model                              1          1 -1.22497880E-04       *                     1_GWF-(1,2,88)
 ----------------------------------------------------------------------------------------------------------


 1 CALLS TO NUMERICAL SOLUTION IN TIME STEP 135 STRESS PERIOD 2
 1 TOTAL ITERATIONS

 SLN_2 OUTER ITERATION SUMMARY
 ----------------------------------------------------------------------------------------------------------
                                OUTER      INNER                    STEP   MAXIMUM CHANGE MODEL-(CELLID) OR
 OUTER ITERATION STEP       ITERATION  ITERATION  MAXIMUM CHANGE SUCCESS             MODEL-PACKAGE-(NUMBER)
 ----------------------------------------------------------------------------------------------------------
 Model                              1          2       3.9167085                            2_GWT-(1,38,64)
 Model                              2          1 -1.25180577E-08       *                    2_GWT-(1,40,34)
 ----------------------------------------------------------------------------------------------------------


 2 CALLS TO NUMERICAL SOLUTION IN TIME STEP 135 STRESS PERIOD 2
 3 TOTAL ITERATIONS
 
    Solving:  Stress period:     2    Time step:   136
 

 SLN_1 OUTER ITERATION SUMMARY
 ----------------------------------------------------------------------------------------------------------
                                OUTER      INNER                    STEP   MAXIMUM CHANGE MODEL-(CELLID) OR
 OUTER ITERATION STEP       ITERATION  ITERATION  MAXIMUM CHANGE SUCCESS             MODEL-PACKAGE-(NUMBER)
 ----------------------------------------------------------------------------------------------------------
 Model                              1          1 -1.16039567E-04       *                     1_GWF-(1,2,85)
 ----------------------------------------------------------------------------------------------------------


 1 CALLS TO NUMERICAL SOLUTION IN TIME STEP 136 STRESS PERIOD 2
 1 TOTAL ITERATIONS

 SLN_2 OUTER ITERATION SUMMARY
 ----------------------------------------------------------------------------------------------------------
                                OUTER      INNER                    STEP   MAXIMUM CHANGE MODEL-(CELLID) OR
 OUTER ITERATION STEP       ITERATION  ITERATION  MAXIMUM CHANGE SUCCESS             MODEL-PACKAGE-(NUMBER)
 ----------------------------------------------------------------------------------------------------------
 Model                              1          2       3.8923153                            2_GWT-(1,38,64)
 Model                              2          1  1.25894530E-08       *                    2_GWT-(1,40,34)
 ----------------------------------------------------------------------------------------------------------


 2 CALLS TO NUMERICAL SOLUTION IN TIME STEP 136 STRESS PERIOD 2
 3 TOTAL ITERATIONS
 
    Solving:  Stress period:     2    Time step:   137
 

 SLN_1 OUTER ITERATION SUMMARY
 ----------------------------------------------------------------------------------------------------------
                                OUTER      INNER                    STEP   MAXIMUM CHANGE MODEL-(CELLID) OR
 OUTER ITERATION STEP       ITERATION  ITERATION  MAXIMUM CHANGE SUCCESS             MODEL-PACKAGE-(NUMBER)
 ----------------------------------------------------------------------------------------------------------
 Model                              1          1 -1.21658484E-04       *                     1_GWF-(1,2,88)
 ----------------------------------------------------------------------------------------------------------


 1 CALLS TO NUMERICAL SOLUTION IN TIME STEP 137 STRESS PERIOD 2
 1 TOTAL ITERATIONS

 SLN_2 OUTER ITERATION SUMMARY
 ----------------------------------------------------------------------------------------------------------
                                OUTER      INNER                    STEP   MAXIMUM CHANGE MODEL-(CELLID) OR
 OUTER ITERATION STEP       ITERATION  ITERATION  MAXIMUM CHANGE SUCCESS             MODEL-PACKAGE-(NUMBER)
 ----------------------------------------------------------------------------------------------------------
 Model                              1          2       3.8628099                            2_GWT-(1,38,65)
 Model                              2          1 -1.20056711E-08       *                    2_GWT-(1,40,34)
 ----------------------------------------------------------------------------------------------------------


 2 CALLS TO NUMERICAL SOLUTION IN TIME STEP 137 STRESS PERIOD 2
 3 TOTAL ITERATIONS
 
    Solving:  Stress period:     2    Time step:   138
 

 SLN_1 OUTER ITERATION SUMMARY
 ----------------------------------------------------------------------------------------------------------
                                OUTER      INNER                    STEP   MAXIMUM CHANGE MODEL-(CELLID) OR
 OUTER ITERATION STEP       ITERATION  ITERATION  MAXIMUM CHANGE SUCCESS             MODEL-PACKAGE-(NUMBER)
 ----------------------------------------------------------------------------------------------------------
 Model                              1          1 -1.15400059E-04       *                     1_GWF-(1,2,85)
 ----------------------------------------------------------------------------------------------------------


 1 CALLS TO NUMERICAL SOLUTION IN TIME STEP 138 STRESS PERIOD 2
 1 TOTAL ITERATIONS

 SLN_2 OUTER ITERATION SUMMARY
 ----------------------------------------------------------------------------------------------------------
                                OUTER      INNER                    STEP   MAXIMUM CHANGE MODEL-(CELLID) OR
 OUTER ITERATION STEP       ITERATION  ITERATION  MAXIMUM CHANGE SUCCESS             MODEL-PACKAGE-(NUMBER)
 ----------------------------------------------------------------------------------------------------------
 Model                              1          2       3.8341414                            2_GWT-(1,38,65)
 Model                              2          1  1.20701316E-08       *                    2_GWT-(1,40,34)
 ----------------------------------------------------------------------------------------------------------


 2 CALLS TO NUMERICAL SOLUTION IN TIME STEP 138 STRESS PERIOD 2
 3 TOTAL ITERATIONS
 
    Solving:  Stress period:     2    Time step:   139
 

 SLN_1 OUTER ITERATION SUMMARY
 ----------------------------------------------------------------------------------------------------------
                                OUTER      INNER                    STEP   MAXIMUM CHANGE MODEL-(CELLID) OR
 OUTER ITERATION STEP       ITERATION  ITERATION  MAXIMUM CHANGE SUCCESS             MODEL-PACKAGE-(NUMBER)
 ----------------------------------------------------------------------------------------------------------
 Model                              1          1 -1.20820854E-04       *                     1_GWF-(1,2,88)
 ----------------------------------------------------------------------------------------------------------


 1 CALLS TO NUMERICAL SOLUTION IN TIME STEP 139 STRESS PERIOD 2
 1 TOTAL ITERATIONS

 SLN_2 OUTER ITERATION SUMMARY
 ----------------------------------------------------------------------------------------------------------
                                OUTER      INNER                    STEP   MAXIMUM CHANGE MODEL-(CELLID) OR
 OUTER ITERATION STEP       ITERATION  ITERATION  MAXIMUM CHANGE SUCCESS             MODEL-PACKAGE-(NUMBER)
 ----------------------------------------------------------------------------------------------------------
 Model                              1          2       3.8155453                            2_GWT-(1,38,65)
 Model                              2          1 -1.15161356E-08       *                    2_GWT-(1,40,34)
 ----------------------------------------------------------------------------------------------------------


 2 CALLS TO NUMERICAL SOLUTION IN TIME STEP 139 STRESS PERIOD 2
 3 TOTAL ITERATIONS
 
    Solving:  Stress period:     2    Time step:   140
 

 SLN_1 OUTER ITERATION SUMMARY
 ----------------------------------------------------------------------------------------------------------
                                OUTER      INNER                    STEP   MAXIMUM CHANGE MODEL-(CELLID) OR
 OUTER ITERATION STEP       ITERATION  ITERATION  MAXIMUM CHANGE SUCCESS             MODEL-PACKAGE-(NUMBER)
 ----------------------------------------------------------------------------------------------------------
 Model                              1          1 -1.14757560E-04       *                     1_GWF-(1,2,85)
 ----------------------------------------------------------------------------------------------------------


 1 CALLS TO NUMERICAL SOLUTION IN TIME STEP 140 STRESS PERIOD 2
 1 TOTAL ITERATIONS

 SLN_2 OUTER ITERATION SUMMARY
 ----------------------------------------------------------------------------------------------------------
                                OUTER      INNER                    STEP   MAXIMUM CHANGE MODEL-(CELLID) OR
 OUTER ITERATION STEP       ITERATION  ITERATION  MAXIMUM CHANGE SUCCESS             MODEL-PACKAGE-(NUMBER)
 ----------------------------------------------------------------------------------------------------------
 Model                              1          2       3.7824200                            2_GWT-(1,38,65)
 Model                              2          1  1.15757075E-08       *                    2_GWT-(1,40,34)
 ----------------------------------------------------------------------------------------------------------


 2 CALLS TO NUMERICAL SOLUTION IN TIME STEP 140 STRESS PERIOD 2
 3 TOTAL ITERATIONS
 
    Solving:  Stress period:     2    Time step:   141
 

 SLN_1 OUTER ITERATION SUMMARY
 ----------------------------------------------------------------------------------------------------------
                                OUTER      INNER                    STEP   MAXIMUM CHANGE MODEL-(CELLID) OR
 OUTER ITERATION STEP       ITERATION  ITERATION  MAXIMUM CHANGE SUCCESS             MODEL-PACKAGE-(NUMBER)
 ----------------------------------------------------------------------------------------------------------
 Model                              1          1 -1.19985244E-04       *                     1_GWF-(1,2,88)
 ----------------------------------------------------------------------------------------------------------


 1 CALLS TO NUMERICAL SOLUTION IN TIME STEP 141 STRESS PERIOD 2
 1 TOTAL ITERATIONS

 SLN_2 OUTER ITERATION SUMMARY
 ----------------------------------------------------------------------------------------------------------
                                OUTER      INNER                    STEP   MAXIMUM CHANGE MODEL-(CELLID) OR
 OUTER ITERATION STEP       ITERATION  ITERATION  MAXIMUM CHANGE SUCCESS             MODEL-PACKAGE-(NUMBER)
 ----------------------------------------------------------------------------------------------------------
 Model                              1          2       3.7618281                            2_GWT-(1,38,66)
 Model                              2          1 -1.10491101E-08       *                    2_GWT-(1,40,34)
 ----------------------------------------------------------------------------------------------------------


 2 CALLS TO NUMERICAL SOLUTION IN TIME STEP 141 STRESS PERIOD 2
 3 TOTAL ITERATIONS
 
    Solving:  Stress period:     2    Time step:   142
 

 SLN_1 OUTER ITERATION SUMMARY
 ----------------------------------------------------------------------------------------------------------
                                OUTER      INNER                    STEP   MAXIMUM CHANGE MODEL-(CELLID) OR
 OUTER ITERATION STEP       ITERATION  ITERATION  MAXIMUM CHANGE SUCCESS             MODEL-PACKAGE-(NUMBER)
 ----------------------------------------------------------------------------------------------------------
 Model                              1          1 -1.14112415E-04       *                     1_GWF-(1,2,85)
 ----------------------------------------------------------------------------------------------------------


 1 CALLS TO NUMERICAL SOLUTION IN TIME STEP 142 STRESS PERIOD 2
 1 TOTAL ITERATIONS

 SLN_2 OUTER ITERATION SUMMARY
 ----------------------------------------------------------------------------------------------------------
                                OUTER      INNER                    STEP   MAXIMUM CHANGE MODEL-(CELLID) OR
 OUTER ITERATION STEP       ITERATION  ITERATION  MAXIMUM CHANGE SUCCESS             MODEL-PACKAGE-(NUMBER)
 ----------------------------------------------------------------------------------------------------------
 Model                              1          2       3.7338375                            2_GWT-(1,38,66)
 Model                              2          1  1.11047029E-08       *                    2_GWT-(1,40,34)
 ----------------------------------------------------------------------------------------------------------


 2 CALLS TO NUMERICAL SOLUTION IN TIME STEP 142 STRESS PERIOD 2
 3 TOTAL ITERATIONS
 
    Solving:  Stress period:     2    Time step:   143
 

 SLN_1 OUTER ITERATION SUMMARY
 ----------------------------------------------------------------------------------------------------------
                                OUTER      INNER                    STEP   MAXIMUM CHANGE MODEL-(CELLID) OR
 OUTER ITERATION STEP       ITERATION  ITERATION  MAXIMUM CHANGE SUCCESS             MODEL-PACKAGE-(NUMBER)
 ----------------------------------------------------------------------------------------------------------
 Model                              1          1 -1.19151893E-04       *                     1_GWF-(1,2,88)
 ----------------------------------------------------------------------------------------------------------


 1 CALLS TO NUMERICAL SOLUTION IN TIME STEP 143 STRESS PERIOD 2
 1 TOTAL ITERATIONS

 SLN_2 OUTER ITERATION SUMMARY
 ----------------------------------------------------------------------------------------------------------
                                OUTER      INNER                    STEP   MAXIMUM CHANGE MODEL-(CELLID) OR
 OUTER ITERATION STEP       ITERATION  ITERATION  MAXIMUM CHANGE SUCCESS             MODEL-PACKAGE-(NUMBER)
 ----------------------------------------------------------------------------------------------------------
 Model                              1          2       3.7141263                            2_GWT-(1,38,66)
 Model                              2          1 -1.06033440E-08       *                    2_GWT-(1,40,34)
 ----------------------------------------------------------------------------------------------------------


 2 CALLS TO NUMERICAL SOLUTION IN TIME STEP 143 STRESS PERIOD 2
 3 TOTAL ITERATIONS
 
    Solving:  Stress period:     2    Time step:   144
 

 SLN_1 OUTER ITERATION SUMMARY
 ----------------------------------------------------------------------------------------------------------
                                OUTER      INNER                    STEP   MAXIMUM CHANGE MODEL-(CELLID) OR
 OUTER ITERATION STEP       ITERATION  ITERATION  MAXIMUM CHANGE SUCCESS             MODEL-PACKAGE-(NUMBER)
 ----------------------------------------------------------------------------------------------------------
 Model                              1          1 -1.13464957E-04       *                     1_GWF-(1,2,85)
 ----------------------------------------------------------------------------------------------------------


 1 CALLS TO NUMERICAL SOLUTION IN TIME STEP 144 STRESS PERIOD 2
 1 TOTAL ITERATIONS

 SLN_2 OUTER ITERATION SUMMARY
 ----------------------------------------------------------------------------------------------------------
                                OUTER      INNER                    STEP   MAXIMUM CHANGE MODEL-(CELLID) OR
 OUTER ITERATION STEP       ITERATION  ITERATION  MAXIMUM CHANGE SUCCESS             MODEL-PACKAGE-(NUMBER)
 ----------------------------------------------------------------------------------------------------------
 Model                              1          2       3.6856391                            2_GWT-(1,38,67)
 Model                              2          1  1.06559810E-08       *                    2_GWT-(1,40,34)
 ----------------------------------------------------------------------------------------------------------


 2 CALLS TO NUMERICAL SOLUTION IN TIME STEP 144 STRESS PERIOD 2
 3 TOTAL ITERATIONS
 
    Solving:  Stress period:     2    Time step:   145
 

 SLN_1 OUTER ITERATION SUMMARY
 ----------------------------------------------------------------------------------------------------------
                                OUTER      INNER                    STEP   MAXIMUM CHANGE MODEL-(CELLID) OR
 OUTER ITERATION STEP       ITERATION  ITERATION  MAXIMUM CHANGE SUCCESS             MODEL-PACKAGE-(NUMBER)
 ----------------------------------------------------------------------------------------------------------
 Model                              1          1 -1.18321029E-04       *                     1_GWF-(1,2,88)
 ----------------------------------------------------------------------------------------------------------


 1 CALLS TO NUMERICAL SOLUTION IN TIME STEP 145 STRESS PERIOD 2
 1 TOTAL ITERATIONS

 SLN_2 OUTER ITERATION SUMMARY
 ----------------------------------------------------------------------------------------------------------
                                OUTER      INNER                    STEP   MAXIMUM CHANGE MODEL-(CELLID) OR
 OUTER ITERATION STEP       ITERATION  ITERATION  MAXIMUM CHANGE SUCCESS             MODEL-PACKAGE-(NUMBER)
 ----------------------------------------------------------------------------------------------------------
 Model                              1          2       3.6612624                            2_GWT-(1,38,67)
 Model                              2          1 -1.01779278E-08       *                    2_GWT-(1,40,34)
 ----------------------------------------------------------------------------------------------------------


 2 CALLS TO NUMERICAL SOLUTION IN TIME STEP 145 STRESS PERIOD 2
 3 TOTAL ITERATIONS
 
    Solving:  Stress period:     2    Time step:   146
 

 SLN_1 OUTER ITERATION SUMMARY
 ----------------------------------------------------------------------------------------------------------
                                OUTER      INNER                    STEP   MAXIMUM CHANGE MODEL-(CELLID) OR
 OUTER ITERATION STEP       ITERATION  ITERATION  MAXIMUM CHANGE SUCCESS             MODEL-PACKAGE-(NUMBER)
 ----------------------------------------------------------------------------------------------------------
 Model                              1          1 -1.12815502E-04       *                     1_GWF-(1,2,85)
 ----------------------------------------------------------------------------------------------------------


 1 CALLS TO NUMERICAL SOLUTION IN TIME STEP 146 STRESS PERIOD 2
 1 TOTAL ITERATIONS

 SLN_2 OUTER ITERATION SUMMARY
 ----------------------------------------------------------------------------------------------------------
                                OUTER      INNER                    STEP   MAXIMUM CHANGE MODEL-(CELLID) OR
 OUTER ITERATION STEP       ITERATION  ITERATION  MAXIMUM CHANGE SUCCESS             MODEL-PACKAGE-(NUMBER)
 ----------------------------------------------------------------------------------------------------------
 Model                              1          2       3.6415883                            2_GWT-(1,38,67)
 Model                              2          1  1.02285185E-08       *                    2_GWT-(1,40,34)
 ----------------------------------------------------------------------------------------------------------


 2 CALLS TO NUMERICAL SOLUTION IN TIME STEP 146 STRESS PERIOD 2
 3 TOTAL ITERATIONS
 
    Solving:  Stress period:     2    Time step:   147
 

 SLN_1 OUTER ITERATION SUMMARY
 ----------------------------------------------------------------------------------------------------------
                                OUTER      INNER                    STEP   MAXIMUM CHANGE MODEL-(CELLID) OR
 OUTER ITERATION STEP       ITERATION  ITERATION  MAXIMUM CHANGE SUCCESS             MODEL-PACKAGE-(NUMBER)
 ----------------------------------------------------------------------------------------------------------
 Model                              1          1 -1.17492868E-04       *                     1_GWF-(1,2,88)
 ----------------------------------------------------------------------------------------------------------


 1 CALLS TO NUMERICAL SOLUTION IN TIME STEP 147 STRESS PERIOD 2
 1 TOTAL ITERATIONS

 SLN_2 OUTER ITERATION SUMMARY
 ----------------------------------------------------------------------------------------------------------
                                OUTER      INNER                    STEP   MAXIMUM CHANGE MODEL-(CELLID) OR
 OUTER ITERATION STEP       ITERATION  ITERATION  MAXIMUM CHANGE SUCCESS             MODEL-PACKAGE-(NUMBER)
 ----------------------------------------------------------------------------------------------------------
 Model                              1          2       3.6132142                            2_GWT-(1,38,67)
 Model                              2          1 -9.77195214E-09       *                    2_GWT-(1,40,34)
 ----------------------------------------------------------------------------------------------------------


 2 CALLS TO NUMERICAL SOLUTION IN TIME STEP 147 STRESS PERIOD 2
 3 TOTAL ITERATIONS
 
    Solving:  Stress period:     2    Time step:   148
 

 SLN_1 OUTER ITERATION SUMMARY
 ----------------------------------------------------------------------------------------------------------
                                OUTER      INNER                    STEP   MAXIMUM CHANGE MODEL-(CELLID) OR
 OUTER ITERATION STEP       ITERATION  ITERATION  MAXIMUM CHANGE SUCCESS             MODEL-PACKAGE-(NUMBER)
 ----------------------------------------------------------------------------------------------------------
 Model                              1          1 -1.12164355E-04       *                     1_GWF-(1,2,85)
 ----------------------------------------------------------------------------------------------------------


 1 CALLS TO NUMERICAL SOLUTION IN TIME STEP 148 STRESS PERIOD 2
 1 TOTAL ITERATIONS

 SLN_2 OUTER ITERATION SUMMARY
 ----------------------------------------------------------------------------------------------------------
                                OUTER      INNER                    STEP   MAXIMUM CHANGE MODEL-(CELLID) OR
 OUTER ITERATION STEP       ITERATION  ITERATION  MAXIMUM CHANGE SUCCESS             MODEL-PACKAGE-(NUMBER)
 ----------------------------------------------------------------------------------------------------------
 Model                              1          2       3.5948885                            2_GWT-(1,38,68)
 Model                              2          1  9.82061010E-09       *                    2_GWT-(1,40,34)
 ----------------------------------------------------------------------------------------------------------


 2 CALLS TO NUMERICAL SOLUTION IN TIME STEP 148 STRESS PERIOD 2
 3 TOTAL ITERATIONS
 
    Solving:  Stress period:     2    Time step:   149
 

 SLN_1 OUTER ITERATION SUMMARY
 ----------------------------------------------------------------------------------------------------------
                                OUTER      INNER                    STEP   MAXIMUM CHANGE MODEL-(CELLID) OR
 OUTER ITERATION STEP       ITERATION  ITERATION  MAXIMUM CHANGE SUCCESS             MODEL-PACKAGE-(NUMBER)
 ----------------------------------------------------------------------------------------------------------
 Model                              1          1 -1.16667611E-04       *                     1_GWF-(1,2,88)
 ----------------------------------------------------------------------------------------------------------


 1 CALLS TO NUMERICAL SOLUTION IN TIME STEP 149 STRESS PERIOD 2
 1 TOTAL ITERATIONS

 SLN_2 OUTER ITERATION SUMMARY
 ----------------------------------------------------------------------------------------------------------
                                OUTER      INNER                    STEP   MAXIMUM CHANGE MODEL-(CELLID) OR
 OUTER ITERATION STEP       ITERATION  ITERATION  MAXIMUM CHANGE SUCCESS             MODEL-PACKAGE-(NUMBER)
 ----------------------------------------------------------------------------------------------------------
 Model                              1          2       3.5675130                            2_GWT-(1,38,68)
 Model                              2          1 -9.38405265E-09       *                    2_GWT-(1,40,34)
 ----------------------------------------------------------------------------------------------------------


 2 CALLS TO NUMERICAL SOLUTION IN TIME STEP 149 STRESS PERIOD 2
 3 TOTAL ITERATIONS
 
    Solving:  Stress period:     2    Time step:   150
 

 SLN_1 OUTER ITERATION SUMMARY
 ----------------------------------------------------------------------------------------------------------
                                OUTER      INNER                    STEP   MAXIMUM CHANGE MODEL-(CELLID) OR
 OUTER ITERATION STEP       ITERATION  ITERATION  MAXIMUM CHANGE SUCCESS             MODEL-PACKAGE-(NUMBER)
 ----------------------------------------------------------------------------------------------------------
 Model                              1          1 -1.11511808E-04       *                     1_GWF-(1,2,85)
 ----------------------------------------------------------------------------------------------------------


 1 CALLS TO NUMERICAL SOLUTION IN TIME STEP 150 STRESS PERIOD 2
 1 TOTAL ITERATIONS

 SLN_2 OUTER ITERATION SUMMARY
 ----------------------------------------------------------------------------------------------------------
                                OUTER      INNER                    STEP   MAXIMUM CHANGE MODEL-(CELLID) OR
 OUTER ITERATION STEP       ITERATION  ITERATION  MAXIMUM CHANGE SUCCESS             MODEL-PACKAGE-(NUMBER)
 ----------------------------------------------------------------------------------------------------------
 Model                              1          2       3.5504334                            2_GWT-(1,38,68)
 Model                              2          1  9.43225587E-09       *                    2_GWT-(1,40,34)
 ----------------------------------------------------------------------------------------------------------


 2 CALLS TO NUMERICAL SOLUTION IN TIME STEP 150 STRESS PERIOD 2
 3 TOTAL ITERATIONS
 
    Solving:  Stress period:     2    Time step:   151
 

 SLN_1 OUTER ITERATION SUMMARY
 ----------------------------------------------------------------------------------------------------------
                                OUTER      INNER                    STEP   MAXIMUM CHANGE MODEL-(CELLID) OR
 OUTER ITERATION STEP       ITERATION  ITERATION  MAXIMUM CHANGE SUCCESS             MODEL-PACKAGE-(NUMBER)
 ----------------------------------------------------------------------------------------------------------
 Model                              1          1 -1.15845451E-04       *                     1_GWF-(1,2,88)
 ----------------------------------------------------------------------------------------------------------


 1 CALLS TO NUMERICAL SOLUTION IN TIME STEP 151 STRESS PERIOD 2
 1 TOTAL ITERATIONS

 SLN_2 OUTER ITERATION SUMMARY
 ----------------------------------------------------------------------------------------------------------
                                OUTER      INNER                    STEP   MAXIMUM CHANGE MODEL-(CELLID) OR
 OUTER ITERATION STEP       ITERATION  ITERATION  MAXIMUM CHANGE SUCCESS             MODEL-PACKAGE-(NUMBER)
 ----------------------------------------------------------------------------------------------------------
 Model                              1          2       3.5232241                            2_GWT-(1,38,69)
 Model                              2          1 -9.01343356E-09       *                    2_GWT-(1,40,34)
 ----------------------------------------------------------------------------------------------------------


 2 CALLS TO NUMERICAL SOLUTION IN TIME STEP 151 STRESS PERIOD 2
 3 TOTAL ITERATIONS
 
    Solving:  Stress period:     2    Time step:   152
 

 SLN_1 OUTER ITERATION SUMMARY
 ----------------------------------------------------------------------------------------------------------
                                OUTER      INNER                    STEP   MAXIMUM CHANGE MODEL-(CELLID) OR
 OUTER ITERATION STEP       ITERATION  ITERATION  MAXIMUM CHANGE SUCCESS             MODEL-PACKAGE-(NUMBER)
 ----------------------------------------------------------------------------------------------------------
 Model                              1          1 -1.10858140E-04       *                     1_GWF-(1,2,85)
 ----------------------------------------------------------------------------------------------------------


 1 CALLS TO NUMERICAL SOLUTION IN TIME STEP 152 STRESS PERIOD 2
 1 TOTAL ITERATIONS

 SLN_2 OUTER ITERATION SUMMARY
 ----------------------------------------------------------------------------------------------------------
                                OUTER      INNER                    STEP   MAXIMUM CHANGE MODEL-(CELLID) OR
 OUTER ITERATION STEP       ITERATION  ITERATION  MAXIMUM CHANGE SUCCESS             MODEL-PACKAGE-(NUMBER)
 ----------------------------------------------------------------------------------------------------------
 Model                              1          2       3.5033515                            2_GWT-(1,38,69)
 Model                              2          1  9.06186415E-09       *                    2_GWT-(1,40,34)
 ----------------------------------------------------------------------------------------------------------


 2 CALLS TO NUMERICAL SOLUTION IN TIME STEP 152 STRESS PERIOD 2
 3 TOTAL ITERATIONS
 
    Solving:  Stress period:     2    Time step:   153
 

 SLN_1 OUTER ITERATION SUMMARY
 ----------------------------------------------------------------------------------------------------------
                                OUTER      INNER                    STEP   MAXIMUM CHANGE MODEL-(CELLID) OR
 OUTER ITERATION STEP       ITERATION  ITERATION  MAXIMUM CHANGE SUCCESS             MODEL-PACKAGE-(NUMBER)
 ----------------------------------------------------------------------------------------------------------
 Model                              1          1 -1.15026567E-04       *                     1_GWF-(1,2,88)
 ----------------------------------------------------------------------------------------------------------


 1 CALLS TO NUMERICAL SOLUTION IN TIME STEP 153 STRESS PERIOD 2
 1 TOTAL ITERATIONS

 SLN_2 OUTER ITERATION SUMMARY
 ----------------------------------------------------------------------------------------------------------
                                OUTER      INNER                    STEP   MAXIMUM CHANGE MODEL-(CELLID) OR
 OUTER ITERATION STEP       ITERATION  ITERATION  MAXIMUM CHANGE SUCCESS             MODEL-PACKAGE-(NUMBER)
 ----------------------------------------------------------------------------------------------------------
 Model                              1          2       3.4819838                            2_GWT-(1,38,69)
 Model                              2          1 -8.66043592E-09       *                    2_GWT-(1,40,34)
 ----------------------------------------------------------------------------------------------------------


 2 CALLS TO NUMERICAL SOLUTION IN TIME STEP 153 STRESS PERIOD 2
 3 TOTAL ITERATIONS
 
    Solving:  Stress period:     2    Time step:   154
 

 SLN_1 OUTER ITERATION SUMMARY
 ----------------------------------------------------------------------------------------------------------
                                OUTER      INNER                    STEP   MAXIMUM CHANGE MODEL-(CELLID) OR
 OUTER ITERATION STEP       ITERATION  ITERATION  MAXIMUM CHANGE SUCCESS             MODEL-PACKAGE-(NUMBER)
 ----------------------------------------------------------------------------------------------------------
 Model                              1          1 -1.10203616E-04       *                     1_GWF-(1,2,85)
 ----------------------------------------------------------------------------------------------------------


 1 CALLS TO NUMERICAL SOLUTION IN TIME STEP 154 STRESS PERIOD 2
 1 TOTAL ITERATIONS

 SLN_2 OUTER ITERATION SUMMARY
 ----------------------------------------------------------------------------------------------------------
                                OUTER      INNER                    STEP   MAXIMUM CHANGE MODEL-(CELLID) OR
 OUTER ITERATION STEP       ITERATION  ITERATION  MAXIMUM CHANGE SUCCESS             MODEL-PACKAGE-(NUMBER)
 ----------------------------------------------------------------------------------------------------------
 Model                              1          2       3.4585350                            2_GWT-(1,38,69)
 Model                              2          1  8.70898020E-09       *                    2_GWT-(1,40,34)
 ----------------------------------------------------------------------------------------------------------


 2 CALLS TO NUMERICAL SOLUTION IN TIME STEP 154 STRESS PERIOD 2
 3 TOTAL ITERATIONS
 
    Solving:  Stress period:     2    Time step:   155
 

 SLN_1 OUTER ITERATION SUMMARY
 ----------------------------------------------------------------------------------------------------------
                                OUTER      INNER                    STEP   MAXIMUM CHANGE MODEL-(CELLID) OR
 OUTER ITERATION STEP       ITERATION  ITERATION  MAXIMUM CHANGE SUCCESS             MODEL-PACKAGE-(NUMBER)
 ----------------------------------------------------------------------------------------------------------
 Model                              1          1 -1.14211128E-04       *                     1_GWF-(1,2,88)
 ----------------------------------------------------------------------------------------------------------


 1 CALLS TO NUMERICAL SOLUTION IN TIME STEP 155 STRESS PERIOD 2
 1 TOTAL ITERATIONS

 SLN_2 OUTER ITERATION SUMMARY
 ----------------------------------------------------------------------------------------------------------
                                OUTER      INNER                    STEP   MAXIMUM CHANGE MODEL-(CELLID) OR
 OUTER ITERATION STEP       ITERATION  ITERATION  MAXIMUM CHANGE SUCCESS             MODEL-PACKAGE-(NUMBER)
 ----------------------------------------------------------------------------------------------------------
 Model                              1          2       3.4409460                            2_GWT-(1,38,70)
 Model                              2          1  8.33517788E-09       *                    2_GWT-(1,41,33)
 ----------------------------------------------------------------------------------------------------------


 2 CALLS TO NUMERICAL SOLUTION IN TIME STEP 155 STRESS PERIOD 2
 3 TOTAL ITERATIONS
 
    Solving:  Stress period:     2    Time step:   156
 

 SLN_1 OUTER ITERATION SUMMARY
 ----------------------------------------------------------------------------------------------------------
                                OUTER      INNER                    STEP   MAXIMUM CHANGE MODEL-(CELLID) OR
 OUTER ITERATION STEP       ITERATION  ITERATION  MAXIMUM CHANGE SUCCESS             MODEL-PACKAGE-(NUMBER)
 ----------------------------------------------------------------------------------------------------------
 Model                              1          1 -1.09548492E-04       *                     1_GWF-(1,2,85)
 ----------------------------------------------------------------------------------------------------------


 1 CALLS TO NUMERICAL SOLUTION IN TIME STEP 156 STRESS PERIOD 2
 1 TOTAL ITERATIONS

 SLN_2 OUTER ITERATION SUMMARY
 ----------------------------------------------------------------------------------------------------------
                                OUTER      INNER                    STEP   MAXIMUM CHANGE MODEL-(CELLID) OR
 OUTER ITERATION STEP       ITERATION  ITERATION  MAXIMUM CHANGE SUCCESS             MODEL-PACKAGE-(NUMBER)
 ----------------------------------------------------------------------------------------------------------
 Model                              1          2       3.4159069                            2_GWT-(1,38,70)
 Model                              2          1  8.37280822E-09       *                    2_GWT-(1,40,34)
 ----------------------------------------------------------------------------------------------------------


 2 CALLS TO NUMERICAL SOLUTION IN TIME STEP 156 STRESS PERIOD 2
 3 TOTAL ITERATIONS
 
    Solving:  Stress period:     2    Time step:   157
 

 SLN_1 OUTER ITERATION SUMMARY
 ----------------------------------------------------------------------------------------------------------
                                OUTER      INNER                    STEP   MAXIMUM CHANGE MODEL-(CELLID) OR
 OUTER ITERATION STEP       ITERATION  ITERATION  MAXIMUM CHANGE SUCCESS             MODEL-PACKAGE-(NUMBER)
 ----------------------------------------------------------------------------------------------------------
 Model                              1          1 -1.13399292E-04       *                     1_GWF-(1,2,88)
 ----------------------------------------------------------------------------------------------------------


 1 CALLS TO NUMERICAL SOLUTION IN TIME STEP 157 STRESS PERIOD 2
 1 TOTAL ITERATIONS

 SLN_2 OUTER ITERATION SUMMARY
 ----------------------------------------------------------------------------------------------------------
                                OUTER      INNER                    STEP   MAXIMUM CHANGE MODEL-(CELLID) OR
 OUTER ITERATION STEP       ITERATION  ITERATION  MAXIMUM CHANGE SUCCESS             MODEL-PACKAGE-(NUMBER)
 ----------------------------------------------------------------------------------------------------------
 Model                              1          2       3.3993283                            2_GWT-(1,38,70)
 Model                              2          1  8.03493094E-09       *                    2_GWT-(1,41,33)
 ----------------------------------------------------------------------------------------------------------


 2 CALLS TO NUMERICAL SOLUTION IN TIME STEP 157 STRESS PERIOD 2
 3 TOTAL ITERATIONS
 
    Solving:  Stress period:     2    Time step:   158
 

 SLN_1 OUTER ITERATION SUMMARY
 ----------------------------------------------------------------------------------------------------------
                                OUTER      INNER                    STEP   MAXIMUM CHANGE MODEL-(CELLID) OR
 OUTER ITERATION STEP       ITERATION  ITERATION  MAXIMUM CHANGE SUCCESS             MODEL-PACKAGE-(NUMBER)
 ----------------------------------------------------------------------------------------------------------
 Model                              1          1 -1.08893010E-04       *                     1_GWF-(1,2,85)
 ----------------------------------------------------------------------------------------------------------


 1 CALLS TO NUMERICAL SOLUTION IN TIME STEP 158 STRESS PERIOD 2
 1 TOTAL ITERATIONS

 SLN_2 OUTER ITERATION SUMMARY
 ----------------------------------------------------------------------------------------------------------
                                OUTER      INNER                    STEP   MAXIMUM CHANGE MODEL-(CELLID) OR
 OUTER ITERATION STEP       ITERATION  ITERATION  MAXIMUM CHANGE SUCCESS             MODEL-PACKAGE-(NUMBER)
 ----------------------------------------------------------------------------------------------------------
 Model                              1          2       3.3744301                            2_GWT-(1,38,71)
 Model                              2          1  8.05346190E-09       *                    2_GWT-(1,40,34)
 ----------------------------------------------------------------------------------------------------------


 2 CALLS TO NUMERICAL SOLUTION IN TIME STEP 158 STRESS PERIOD 2
 3 TOTAL ITERATIONS
 
    Solving:  Stress period:     2    Time step:   159
 

 SLN_1 OUTER ITERATION SUMMARY
 ----------------------------------------------------------------------------------------------------------
                                OUTER      INNER                    STEP   MAXIMUM CHANGE MODEL-(CELLID) OR
 OUTER ITERATION STEP       ITERATION  ITERATION  MAXIMUM CHANGE SUCCESS             MODEL-PACKAGE-(NUMBER)
 ----------------------------------------------------------------------------------------------------------
 Model                              1          1 -1.12591206E-04       *                     1_GWF-(1,2,88)
 ----------------------------------------------------------------------------------------------------------


 1 CALLS TO NUMERICAL SOLUTION IN TIME STEP 159 STRESS PERIOD 2
 1 TOTAL ITERATIONS

 SLN_2 OUTER ITERATION SUMMARY
 ----------------------------------------------------------------------------------------------------------
                                OUTER      INNER                    STEP   MAXIMUM CHANGE MODEL-(CELLID) OR
 OUTER ITERATION STEP       ITERATION  ITERATION  MAXIMUM CHANGE SUCCESS             MODEL-PACKAGE-(NUMBER)
 ----------------------------------------------------------------------------------------------------------
 Model                              1          2       3.3580007                            2_GWT-(1,38,71)
 Model                              2          1  7.74832642E-09       *                    2_GWT-(1,41,33)
 ----------------------------------------------------------------------------------------------------------


 2 CALLS TO NUMERICAL SOLUTION IN TIME STEP 159 STRESS PERIOD 2
 3 TOTAL ITERATIONS
 
    Solving:  Stress period:     2    Time step:   160
 

 SLN_1 OUTER ITERATION SUMMARY
 ----------------------------------------------------------------------------------------------------------
                                OUTER      INNER                    STEP   MAXIMUM CHANGE MODEL-(CELLID) OR
 OUTER ITERATION STEP       ITERATION  ITERATION  MAXIMUM CHANGE SUCCESS             MODEL-PACKAGE-(NUMBER)
 ----------------------------------------------------------------------------------------------------------
 Model                              1          1 -1.08237402E-04       *                     1_GWF-(1,2,85)
 ----------------------------------------------------------------------------------------------------------


 1 CALLS TO NUMERICAL SOLUTION IN TIME STEP 160 STRESS PERIOD 2
 1 TOTAL ITERATIONS

 SLN_2 OUTER ITERATION SUMMARY
 ----------------------------------------------------------------------------------------------------------
                                OUTER      INNER                    STEP   MAXIMUM CHANGE MODEL-(CELLID) OR
 OUTER ITERATION STEP       ITERATION  ITERATION  MAXIMUM CHANGE SUCCESS             MODEL-PACKAGE-(NUMBER)
 ----------------------------------------------------------------------------------------------------------
 Model                              1          2       3.3356785                            2_GWT-(1,38,71)
 Model                              2          1  7.75003173E-09       *                    2_GWT-(1,40,34)
 ----------------------------------------------------------------------------------------------------------


 2 CALLS TO NUMERICAL SOLUTION IN TIME STEP 160 STRESS PERIOD 2
 3 TOTAL ITERATIONS
 
    Solving:  Stress period:     2    Time step:   161
 

 SLN_1 OUTER ITERATION SUMMARY
 ----------------------------------------------------------------------------------------------------------
                                OUTER      INNER                    STEP   MAXIMUM CHANGE MODEL-(CELLID) OR
 OUTER ITERATION STEP       ITERATION  ITERATION  MAXIMUM CHANGE SUCCESS             MODEL-PACKAGE-(NUMBER)
 ----------------------------------------------------------------------------------------------------------
 Model                              1          1 -1.11787010E-04       *                     1_GWF-(1,2,88)
 ----------------------------------------------------------------------------------------------------------


 1 CALLS TO NUMERICAL SOLUTION IN TIME STEP 161 STRESS PERIOD 2
 1 TOTAL ITERATIONS

 SLN_2 OUTER ITERATION SUMMARY
 ----------------------------------------------------------------------------------------------------------
                                OUTER      INNER                    STEP   MAXIMUM CHANGE MODEL-(CELLID) OR
 OUTER ITERATION STEP       ITERATION  ITERATION  MAXIMUM CHANGE SUCCESS             MODEL-PACKAGE-(NUMBER)
 ----------------------------------------------------------------------------------------------------------
 Model                              1          2       3.3160336                            2_GWT-(1,38,71)
 Model                              2          1  7.47479589E-09       *                    2_GWT-(1,41,33)
 ----------------------------------------------------------------------------------------------------------


 2 CALLS TO NUMERICAL SOLUTION IN TIME STEP 161 STRESS PERIOD 2
 3 TOTAL ITERATIONS
 
    Solving:  Stress period:     2    Time step:   162
 

 SLN_1 OUTER ITERATION SUMMARY
 ----------------------------------------------------------------------------------------------------------
                                OUTER      INNER                    STEP   MAXIMUM CHANGE MODEL-(CELLID) OR
 OUTER ITERATION STEP       ITERATION  ITERATION  MAXIMUM CHANGE SUCCESS             MODEL-PACKAGE-(NUMBER)
 ----------------------------------------------------------------------------------------------------------
 Model                              1          1 -1.07581888E-04       *                     1_GWF-(1,2,85)
 ----------------------------------------------------------------------------------------------------------


 1 CALLS TO NUMERICAL SOLUTION IN TIME STEP 162 STRESS PERIOD 2
 1 TOTAL ITERATIONS

 SLN_2 OUTER ITERATION SUMMARY
 ----------------------------------------------------------------------------------------------------------
                                OUTER      INNER                    STEP   MAXIMUM CHANGE MODEL-(CELLID) OR
 OUTER ITERATION STEP       ITERATION  ITERATION  MAXIMUM CHANGE SUCCESS             MODEL-PACKAGE-(NUMBER)
 ----------------------------------------------------------------------------------------------------------
 Model                              1          2       3.2987790                            2_GWT-(1,38,72)
 Model                              2          1  7.46229034E-09       *                    2_GWT-(1,40,34)
 ----------------------------------------------------------------------------------------------------------


 2 CALLS TO NUMERICAL SOLUTION IN TIME STEP 162 STRESS PERIOD 2
 3 TOTAL ITERATIONS
 
    Solving:  Stress period:     2    Time step:   163
 

 SLN_1 OUTER ITERATION SUMMARY
 ----------------------------------------------------------------------------------------------------------
                                OUTER      INNER                    STEP   MAXIMUM CHANGE MODEL-(CELLID) OR
 OUTER ITERATION STEP       ITERATION  ITERATION  MAXIMUM CHANGE SUCCESS             MODEL-PACKAGE-(NUMBER)
 ----------------------------------------------------------------------------------------------------------
 Model                              1          1 -1.10986832E-04       *                     1_GWF-(1,2,88)
 ----------------------------------------------------------------------------------------------------------


 1 CALLS TO NUMERICAL SOLUTION IN TIME STEP 163 STRESS PERIOD 2
 1 TOTAL ITERATIONS

 SLN_2 OUTER ITERATION SUMMARY
 ----------------------------------------------------------------------------------------------------------
                                OUTER      INNER                    STEP   MAXIMUM CHANGE MODEL-(CELLID) OR
 OUTER ITERATION STEP       ITERATION  ITERATION  MAXIMUM CHANGE SUCCESS             MODEL-PACKAGE-(NUMBER)
 ----------------------------------------------------------------------------------------------------------
 Model                              1          2       3.2770114                            2_GWT-(1,38,72)
 Model                              2          1  7.21377091E-09       *                    2_GWT-(1,41,33)
 ----------------------------------------------------------------------------------------------------------


 2 CALLS TO NUMERICAL SOLUTION IN TIME STEP 163 STRESS PERIOD 2
 3 TOTAL ITERATIONS
 
    Solving:  Stress period:     2    Time step:   164
 

 SLN_1 OUTER ITERATION SUMMARY
 ----------------------------------------------------------------------------------------------------------
                                OUTER      INNER                    STEP   MAXIMUM CHANGE MODEL-(CELLID) OR
 OUTER ITERATION STEP       ITERATION  ITERATION  MAXIMUM CHANGE SUCCESS             MODEL-PACKAGE-(NUMBER)
 ----------------------------------------------------------------------------------------------------------
 Model                              1          1 -1.06926680E-04       *                     1_GWF-(1,2,85)
 ----------------------------------------------------------------------------------------------------------


 1 CALLS TO NUMERICAL SOLUTION IN TIME STEP 164 STRESS PERIOD 2
 1 TOTAL ITERATIONS

 SLN_2 OUTER ITERATION SUMMARY
 ----------------------------------------------------------------------------------------------------------
                                OUTER      INNER                    STEP   MAXIMUM CHANGE MODEL-(CELLID) OR
 OUTER ITERATION STEP       ITERATION  ITERATION  MAXIMUM CHANGE SUCCESS             MODEL-PACKAGE-(NUMBER)
 ----------------------------------------------------------------------------------------------------------
 Model                              1          2       3.2596609                            2_GWT-(1,38,72)
 Model                              2          1 -7.20160642E-09       *                    2_GWT-(1,41,33)
 ----------------------------------------------------------------------------------------------------------


 2 CALLS TO NUMERICAL SOLUTION IN TIME STEP 164 STRESS PERIOD 2
 3 TOTAL ITERATIONS
 
    Solving:  Stress period:     2    Time step:   165
 

 SLN_1 OUTER ITERATION SUMMARY
 ----------------------------------------------------------------------------------------------------------
                                OUTER      INNER                    STEP   MAXIMUM CHANGE MODEL-(CELLID) OR
 OUTER ITERATION STEP       ITERATION  ITERATION  MAXIMUM CHANGE SUCCESS             MODEL-PACKAGE-(NUMBER)
 ----------------------------------------------------------------------------------------------------------
 Model                              1          1 -1.10190791E-04       *                     1_GWF-(1,2,88)
 ----------------------------------------------------------------------------------------------------------


 1 CALLS TO NUMERICAL SOLUTION IN TIME STEP 165 STRESS PERIOD 2
 1 TOTAL ITERATIONS

 SLN_2 OUTER ITERATION SUMMARY
 ----------------------------------------------------------------------------------------------------------
                                OUTER      INNER                    STEP   MAXIMUM CHANGE MODEL-(CELLID) OR
 OUTER ITERATION STEP       ITERATION  ITERATION  MAXIMUM CHANGE SUCCESS             MODEL-PACKAGE-(NUMBER)
 ----------------------------------------------------------------------------------------------------------
 Model                              1          2       3.2380306                            2_GWT-(1,38,73)
 Model                              2          1  6.96604729E-09       *                    2_GWT-(1,41,33)
 ----------------------------------------------------------------------------------------------------------


 2 CALLS TO NUMERICAL SOLUTION IN TIME STEP 165 STRESS PERIOD 2
 3 TOTAL ITERATIONS
 
    Solving:  Stress period:     2    Time step:   166
 

 SLN_1 OUTER ITERATION SUMMARY
 ----------------------------------------------------------------------------------------------------------
                                OUTER      INNER                    STEP   MAXIMUM CHANGE MODEL-(CELLID) OR
 OUTER ITERATION STEP       ITERATION  ITERATION  MAXIMUM CHANGE SUCCESS             MODEL-PACKAGE-(NUMBER)
 ----------------------------------------------------------------------------------------------------------
 Model                              1          1 -1.06271977E-04       *                     1_GWF-(1,2,85)
 ----------------------------------------------------------------------------------------------------------


 1 CALLS TO NUMERICAL SOLUTION IN TIME STEP 166 STRESS PERIOD 2
 1 TOTAL ITERATIONS

 SLN_2 OUTER ITERATION SUMMARY
 ----------------------------------------------------------------------------------------------------------
                                OUTER      INNER                    STEP   MAXIMUM CHANGE MODEL-(CELLID) OR
 OUTER ITERATION STEP       ITERATION  ITERATION  MAXIMUM CHANGE SUCCESS             MODEL-PACKAGE-(NUMBER)
 ----------------------------------------------------------------------------------------------------------
 Model                              1          2       3.2234308                            2_GWT-(1,38,73)
 Model                              2          1 -6.95808922E-09       *                    2_GWT-(1,41,33)
 ----------------------------------------------------------------------------------------------------------


 2 CALLS TO NUMERICAL SOLUTION IN TIME STEP 166 STRESS PERIOD 2
 3 TOTAL ITERATIONS
 
    Solving:  Stress period:     2    Time step:   167
 

 SLN_1 OUTER ITERATION SUMMARY
 ----------------------------------------------------------------------------------------------------------
                                OUTER      INNER                    STEP   MAXIMUM CHANGE MODEL-(CELLID) OR
 OUTER ITERATION STEP       ITERATION  ITERATION  MAXIMUM CHANGE SUCCESS             MODEL-PACKAGE-(NUMBER)
 ----------------------------------------------------------------------------------------------------------
 Model                              1          1 -1.09398998E-04       *                     1_GWF-(1,2,88)
 ----------------------------------------------------------------------------------------------------------


 1 CALLS TO NUMERICAL SOLUTION IN TIME STEP 167 STRESS PERIOD 2
 1 TOTAL ITERATIONS

 SLN_2 OUTER ITERATION SUMMARY
 ----------------------------------------------------------------------------------------------------------
                                OUTER      INNER                    STEP   MAXIMUM CHANGE MODEL-(CELLID) OR
 OUTER ITERATION STEP       ITERATION  ITERATION  MAXIMUM CHANGE SUCCESS             MODEL-PACKAGE-(NUMBER)
 ----------------------------------------------------------------------------------------------------------
 Model                              1          2       3.2015052                            2_GWT-(1,38,73)
 Model                              2          1  6.73162504E-09       *                    2_GWT-(1,41,33)
 ----------------------------------------------------------------------------------------------------------


 2 CALLS TO NUMERICAL SOLUTION IN TIME STEP 167 STRESS PERIOD 2
 3 TOTAL ITERATIONS
 
    Solving:  Stress period:     2    Time step:   168
 

 SLN_1 OUTER ITERATION SUMMARY
 ----------------------------------------------------------------------------------------------------------
                                OUTER      INNER                    STEP   MAXIMUM CHANGE MODEL-(CELLID) OR
 OUTER ITERATION STEP       ITERATION  ITERATION  MAXIMUM CHANGE SUCCESS             MODEL-PACKAGE-(NUMBER)
 ----------------------------------------------------------------------------------------------------------
 Model                              1          1 -1.05617969E-04       *                     1_GWF-(1,2,85)
 ----------------------------------------------------------------------------------------------------------


 1 CALLS TO NUMERICAL SOLUTION IN TIME STEP 168 STRESS PERIOD 2
 1 TOTAL ITERATIONS

 SLN_2 OUTER ITERATION SUMMARY
 ----------------------------------------------------------------------------------------------------------
                                OUTER      INNER                    STEP   MAXIMUM CHANGE MODEL-(CELLID) OR
 OUTER ITERATION STEP       ITERATION  ITERATION  MAXIMUM CHANGE SUCCESS             MODEL-PACKAGE-(NUMBER)
 ----------------------------------------------------------------------------------------------------------
 Model                              1          2       3.1839835                            2_GWT-(1,38,73)
 Model                              2          1 -6.72821443E-09       *                    2_GWT-(1,41,33)
 ----------------------------------------------------------------------------------------------------------


 2 CALLS TO NUMERICAL SOLUTION IN TIME STEP 168 STRESS PERIOD 2
 3 TOTAL ITERATIONS
 
    Solving:  Stress period:     2    Time step:   169
 

 SLN_1 OUTER ITERATION SUMMARY
 ----------------------------------------------------------------------------------------------------------
                                OUTER      INNER                    STEP   MAXIMUM CHANGE MODEL-(CELLID) OR
 OUTER ITERATION STEP       ITERATION  ITERATION  MAXIMUM CHANGE SUCCESS             MODEL-PACKAGE-(NUMBER)
 ----------------------------------------------------------------------------------------------------------
 Model                              1          1 -1.08611557E-04       *                     1_GWF-(1,2,88)
 ----------------------------------------------------------------------------------------------------------


 1 CALLS TO NUMERICAL SOLUTION IN TIME STEP 169 STRESS PERIOD 2
 1 TOTAL ITERATIONS

 SLN_2 OUTER ITERATION SUMMARY
 ----------------------------------------------------------------------------------------------------------
                                OUTER      INNER                    STEP   MAXIMUM CHANGE MODEL-(CELLID) OR
 OUTER ITERATION STEP       ITERATION  ITERATION  MAXIMUM CHANGE SUCCESS             MODEL-PACKAGE-(NUMBER)
 ----------------------------------------------------------------------------------------------------------
 Model                              1          2       3.1675467                            2_GWT-(1,38,74)
 Model                              2          1  6.50982201E-09       *                    2_GWT-(1,41,33)
 ----------------------------------------------------------------------------------------------------------


 2 CALLS TO NUMERICAL SOLUTION IN TIME STEP 169 STRESS PERIOD 2
 3 TOTAL ITERATIONS
 
    Solving:  Stress period:     2    Time step:   170
 

 SLN_1 OUTER ITERATION SUMMARY
 ----------------------------------------------------------------------------------------------------------
                                OUTER      INNER                    STEP   MAXIMUM CHANGE MODEL-(CELLID) OR
 OUTER ITERATION STEP       ITERATION  ITERATION  MAXIMUM CHANGE SUCCESS             MODEL-PACKAGE-(NUMBER)
 ----------------------------------------------------------------------------------------------------------
 Model                              1          1 -1.04964837E-04       *                     1_GWF-(1,2,85)
 ----------------------------------------------------------------------------------------------------------


 1 CALLS TO NUMERICAL SOLUTION IN TIME STEP 170 STRESS PERIOD 2
 1 TOTAL ITERATIONS

 SLN_2 OUTER ITERATION SUMMARY
 ----------------------------------------------------------------------------------------------------------
                                OUTER      INNER                    STEP   MAXIMUM CHANGE MODEL-(CELLID) OR
 OUTER ITERATION STEP       ITERATION  ITERATION  MAXIMUM CHANGE SUCCESS             MODEL-PACKAGE-(NUMBER)
 ----------------------------------------------------------------------------------------------------------
 Model                              1          2       3.1489098                            2_GWT-(1,38,74)
 Model                              2          1 -6.51141363E-09       *                    2_GWT-(1,41,33)
 ----------------------------------------------------------------------------------------------------------


 2 CALLS TO NUMERICAL SOLUTION IN TIME STEP 170 STRESS PERIOD 2
 3 TOTAL ITERATIONS
 
    Solving:  Stress period:     2    Time step:   171
 

 SLN_1 OUTER ITERATION SUMMARY
 ----------------------------------------------------------------------------------------------------------
                                OUTER      INNER                    STEP   MAXIMUM CHANGE MODEL-(CELLID) OR
 OUTER ITERATION STEP       ITERATION  ITERATION  MAXIMUM CHANGE SUCCESS             MODEL-PACKAGE-(NUMBER)
 ----------------------------------------------------------------------------------------------------------
 Model                              1          1 -1.07828561E-04       *                     1_GWF-(1,2,88)
 ----------------------------------------------------------------------------------------------------------


 1 CALLS TO NUMERICAL SOLUTION IN TIME STEP 171 STRESS PERIOD 2
 1 TOTAL ITERATIONS

 SLN_2 OUTER ITERATION SUMMARY
 ----------------------------------------------------------------------------------------------------------
                                OUTER      INNER                    STEP   MAXIMUM CHANGE MODEL-(CELLID) OR
 OUTER ITERATION STEP       ITERATION  ITERATION  MAXIMUM CHANGE SUCCESS             MODEL-PACKAGE-(NUMBER)
 ----------------------------------------------------------------------------------------------------------
 Model                              1          2       3.1306525                            2_GWT-(1,38,74)
 Model                              2          1  6.30177510E-09       *                    2_GWT-(1,41,33)
 ----------------------------------------------------------------------------------------------------------


 2 CALLS TO NUMERICAL SOLUTION IN TIME STEP 171 STRESS PERIOD 2
 3 TOTAL ITERATIONS
 
    Solving:  Stress period:     2    Time step:   172
 

 SLN_1 OUTER ITERATION SUMMARY
 ----------------------------------------------------------------------------------------------------------
                                OUTER      INNER                    STEP   MAXIMUM CHANGE MODEL-(CELLID) OR
 OUTER ITERATION STEP       ITERATION  ITERATION  MAXIMUM CHANGE SUCCESS             MODEL-PACKAGE-(NUMBER)
 ----------------------------------------------------------------------------------------------------------
 Model                              1          1 -1.04312752E-04       *                     1_GWF-(1,2,85)
 ----------------------------------------------------------------------------------------------------------


 1 CALLS TO NUMERICAL SOLUTION IN TIME STEP 172 STRESS PERIOD 2
 1 TOTAL ITERATIONS

 SLN_2 OUTER ITERATION SUMMARY
 ----------------------------------------------------------------------------------------------------------
                                OUTER      INNER                    STEP   MAXIMUM CHANGE MODEL-(CELLID) OR
 OUTER ITERATION STEP       ITERATION  ITERATION  MAXIMUM CHANGE SUCCESS             MODEL-PACKAGE-(NUMBER)
 ----------------------------------------------------------------------------------------------------------
 Model                              1          2       3.1126010                            2_GWT-(1,38,75)
 Model                              2          1 -6.30859631E-09       *                    2_GWT-(1,41,33)
 ----------------------------------------------------------------------------------------------------------


 2 CALLS TO NUMERICAL SOLUTION IN TIME STEP 172 STRESS PERIOD 2
 3 TOTAL ITERATIONS
 
    Solving:  Stress period:     2    Time step:   173
 

 SLN_1 OUTER ITERATION SUMMARY
 ----------------------------------------------------------------------------------------------------------
                                OUTER      INNER                    STEP   MAXIMUM CHANGE MODEL-(CELLID) OR
 OUTER ITERATION STEP       ITERATION  ITERATION  MAXIMUM CHANGE SUCCESS             MODEL-PACKAGE-(NUMBER)
 ----------------------------------------------------------------------------------------------------------
 Model                              1          1 -1.07050099E-04       *                     1_GWF-(1,2,88)
 ----------------------------------------------------------------------------------------------------------


 1 CALLS TO NUMERICAL SOLUTION IN TIME STEP 173 STRESS PERIOD 2
 1 TOTAL ITERATIONS

 SLN_2 OUTER ITERATION SUMMARY
 ----------------------------------------------------------------------------------------------------------
                                OUTER      INNER                    STEP   MAXIMUM CHANGE MODEL-(CELLID) OR
 OUTER ITERATION STEP       ITERATION  ITERATION  MAXIMUM CHANGE SUCCESS             MODEL-PACKAGE-(NUMBER)
 ----------------------------------------------------------------------------------------------------------
 Model                              1          2       3.0985019                            2_GWT-(1,38,75)
 Model                              2          1  6.10737061E-09       *                    2_GWT-(1,41,33)
 ----------------------------------------------------------------------------------------------------------


 2 CALLS TO NUMERICAL SOLUTION IN TIME STEP 173 STRESS PERIOD 2
 3 TOTAL ITERATIONS
 
    Solving:  Stress period:     2    Time step:   174
 

 SLN_1 OUTER ITERATION SUMMARY
 ----------------------------------------------------------------------------------------------------------
                                OUTER      INNER                    STEP   MAXIMUM CHANGE MODEL-(CELLID) OR
 OUTER ITERATION STEP       ITERATION  ITERATION  MAXIMUM CHANGE SUCCESS             MODEL-PACKAGE-(NUMBER)
 ----------------------------------------------------------------------------------------------------------
 Model                              1          1 -1.03661879E-04       *                     1_GWF-(1,2,85)
 ----------------------------------------------------------------------------------------------------------


 1 CALLS TO NUMERICAL SOLUTION IN TIME STEP 174 STRESS PERIOD 2
 1 TOTAL ITERATIONS

 SLN_2 OUTER ITERATION SUMMARY
 ----------------------------------------------------------------------------------------------------------
                                OUTER      INNER                    STEP   MAXIMUM CHANGE MODEL-(CELLID) OR
 OUTER ITERATION STEP       ITERATION  ITERATION  MAXIMUM CHANGE SUCCESS             MODEL-PACKAGE-(NUMBER)
 ----------------------------------------------------------------------------------------------------------
 Model                              1          2       3.0780807                            2_GWT-(1,38,75)
 Model                              2          1 -6.11953510E-09       *                    2_GWT-(1,41,33)
 ----------------------------------------------------------------------------------------------------------


 2 CALLS TO NUMERICAL SOLUTION IN TIME STEP 174 STRESS PERIOD 2
 3 TOTAL ITERATIONS
 
    Solving:  Stress period:     2    Time step:   175
 

 SLN_1 OUTER ITERATION SUMMARY
 ----------------------------------------------------------------------------------------------------------
                                OUTER      INNER                    STEP   MAXIMUM CHANGE MODEL-(CELLID) OR
 OUTER ITERATION STEP       ITERATION  ITERATION  MAXIMUM CHANGE SUCCESS             MODEL-PACKAGE-(NUMBER)
 ----------------------------------------------------------------------------------------------------------
 Model                              1          1 -1.06276249E-04       *                     1_GWF-(1,2,88)
 ----------------------------------------------------------------------------------------------------------


 1 CALLS TO NUMERICAL SOLUTION IN TIME STEP 175 STRESS PERIOD 2
 1 TOTAL ITERATIONS

 SLN_2 OUTER ITERATION SUMMARY
 ----------------------------------------------------------------------------------------------------------
                                OUTER      INNER                    STEP   MAXIMUM CHANGE MODEL-(CELLID) OR
 OUTER ITERATION STEP       ITERATION  ITERATION  MAXIMUM CHANGE SUCCESS             MODEL-PACKAGE-(NUMBER)
 ----------------------------------------------------------------------------------------------------------
 Model                              1          2       3.0622986                            2_GWT-(1,38,76)
 Model                              2          1  5.92694960E-09       *                    2_GWT-(1,41,33)
 ----------------------------------------------------------------------------------------------------------


 2 CALLS TO NUMERICAL SOLUTION IN TIME STEP 175 STRESS PERIOD 2
 3 TOTAL ITERATIONS
 
    Solving:  Stress period:     2    Time step:   176
 

 SLN_1 OUTER ITERATION SUMMARY
 ----------------------------------------------------------------------------------------------------------
                                OUTER      INNER                    STEP   MAXIMUM CHANGE MODEL-(CELLID) OR
 OUTER ITERATION STEP       ITERATION  ITERATION  MAXIMUM CHANGE SUCCESS             MODEL-PACKAGE-(NUMBER)
 ----------------------------------------------------------------------------------------------------------
 Model                              1          1 -1.03012370E-04       *                     1_GWF-(1,2,85)
 ----------------------------------------------------------------------------------------------------------


 1 CALLS TO NUMERICAL SOLUTION IN TIME STEP 176 STRESS PERIOD 2
 1 TOTAL ITERATIONS

 SLN_2 OUTER ITERATION SUMMARY
 ----------------------------------------------------------------------------------------------------------
                                OUTER      INNER                    STEP   MAXIMUM CHANGE MODEL-(CELLID) OR
 OUTER ITERATION STEP       ITERATION  ITERATION  MAXIMUM CHANGE SUCCESS             MODEL-PACKAGE-(NUMBER)
 ----------------------------------------------------------------------------------------------------------
 Model                              1          2       3.0464205                            2_GWT-(1,38,76)
 Model                              2          1 -5.94479843E-09       *                    2_GWT-(1,41,33)
 ----------------------------------------------------------------------------------------------------------


 2 CALLS TO NUMERICAL SOLUTION IN TIME STEP 176 STRESS PERIOD 2
 3 TOTAL ITERATIONS
 
    Solving:  Stress period:     2    Time step:   177
 

 SLN_1 OUTER ITERATION SUMMARY
 ----------------------------------------------------------------------------------------------------------
                                OUTER      INNER                    STEP   MAXIMUM CHANGE MODEL-(CELLID) OR
 OUTER ITERATION STEP       ITERATION  ITERATION  MAXIMUM CHANGE SUCCESS             MODEL-PACKAGE-(NUMBER)
 ----------------------------------------------------------------------------------------------------------
 Model                              1          1 -1.05507086E-04       *                     1_GWF-(1,2,88)
 ----------------------------------------------------------------------------------------------------------


 1 CALLS TO NUMERICAL SOLUTION IN TIME STEP 177 STRESS PERIOD 2
 1 TOTAL ITERATIONS

 SLN_2 OUTER ITERATION SUMMARY
 ----------------------------------------------------------------------------------------------------------
                                OUTER      INNER                    STEP   MAXIMUM CHANGE MODEL-(CELLID) OR
 OUTER ITERATION STEP       ITERATION  ITERATION  MAXIMUM CHANGE SUCCESS             MODEL-PACKAGE-(NUMBER)
 ----------------------------------------------------------------------------------------------------------
 Model                              1          2       3.0300710                            2_GWT-(1,38,76)
 Model                              2          1  5.76096681E-09       *                    2_GWT-(1,41,33)
 ----------------------------------------------------------------------------------------------------------


 2 CALLS TO NUMERICAL SOLUTION IN TIME STEP 177 STRESS PERIOD 2
 3 TOTAL ITERATIONS
 
    Solving:  Stress period:     2    Time step:   178
 

 SLN_1 OUTER ITERATION SUMMARY
 ----------------------------------------------------------------------------------------------------------
                                OUTER      INNER                    STEP   MAXIMUM CHANGE MODEL-(CELLID) OR
 OUTER ITERATION STEP       ITERATION  ITERATION  MAXIMUM CHANGE SUCCESS             MODEL-PACKAGE-(NUMBER)
 ----------------------------------------------------------------------------------------------------------
 Model                              1          1 -1.02364373E-04       *                     1_GWF-(1,2,85)
 ----------------------------------------------------------------------------------------------------------


 1 CALLS TO NUMERICAL SOLUTION IN TIME STEP 178 STRESS PERIOD 2
 1 TOTAL ITERATIONS

 SLN_2 OUTER ITERATION SUMMARY
 ----------------------------------------------------------------------------------------------------------
                                OUTER      INNER                    STEP   MAXIMUM CHANGE MODEL-(CELLID) OR
 OUTER ITERATION STEP       ITERATION  ITERATION  MAXIMUM CHANGE SUCCESS             MODEL-PACKAGE-(NUMBER)
 ----------------------------------------------------------------------------------------------------------
 Model                              1          2       3.0125364                            2_GWT-(1,38,77)
 Model                              2          1 -5.78529580E-09       *                    2_GWT-(1,41,33)
 ----------------------------------------------------------------------------------------------------------


 2 CALLS TO NUMERICAL SOLUTION IN TIME STEP 178 STRESS PERIOD 2
 3 TOTAL ITERATIONS
 
    Solving:  Stress period:     2    Time step:   179
 

 SLN_1 OUTER ITERATION SUMMARY
 ----------------------------------------------------------------------------------------------------------
                                OUTER      INNER                    STEP   MAXIMUM CHANGE MODEL-(CELLID) OR
 OUTER ITERATION STEP       ITERATION  ITERATION  MAXIMUM CHANGE SUCCESS             MODEL-PACKAGE-(NUMBER)
 ----------------------------------------------------------------------------------------------------------
 Model                              1          1 -1.04742675E-04       *                     1_GWF-(1,2,88)
 ----------------------------------------------------------------------------------------------------------


 1 CALLS TO NUMERICAL SOLUTION IN TIME STEP 179 STRESS PERIOD 2
 1 TOTAL ITERATIONS

 SLN_2 OUTER ITERATION SUMMARY
 ----------------------------------------------------------------------------------------------------------
                                OUTER      INNER                    STEP   MAXIMUM CHANGE MODEL-(CELLID) OR
 OUTER ITERATION STEP       ITERATION  ITERATION  MAXIMUM CHANGE SUCCESS             MODEL-PACKAGE-(NUMBER)
 ----------------------------------------------------------------------------------------------------------
 Model                              1          2       2.9966934                            2_GWT-(1,38,77)
 Model                              2          1  5.61044544E-09       *                    2_GWT-(1,41,33)
 ----------------------------------------------------------------------------------------------------------


 2 CALLS TO NUMERICAL SOLUTION IN TIME STEP 179 STRESS PERIOD 2
 3 TOTAL ITERATIONS
 
    Solving:  Stress period:     2    Time step:   180
 

 SLN_1 OUTER ITERATION SUMMARY
 ----------------------------------------------------------------------------------------------------------
                                OUTER      INNER                    STEP   MAXIMUM CHANGE MODEL-(CELLID) OR
 OUTER ITERATION STEP       ITERATION  ITERATION  MAXIMUM CHANGE SUCCESS             MODEL-PACKAGE-(NUMBER)
 ----------------------------------------------------------------------------------------------------------
 Model                              1          1 -1.01718025E-04       *                     1_GWF-(1,2,85)
 ----------------------------------------------------------------------------------------------------------


 1 CALLS TO NUMERICAL SOLUTION IN TIME STEP 180 STRESS PERIOD 2
 1 TOTAL ITERATIONS

 SLN_2 OUTER ITERATION SUMMARY
 ----------------------------------------------------------------------------------------------------------
                                OUTER      INNER                    STEP   MAXIMUM CHANGE MODEL-(CELLID) OR
 OUTER ITERATION STEP       ITERATION  ITERATION  MAXIMUM CHANGE SUCCESS             MODEL-PACKAGE-(NUMBER)
 ----------------------------------------------------------------------------------------------------------
 Model                              1          2       2.9824644                            2_GWT-(1,38,77)
 Model                              2          1 -5.64091351E-09       *                    2_GWT-(1,41,33)
 ----------------------------------------------------------------------------------------------------------


 2 CALLS TO NUMERICAL SOLUTION IN TIME STEP 180 STRESS PERIOD 2
 3 TOTAL ITERATIONS
 
    Solving:  Stress period:     2    Time step:   181
 

 SLN_1 OUTER ITERATION SUMMARY
 ----------------------------------------------------------------------------------------------------------
                                OUTER      INNER                    STEP   MAXIMUM CHANGE MODEL-(CELLID) OR
 OUTER ITERATION STEP       ITERATION  ITERATION  MAXIMUM CHANGE SUCCESS             MODEL-PACKAGE-(NUMBER)
 ----------------------------------------------------------------------------------------------------------
 Model                              1          1 -1.03983076E-04       *                     1_GWF-(1,2,88)
 ----------------------------------------------------------------------------------------------------------


 1 CALLS TO NUMERICAL SOLUTION IN TIME STEP 181 STRESS PERIOD 2
 1 TOTAL ITERATIONS

 SLN_2 OUTER ITERATION SUMMARY
 ----------------------------------------------------------------------------------------------------------
                                OUTER      INNER                    STEP   MAXIMUM CHANGE MODEL-(CELLID) OR
 OUTER ITERATION STEP       ITERATION  ITERATION  MAXIMUM CHANGE SUCCESS             MODEL-PACKAGE-(NUMBER)
 ----------------------------------------------------------------------------------------------------------
 Model                              1          2       2.9639848                            2_GWT-(1,38,77)
 Model                              2          1  5.47493073E-09       *                    2_GWT-(1,41,33)
 ----------------------------------------------------------------------------------------------------------


 2 CALLS TO NUMERICAL SOLUTION IN TIME STEP 181 STRESS PERIOD 2
 3 TOTAL ITERATIONS
 
    Solving:  Stress period:     2    Time step:   182
 

 SLN_1 OUTER ITERATION SUMMARY
 ----------------------------------------------------------------------------------------------------------
                                OUTER      INNER                    STEP   MAXIMUM CHANGE MODEL-(CELLID) OR
 OUTER ITERATION STEP       ITERATION  ITERATION  MAXIMUM CHANGE SUCCESS             MODEL-PACKAGE-(NUMBER)
 ----------------------------------------------------------------------------------------------------------
 Model                              1          1 -1.01073459E-04       *                     1_GWF-(1,2,85)
 ----------------------------------------------------------------------------------------------------------


 1 CALLS TO NUMERICAL SOLUTION IN TIME STEP 182 STRESS PERIOD 2
 1 TOTAL ITERATIONS

 SLN_2 OUTER ITERATION SUMMARY
 ----------------------------------------------------------------------------------------------------------
                                OUTER      INNER                    STEP   MAXIMUM CHANGE MODEL-(CELLID) OR
 OUTER ITERATION STEP       ITERATION  ITERATION  MAXIMUM CHANGE SUCCESS             MODEL-PACKAGE-(NUMBER)
 ----------------------------------------------------------------------------------------------------------
 Model                              1          2       2.9500280                            2_GWT-(1,38,78)
 Model                              2          1 -5.51256107E-09       *                    2_GWT-(1,41,33)
 ----------------------------------------------------------------------------------------------------------


 2 CALLS TO NUMERICAL SOLUTION IN TIME STEP 182 STRESS PERIOD 2
 3 TOTAL ITERATIONS
 
    Solving:  Stress period:     2    Time step:   183
 

 SLN_1 OUTER ITERATION SUMMARY
 ----------------------------------------------------------------------------------------------------------
                                OUTER      INNER                    STEP   MAXIMUM CHANGE MODEL-(CELLID) OR
 OUTER ITERATION STEP       ITERATION  ITERATION  MAXIMUM CHANGE SUCCESS             MODEL-PACKAGE-(NUMBER)
 ----------------------------------------------------------------------------------------------------------
 Model                              1          1 -1.03228345E-04       *                     1_GWF-(1,2,88)
 ----------------------------------------------------------------------------------------------------------


 1 CALLS TO NUMERICAL SOLUTION IN TIME STEP 183 STRESS PERIOD 2
 1 TOTAL ITERATIONS

 SLN_2 OUTER ITERATION SUMMARY
 ----------------------------------------------------------------------------------------------------------
                                OUTER      INNER                    STEP   MAXIMUM CHANGE MODEL-(CELLID) OR
 OUTER ITERATION STEP       ITERATION  ITERATION  MAXIMUM CHANGE SUCCESS             MODEL-PACKAGE-(NUMBER)
 ----------------------------------------------------------------------------------------------------------
 Model                              1          2       2.9344437                            2_GWT-(1,38,78)
 Model                              2          1  5.35567324E-09       *                    2_GWT-(1,41,33)
 ----------------------------------------------------------------------------------------------------------


 2 CALLS TO NUMERICAL SOLUTION IN TIME STEP 183 STRESS PERIOD 2
 3 TOTAL ITERATIONS
 
    Solving:  Stress period:     2    Time step:   184
 

 SLN_1 OUTER ITERATION SUMMARY
 ----------------------------------------------------------------------------------------------------------
                                OUTER      INNER                    STEP   MAXIMUM CHANGE MODEL-(CELLID) OR
 OUTER ITERATION STEP       ITERATION  ITERATION  MAXIMUM CHANGE SUCCESS             MODEL-PACKAGE-(NUMBER)
 ----------------------------------------------------------------------------------------------------------
 Model                              1          1 -1.00430797E-04       *                     1_GWF-(1,2,85)
 ----------------------------------------------------------------------------------------------------------


 1 CALLS TO NUMERICAL SOLUTION IN TIME STEP 184 STRESS PERIOD 2
 1 TOTAL ITERATIONS

 SLN_2 OUTER ITERATION SUMMARY
 ----------------------------------------------------------------------------------------------------------
                                OUTER      INNER                    STEP   MAXIMUM CHANGE MODEL-(CELLID) OR
 OUTER ITERATION STEP       ITERATION  ITERATION  MAXIMUM CHANGE SUCCESS             MODEL-PACKAGE-(NUMBER)
 ----------------------------------------------------------------------------------------------------------
 Model                              1          2       2.9194203                            2_GWT-(1,38,78)
 Model                              2          1 -5.40137535E-09       *                    2_GWT-(1,41,33)
 ----------------------------------------------------------------------------------------------------------


 2 CALLS TO NUMERICAL SOLUTION IN TIME STEP 184 STRESS PERIOD 2
 3 TOTAL ITERATIONS
 
    Solving:  Stress period:     2    Time step:   185
 

 SLN_1 OUTER ITERATION SUMMARY
 ----------------------------------------------------------------------------------------------------------
                                OUTER      INNER                    STEP   MAXIMUM CHANGE MODEL-(CELLID) OR
 OUTER ITERATION STEP       ITERATION  ITERATION  MAXIMUM CHANGE SUCCESS             MODEL-PACKAGE-(NUMBER)
 ----------------------------------------------------------------------------------------------------------
 Model                              1          1 -1.02478529E-04       *                     1_GWF-(1,2,88)
 ----------------------------------------------------------------------------------------------------------


 1 CALLS TO NUMERICAL SOLUTION IN TIME STEP 185 STRESS PERIOD 2
 1 TOTAL ITERATIONS

 SLN_2 OUTER ITERATION SUMMARY
 ----------------------------------------------------------------------------------------------------------
                                OUTER      INNER                    STEP   MAXIMUM CHANGE MODEL-(CELLID) OR
 OUTER ITERATION STEP       ITERATION  ITERATION  MAXIMUM CHANGE SUCCESS             MODEL-PACKAGE-(NUMBER)
 ----------------------------------------------------------------------------------------------------------
 Model                              1          2       2.9033274                            2_GWT-(1,38,79)
 Model                              2          1  5.25392352E-09       *                    2_GWT-(1,41,33)
 ----------------------------------------------------------------------------------------------------------


 2 CALLS TO NUMERICAL SOLUTION IN TIME STEP 185 STRESS PERIOD 2
 3 TOTAL ITERATIONS
 
    Solving:  Stress period:     2    Time step:   186
 

 SLN_1 OUTER ITERATION SUMMARY
 ----------------------------------------------------------------------------------------------------------
                                OUTER      INNER                    STEP   MAXIMUM CHANGE MODEL-(CELLID) OR
 OUTER ITERATION STEP       ITERATION  ITERATION  MAXIMUM CHANGE SUCCESS             MODEL-PACKAGE-(NUMBER)
 ----------------------------------------------------------------------------------------------------------
 Model                              1          1 -9.97901563E-05       *                     1_GWF-(1,2,85)
 ----------------------------------------------------------------------------------------------------------


 1 CALLS TO NUMERICAL SOLUTION IN TIME STEP 186 STRESS PERIOD 2
 1 TOTAL ITERATIONS

 SLN_2 OUTER ITERATION SUMMARY
 ----------------------------------------------------------------------------------------------------------
                                OUTER      INNER                    STEP   MAXIMUM CHANGE MODEL-(CELLID) OR
 OUTER ITERATION STEP       ITERATION  ITERATION  MAXIMUM CHANGE SUCCESS             MODEL-PACKAGE-(NUMBER)
 ----------------------------------------------------------------------------------------------------------
 Model                              1          2       2.8890422                            2_GWT-(1,38,79)
 Model                              2          1 -5.30781108E-09       *                    2_GWT-(1,41,33)
 ----------------------------------------------------------------------------------------------------------


 2 CALLS TO NUMERICAL SOLUTION IN TIME STEP 186 STRESS PERIOD 2
 3 TOTAL ITERATIONS
 
    Solving:  Stress period:     2    Time step:   187
 

 SLN_1 OUTER ITERATION SUMMARY
 ----------------------------------------------------------------------------------------------------------
                                OUTER      INNER                    STEP   MAXIMUM CHANGE MODEL-(CELLID) OR
 OUTER ITERATION STEP       ITERATION  ITERATION  MAXIMUM CHANGE SUCCESS             MODEL-PACKAGE-(NUMBER)
 ----------------------------------------------------------------------------------------------------------
 Model                              1          1 -1.01733673E-04       *                     1_GWF-(1,2,88)
 ----------------------------------------------------------------------------------------------------------


 1 CALLS TO NUMERICAL SOLUTION IN TIME STEP 187 STRESS PERIOD 2
 1 TOTAL ITERATIONS

 SLN_2 OUTER ITERATION SUMMARY
 ----------------------------------------------------------------------------------------------------------
                                OUTER      INNER                    STEP   MAXIMUM CHANGE MODEL-(CELLID) OR
 OUTER ITERATION STEP       ITERATION  ITERATION  MAXIMUM CHANGE SUCCESS             MODEL-PACKAGE-(NUMBER)
 ----------------------------------------------------------------------------------------------------------
 Model                              1          2       2.8746846                            2_GWT-(1,38,79)
 Model                              2          1  5.17002263E-09       *                    2_GWT-(1,41,33)
 ----------------------------------------------------------------------------------------------------------


 2 CALLS TO NUMERICAL SOLUTION IN TIME STEP 187 STRESS PERIOD 2
 3 TOTAL ITERATIONS
 
    Solving:  Stress period:     2    Time step:   188
 

 SLN_1 OUTER ITERATION SUMMARY
 ----------------------------------------------------------------------------------------------------------
                                OUTER      INNER                    STEP   MAXIMUM CHANGE MODEL-(CELLID) OR
 OUTER ITERATION STEP       ITERATION  ITERATION  MAXIMUM CHANGE SUCCESS             MODEL-PACKAGE-(NUMBER)
 ----------------------------------------------------------------------------------------------------------
 Model                              1          1 -9.91516481E-05       *                     1_GWF-(1,2,85)
 ----------------------------------------------------------------------------------------------------------


 1 CALLS TO NUMERICAL SOLUTION IN TIME STEP 188 STRESS PERIOD 2
 1 TOTAL ITERATIONS

 SLN_2 OUTER ITERATION SUMMARY
 ----------------------------------------------------------------------------------------------------------
                                OUTER      INNER                    STEP   MAXIMUM CHANGE MODEL-(CELLID) OR
 OUTER ITERATION STEP       ITERATION  ITERATION  MAXIMUM CHANGE SUCCESS             MODEL-PACKAGE-(NUMBER)
 ----------------------------------------------------------------------------------------------------------
 Model                              1          2       2.8579739                            2_GWT-(1,38,79)
 Model                              2          1  5.23732524E-09       *                    2_GWT-(1,40,34)
 ----------------------------------------------------------------------------------------------------------


 2 CALLS TO NUMERICAL SOLUTION IN TIME STEP 188 STRESS PERIOD 2
 3 TOTAL ITERATIONS
 
    Solving:  Stress period:     2    Time step:   189
 

 SLN_1 OUTER ITERATION SUMMARY
 ----------------------------------------------------------------------------------------------------------
                                OUTER      INNER                    STEP   MAXIMUM CHANGE MODEL-(CELLID) OR
 OUTER ITERATION STEP       ITERATION  ITERATION  MAXIMUM CHANGE SUCCESS             MODEL-PACKAGE-(NUMBER)
 ----------------------------------------------------------------------------------------------------------
 Model                              1          1 -1.00993814E-04       *                     1_GWF-(1,2,88)
 ----------------------------------------------------------------------------------------------------------


 1 CALLS TO NUMERICAL SOLUTION IN TIME STEP 189 STRESS PERIOD 2
 1 TOTAL ITERATIONS

 SLN_2 OUTER ITERATION SUMMARY
 ----------------------------------------------------------------------------------------------------------
                                OUTER      INNER                    STEP   MAXIMUM CHANGE MODEL-(CELLID) OR
 OUTER ITERATION STEP       ITERATION  ITERATION  MAXIMUM CHANGE SUCCESS             MODEL-PACKAGE-(NUMBER)
 ----------------------------------------------------------------------------------------------------------
 Model                              1          2       2.8453736                            2_GWT-(1,38,80)
 Model                              2          1  5.10488007E-09       *                    2_GWT-(1,41,33)
 ----------------------------------------------------------------------------------------------------------


 2 CALLS TO NUMERICAL SOLUTION IN TIME STEP 189 STRESS PERIOD 2
 3 TOTAL ITERATIONS
 
    Solving:  Stress period:     2    Time step:   190
 

 SLN_1 OUTER ITERATION SUMMARY
 ----------------------------------------------------------------------------------------------------------
                                OUTER      INNER                    STEP   MAXIMUM CHANGE MODEL-(CELLID) OR
 OUTER ITERATION STEP       ITERATION  ITERATION  MAXIMUM CHANGE SUCCESS             MODEL-PACKAGE-(NUMBER)
 ----------------------------------------------------------------------------------------------------------
 Model                              1          1 -9.85153759E-05       *                     1_GWF-(1,2,85)
 ----------------------------------------------------------------------------------------------------------


 1 CALLS TO NUMERICAL SOLUTION IN TIME STEP 190 STRESS PERIOD 2
 1 TOTAL ITERATIONS

 SLN_2 OUTER ITERATION SUMMARY
 ----------------------------------------------------------------------------------------------------------
                                OUTER      INNER                    STEP   MAXIMUM CHANGE MODEL-(CELLID) OR
 OUTER ITERATION STEP       ITERATION  ITERATION  MAXIMUM CHANGE SUCCESS             MODEL-PACKAGE-(NUMBER)
 ----------------------------------------------------------------------------------------------------------
 Model                              1          2       2.8305869                            2_GWT-(1,38,80)
 Model                              2          1  5.20469712E-09       *                    2_GWT-(1,40,34)
 ----------------------------------------------------------------------------------------------------------


 2 CALLS TO NUMERICAL SOLUTION IN TIME STEP 190 STRESS PERIOD 2
 3 TOTAL ITERATIONS
 
    Solving:  Stress period:     2    Time step:   191
 

 SLN_1 OUTER ITERATION SUMMARY
 ----------------------------------------------------------------------------------------------------------
                                OUTER      INNER                    STEP   MAXIMUM CHANGE MODEL-(CELLID) OR
 OUTER ITERATION STEP       ITERATION  ITERATION  MAXIMUM CHANGE SUCCESS             MODEL-PACKAGE-(NUMBER)
 ----------------------------------------------------------------------------------------------------------
 Model                              1          1 -1.00258985E-04       *                     1_GWF-(1,2,88)
 ----------------------------------------------------------------------------------------------------------


 1 CALLS TO NUMERICAL SOLUTION IN TIME STEP 191 STRESS PERIOD 2
 1 TOTAL ITERATIONS

 SLN_2 OUTER ITERATION SUMMARY
 ----------------------------------------------------------------------------------------------------------
                                OUTER      INNER                    STEP   MAXIMUM CHANGE MODEL-(CELLID) OR
 OUTER ITERATION STEP       ITERATION  ITERATION  MAXIMUM CHANGE SUCCESS             MODEL-PACKAGE-(NUMBER)
 ----------------------------------------------------------------------------------------------------------
 Model                              1          2       2.8162302                            2_GWT-(1,38,80)
 Model                              2          1  5.06031483E-09       *                    2_GWT-(1,41,33)
 ----------------------------------------------------------------------------------------------------------


 2 CALLS TO NUMERICAL SOLUTION IN TIME STEP 191 STRESS PERIOD 2
 3 TOTAL ITERATIONS
 
    Solving:  Stress period:     2    Time step:   192
 

 SLN_1 OUTER ITERATION SUMMARY
 ----------------------------------------------------------------------------------------------------------
                                OUTER      INNER                    STEP   MAXIMUM CHANGE MODEL-(CELLID) OR
 OUTER ITERATION STEP       ITERATION  ITERATION  MAXIMUM CHANGE SUCCESS             MODEL-PACKAGE-(NUMBER)
 ----------------------------------------------------------------------------------------------------------
 Model                              1          1 -9.78814377E-05       *                     1_GWF-(1,2,85)
 ----------------------------------------------------------------------------------------------------------


 1 CALLS TO NUMERICAL SOLUTION IN TIME STEP 192 STRESS PERIOD 2
 1 TOTAL ITERATIONS

 SLN_2 OUTER ITERATION SUMMARY
 ----------------------------------------------------------------------------------------------------------
                                OUTER      INNER                    STEP   MAXIMUM CHANGE MODEL-(CELLID) OR
 OUTER ITERATION STEP       ITERATION  ITERATION  MAXIMUM CHANGE SUCCESS             MODEL-PACKAGE-(NUMBER)
 ----------------------------------------------------------------------------------------------------------
 Model                              1          2       2.8018229                            2_GWT-(1,38,81)
 Model                              2          1  5.19889909E-09       *                    2_GWT-(1,40,34)
 ----------------------------------------------------------------------------------------------------------


 2 CALLS TO NUMERICAL SOLUTION IN TIME STEP 192 STRESS PERIOD 2
 3 TOTAL ITERATIONS
 
    Solving:  Stress period:     2    Time step:   193
 

 SLN_1 OUTER ITERATION SUMMARY
 ----------------------------------------------------------------------------------------------------------
                                OUTER      INNER                    STEP   MAXIMUM CHANGE MODEL-(CELLID) OR
 OUTER ITERATION STEP       ITERATION  ITERATION  MAXIMUM CHANGE SUCCESS             MODEL-PACKAGE-(NUMBER)
 ----------------------------------------------------------------------------------------------------------
 Model                              1          1 -9.95292163E-05       *                     1_GWF-(1,2,88)
 ----------------------------------------------------------------------------------------------------------


 1 CALLS TO NUMERICAL SOLUTION IN TIME STEP 193 STRESS PERIOD 2
 1 TOTAL ITERATIONS

 SLN_2 OUTER ITERATION SUMMARY
 ----------------------------------------------------------------------------------------------------------
                                OUTER      INNER                    STEP   MAXIMUM CHANGE MODEL-(CELLID) OR
 OUTER ITERATION STEP       ITERATION  ITERATION  MAXIMUM CHANGE SUCCESS             MODEL-PACKAGE-(NUMBER)
 ----------------------------------------------------------------------------------------------------------
 Model                              1          2       2.7886782                            2_GWT-(1,38,81)
 Model                              2          1 -5.04769559E-09       *                    2_GWT-(1,40,34)
 ----------------------------------------------------------------------------------------------------------


 2 CALLS TO NUMERICAL SOLUTION IN TIME STEP 193 STRESS PERIOD 2
 3 TOTAL ITERATIONS
 
    Solving:  Stress period:     2    Time step:   194
 

 SLN_1 OUTER ITERATION SUMMARY
 ----------------------------------------------------------------------------------------------------------
                                OUTER      INNER                    STEP   MAXIMUM CHANGE MODEL-(CELLID) OR
 OUTER ITERATION STEP       ITERATION  ITERATION  MAXIMUM CHANGE SUCCESS             MODEL-PACKAGE-(NUMBER)
 ----------------------------------------------------------------------------------------------------------
 Model                              1          1 -9.72499257E-05       *                     1_GWF-(1,2,85)
 ----------------------------------------------------------------------------------------------------------


 1 CALLS TO NUMERICAL SOLUTION IN TIME STEP 194 STRESS PERIOD 2
 1 TOTAL ITERATIONS

 SLN_2 OUTER ITERATION SUMMARY
 ----------------------------------------------------------------------------------------------------------
                                OUTER      INNER                    STEP   MAXIMUM CHANGE MODEL-(CELLID) OR
 OUTER ITERATION STEP       ITERATION  ITERATION  MAXIMUM CHANGE SUCCESS             MODEL-PACKAGE-(NUMBER)
 ----------------------------------------------------------------------------------------------------------
 Model                              1          2       2.7744841                            2_GWT-(1,38,81)
 Model                              2          1  5.22231858E-09       *                    2_GWT-(1,40,34)
 ----------------------------------------------------------------------------------------------------------


 2 CALLS TO NUMERICAL SOLUTION IN TIME STEP 194 STRESS PERIOD 2
 3 TOTAL ITERATIONS
 
    Solving:  Stress period:     2    Time step:   195
 

 SLN_1 OUTER ITERATION SUMMARY
 ----------------------------------------------------------------------------------------------------------
                                OUTER      INNER                    STEP   MAXIMUM CHANGE MODEL-(CELLID) OR
 OUTER ITERATION STEP       ITERATION  ITERATION  MAXIMUM CHANGE SUCCESS             MODEL-PACKAGE-(NUMBER)
 ----------------------------------------------------------------------------------------------------------
 Model                              1          1 -9.88045316E-05       *                     1_GWF-(1,2,88)
 ----------------------------------------------------------------------------------------------------------


 1 CALLS TO NUMERICAL SOLUTION IN TIME STEP 195 STRESS PERIOD 2
 1 TOTAL ITERATIONS

 SLN_2 OUTER ITERATION SUMMARY
 ----------------------------------------------------------------------------------------------------------
                                OUTER      INNER                    STEP   MAXIMUM CHANGE MODEL-(CELLID) OR
 OUTER ITERATION STEP       ITERATION  ITERATION  MAXIMUM CHANGE SUCCESS             MODEL-PACKAGE-(NUMBER)
 ----------------------------------------------------------------------------------------------------------
 Model                              1          2       2.7595206                            2_GWT-(1,38,82)
 Model                              2          1 -5.08521225E-09       *                    2_GWT-(1,40,34)
 ----------------------------------------------------------------------------------------------------------


 2 CALLS TO NUMERICAL SOLUTION IN TIME STEP 195 STRESS PERIOD 2
 3 TOTAL ITERATIONS
 
    Solving:  Stress period:     2    Time step:   196
 

 SLN_1 OUTER ITERATION SUMMARY
 ----------------------------------------------------------------------------------------------------------
                                OUTER      INNER                    STEP   MAXIMUM CHANGE MODEL-(CELLID) OR
 OUTER ITERATION STEP       ITERATION  ITERATION  MAXIMUM CHANGE SUCCESS             MODEL-PACKAGE-(NUMBER)
 ----------------------------------------------------------------------------------------------------------
 Model                              1          1 -9.66209266E-05       *                     1_GWF-(1,2,85)
 ----------------------------------------------------------------------------------------------------------


 1 CALLS TO NUMERICAL SOLUTION IN TIME STEP 196 STRESS PERIOD 2
 1 TOTAL ITERATIONS

 SLN_2 OUTER ITERATION SUMMARY
 ----------------------------------------------------------------------------------------------------------
                                OUTER      INNER                    STEP   MAXIMUM CHANGE MODEL-(CELLID) OR
 OUTER ITERATION STEP       ITERATION  ITERATION  MAXIMUM CHANGE SUCCESS             MODEL-PACKAGE-(NUMBER)
 ----------------------------------------------------------------------------------------------------------
 Model                              1          2       2.7477397                            2_GWT-(1,38,82)
 Model                              2          1  5.27916200E-09       *                    2_GWT-(1,40,34)
 ----------------------------------------------------------------------------------------------------------


 2 CALLS TO NUMERICAL SOLUTION IN TIME STEP 196 STRESS PERIOD 2
 3 TOTAL ITERATIONS
 
    Solving:  Stress period:     2    Time step:   197
 

 SLN_1 OUTER ITERATION SUMMARY
 ----------------------------------------------------------------------------------------------------------
                                OUTER      INNER                    STEP   MAXIMUM CHANGE MODEL-(CELLID) OR
 OUTER ITERATION STEP       ITERATION  ITERATION  MAXIMUM CHANGE SUCCESS             MODEL-PACKAGE-(NUMBER)
 ----------------------------------------------------------------------------------------------------------
 Model                              1          1 -9.80849516E-05       *                     1_GWF-(1,2,88)
 ----------------------------------------------------------------------------------------------------------


 1 CALLS TO NUMERICAL SOLUTION IN TIME STEP 197 STRESS PERIOD 2
 1 TOTAL ITERATIONS

 SLN_2 OUTER ITERATION SUMMARY
 ----------------------------------------------------------------------------------------------------------
                                OUTER      INNER                    STEP   MAXIMUM CHANGE MODEL-(CELLID) OR
 OUTER ITERATION STEP       ITERATION  ITERATION  MAXIMUM CHANGE SUCCESS             MODEL-PACKAGE-(NUMBER)
 ----------------------------------------------------------------------------------------------------------
 Model                              1          2       2.7338947                            2_GWT-(1,38,82)
 Model                              2          1 -5.15706233E-09       *                    2_GWT-(1,40,34)
 ----------------------------------------------------------------------------------------------------------


 2 CALLS TO NUMERICAL SOLUTION IN TIME STEP 197 STRESS PERIOD 2
 3 TOTAL ITERATIONS
 
    Solving:  Stress period:     2    Time step:   198
 

 SLN_1 OUTER ITERATION SUMMARY
 ----------------------------------------------------------------------------------------------------------
                                OUTER      INNER                    STEP   MAXIMUM CHANGE MODEL-(CELLID) OR
 OUTER ITERATION STEP       ITERATION  ITERATION  MAXIMUM CHANGE SUCCESS             MODEL-PACKAGE-(NUMBER)
 ----------------------------------------------------------------------------------------------------------
 Model                              1          1 -9.59945216E-05       *                     1_GWF-(1,2,85)
 ----------------------------------------------------------------------------------------------------------


 1 CALLS TO NUMERICAL SOLUTION IN TIME STEP 198 STRESS PERIOD 2
 1 TOTAL ITERATIONS

 SLN_2 OUTER ITERATION SUMMARY
 ----------------------------------------------------------------------------------------------------------
                                OUTER      INNER                    STEP   MAXIMUM CHANGE MODEL-(CELLID) OR
 OUTER ITERATION STEP       ITERATION  ITERATION  MAXIMUM CHANGE SUCCESS             MODEL-PACKAGE-(NUMBER)
 ----------------------------------------------------------------------------------------------------------
 Model                              1          2       2.7199286                            2_GWT-(1,38,82)
 Model                              2          1  5.37363576E-09       *                    2_GWT-(1,40,34)
 ----------------------------------------------------------------------------------------------------------


 2 CALLS TO NUMERICAL SOLUTION IN TIME STEP 198 STRESS PERIOD 2
 3 TOTAL ITERATIONS
 
    Solving:  Stress period:     2    Time step:   199
 

 SLN_1 OUTER ITERATION SUMMARY
 ----------------------------------------------------------------------------------------------------------
                                OUTER      INNER                    STEP   MAXIMUM CHANGE MODEL-(CELLID) OR
 OUTER ITERATION STEP       ITERATION  ITERATION  MAXIMUM CHANGE SUCCESS             MODEL-PACKAGE-(NUMBER)
 ----------------------------------------------------------------------------------------------------------
 Model                              1          1 -9.73704929E-05       *                     1_GWF-(1,2,88)
 ----------------------------------------------------------------------------------------------------------


 1 CALLS TO NUMERICAL SOLUTION IN TIME STEP 199 STRESS PERIOD 2
 1 TOTAL ITERATIONS

 SLN_2 OUTER ITERATION SUMMARY
 ----------------------------------------------------------------------------------------------------------
                                OUTER      INNER                    STEP   MAXIMUM CHANGE MODEL-(CELLID) OR
 OUTER ITERATION STEP       ITERATION  ITERATION  MAXIMUM CHANGE SUCCESS             MODEL-PACKAGE-(NUMBER)
 ----------------------------------------------------------------------------------------------------------
 Model                              1          2       2.7072841                            2_GWT-(1,38,83)
 Model                              2          1 -5.26836175E-09       *                    2_GWT-(1,40,34)
 ----------------------------------------------------------------------------------------------------------


 2 CALLS TO NUMERICAL SOLUTION IN TIME STEP 199 STRESS PERIOD 2
 3 TOTAL ITERATIONS
 
    Solving:  Stress period:     2    Time step:   200
 

 SLN_1 OUTER ITERATION SUMMARY
 ----------------------------------------------------------------------------------------------------------
                                OUTER      INNER                    STEP   MAXIMUM CHANGE MODEL-(CELLID) OR
 OUTER ITERATION STEP       ITERATION  ITERATION  MAXIMUM CHANGE SUCCESS             MODEL-PACKAGE-(NUMBER)
 ----------------------------------------------------------------------------------------------------------
 Model                              1          1 -9.53707870E-05       *                     1_GWF-(1,2,85)
 ----------------------------------------------------------------------------------------------------------


 1 CALLS TO NUMERICAL SOLUTION IN TIME STEP 200 STRESS PERIOD 2
 1 TOTAL ITERATIONS

 SLN_2 OUTER ITERATION SUMMARY
 ----------------------------------------------------------------------------------------------------------
                                OUTER      INNER                    STEP   MAXIMUM CHANGE MODEL-(CELLID) OR
 OUTER ITERATION STEP       ITERATION  ITERATION  MAXIMUM CHANGE SUCCESS             MODEL-PACKAGE-(NUMBER)
 ----------------------------------------------------------------------------------------------------------
 Model                              1          2       2.6948847                            2_GWT-(1,38,83)
 Model                              2          1  5.51210633E-09       *                    2_GWT-(1,40,34)
 ----------------------------------------------------------------------------------------------------------


 2 CALLS TO NUMERICAL SOLUTION IN TIME STEP 200 STRESS PERIOD 2
 3 TOTAL ITERATIONS
 
    Solving:  Stress period:     2    Time step:   201
 

 SLN_1 OUTER ITERATION SUMMARY
 ----------------------------------------------------------------------------------------------------------
                                OUTER      INNER                    STEP   MAXIMUM CHANGE MODEL-(CELLID) OR
 OUTER ITERATION STEP       ITERATION  ITERATION  MAXIMUM CHANGE SUCCESS             MODEL-PACKAGE-(NUMBER)
 ----------------------------------------------------------------------------------------------------------
 Model                              1          1 -9.66611684E-05       *                     1_GWF-(1,2,88)
 ----------------------------------------------------------------------------------------------------------


 1 CALLS TO NUMERICAL SOLUTION IN TIME STEP 201 STRESS PERIOD 2
 1 TOTAL ITERATIONS

 SLN_2 OUTER ITERATION SUMMARY
 ----------------------------------------------------------------------------------------------------------
                                OUTER      INNER                    STEP   MAXIMUM CHANGE MODEL-(CELLID) OR
 OUTER ITERATION STEP       ITERATION  ITERATION  MAXIMUM CHANGE SUCCESS             MODEL-PACKAGE-(NUMBER)
 ----------------------------------------------------------------------------------------------------------
 Model                              1          2       2.6811414                            2_GWT-(1,38,83)
 Model                              2          1  5.46208412E-09       *                    2_GWT-(1,41,32)
 ----------------------------------------------------------------------------------------------------------


 2 CALLS TO NUMERICAL SOLUTION IN TIME STEP 201 STRESS PERIOD 2
 3 TOTAL ITERATIONS
 
    Solving:  Stress period:     2    Time step:   202
 

 SLN_1 OUTER ITERATION SUMMARY
 ----------------------------------------------------------------------------------------------------------
                                OUTER      INNER                    STEP   MAXIMUM CHANGE MODEL-(CELLID) OR
 OUTER ITERATION STEP       ITERATION  ITERATION  MAXIMUM CHANGE SUCCESS             MODEL-PACKAGE-(NUMBER)
 ----------------------------------------------------------------------------------------------------------
 Model                              1          1 -9.47497941E-05       *                     1_GWF-(1,2,85)
 ----------------------------------------------------------------------------------------------------------


 1 CALLS TO NUMERICAL SOLUTION IN TIME STEP 202 STRESS PERIOD 2
 1 TOTAL ITERATIONS

 SLN_2 OUTER ITERATION SUMMARY
 ----------------------------------------------------------------------------------------------------------
                                OUTER      INNER                    STEP   MAXIMUM CHANGE MODEL-(CELLID) OR
 OUTER ITERATION STEP       ITERATION  ITERATION  MAXIMUM CHANGE SUCCESS             MODEL-PACKAGE-(NUMBER)
 ----------------------------------------------------------------------------------------------------------
 Model                              1          2       2.6681197                            2_GWT-(1,38,84)
 Model                              2          1 -5.83349902E-09       *                    2_GWT-(1,41,32)
 ----------------------------------------------------------------------------------------------------------


 2 CALLS TO NUMERICAL SOLUTION IN TIME STEP 202 STRESS PERIOD 2
 3 TOTAL ITERATIONS
 
    Solving:  Stress period:     2    Time step:   203
 

 SLN_1 OUTER ITERATION SUMMARY
 ----------------------------------------------------------------------------------------------------------
                                OUTER      INNER                    STEP   MAXIMUM CHANGE MODEL-(CELLID) OR
 OUTER ITERATION STEP       ITERATION  ITERATION  MAXIMUM CHANGE SUCCESS             MODEL-PACKAGE-(NUMBER)
 ----------------------------------------------------------------------------------------------------------
 Model                              1          1 -9.59569877E-05       *                     1_GWF-(1,2,88)
 ----------------------------------------------------------------------------------------------------------


 1 CALLS TO NUMERICAL SOLUTION IN TIME STEP 203 STRESS PERIOD 2
 1 TOTAL ITERATIONS

 SLN_2 OUTER ITERATION SUMMARY
 ----------------------------------------------------------------------------------------------------------
                                OUTER      INNER                    STEP   MAXIMUM CHANGE MODEL-(CELLID) OR
 OUTER ITERATION STEP       ITERATION  ITERATION  MAXIMUM CHANGE SUCCESS             MODEL-PACKAGE-(NUMBER)
 ----------------------------------------------------------------------------------------------------------
 Model                              1          2       2.6565701                            2_GWT-(1,38,84)
 Model                              2          1  5.85112048E-09       *                    2_GWT-(1,41,32)
 ----------------------------------------------------------------------------------------------------------


 2 CALLS TO NUMERICAL SOLUTION IN TIME STEP 203 STRESS PERIOD 2
 3 TOTAL ITERATIONS
 
    Solving:  Stress period:     2    Time step:   204
 

 SLN_1 OUTER ITERATION SUMMARY
 ----------------------------------------------------------------------------------------------------------
                                OUTER      INNER                    STEP   MAXIMUM CHANGE MODEL-(CELLID) OR
 OUTER ITERATION STEP       ITERATION  ITERATION  MAXIMUM CHANGE SUCCESS             MODEL-PACKAGE-(NUMBER)
 ----------------------------------------------------------------------------------------------------------
 Model                              1          1 -9.41316098E-05       *                     1_GWF-(1,2,85)
 ----------------------------------------------------------------------------------------------------------


 1 CALLS TO NUMERICAL SOLUTION IN TIME STEP 204 STRESS PERIOD 2
 1 TOTAL ITERATIONS

 SLN_2 OUTER ITERATION SUMMARY
 ----------------------------------------------------------------------------------------------------------
                                OUTER      INNER                    STEP   MAXIMUM CHANGE MODEL-(CELLID) OR
 OUTER ITERATION STEP       ITERATION  ITERATION  MAXIMUM CHANGE SUCCESS             MODEL-PACKAGE-(NUMBER)
 ----------------------------------------------------------------------------------------------------------
 Model                              1          2       2.6435687                            2_GWT-(1,38,84)
 Model                              2          1 -6.28051566E-09       *                    2_GWT-(1,41,32)
 ----------------------------------------------------------------------------------------------------------


 2 CALLS TO NUMERICAL SOLUTION IN TIME STEP 204 STRESS PERIOD 2
 3 TOTAL ITERATIONS
 
    Solving:  Stress period:     2    Time step:   205
 

 SLN_1 OUTER ITERATION SUMMARY
 ----------------------------------------------------------------------------------------------------------
                                OUTER      INNER                    STEP   MAXIMUM CHANGE MODEL-(CELLID) OR
 OUTER ITERATION STEP       ITERATION  ITERATION  MAXIMUM CHANGE SUCCESS             MODEL-PACKAGE-(NUMBER)
 ----------------------------------------------------------------------------------------------------------
 Model                              1          1 -9.52579572E-05       *                     1_GWF-(1,2,88)
 ----------------------------------------------------------------------------------------------------------


 1 CALLS TO NUMERICAL SOLUTION IN TIME STEP 205 STRESS PERIOD 2
 1 TOTAL ITERATIONS

 SLN_2 OUTER ITERATION SUMMARY
 ----------------------------------------------------------------------------------------------------------
                                OUTER      INNER                    STEP   MAXIMUM CHANGE MODEL-(CELLID) OR
 OUTER ITERATION STEP       ITERATION  ITERATION  MAXIMUM CHANGE SUCCESS             MODEL-PACKAGE-(NUMBER)
 ----------------------------------------------------------------------------------------------------------
 Model                              1          2       2.6301400                            2_GWT-(1,38,85)
 Model                              2          1  6.34815933E-09       *                    2_GWT-(1,41,32)
 ----------------------------------------------------------------------------------------------------------


 2 CALLS TO NUMERICAL SOLUTION IN TIME STEP 205 STRESS PERIOD 2
 3 TOTAL ITERATIONS
 
    Solving:  Stress period:     2    Time step:   206
 

 SLN_1 OUTER ITERATION SUMMARY
 ----------------------------------------------------------------------------------------------------------
                                OUTER      INNER                    STEP   MAXIMUM CHANGE MODEL-(CELLID) OR
 OUTER ITERATION STEP       ITERATION  ITERATION  MAXIMUM CHANGE SUCCESS             MODEL-PACKAGE-(NUMBER)
 ----------------------------------------------------------------------------------------------------------
 Model                              1          1 -9.35162964E-05       *                     1_GWF-(1,2,85)
 ----------------------------------------------------------------------------------------------------------


 1 CALLS TO NUMERICAL SOLUTION IN TIME STEP 206 STRESS PERIOD 2
 1 TOTAL ITERATIONS

 SLN_2 OUTER ITERATION SUMMARY
 ----------------------------------------------------------------------------------------------------------
                                OUTER      INNER                    STEP   MAXIMUM CHANGE MODEL-(CELLID) OR
 OUTER ITERATION STEP       ITERATION  ITERATION  MAXIMUM CHANGE SUCCESS             MODEL-PACKAGE-(NUMBER)
 ----------------------------------------------------------------------------------------------------------
 Model                              1          2       2.6189944                            2_GWT-(1,38,85)
 Model                              2          1 -6.85281520E-09       *                    2_GWT-(1,41,32)
 ----------------------------------------------------------------------------------------------------------


 2 CALLS TO NUMERICAL SOLUTION IN TIME STEP 206 STRESS PERIOD 2
 3 TOTAL ITERATIONS
 
    Solving:  Stress period:     2    Time step:   207
 

 SLN_1 OUTER ITERATION SUMMARY
 ----------------------------------------------------------------------------------------------------------
                                OUTER      INNER                    STEP   MAXIMUM CHANGE MODEL-(CELLID) OR
 OUTER ITERATION STEP       ITERATION  ITERATION  MAXIMUM CHANGE SUCCESS             MODEL-PACKAGE-(NUMBER)
 ----------------------------------------------------------------------------------------------------------
 Model                              1          1 -9.45640800E-05       *                     1_GWF-(1,2,88)
 ----------------------------------------------------------------------------------------------------------


 1 CALLS TO NUMERICAL SOLUTION IN TIME STEP 207 STRESS PERIOD 2
 1 TOTAL ITERATIONS

 SLN_2 OUTER ITERATION SUMMARY
 ----------------------------------------------------------------------------------------------------------
                                OUTER      INNER                    STEP   MAXIMUM CHANGE MODEL-(CELLID) OR
 OUTER ITERATION STEP       ITERATION  ITERATION  MAXIMUM CHANGE SUCCESS             MODEL-PACKAGE-(NUMBER)
 ----------------------------------------------------------------------------------------------------------
 Model                              1          2       2.6071057                            2_GWT-(1,38,85)
 Model                              2          1  6.98639724E-09       *                    2_GWT-(1,41,32)
 ----------------------------------------------------------------------------------------------------------


 2 CALLS TO NUMERICAL SOLUTION IN TIME STEP 207 STRESS PERIOD 2
 3 TOTAL ITERATIONS
 
    Solving:  Stress period:     2    Time step:   208
 

 SLN_1 OUTER ITERATION SUMMARY
 ----------------------------------------------------------------------------------------------------------
                                OUTER      INNER                    STEP   MAXIMUM CHANGE MODEL-(CELLID) OR
 OUTER ITERATION STEP       ITERATION  ITERATION  MAXIMUM CHANGE SUCCESS             MODEL-PACKAGE-(NUMBER)
 ----------------------------------------------------------------------------------------------------------
 Model                              1          1 -9.29039119E-05       *                     1_GWF-(1,2,85)
 ----------------------------------------------------------------------------------------------------------


 1 CALLS TO NUMERICAL SOLUTION IN TIME STEP 208 STRESS PERIOD 2
 1 TOTAL ITERATIONS

 SLN_2 OUTER ITERATION SUMMARY
 ----------------------------------------------------------------------------------------------------------
                                OUTER      INNER                    STEP   MAXIMUM CHANGE MODEL-(CELLID) OR
 OUTER ITERATION STEP       ITERATION  ITERATION  MAXIMUM CHANGE SUCCESS             MODEL-PACKAGE-(NUMBER)
 ----------------------------------------------------------------------------------------------------------
 Model                              1          2       2.5939528                            2_GWT-(1,38,85)
 Model                              2          1 -7.59052909E-09       *                    2_GWT-(1,41,32)
 ----------------------------------------------------------------------------------------------------------


 2 CALLS TO NUMERICAL SOLUTION IN TIME STEP 208 STRESS PERIOD 2
 3 TOTAL ITERATIONS
 
    Solving:  Stress period:     2    Time step:   209
 

 SLN_1 OUTER ITERATION SUMMARY
 ----------------------------------------------------------------------------------------------------------
                                OUTER      INNER                    STEP   MAXIMUM CHANGE MODEL-(CELLID) OR
 OUTER ITERATION STEP       ITERATION  ITERATION  MAXIMUM CHANGE SUCCESS             MODEL-PACKAGE-(NUMBER)
 ----------------------------------------------------------------------------------------------------------
 Model                              1          1 -9.38753566E-05       *                     1_GWF-(1,2,88)
 ----------------------------------------------------------------------------------------------------------


 1 CALLS TO NUMERICAL SOLUTION IN TIME STEP 209 STRESS PERIOD 2
 1 TOTAL ITERATIONS

 SLN_2 OUTER ITERATION SUMMARY
 ----------------------------------------------------------------------------------------------------------
                                OUTER      INNER                    STEP   MAXIMUM CHANGE MODEL-(CELLID) OR
 OUTER ITERATION STEP       ITERATION  ITERATION  MAXIMUM CHANGE SUCCESS             MODEL-PACKAGE-(NUMBER)
 ----------------------------------------------------------------------------------------------------------
 Model                              1          2       2.5825428                            2_GWT-(1,38,86)
 Model                              2          1  7.81494691E-09       *                    2_GWT-(1,41,32)
 ----------------------------------------------------------------------------------------------------------


 2 CALLS TO NUMERICAL SOLUTION IN TIME STEP 209 STRESS PERIOD 2
 3 TOTAL ITERATIONS
 
    Solving:  Stress period:     2    Time step:   210
 

 SLN_1 OUTER ITERATION SUMMARY
 ----------------------------------------------------------------------------------------------------------
                                OUTER      INNER                    STEP   MAXIMUM CHANGE MODEL-(CELLID) OR
 OUTER ITERATION STEP       ITERATION  ITERATION  MAXIMUM CHANGE SUCCESS             MODEL-PACKAGE-(NUMBER)
 ----------------------------------------------------------------------------------------------------------
 Model                              1          1 -9.22945103E-05       *                     1_GWF-(1,2,85)
 ----------------------------------------------------------------------------------------------------------


 1 CALLS TO NUMERICAL SOLUTION IN TIME STEP 210 STRESS PERIOD 2
 1 TOTAL ITERATIONS

 SLN_2 OUTER ITERATION SUMMARY
 ----------------------------------------------------------------------------------------------------------
                                OUTER      INNER                    STEP   MAXIMUM CHANGE MODEL-(CELLID) OR
 OUTER ITERATION STEP       ITERATION  ITERATION  MAXIMUM CHANGE SUCCESS             MODEL-PACKAGE-(NUMBER)
 ----------------------------------------------------------------------------------------------------------
 Model                              1          2       2.5713050                            2_GWT-(1,38,86)
 Model                              2          1 -8.55652615E-09       *                    2_GWT-(1,41,32)
 ----------------------------------------------------------------------------------------------------------


 2 CALLS TO NUMERICAL SOLUTION IN TIME STEP 210 STRESS PERIOD 2
 3 TOTAL ITERATIONS
 
    Solving:  Stress period:     2    Time step:   211
 

 SLN_1 OUTER ITERATION SUMMARY
 ----------------------------------------------------------------------------------------------------------
                                OUTER      INNER                    STEP   MAXIMUM CHANGE MODEL-(CELLID) OR
 OUTER ITERATION STEP       ITERATION  ITERATION  MAXIMUM CHANGE SUCCESS             MODEL-PACKAGE-(NUMBER)
 ----------------------------------------------------------------------------------------------------------
 Model                              1          1 -9.31917846E-05       *                     1_GWF-(1,2,88)
 ----------------------------------------------------------------------------------------------------------


 1 CALLS TO NUMERICAL SOLUTION IN TIME STEP 211 STRESS PERIOD 2
 1 TOTAL ITERATIONS

 SLN_2 OUTER ITERATION SUMMARY
 ----------------------------------------------------------------------------------------------------------
                                OUTER      INNER                    STEP   MAXIMUM CHANGE MODEL-(CELLID) OR
 OUTER ITERATION STEP       ITERATION  ITERATION  MAXIMUM CHANGE SUCCESS             MODEL-PACKAGE-(NUMBER)
 ----------------------------------------------------------------------------------------------------------
 Model                              1          2       2.5589820                            2_GWT-(1,38,86)
 Model                              2          1  8.91088803E-09       *                    2_GWT-(1,41,32)
 ----------------------------------------------------------------------------------------------------------


 2 CALLS TO NUMERICAL SOLUTION IN TIME STEP 211 STRESS PERIOD 2
 3 TOTAL ITERATIONS
 
    Solving:  Stress period:     2    Time step:   212
 

 SLN_1 OUTER ITERATION SUMMARY
 ----------------------------------------------------------------------------------------------------------
                                OUTER      INNER                    STEP   MAXIMUM CHANGE MODEL-(CELLID) OR
 OUTER ITERATION STEP       ITERATION  ITERATION  MAXIMUM CHANGE SUCCESS             MODEL-PACKAGE-(NUMBER)
 ----------------------------------------------------------------------------------------------------------
 Model                              1          1 -9.16881421E-05       *                     1_GWF-(1,2,85)
 ----------------------------------------------------------------------------------------------------------


 1 CALLS TO NUMERICAL SOLUTION IN TIME STEP 212 STRESS PERIOD 2
 1 TOTAL ITERATIONS

 SLN_2 OUTER ITERATION SUMMARY
 ----------------------------------------------------------------------------------------------------------
                                OUTER      INNER                    STEP   MAXIMUM CHANGE MODEL-(CELLID) OR
 OUTER ITERATION STEP       ITERATION  ITERATION  MAXIMUM CHANGE SUCCESS             MODEL-PACKAGE-(NUMBER)
 ----------------------------------------------------------------------------------------------------------
 Model                              1          2       2.5470036                            2_GWT-(1,38,87)
 Model                              2          1 -9.85221504E-09       *                    2_GWT-(1,41,32)
 ----------------------------------------------------------------------------------------------------------


 2 CALLS TO NUMERICAL SOLUTION IN TIME STEP 212 STRESS PERIOD 2
 3 TOTAL ITERATIONS
 
    Solving:  Stress period:     2    Time step:   213
 

 SLN_1 OUTER ITERATION SUMMARY
 ----------------------------------------------------------------------------------------------------------
                                OUTER      INNER                    STEP   MAXIMUM CHANGE MODEL-(CELLID) OR
 OUTER ITERATION STEP       ITERATION  ITERATION  MAXIMUM CHANGE SUCCESS             MODEL-PACKAGE-(NUMBER)
 ----------------------------------------------------------------------------------------------------------
 Model                              1          1 -9.25133591E-05       *                     1_GWF-(1,2,88)
 ----------------------------------------------------------------------------------------------------------


 1 CALLS TO NUMERICAL SOLUTION IN TIME STEP 213 STRESS PERIOD 2
 1 TOTAL ITERATIONS

 SLN_2 OUTER ITERATION SUMMARY
 ----------------------------------------------------------------------------------------------------------
                                OUTER      INNER                    STEP   MAXIMUM CHANGE MODEL-(CELLID) OR
 OUTER ITERATION STEP       ITERATION  ITERATION  MAXIMUM CHANGE SUCCESS             MODEL-PACKAGE-(NUMBER)
 ----------------------------------------------------------------------------------------------------------
 Model                              1          2       2.5363267                            2_GWT-(1,38,87)
 Model                              2          1  1.04048468E-08       *                    2_GWT-(1,41,32)
 ----------------------------------------------------------------------------------------------------------


 2 CALLS TO NUMERICAL SOLUTION IN TIME STEP 213 STRESS PERIOD 2
 3 TOTAL ITERATIONS
 
    Solving:  Stress period:     2    Time step:   214
 

 SLN_1 OUTER ITERATION SUMMARY
 ----------------------------------------------------------------------------------------------------------
                                OUTER      INNER                    STEP   MAXIMUM CHANGE MODEL-(CELLID) OR
 OUTER ITERATION STEP       ITERATION  ITERATION  MAXIMUM CHANGE SUCCESS             MODEL-PACKAGE-(NUMBER)
 ----------------------------------------------------------------------------------------------------------
 Model                              1          1 -9.10848536E-05       *                     1_GWF-(1,2,85)
 ----------------------------------------------------------------------------------------------------------


 1 CALLS TO NUMERICAL SOLUTION IN TIME STEP 214 STRESS PERIOD 2
 1 TOTAL ITERATIONS

 SLN_2 OUTER ITERATION SUMMARY
 ----------------------------------------------------------------------------------------------------------
                                OUTER      INNER                    STEP   MAXIMUM CHANGE MODEL-(CELLID) OR
 OUTER ITERATION STEP       ITERATION  ITERATION  MAXIMUM CHANGE SUCCESS             MODEL-PACKAGE-(NUMBER)
 ----------------------------------------------------------------------------------------------------------
 Model                              1          2       2.5248527                            2_GWT-(1,38,87)
 Model                              2          1 -1.16574483E-08       *                    2_GWT-(1,41,32)
 ----------------------------------------------------------------------------------------------------------


 2 CALLS TO NUMERICAL SOLUTION IN TIME STEP 214 STRESS PERIOD 2
 3 TOTAL ITERATIONS
 
    Solving:  Stress period:     2    Time step:   215
 

 SLN_1 OUTER ITERATION SUMMARY
 ----------------------------------------------------------------------------------------------------------
                                OUTER      INNER                    STEP   MAXIMUM CHANGE MODEL-(CELLID) OR
 OUTER ITERATION STEP       ITERATION  ITERATION  MAXIMUM CHANGE SUCCESS             MODEL-PACKAGE-(NUMBER)
 ----------------------------------------------------------------------------------------------------------
 Model                              1          1 -9.18400729E-05       *                     1_GWF-(1,2,88)
 ----------------------------------------------------------------------------------------------------------


 1 CALLS TO NUMERICAL SOLUTION IN TIME STEP 215 STRESS PERIOD 2
 1 TOTAL ITERATIONS

 SLN_2 OUTER ITERATION SUMMARY
 ----------------------------------------------------------------------------------------------------------
                                OUTER      INNER                    STEP   MAXIMUM CHANGE MODEL-(CELLID) OR
 OUTER ITERATION STEP       ITERATION  ITERATION  MAXIMUM CHANGE SUCCESS             MODEL-PACKAGE-(NUMBER)
 ----------------------------------------------------------------------------------------------------------
 Model                              1          2       2.5123018                            2_GWT-(1,38,87)
 Model                              2          1  1.25374982E-08       *                    2_GWT-(1,41,32)
 ----------------------------------------------------------------------------------------------------------


 2 CALLS TO NUMERICAL SOLUTION IN TIME STEP 215 STRESS PERIOD 2
 3 TOTAL ITERATIONS
 
    Solving:  Stress period:     2    Time step:   216
 

 SLN_1 OUTER ITERATION SUMMARY
 ----------------------------------------------------------------------------------------------------------
                                OUTER      INNER                    STEP   MAXIMUM CHANGE MODEL-(CELLID) OR
 OUTER ITERATION STEP       ITERATION  ITERATION  MAXIMUM CHANGE SUCCESS             MODEL-PACKAGE-(NUMBER)
 ----------------------------------------------------------------------------------------------------------
 Model                              1          1 -9.04846879E-05       *                     1_GWF-(1,2,85)
 ----------------------------------------------------------------------------------------------------------


 1 CALLS TO NUMERICAL SOLUTION IN TIME STEP 216 STRESS PERIOD 2
 1 TOTAL ITERATIONS

 SLN_2 OUTER ITERATION SUMMARY
 ----------------------------------------------------------------------------------------------------------
                                OUTER      INNER                    STEP   MAXIMUM CHANGE MODEL-(CELLID) OR
 OUTER ITERATION STEP       ITERATION  ITERATION  MAXIMUM CHANGE SUCCESS             MODEL-PACKAGE-(NUMBER)
 ----------------------------------------------------------------------------------------------------------
 Model                              1          2       2.5022743                            2_GWT-(1,38,88)
 Model                              2          1 -1.43207899E-08       *                    2_GWT-(1,41,32)
 ----------------------------------------------------------------------------------------------------------


 2 CALLS TO NUMERICAL SOLUTION IN TIME STEP 216 STRESS PERIOD 2
 3 TOTAL ITERATIONS
 
    Solving:  Stress period:     2    Time step:   217
 

 SLN_1 OUTER ITERATION SUMMARY
 ----------------------------------------------------------------------------------------------------------
                                OUTER      INNER                    STEP   MAXIMUM CHANGE MODEL-(CELLID) OR
 OUTER ITERATION STEP       ITERATION  ITERATION  MAXIMUM CHANGE SUCCESS             MODEL-PACKAGE-(NUMBER)
 ----------------------------------------------------------------------------------------------------------
 Model                              1          1 -9.11719166E-05       *                     1_GWF-(1,2,88)
 ----------------------------------------------------------------------------------------------------------


 1 CALLS TO NUMERICAL SOLUTION IN TIME STEP 217 STRESS PERIOD 2
 1 TOTAL ITERATIONS

 SLN_2 OUTER ITERATION SUMMARY
 ----------------------------------------------------------------------------------------------------------
                                OUTER      INNER                    STEP   MAXIMUM CHANGE MODEL-(CELLID) OR
 OUTER ITERATION STEP       ITERATION  ITERATION  MAXIMUM CHANGE SUCCESS             MODEL-PACKAGE-(NUMBER)
 ----------------------------------------------------------------------------------------------------------
 Model                              1          2       2.4914116                            2_GWT-(1,38,88)
 Model                              2          1  1.58069042E-08       *                    2_GWT-(1,41,32)
 ----------------------------------------------------------------------------------------------------------


 2 CALLS TO NUMERICAL SOLUTION IN TIME STEP 217 STRESS PERIOD 2
 3 TOTAL ITERATIONS
 
    Solving:  Stress period:     2    Time step:   218
 

 SLN_1 OUTER ITERATION SUMMARY
 ----------------------------------------------------------------------------------------------------------
                                OUTER      INNER                    STEP   MAXIMUM CHANGE MODEL-(CELLID) OR
 OUTER ITERATION STEP       ITERATION  ITERATION  MAXIMUM CHANGE SUCCESS             MODEL-PACKAGE-(NUMBER)
 ----------------------------------------------------------------------------------------------------------
 Model                              1          1 -8.98876847E-05       *                     1_GWF-(1,2,85)
 ----------------------------------------------------------------------------------------------------------


 1 CALLS TO NUMERICAL SOLUTION IN TIME STEP 218 STRESS PERIOD 2
 1 TOTAL ITERATIONS

 SLN_2 OUTER ITERATION SUMMARY
 ----------------------------------------------------------------------------------------------------------
                                OUTER      INNER                    STEP   MAXIMUM CHANGE MODEL-(CELLID) OR
 OUTER ITERATION STEP       ITERATION  ITERATION  MAXIMUM CHANGE SUCCESS             MODEL-PACKAGE-(NUMBER)
 ----------------------------------------------------------------------------------------------------------
 Model                              1          2       2.4796293                            2_GWT-(1,38,88)
 Model                              2          1 -1.86290663E-08       *                    2_GWT-(1,41,32)
 ----------------------------------------------------------------------------------------------------------


 2 CALLS TO NUMERICAL SOLUTION IN TIME STEP 218 STRESS PERIOD 2
 3 TOTAL ITERATIONS
 
    Solving:  Stress period:     2    Time step:   219
 

 SLN_1 OUTER ITERATION SUMMARY
 ----------------------------------------------------------------------------------------------------------
                                OUTER      INNER                    STEP   MAXIMUM CHANGE MODEL-(CELLID) OR
 OUTER ITERATION STEP       ITERATION  ITERATION  MAXIMUM CHANGE SUCCESS             MODEL-PACKAGE-(NUMBER)
 ----------------------------------------------------------------------------------------------------------
 Model                              1          1 -9.05088784E-05       *                     1_GWF-(1,2,88)
 ----------------------------------------------------------------------------------------------------------


 1 CALLS TO NUMERICAL SOLUTION IN TIME STEP 219 STRESS PERIOD 2
 1 TOTAL ITERATIONS

 SLN_2 OUTER ITERATION SUMMARY
 ----------------------------------------------------------------------------------------------------------
                                OUTER      INNER                    STEP   MAXIMUM CHANGE MODEL-(CELLID) OR
 OUTER ITERATION STEP       ITERATION  ITERATION  MAXIMUM CHANGE SUCCESS             MODEL-PACKAGE-(NUMBER)
 ----------------------------------------------------------------------------------------------------------
 Model                              1          2       2.4690084                            2_GWT-(1,38,89)
 Model                              2          1  2.14482725E-08       *                    2_GWT-(1,41,32)
 ----------------------------------------------------------------------------------------------------------


 2 CALLS TO NUMERICAL SOLUTION IN TIME STEP 219 STRESS PERIOD 2
 3 TOTAL ITERATIONS
 
    Solving:  Stress period:     2    Time step:   220
 

 SLN_1 OUTER ITERATION SUMMARY
 ----------------------------------------------------------------------------------------------------------
                                OUTER      INNER                    STEP   MAXIMUM CHANGE MODEL-(CELLID) OR
 OUTER ITERATION STEP       ITERATION  ITERATION  MAXIMUM CHANGE SUCCESS             MODEL-PACKAGE-(NUMBER)
 ----------------------------------------------------------------------------------------------------------
 Model                              1          1 -8.92938805E-05       *                     1_GWF-(1,2,85)
 ----------------------------------------------------------------------------------------------------------


 1 CALLS TO NUMERICAL SOLUTION IN TIME STEP 220 STRESS PERIOD 2
 1 TOTAL ITERATIONS

 SLN_2 OUTER ITERATION SUMMARY
 ----------------------------------------------------------------------------------------------------------
                                OUTER      INNER                    STEP   MAXIMUM CHANGE MODEL-(CELLID) OR
 OUTER ITERATION STEP       ITERATION  ITERATION  MAXIMUM CHANGE SUCCESS             MODEL-PACKAGE-(NUMBER)
 ----------------------------------------------------------------------------------------------------------
 Model                              1          2       2.4587571                            2_GWT-(1,38,89)
 Model                              2          1 -2.68132681E-08       *                    2_GWT-(1,41,32)
 ----------------------------------------------------------------------------------------------------------


 2 CALLS TO NUMERICAL SOLUTION IN TIME STEP 220 STRESS PERIOD 2
 3 TOTAL ITERATIONS
 
    Solving:  Stress period:     2    Time step:   221
 

 SLN_1 OUTER ITERATION SUMMARY
 ----------------------------------------------------------------------------------------------------------
                                OUTER      INNER                    STEP   MAXIMUM CHANGE MODEL-(CELLID) OR
 OUTER ITERATION STEP       ITERATION  ITERATION  MAXIMUM CHANGE SUCCESS             MODEL-PACKAGE-(NUMBER)
 ----------------------------------------------------------------------------------------------------------
 Model                              1          1 -8.98509449E-05       *                     1_GWF-(1,2,88)
 ----------------------------------------------------------------------------------------------------------


 1 CALLS TO NUMERICAL SOLUTION IN TIME STEP 221 STRESS PERIOD 2
 1 TOTAL ITERATIONS

 SLN_2 OUTER ITERATION SUMMARY
 ----------------------------------------------------------------------------------------------------------
                                OUTER      INNER                    STEP   MAXIMUM CHANGE MODEL-(CELLID) OR
 OUTER ITERATION STEP       ITERATION  ITERATION  MAXIMUM CHANGE SUCCESS             MODEL-PACKAGE-(NUMBER)
 ----------------------------------------------------------------------------------------------------------
 Model                              1          2       2.4476785                            2_GWT-(1,38,89)
 Model                              2          1  3.36129915E-08       *                    2_GWT-(1,41,32)
 ----------------------------------------------------------------------------------------------------------


 2 CALLS TO NUMERICAL SOLUTION IN TIME STEP 221 STRESS PERIOD 2
 3 TOTAL ITERATIONS
 
    Solving:  Stress period:     2    Time step:   222
 

 SLN_1 OUTER ITERATION SUMMARY
 ----------------------------------------------------------------------------------------------------------
                                OUTER      INNER                    STEP   MAXIMUM CHANGE MODEL-(CELLID) OR
 OUTER ITERATION STEP       ITERATION  ITERATION  MAXIMUM CHANGE SUCCESS             MODEL-PACKAGE-(NUMBER)
 ----------------------------------------------------------------------------------------------------------
 Model                              1          1 -8.87033087E-05       *                     1_GWF-(1,2,85)
 ----------------------------------------------------------------------------------------------------------


 1 CALLS TO NUMERICAL SOLUTION IN TIME STEP 222 STRESS PERIOD 2
 1 TOTAL ITERATIONS

 SLN_2 OUTER ITERATION SUMMARY
 ----------------------------------------------------------------------------------------------------------
                                OUTER      INNER                    STEP   MAXIMUM CHANGE MODEL-(CELLID) OR
 OUTER ITERATION STEP       ITERATION  ITERATION  MAXIMUM CHANGE SUCCESS             MODEL-PACKAGE-(NUMBER)
 ----------------------------------------------------------------------------------------------------------
 Model                              1          2       2.4364908                            2_GWT-(1,38,90)
 Model                              2          1 -4.87260650E-08       *                    2_GWT-(1,41,32)
 ----------------------------------------------------------------------------------------------------------


 2 CALLS TO NUMERICAL SOLUTION IN TIME STEP 222 STRESS PERIOD 2
 3 TOTAL ITERATIONS
 
    Solving:  Stress period:     2    Time step:   223
 

 SLN_1 OUTER ITERATION SUMMARY
 ----------------------------------------------------------------------------------------------------------
                                OUTER      INNER                    STEP   MAXIMUM CHANGE MODEL-(CELLID) OR
 OUTER ITERATION STEP       ITERATION  ITERATION  MAXIMUM CHANGE SUCCESS             MODEL-PACKAGE-(NUMBER)
 ----------------------------------------------------------------------------------------------------------
 Model                              1          1 -8.91981006E-05       *                     1_GWF-(1,2,88)
 ----------------------------------------------------------------------------------------------------------


 1 CALLS TO NUMERICAL SOLUTION IN TIME STEP 223 STRESS PERIOD 2
 1 TOTAL ITERATIONS

 SLN_2 OUTER ITERATION SUMMARY
 ----------------------------------------------------------------------------------------------------------
                                OUTER      INNER                    STEP   MAXIMUM CHANGE MODEL-(CELLID) OR
 OUTER ITERATION STEP       ITERATION  ITERATION  MAXIMUM CHANGE SUCCESS             MODEL-PACKAGE-(NUMBER)
 ----------------------------------------------------------------------------------------------------------
 Model                              1          2       2.4268904                            2_GWT-(1,38,90)
 Model                              2          1  8.04355977E-08       *                    2_GWT-(1,41,32)
 ----------------------------------------------------------------------------------------------------------


 2 CALLS TO NUMERICAL SOLUTION IN TIME STEP 223 STRESS PERIOD 2
 3 TOTAL ITERATIONS
 
    Solving:  Stress period:     2    Time step:   224
 

 SLN_1 OUTER ITERATION SUMMARY
 ----------------------------------------------------------------------------------------------------------
                                OUTER      INNER                    STEP   MAXIMUM CHANGE MODEL-(CELLID) OR
 OUTER ITERATION STEP       ITERATION  ITERATION  MAXIMUM CHANGE SUCCESS             MODEL-PACKAGE-(NUMBER)
 ----------------------------------------------------------------------------------------------------------
 Model                              1          1 -8.81160000E-05       *                     1_GWF-(1,2,85)
 ----------------------------------------------------------------------------------------------------------


 1 CALLS TO NUMERICAL SOLUTION IN TIME STEP 224 STRESS PERIOD 2
 1 TOTAL ITERATIONS

 SLN_2 OUTER ITERATION SUMMARY
 ----------------------------------------------------------------------------------------------------------
                                OUTER      INNER                    STEP   MAXIMUM CHANGE MODEL-(CELLID) OR
 OUTER ITERATION STEP       ITERATION  ITERATION  MAXIMUM CHANGE SUCCESS             MODEL-PACKAGE-(NUMBER)
 ----------------------------------------------------------------------------------------------------------
 Model                              1          2       2.4164155                            2_GWT-(1,38,90)
 Model                              2          1  3.25070914E-07       *                    2_GWT-(1,41,29)
 ----------------------------------------------------------------------------------------------------------


 2 CALLS TO NUMERICAL SOLUTION IN TIME STEP 224 STRESS PERIOD 2
 3 TOTAL ITERATIONS
 
    Solving:  Stress period:     2    Time step:   225
 

 SLN_1 OUTER ITERATION SUMMARY
 ----------------------------------------------------------------------------------------------------------
                                OUTER      INNER                    STEP   MAXIMUM CHANGE MODEL-(CELLID) OR
 OUTER ITERATION STEP       ITERATION  ITERATION  MAXIMUM CHANGE SUCCESS             MODEL-PACKAGE-(NUMBER)
 ----------------------------------------------------------------------------------------------------------
 Model                              1          1 -8.85503284E-05       *                     1_GWF-(1,2,88)
 ----------------------------------------------------------------------------------------------------------


 1 CALLS TO NUMERICAL SOLUTION IN TIME STEP 225 STRESS PERIOD 2
 1 TOTAL ITERATIONS

 SLN_2 OUTER ITERATION SUMMARY
 ----------------------------------------------------------------------------------------------------------
                                OUTER      INNER                    STEP   MAXIMUM CHANGE MODEL-(CELLID) OR
 OUTER ITERATION STEP       ITERATION  ITERATION  MAXIMUM CHANGE SUCCESS             MODEL-PACKAGE-(NUMBER)
 ----------------------------------------------------------------------------------------------------------
 Model                              1          2       2.4050962                            2_GWT-(1,38,90)
 Model                              2          1  1.78430014E-07       *                    2_GWT-(1,41,29)
 ----------------------------------------------------------------------------------------------------------


 2 CALLS TO NUMERICAL SOLUTION IN TIME STEP 225 STRESS PERIOD 2
 3 TOTAL ITERATIONS
 
    Solving:  Stress period:     2    Time step:   226
 

 SLN_1 OUTER ITERATION SUMMARY
 ----------------------------------------------------------------------------------------------------------
                                OUTER      INNER                    STEP   MAXIMUM CHANGE MODEL-(CELLID) OR
 OUTER ITERATION STEP       ITERATION  ITERATION  MAXIMUM CHANGE SUCCESS             MODEL-PACKAGE-(NUMBER)
 ----------------------------------------------------------------------------------------------------------
 Model                              1          1 -8.75319821E-05       *                     1_GWF-(1,2,85)
 ----------------------------------------------------------------------------------------------------------


 1 CALLS TO NUMERICAL SOLUTION IN TIME STEP 226 STRESS PERIOD 2
 1 TOTAL ITERATIONS

 SLN_2 OUTER ITERATION SUMMARY
 ----------------------------------------------------------------------------------------------------------
                                OUTER      INNER                    STEP   MAXIMUM CHANGE MODEL-(CELLID) OR
 OUTER ITERATION STEP       ITERATION  ITERATION  MAXIMUM CHANGE SUCCESS             MODEL-PACKAGE-(NUMBER)
 ----------------------------------------------------------------------------------------------------------
 Model                              1          2       2.3957536                            2_GWT-(1,38,91)
 Model                              2          1 -6.73835530E-08       *                    2_GWT-(1,41,29)
 ----------------------------------------------------------------------------------------------------------


 2 CALLS TO NUMERICAL SOLUTION IN TIME STEP 226 STRESS PERIOD 2
 3 TOTAL ITERATIONS
 
    Solving:  Stress period:     2    Time step:   227
 

 SLN_1 OUTER ITERATION SUMMARY
 ----------------------------------------------------------------------------------------------------------
                                OUTER      INNER                    STEP   MAXIMUM CHANGE MODEL-(CELLID) OR
 OUTER ITERATION STEP       ITERATION  ITERATION  MAXIMUM CHANGE SUCCESS             MODEL-PACKAGE-(NUMBER)
 ----------------------------------------------------------------------------------------------------------
 Model                              1          1 -8.79076096E-05       *                     1_GWF-(1,2,88)
 ----------------------------------------------------------------------------------------------------------


 1 CALLS TO NUMERICAL SOLUTION IN TIME STEP 227 STRESS PERIOD 2
 1 TOTAL ITERATIONS

 SLN_2 OUTER ITERATION SUMMARY
 ----------------------------------------------------------------------------------------------------------
                                OUTER      INNER                    STEP   MAXIMUM CHANGE MODEL-(CELLID) OR
 OUTER ITERATION STEP       ITERATION  ITERATION  MAXIMUM CHANGE SUCCESS             MODEL-PACKAGE-(NUMBER)
 ----------------------------------------------------------------------------------------------------------
 Model                              1          2       2.3858799                            2_GWT-(1,38,91)
 Model                              2          1  4.23553956E-08       *                    2_GWT-(1,41,29)
 ----------------------------------------------------------------------------------------------------------


 2 CALLS TO NUMERICAL SOLUTION IN TIME STEP 227 STRESS PERIOD 2
 3 TOTAL ITERATIONS
 
    Solving:  Stress period:     2    Time step:   228
 

 SLN_1 OUTER ITERATION SUMMARY
 ----------------------------------------------------------------------------------------------------------
                                OUTER      INNER                    STEP   MAXIMUM CHANGE MODEL-(CELLID) OR
 OUTER ITERATION STEP       ITERATION  ITERATION  MAXIMUM CHANGE SUCCESS             MODEL-PACKAGE-(NUMBER)
 ----------------------------------------------------------------------------------------------------------
 Model                              1          1 -8.69512803E-05       *                     1_GWF-(1,2,85)
 ----------------------------------------------------------------------------------------------------------


 1 CALLS TO NUMERICAL SOLUTION IN TIME STEP 228 STRESS PERIOD 2
 1 TOTAL ITERATIONS

 SLN_2 OUTER ITERATION SUMMARY
 ----------------------------------------------------------------------------------------------------------
                                OUTER      INNER                    STEP   MAXIMUM CHANGE MODEL-(CELLID) OR
 OUTER ITERATION STEP       ITERATION  ITERATION  MAXIMUM CHANGE SUCCESS             MODEL-PACKAGE-(NUMBER)
 ----------------------------------------------------------------------------------------------------------
 Model                              1          2       2.3751902                            2_GWT-(1,38,91)
 Model                              2          1 -3.03816705E-08       *                    2_GWT-(1,41,29)
 ----------------------------------------------------------------------------------------------------------


 2 CALLS TO NUMERICAL SOLUTION IN TIME STEP 228 STRESS PERIOD 2
 3 TOTAL ITERATIONS
 
    Solving:  Stress period:     2    Time step:   229
 

 SLN_1 OUTER ITERATION SUMMARY
 ----------------------------------------------------------------------------------------------------------
                                OUTER      INNER                    STEP   MAXIMUM CHANGE MODEL-(CELLID) OR
 OUTER ITERATION STEP       ITERATION  ITERATION  MAXIMUM CHANGE SUCCESS             MODEL-PACKAGE-(NUMBER)
 ----------------------------------------------------------------------------------------------------------
 Model                              1          1 -8.72699240E-05       *                     1_GWF-(1,2,88)
 ----------------------------------------------------------------------------------------------------------


 1 CALLS TO NUMERICAL SOLUTION IN TIME STEP 229 STRESS PERIOD 2
 1 TOTAL ITERATIONS

 SLN_2 OUTER ITERATION SUMMARY
 ----------------------------------------------------------------------------------------------------------
                                OUTER      INNER                    STEP   MAXIMUM CHANGE MODEL-(CELLID) OR
 OUTER ITERATION STEP       ITERATION  ITERATION  MAXIMUM CHANGE SUCCESS             MODEL-PACKAGE-(NUMBER)
 ----------------------------------------------------------------------------------------------------------
 Model                              1          2       2.3653540                            2_GWT-(1,38,92)
 Model                              2          1  2.35950210E-08       *                    2_GWT-(1,41,29)
 ----------------------------------------------------------------------------------------------------------


 2 CALLS TO NUMERICAL SOLUTION IN TIME STEP 229 STRESS PERIOD 2
 3 TOTAL ITERATIONS
 
    Solving:  Stress period:     2    Time step:   230
 

 SLN_1 OUTER ITERATION SUMMARY
 ----------------------------------------------------------------------------------------------------------
                                OUTER      INNER                    STEP   MAXIMUM CHANGE MODEL-(CELLID) OR
 OUTER ITERATION STEP       ITERATION  ITERATION  MAXIMUM CHANGE SUCCESS             MODEL-PACKAGE-(NUMBER)
 ----------------------------------------------------------------------------------------------------------
 Model                              1          1 -8.63739173E-05       *                     1_GWF-(1,2,85)
 ----------------------------------------------------------------------------------------------------------


 1 CALLS TO NUMERICAL SOLUTION IN TIME STEP 230 STRESS PERIOD 2
 1 TOTAL ITERATIONS

 SLN_2 OUTER ITERATION SUMMARY
 ----------------------------------------------------------------------------------------------------------
                                OUTER      INNER                    STEP   MAXIMUM CHANGE MODEL-(CELLID) OR
 OUTER ITERATION STEP       ITERATION  ITERATION  MAXIMUM CHANGE SUCCESS             MODEL-PACKAGE-(NUMBER)
 ----------------------------------------------------------------------------------------------------------
 Model                              1          2       2.3560679                            2_GWT-(1,38,92)
 Model                              2          1 -1.91828349E-08       *                    2_GWT-(1,41,29)
 ----------------------------------------------------------------------------------------------------------


 2 CALLS TO NUMERICAL SOLUTION IN TIME STEP 230 STRESS PERIOD 2
 3 TOTAL ITERATIONS
 
    Solving:  Stress period:     2    Time step:   231
 

 SLN_1 OUTER ITERATION SUMMARY
 ----------------------------------------------------------------------------------------------------------
                                OUTER      INNER                    STEP   MAXIMUM CHANGE MODEL-(CELLID) OR
 OUTER ITERATION STEP       ITERATION  ITERATION  MAXIMUM CHANGE SUCCESS             MODEL-PACKAGE-(NUMBER)
 ----------------------------------------------------------------------------------------------------------
 Model                              1          1 -8.66372500E-05       *                     1_GWF-(1,2,88)
 ----------------------------------------------------------------------------------------------------------


 1 CALLS TO NUMERICAL SOLUTION IN TIME STEP 231 STRESS PERIOD 2
 1 TOTAL ITERATIONS

 SLN_2 OUTER ITERATION SUMMARY
 ----------------------------------------------------------------------------------------------------------
                                OUTER      INNER                    STEP   MAXIMUM CHANGE MODEL-(CELLID) OR
 OUTER ITERATION STEP       ITERATION  ITERATION  MAXIMUM CHANGE SUCCESS             MODEL-PACKAGE-(NUMBER)
 ----------------------------------------------------------------------------------------------------------
 Model                              1          2       2.3459674                            2_GWT-(1,38,92)
 Model                              2          1  1.58921694E-08       *                    2_GWT-(1,41,29)
 ----------------------------------------------------------------------------------------------------------


 2 CALLS TO NUMERICAL SOLUTION IN TIME STEP 231 STRESS PERIOD 2
 3 TOTAL ITERATIONS
 
    Solving:  Stress period:     2    Time step:   232
 

 SLN_1 OUTER ITERATION SUMMARY
 ----------------------------------------------------------------------------------------------------------
                                OUTER      INNER                    STEP   MAXIMUM CHANGE MODEL-(CELLID) OR
 OUTER ITERATION STEP       ITERATION  ITERATION  MAXIMUM CHANGE SUCCESS             MODEL-PACKAGE-(NUMBER)
 ----------------------------------------------------------------------------------------------------------
 Model                              1          1 -8.57999133E-05       *                     1_GWF-(1,2,85)
 ----------------------------------------------------------------------------------------------------------


 1 CALLS TO NUMERICAL SOLUTION IN TIME STEP 232 STRESS PERIOD 2
 1 TOTAL ITERATIONS

 SLN_2 OUTER ITERATION SUMMARY
 ----------------------------------------------------------------------------------------------------------
                                OUTER      INNER                    STEP   MAXIMUM CHANGE MODEL-(CELLID) OR
 OUTER ITERATION STEP       ITERATION  ITERATION  MAXIMUM CHANGE SUCCESS             MODEL-PACKAGE-(NUMBER)
 ----------------------------------------------------------------------------------------------------------
 Model                              1          2       2.3357224                            2_GWT-(1,38,93)
 Model                              2          1 -1.35835307E-08       *                    2_GWT-(1,41,29)
 ----------------------------------------------------------------------------------------------------------


 2 CALLS TO NUMERICAL SOLUTION IN TIME STEP 232 STRESS PERIOD 2
 3 TOTAL ITERATIONS
 
    Solving:  Stress period:     2    Time step:   233
 

 SLN_1 OUTER ITERATION SUMMARY
 ----------------------------------------------------------------------------------------------------------
                                OUTER      INNER                    STEP   MAXIMUM CHANGE MODEL-(CELLID) OR
 OUTER ITERATION STEP       ITERATION  ITERATION  MAXIMUM CHANGE SUCCESS             MODEL-PACKAGE-(NUMBER)
 ----------------------------------------------------------------------------------------------------------
 Model                              1          1 -8.60095646E-05       *                     1_GWF-(1,2,88)
 ----------------------------------------------------------------------------------------------------------


 1 CALLS TO NUMERICAL SOLUTION IN TIME STEP 233 STRESS PERIOD 2
 1 TOTAL ITERATIONS

 SLN_2 OUTER ITERATION SUMMARY
 ----------------------------------------------------------------------------------------------------------
                                OUTER      INNER                    STEP   MAXIMUM CHANGE MODEL-(CELLID) OR
 OUTER ITERATION STEP       ITERATION  ITERATION  MAXIMUM CHANGE SUCCESS             MODEL-PACKAGE-(NUMBER)
 ----------------------------------------------------------------------------------------------------------
 Model                              1          2       2.3269973                            2_GWT-(1,38,93)
 Model                              2          1  1.15561534E-08       *                    2_GWT-(1,41,29)
 ----------------------------------------------------------------------------------------------------------


 2 CALLS TO NUMERICAL SOLUTION IN TIME STEP 233 STRESS PERIOD 2
 3 TOTAL ITERATIONS
 
    Solving:  Stress period:     2    Time step:   234
 

 SLN_1 OUTER ITERATION SUMMARY
 ----------------------------------------------------------------------------------------------------------
                                OUTER      INNER                    STEP   MAXIMUM CHANGE MODEL-(CELLID) OR
 OUTER ITERATION STEP       ITERATION  ITERATION  MAXIMUM CHANGE SUCCESS             MODEL-PACKAGE-(NUMBER)
 ----------------------------------------------------------------------------------------------------------
 Model                              1          1 -8.52292865E-05       *                     1_GWF-(1,2,85)
 ----------------------------------------------------------------------------------------------------------


 1 CALLS TO NUMERICAL SOLUTION IN TIME STEP 234 STRESS PERIOD 2
 1 TOTAL ITERATIONS

 SLN_2 OUTER ITERATION SUMMARY
 ----------------------------------------------------------------------------------------------------------
                                OUTER      INNER                    STEP   MAXIMUM CHANGE MODEL-(CELLID) OR
 OUTER ITERATION STEP       ITERATION  ITERATION  MAXIMUM CHANGE SUCCESS             MODEL-PACKAGE-(NUMBER)
 ----------------------------------------------------------------------------------------------------------
 Model                              1          2       2.3174610                            2_GWT-(1,38,93)
 Model                              2          1 -1.01159685E-08       *                    2_GWT-(1,41,29)
 ----------------------------------------------------------------------------------------------------------


 2 CALLS TO NUMERICAL SOLUTION IN TIME STEP 234 STRESS PERIOD 2
 3 TOTAL ITERATIONS
 
    Solving:  Stress period:     2    Time step:   235
 

 SLN_1 OUTER ITERATION SUMMARY
 ----------------------------------------------------------------------------------------------------------
                                OUTER      INNER                    STEP   MAXIMUM CHANGE MODEL-(CELLID) OR
 OUTER ITERATION STEP       ITERATION  ITERATION  MAXIMUM CHANGE SUCCESS             MODEL-PACKAGE-(NUMBER)
 ----------------------------------------------------------------------------------------------------------
 Model                              1          1 -8.53868437E-05       *                     1_GWF-(1,2,88)
 ----------------------------------------------------------------------------------------------------------


 1 CALLS TO NUMERICAL SOLUTION IN TIME STEP 235 STRESS PERIOD 2
 1 TOTAL ITERATIONS

 SLN_2 OUTER ITERATION SUMMARY
 ----------------------------------------------------------------------------------------------------------
                                OUTER      INNER                    STEP   MAXIMUM CHANGE MODEL-(CELLID) OR
 OUTER ITERATION STEP       ITERATION  ITERATION  MAXIMUM CHANGE SUCCESS             MODEL-PACKAGE-(NUMBER)
 ----------------------------------------------------------------------------------------------------------
 Model                              1          2       2.3071492                            2_GWT-(1,38,93)
 Model                              2          1 -9.20711329E-09       *                   2_GWT-(1,42,101)
 ----------------------------------------------------------------------------------------------------------


 2 CALLS TO NUMERICAL SOLUTION IN TIME STEP 235 STRESS PERIOD 2
 3 TOTAL ITERATIONS
 
    Solving:  Stress period:     2    Time step:   236
 

 SLN_1 OUTER ITERATION SUMMARY
 ----------------------------------------------------------------------------------------------------------
                                OUTER      INNER                    STEP   MAXIMUM CHANGE MODEL-(CELLID) OR
 OUTER ITERATION STEP       ITERATION  ITERATION  MAXIMUM CHANGE SUCCESS             MODEL-PACKAGE-(NUMBER)
 ----------------------------------------------------------------------------------------------------------
 Model                              1          1 -8.46620527E-05       *                     1_GWF-(1,2,85)
 ----------------------------------------------------------------------------------------------------------


 1 CALLS TO NUMERICAL SOLUTION IN TIME STEP 236 STRESS PERIOD 2
 1 TOTAL ITERATIONS

 SLN_2 OUTER ITERATION SUMMARY
 ----------------------------------------------------------------------------------------------------------
                                OUTER      INNER                    STEP   MAXIMUM CHANGE MODEL-(CELLID) OR
 OUTER ITERATION STEP       ITERATION  ITERATION  MAXIMUM CHANGE SUCCESS             MODEL-PACKAGE-(NUMBER)
 ----------------------------------------------------------------------------------------------------------
 Model                              1          2       2.2987280                            2_GWT-(1,38,94)
 Model                              2          1 -8.45027159E-09       *                   2_GWT-(1,42,101)
 ----------------------------------------------------------------------------------------------------------


 2 CALLS TO NUMERICAL SOLUTION IN TIME STEP 236 STRESS PERIOD 2
 3 TOTAL ITERATIONS
 
    Solving:  Stress period:     2    Time step:   237
 

 SLN_1 OUTER ITERATION SUMMARY
 ----------------------------------------------------------------------------------------------------------
                                OUTER      INNER                    STEP   MAXIMUM CHANGE MODEL-(CELLID) OR
 OUTER ITERATION STEP       ITERATION  ITERATION  MAXIMUM CHANGE SUCCESS             MODEL-PACKAGE-(NUMBER)
 ----------------------------------------------------------------------------------------------------------
 Model                              1          1 -8.47690621E-05       *                     1_GWF-(1,2,88)
 ----------------------------------------------------------------------------------------------------------


 1 CALLS TO NUMERICAL SOLUTION IN TIME STEP 237 STRESS PERIOD 2
 1 TOTAL ITERATIONS

 SLN_2 OUTER ITERATION SUMMARY
 ----------------------------------------------------------------------------------------------------------
                                OUTER      INNER                    STEP   MAXIMUM CHANGE MODEL-(CELLID) OR
 OUTER ITERATION STEP       ITERATION  ITERATION  MAXIMUM CHANGE SUCCESS             MODEL-PACKAGE-(NUMBER)
 ----------------------------------------------------------------------------------------------------------
 Model                              1          2       2.2897372                            2_GWT-(1,38,94)
 Model                              2          1 -7.79610332E-09       *                   2_GWT-(1,42,101)
 ----------------------------------------------------------------------------------------------------------


 2 CALLS TO NUMERICAL SOLUTION IN TIME STEP 237 STRESS PERIOD 2
 3 TOTAL ITERATIONS
 
    Solving:  Stress period:     2    Time step:   238
 

 SLN_1 OUTER ITERATION SUMMARY
 ----------------------------------------------------------------------------------------------------------
                                OUTER      INNER                    STEP   MAXIMUM CHANGE MODEL-(CELLID) OR
 OUTER ITERATION STEP       ITERATION  ITERATION  MAXIMUM CHANGE SUCCESS             MODEL-PACKAGE-(NUMBER)
 ----------------------------------------------------------------------------------------------------------
 Model                              1          1 -8.40982258E-05       *                     1_GWF-(1,2,85)
 ----------------------------------------------------------------------------------------------------------


 1 CALLS TO NUMERICAL SOLUTION IN TIME STEP 238 STRESS PERIOD 2
 1 TOTAL ITERATIONS

 SLN_2 OUTER ITERATION SUMMARY
 ----------------------------------------------------------------------------------------------------------
                                OUTER      INNER                    STEP   MAXIMUM CHANGE MODEL-(CELLID) OR
 OUTER ITERATION STEP       ITERATION  ITERATION  MAXIMUM CHANGE SUCCESS             MODEL-PACKAGE-(NUMBER)
 ----------------------------------------------------------------------------------------------------------
 Model                              1          2       2.2799799                            2_GWT-(1,38,94)
 Model                              2          1 -7.14511827E-09       *                   2_GWT-(1,42,101)
 ----------------------------------------------------------------------------------------------------------


 2 CALLS TO NUMERICAL SOLUTION IN TIME STEP 238 STRESS PERIOD 2
 3 TOTAL ITERATIONS
 
    Solving:  Stress period:     2    Time step:   239
 

 SLN_1 OUTER ITERATION SUMMARY
 ----------------------------------------------------------------------------------------------------------
                                OUTER      INNER                    STEP   MAXIMUM CHANGE MODEL-(CELLID) OR
 OUTER ITERATION STEP       ITERATION  ITERATION  MAXIMUM CHANGE SUCCESS             MODEL-PACKAGE-(NUMBER)
 ----------------------------------------------------------------------------------------------------------
 Model                              1          1 -8.41561936E-05       *                     1_GWF-(1,2,88)
 ----------------------------------------------------------------------------------------------------------


 1 CALLS TO NUMERICAL SOLUTION IN TIME STEP 239 STRESS PERIOD 2
 1 TOTAL ITERATIONS

 SLN_2 OUTER ITERATION SUMMARY
 ----------------------------------------------------------------------------------------------------------
                                OUTER      INNER                    STEP   MAXIMUM CHANGE MODEL-(CELLID) OR
 OUTER ITERATION STEP       ITERATION  ITERATION  MAXIMUM CHANGE SUCCESS             MODEL-PACKAGE-(NUMBER)
 ----------------------------------------------------------------------------------------------------------
 Model                              1          2       2.2713902                            2_GWT-(1,38,95)
 Model                              2          1 -6.58535271E-09       *                   2_GWT-(1,41,101)
 ----------------------------------------------------------------------------------------------------------


 2 CALLS TO NUMERICAL SOLUTION IN TIME STEP 239 STRESS PERIOD 2
 3 TOTAL ITERATIONS
 
    Solving:  Stress period:     2    Time step:   240
 

 SLN_1 OUTER ITERATION SUMMARY
 ----------------------------------------------------------------------------------------------------------
                                OUTER      INNER                    STEP   MAXIMUM CHANGE MODEL-(CELLID) OR
 OUTER ITERATION STEP       ITERATION  ITERATION  MAXIMUM CHANGE SUCCESS             MODEL-PACKAGE-(NUMBER)
 ----------------------------------------------------------------------------------------------------------
 Model                              1          1 -8.35378178E-05       *                     1_GWF-(1,2,85)
 ----------------------------------------------------------------------------------------------------------


 1 CALLS TO NUMERICAL SOLUTION IN TIME STEP 240 STRESS PERIOD 2
 1 TOTAL ITERATIONS

 SLN_2 OUTER ITERATION SUMMARY
 ----------------------------------------------------------------------------------------------------------
                                OUTER      INNER                    STEP   MAXIMUM CHANGE MODEL-(CELLID) OR
 OUTER ITERATION STEP       ITERATION  ITERATION  MAXIMUM CHANGE SUCCESS             MODEL-PACKAGE-(NUMBER)
 ----------------------------------------------------------------------------------------------------------
 Model                              1          2       2.2629172                            2_GWT-(1,38,95)
 Model                              2          1 -6.02304340E-09       *                   2_GWT-(1,41,101)
 ----------------------------------------------------------------------------------------------------------


 2 CALLS TO NUMERICAL SOLUTION IN TIME STEP 240 STRESS PERIOD 2
 3 TOTAL ITERATIONS
 
    Solving:  Stress period:     2    Time step:   241
 

 SLN_1 OUTER ITERATION SUMMARY
 ----------------------------------------------------------------------------------------------------------
                                OUTER      INNER                    STEP   MAXIMUM CHANGE MODEL-(CELLID) OR
 OUTER ITERATION STEP       ITERATION  ITERATION  MAXIMUM CHANGE SUCCESS             MODEL-PACKAGE-(NUMBER)
 ----------------------------------------------------------------------------------------------------------
 Model                              1          1 -8.35482109E-05       *                     1_GWF-(1,2,88)
 ----------------------------------------------------------------------------------------------------------


 1 CALLS TO NUMERICAL SOLUTION IN TIME STEP 241 STRESS PERIOD 2
 1 TOTAL ITERATIONS

 SLN_2 OUTER ITERATION SUMMARY
 ----------------------------------------------------------------------------------------------------------
                                OUTER      INNER                    STEP   MAXIMUM CHANGE MODEL-(CELLID) OR
 OUTER ITERATION STEP       ITERATION  ITERATION  MAXIMUM CHANGE SUCCESS             MODEL-PACKAGE-(NUMBER)
 ----------------------------------------------------------------------------------------------------------
 Model                              1          2       2.2536832                            2_GWT-(1,38,95)
 Model                              2          1 -5.52294921E-09       *                   2_GWT-(1,41,101)
 ----------------------------------------------------------------------------------------------------------


 2 CALLS TO NUMERICAL SOLUTION IN TIME STEP 241 STRESS PERIOD 2
 3 TOTAL ITERATIONS
 
    Solving:  Stress period:     2    Time step:   242
 

 SLN_1 OUTER ITERATION SUMMARY
 ----------------------------------------------------------------------------------------------------------
                                OUTER      INNER                    STEP   MAXIMUM CHANGE MODEL-(CELLID) OR
 OUTER ITERATION STEP       ITERATION  ITERATION  MAXIMUM CHANGE SUCCESS             MODEL-PACKAGE-(NUMBER)
 ----------------------------------------------------------------------------------------------------------
 Model                              1          1 -8.29808387E-05       *                     1_GWF-(1,2,85)
 ----------------------------------------------------------------------------------------------------------


 1 CALLS TO NUMERICAL SOLUTION IN TIME STEP 242 STRESS PERIOD 2
 1 TOTAL ITERATIONS

 SLN_2 OUTER ITERATION SUMMARY
 ----------------------------------------------------------------------------------------------------------
                                OUTER      INNER                    STEP   MAXIMUM CHANGE MODEL-(CELLID) OR
 OUTER ITERATION STEP       ITERATION  ITERATION  MAXIMUM CHANGE SUCCESS             MODEL-PACKAGE-(NUMBER)
 ----------------------------------------------------------------------------------------------------------
 Model                              1          2       2.2452114                            2_GWT-(1,38,96)
 Model                              2          1 -5.01985653E-09       *                   2_GWT-(1,41,101)
 ----------------------------------------------------------------------------------------------------------


 2 CALLS TO NUMERICAL SOLUTION IN TIME STEP 242 STRESS PERIOD 2
 3 TOTAL ITERATIONS
 
    Solving:  Stress period:     2    Time step:   243
 

 SLN_1 OUTER ITERATION SUMMARY
 ----------------------------------------------------------------------------------------------------------
                                OUTER      INNER                    STEP   MAXIMUM CHANGE MODEL-(CELLID) OR
 OUTER ITERATION STEP       ITERATION  ITERATION  MAXIMUM CHANGE SUCCESS             MODEL-PACKAGE-(NUMBER)
 ----------------------------------------------------------------------------------------------------------
 Model                              1          1 -8.29450858E-05       *                     1_GWF-(1,2,88)
 ----------------------------------------------------------------------------------------------------------


 1 CALLS TO NUMERICAL SOLUTION IN TIME STEP 243 STRESS PERIOD 2
 1 TOTAL ITERATIONS

 SLN_2 OUTER ITERATION SUMMARY
 ----------------------------------------------------------------------------------------------------------
                                OUTER      INNER                    STEP   MAXIMUM CHANGE MODEL-(CELLID) OR
 OUTER ITERATION STEP       ITERATION  ITERATION  MAXIMUM CHANGE SUCCESS             MODEL-PACKAGE-(NUMBER)
 ----------------------------------------------------------------------------------------------------------
 Model                              1          2       2.2372146                            2_GWT-(1,38,96)
 Model                              2          1 -4.57224303E-09       *                   2_GWT-(1,41,101)
 ----------------------------------------------------------------------------------------------------------


 2 CALLS TO NUMERICAL SOLUTION IN TIME STEP 243 STRESS PERIOD 2
 3 TOTAL ITERATIONS
 
    Solving:  Stress period:     2    Time step:   244
 

 SLN_1 OUTER ITERATION SUMMARY
 ----------------------------------------------------------------------------------------------------------
                                OUTER      INNER                    STEP   MAXIMUM CHANGE MODEL-(CELLID) OR
 OUTER ITERATION STEP       ITERATION  ITERATION  MAXIMUM CHANGE SUCCESS             MODEL-PACKAGE-(NUMBER)
 ----------------------------------------------------------------------------------------------------------
 Model                              1          1 -8.24272968E-05       *                     1_GWF-(1,2,85)
 ----------------------------------------------------------------------------------------------------------


 1 CALLS TO NUMERICAL SOLUTION IN TIME STEP 244 STRESS PERIOD 2
 1 TOTAL ITERATIONS

 SLN_2 OUTER ITERATION SUMMARY
 ----------------------------------------------------------------------------------------------------------
                                OUTER      INNER                    STEP   MAXIMUM CHANGE MODEL-(CELLID) OR
 OUTER ITERATION STEP       ITERATION  ITERATION  MAXIMUM CHANGE SUCCESS             MODEL-PACKAGE-(NUMBER)
 ----------------------------------------------------------------------------------------------------------
 Model                              1          2       2.2284697                            2_GWT-(1,38,96)
 Model                              2          1 -4.12562429E-09       *                   2_GWT-(1,41,101)
 ----------------------------------------------------------------------------------------------------------


 2 CALLS TO NUMERICAL SOLUTION IN TIME STEP 244 STRESS PERIOD 2
 3 TOTAL ITERATIONS
 
    Solving:  Stress period:     2    Time step:   245
 

 SLN_1 OUTER ITERATION SUMMARY
 ----------------------------------------------------------------------------------------------------------
                                OUTER      INNER                    STEP   MAXIMUM CHANGE MODEL-(CELLID) OR
 OUTER ITERATION STEP       ITERATION  ITERATION  MAXIMUM CHANGE SUCCESS             MODEL-PACKAGE-(NUMBER)
 ----------------------------------------------------------------------------------------------------------
 Model                              1          1 -8.23467896E-05       *                     1_GWF-(1,2,88)
 ----------------------------------------------------------------------------------------------------------


 1 CALLS TO NUMERICAL SOLUTION IN TIME STEP 245 STRESS PERIOD 2
 1 TOTAL ITERATIONS

 SLN_2 OUTER ITERATION SUMMARY
 ----------------------------------------------------------------------------------------------------------
                                OUTER      INNER                    STEP   MAXIMUM CHANGE MODEL-(CELLID) OR
 OUTER ITERATION STEP       ITERATION  ITERATION  MAXIMUM CHANGE SUCCESS             MODEL-PACKAGE-(NUMBER)
 ----------------------------------------------------------------------------------------------------------
 Model                              1          2       2.2205447                            2_GWT-(1,38,97)
 Model                              2          1 -3.72961040E-09       *                   2_GWT-(1,41,101)
 ----------------------------------------------------------------------------------------------------------


 2 CALLS TO NUMERICAL SOLUTION IN TIME STEP 245 STRESS PERIOD 2
 3 TOTAL ITERATIONS
 
    Solving:  Stress period:     2    Time step:   246
 

 SLN_1 OUTER ITERATION SUMMARY
 ----------------------------------------------------------------------------------------------------------
                                OUTER      INNER                    STEP   MAXIMUM CHANGE MODEL-(CELLID) OR
 OUTER ITERATION STEP       ITERATION  ITERATION  MAXIMUM CHANGE SUCCESS             MODEL-PACKAGE-(NUMBER)
 ----------------------------------------------------------------------------------------------------------
 Model                              1          1 -8.18771987E-05       *                     1_GWF-(1,2,85)
 ----------------------------------------------------------------------------------------------------------


 1 CALLS TO NUMERICAL SOLUTION IN TIME STEP 246 STRESS PERIOD 2
 1 TOTAL ITERATIONS

 SLN_2 OUTER ITERATION SUMMARY
 ----------------------------------------------------------------------------------------------------------
                                OUTER      INNER                    STEP   MAXIMUM CHANGE MODEL-(CELLID) OR
 OUTER ITERATION STEP       ITERATION  ITERATION  MAXIMUM CHANGE SUCCESS             MODEL-PACKAGE-(NUMBER)
 ----------------------------------------------------------------------------------------------------------
 Model                              1          2       2.2129636                            2_GWT-(1,38,97)
 Model                              2          1 -3.33875505E-09       *                   2_GWT-(1,41,101)
 ----------------------------------------------------------------------------------------------------------


 2 CALLS TO NUMERICAL SOLUTION IN TIME STEP 246 STRESS PERIOD 2
 3 TOTAL ITERATIONS
 
    Solving:  Stress period:     2    Time step:   247
 

 SLN_1 OUTER ITERATION SUMMARY
 ----------------------------------------------------------------------------------------------------------
                                OUTER      INNER                    STEP   MAXIMUM CHANGE MODEL-(CELLID) OR
 OUTER ITERATION STEP       ITERATION  ITERATION  MAXIMUM CHANGE SUCCESS             MODEL-PACKAGE-(NUMBER)
 ----------------------------------------------------------------------------------------------------------
 Model                              1          1 -8.17532926E-05       *                     1_GWF-(1,2,88)
 ----------------------------------------------------------------------------------------------------------


 1 CALLS TO NUMERICAL SOLUTION IN TIME STEP 247 STRESS PERIOD 2
 1 TOTAL ITERATIONS

 SLN_2 OUTER ITERATION SUMMARY
 ----------------------------------------------------------------------------------------------------------
                                OUTER      INNER                    STEP   MAXIMUM CHANGE MODEL-(CELLID) OR
 OUTER ITERATION STEP       ITERATION  ITERATION  MAXIMUM CHANGE SUCCESS             MODEL-PACKAGE-(NUMBER)
 ----------------------------------------------------------------------------------------------------------
 Model                              1          2       2.2046536                            2_GWT-(1,38,97)
 Model                              2          1 -2.99705505E-09       *                   2_GWT-(1,40,101)
 ----------------------------------------------------------------------------------------------------------


 2 CALLS TO NUMERICAL SOLUTION IN TIME STEP 247 STRESS PERIOD 2
 3 TOTAL ITERATIONS
 
    Solving:  Stress period:     2    Time step:   248
 

 SLN_1 OUTER ITERATION SUMMARY
 ----------------------------------------------------------------------------------------------------------
                                OUTER      INNER                    STEP   MAXIMUM CHANGE MODEL-(CELLID) OR
 OUTER ITERATION STEP       ITERATION  ITERATION  MAXIMUM CHANGE SUCCESS             MODEL-PACKAGE-(NUMBER)
 ----------------------------------------------------------------------------------------------------------
 Model                              1          1 -8.13305496E-05       *                     1_GWF-(1,2,85)
 ----------------------------------------------------------------------------------------------------------


 1 CALLS TO NUMERICAL SOLUTION IN TIME STEP 248 STRESS PERIOD 2
 1 TOTAL ITERATIONS

 SLN_2 OUTER ITERATION SUMMARY
 ----------------------------------------------------------------------------------------------------------
                                OUTER      INNER                    STEP   MAXIMUM CHANGE MODEL-(CELLID) OR
 OUTER ITERATION STEP       ITERATION  ITERATION  MAXIMUM CHANGE SUCCESS             MODEL-PACKAGE-(NUMBER)
 ----------------------------------------------------------------------------------------------------------
 Model                              1          2       2.1978579                            2_GWT-(1,38,98)
 Model                              2          1 -2.66554423E-09       *                   2_GWT-(1,40,101)
 ----------------------------------------------------------------------------------------------------------


 2 CALLS TO NUMERICAL SOLUTION IN TIME STEP 248 STRESS PERIOD 2
 3 TOTAL ITERATIONS
 
    Solving:  Stress period:     2    Time step:   249
 

 SLN_1 OUTER ITERATION SUMMARY
 ----------------------------------------------------------------------------------------------------------
                                OUTER      INNER                    STEP   MAXIMUM CHANGE MODEL-(CELLID) OR
 OUTER ITERATION STEP       ITERATION  ITERATION  MAXIMUM CHANGE SUCCESS             MODEL-PACKAGE-(NUMBER)
 ----------------------------------------------------------------------------------------------------------
 Model                              1          1 -8.11645644E-05       *                     1_GWF-(1,2,88)
 ----------------------------------------------------------------------------------------------------------


 1 CALLS TO NUMERICAL SOLUTION IN TIME STEP 249 STRESS PERIOD 2
 1 TOTAL ITERATIONS

 SLN_2 OUTER ITERATION SUMMARY
 ----------------------------------------------------------------------------------------------------------
                                OUTER      INNER                    STEP   MAXIMUM CHANGE MODEL-(CELLID) OR
 OUTER ITERATION STEP       ITERATION  ITERATION  MAXIMUM CHANGE SUCCESS             MODEL-PACKAGE-(NUMBER)
 ----------------------------------------------------------------------------------------------------------
 Model                              1          2       2.1905998                            2_GWT-(1,38,98)
 Model                              2          1 -2.37405118E-09       *                   2_GWT-(1,40,101)
 ----------------------------------------------------------------------------------------------------------


 2 CALLS TO NUMERICAL SOLUTION IN TIME STEP 249 STRESS PERIOD 2
 3 TOTAL ITERATIONS
 
    Solving:  Stress period:     2    Time step:   250
 

 SLN_1 OUTER ITERATION SUMMARY
 ----------------------------------------------------------------------------------------------------------
                                OUTER      INNER                    STEP   MAXIMUM CHANGE MODEL-(CELLID) OR
 OUTER ITERATION STEP       ITERATION  ITERATION  MAXIMUM CHANGE SUCCESS             MODEL-PACKAGE-(NUMBER)
 ----------------------------------------------------------------------------------------------------------
 Model                              1          1 -8.07873529E-05       *                     1_GWF-(1,2,85)
 ----------------------------------------------------------------------------------------------------------


 1 CALLS TO NUMERICAL SOLUTION IN TIME STEP 250 STRESS PERIOD 2
 1 TOTAL ITERATIONS

 SLN_2 OUTER ITERATION SUMMARY
 ----------------------------------------------------------------------------------------------------------
                                OUTER      INNER                    STEP   MAXIMUM CHANGE MODEL-(CELLID) OR
 OUTER ITERATION STEP       ITERATION  ITERATION  MAXIMUM CHANGE SUCCESS             MODEL-PACKAGE-(NUMBER)
 ----------------------------------------------------------------------------------------------------------
 Model                              1          2       2.1839845                            2_GWT-(1,38,99)
 Model                              2          1 -2.09341522E-09       *                   2_GWT-(1,40,101)
 ----------------------------------------------------------------------------------------------------------


 2 CALLS TO NUMERICAL SOLUTION IN TIME STEP 250 STRESS PERIOD 2
 3 TOTAL ITERATIONS

 MEMORY MANAGER TOTAL STORAGE BY DATA TYPE, IN MEGABYTES
 -------------------------------
                    ALLOCATED   
 DATA TYPE           MEMORY     
 -------------------------------
 Character        1.37620000E-02
 Logical          6.40000000E-05
 Integer          5.4216120     
 Real             12.678856     
 -------------------------------
 Total            18.114294     
 Virtual          0.0000000     
 -------------------------------


 
 Run end date and time (yyyy/mm/dd hh:mm:ss): 2025/10/01 17:56:40
 Elapsed run time: 34.955 Seconds
 Normal termination of simulation.
